customer_id,age,country,tenure_months,monthly_transactions,average_transaction_amount,app_sessions_monthly,support_contacts,card_usage,satisfaction_score,premium_customer,international_transactions,failed_transactions,churn
1,58,Senegal,2,22,103.31,29,0,22,3.8,0,6,1,0
2,26,Portugal,7,12,86.81,15,1,5,4.2,0,0,0,0
3,23,Spain,28,8,58.23,39,0,10,5.0,1,4,0,0
4,32,Spain,39,6,130.2,14,1,9,3.5,1,0,0,1
5,59,Portugal,35,15,131.0,6,1,19,3.7,0,5,1,0
6,35,Senegal,49,7,53.92,31,1,8,2.5,0,3,1,0
7,39,United Kingdom,10,23,163.94,32,0,17,2.7,1,2,2,0
8,24,Senegal,25,16,91.41,36,2,5,3.8,1,1,3,0
9,56,United Kingdom,52,0,159.15,23,1,9,3.3,1,4,2,0
10,25,Germany,6,15,90.73,28,2,20,3.6,0,5,3,0
11,57,United Kingdom,37,14,56.91,25,0,13,1.1,1,4,0,1
12,60,France,50,14,76.63,20,2,14,3.5,0,0,1,1
13,32,Senegal,25,19,90.5,14,0,12,3.3,0,3,0,0
14,41,France,24,21,109.58,31,1,3,2.8,0,7,2,0
15,62,Portugal,42,8,85.21,23,1,8,2.1,1,3,1,0
16,52,Portugal,16,8,220.85,12,2,9,4.4,1,4,2,1
17,58,Portugal,36,20,156.31,7,4,2,3.7,1,5,0,1
18,21,France,53,20,79.72,44,1,15,2.6,1,5,2,0
19,35,Senegal,14,22,167.88,11,1,13,4.3,0,2,3,0
20,63,United Kingdom,14,3,108.25,10,0,18,2.5,0,4,4,1
21,59,Germany,10,16,153.42,16,2,17,3.7,0,0,3,1
22,53,Spain,17,18,65.74,26,2,15,4.3,0,1,4,0
23,55,Germany,24,23,183.28,33,1,16,2.8,1,2,1,0
24,50,Germany,6,41,47.45,30,0,0,2.7,0,1,2,0
25,27,Portugal,11,10,121.2,22,2,7,3.5,0,4,2,1
26,22,Germany,25,10,104.41,28,1,18,3.1,0,1,3,0
27,34,Spain,56,39,174.97,3,1,8,3.9,0,5,1,0
28,25,Portugal,57,0,69.34,18,1,3,3.1,0,3,2,1
29,59,United Kingdom,8,22,165.57,19,3,12,2.9,0,9,2,1
30,18,Portugal,57,20,83.08,19,1,8,3.0,0,5,0,0
31,29,Spain,59,27,211.38,26,1,16,4.0,1,0,3,0
32,58,Spain,39,11,185.47,40,1,8,3.5,1,5,3,0
33,28,Spain,50,15,83.44,44,1,19,4.6,0,0,3,0
34,56,United Kingdom,32,11,109.51,1,2,24,3.9,1,1,1,0
35,37,France,4,20,87.52,16,0,13,4.5,1,1,4,0
36,23,Senegal,47,21,213.56,32,0,10,3.2,0,2,1,1
37,52,France,9,30,155.54,27,1,12,3.2,0,4,1,0
38,28,United Kingdom,34,18,171.16,27,2,12,5.0,0,0,2,0
39,31,Spain,49,16,170.6,4,0,17,1.6,0,1,1,1
40,37,Germany,43,21,255.77,33,1,7,2.3,0,8,2,0
41,51,Germany,8,17,96.83,25,3,4,1.3,1,0,1,1
42,19,Spain,36,20,125.97,40,2,14,2.5,1,2,2,0
43,22,Portugal,41,28,220.0,12,2,9,4.6,1,3,3,1
44,20,United Kingdom,5,24,203.54,10,0,16,1.9,0,7,2,1
45,49,France,35,33,113.67,41,2,2,3.5,1,5,1,0
46,54,Spain,31,17,131.82,35,0,1,3.8,1,0,0,0
47,44,France,7,25,96.47,46,0,9,3.0,1,0,0,0
48,45,Germany,30,3,100.87,22,1,0,4.0,0,6,0,1
49,59,Portugal,7,16,99.54,29,0,17,3.0,1,0,2,0
50,24,France,13,34,98.29,28,1,14,3.4,1,0,1,0
51,45,France,18,10,57.97,14,0,4,3.7,0,5,3,0
52,22,Germany,52,41,173.56,16,0,23,2.7,0,0,2,0
53,21,Portugal,35,18,116.43,17,0,10,2.9,0,1,0,0
54,33,France,27,9,86.03,1,1,16,3.9,0,2,2,1
55,43,Senegal,11,23,70.82,23,1,17,2.9,0,4,1,0
56,34,Germany,19,1,112.35,25,0,5,2.5,0,3,2,0
57,53,Portugal,46,9,92.48,34,0,7,4.5,0,5,2,0
58,31,Senegal,38,23,100.35,26,1,7,3.6,0,2,2,1
59,38,Senegal,4,12,143.27,18,2,9,4.3,0,2,2,0
60,51,France,4,11,40.3,34,1,6,3.3,0,5,3,1
61,29,Senegal,39,19,142.03,11,2,9,3.7,1,3,0,0
62,43,Senegal,57,7,76.12,40,1,14,4.7,0,1,0,0
63,20,Spain,6,25,72.6,32,2,21,2.5,0,1,2,0
64,51,United Kingdom,60,24,107.23,25,2,4,5.0,0,4,2,0
65,38,France,17,36,201.43,41,3,8,3.6,0,6,2,0
66,37,Germany,21,28,84.58,32,2,0,3.2,0,8,1,0
67,18,Germany,40,15,97.25,1,2,11,2.6,0,4,1,0
68,22,Spain,14,10,102.1,22,1,13,2.8,0,5,1,1
69,40,Senegal,57,43,66.81,38,1,0,2.4,1,3,0,0
70,46,Spain,46,3,77.48,8,0,24,3.9,0,0,1,0
71,59,Spain,1,10,79.22,23,0,11,2.4,0,5,0,0
72,60,Senegal,57,26,72.01,24,1,13,2.9,1,0,1,0
73,24,Portugal,36,1,243.25,7,1,6,4.2,1,0,2,1
74,31,Portugal,22,20,105.26,15,4,14,5.0,1,5,1,0
75,34,Spain,32,5,115.05,2,2,15,3.7,0,5,2,0
76,21,Senegal,41,16,158.06,26,0,0,4.0,0,0,0,0
77,18,United Kingdom,50,3,142.8,3,1,6,4.0,1,0,3,0
78,28,Portugal,29,24,55.5,21,1,7,3.2,0,3,0,0
79,18,Senegal,5,17,243.92,14,0,24,3.9,0,4,1,0
80,27,Spain,3,0,183.99,6,3,10,4.7,0,6,1,1
81,27,Germany,9,2,107.12,31,0,12,2.5,1,6,6,1
82,20,United Kingdom,14,3,137.75,9,1,20,3.9,0,0,2,0
83,40,Spain,57,20,164.08,22,3,19,3.0,0,7,4,0
84,65,France,60,1,49.83,11,0,17,2.3,0,0,1,0
85,29,Germany,2,17,122.17,40,0,5,3.4,1,0,4,0
86,44,Portugal,56,19,137.22,25,0,29,3.0,0,1,0,0
87,28,Portugal,7,11,187.74,39,1,8,3.0,0,4,1,1
88,48,France,13,33,246.69,14,5,9,3.3,0,0,1,0
89,37,France,15,17,246.55,15,2,13,4.6,1,4,2,1
90,39,United Kingdom,56,23,93.53,29,5,19,4.7,1,4,0,0
91,40,Portugal,33,14,75.56,13,3,15,4.2,0,0,2,0
92,52,United Kingdom,2,24,291.04,18,3,13,4.0,1,3,0,0
93,29,Spain,17,19,132.14,19,1,9,1.9,1,5,1,0
94,40,Portugal,51,21,86.78,20,2,0,2.2,0,0,0,0
95,50,Senegal,25,24,171.45,35,0,21,4.1,0,2,2,0
96,20,Portugal,28,26,100.19,13,0,7,2.4,1,7,3,0
97,52,Portugal,47,21,135.04,28,2,15,4.6,0,4,1,0
98,30,United Kingdom,28,21,78.19,5,1,9,2.1,1,4,2,0
99,39,Spain,21,13,36.94,2,3,17,2.6,0,2,2,1
100,37,Spain,20,42,108.83,28,0,24,3.7,0,0,0,0
101,62,United Kingdom,36,15,105.77,19,0,6,5.0,1,4,1,0
102,42,Portugal,48,31,166.68,22,4,7,3.6,0,5,3,0
103,37,Germany,36,14,120.55,9,2,8,5.0,0,4,2,0
104,31,Germany,51,6,141.73,15,0,13,3.3,0,0,3,0
105,47,Germany,29,5,56.88,24,2,19,2.0,0,1,2,1
106,65,France,43,32,204.6,14,2,14,3.8,1,2,1,0
107,58,Spain,22,16,177.34,1,1,13,3.8,1,2,1,0
108,33,Portugal,20,29,79.95,3,0,10,3.6,1,0,2,1
109,19,Senegal,16,24,58.77,11,0,15,3.2,0,9,4,0
110,22,Germany,27,14,85.8,22,1,7,3.4,0,0,2,0
111,63,Portugal,25,27,128.5,33,2,0,2.7,0,4,2,0
112,59,Portugal,1,11,260.16,19,4,13,4.4,0,3,1,0
113,24,Germany,15,19,134.58,9,1,16,2.8,1,3,2,0
114,51,Germany,4,17,127.48,25,3,14,4.6,0,0,3,0
115,25,Germany,9,16,116.34,19,1,12,4.9,0,0,1,0
116,53,Spain,21,11,60.62,41,1,19,4.4,0,2,2,0
117,57,Portugal,58,6,55.16,39,2,0,4.0,0,5,1,0
118,53,Germany,58,25,124.78,23,0,11,3.3,1,4,0,0
119,46,United Kingdom,49,1,105.19,10,2,4,4.9,1,5,1,0
120,51,Germany,41,16,102.34,10,2,15,2.1,1,4,3,1
121,63,United Kingdom,16,19,90.63,23,2,15,3.9,0,0,3,1
122,52,Senegal,9,25,80.21,31,1,8,3.7,1,0,2,0
123,27,Portugal,14,24,132.45,19,0,11,4.6,1,7,1,0
124,52,Germany,27,32,51.5,25,0,11,2.8,1,7,2,0
125,42,Spain,45,21,86.46,2,0,15,3.0,1,0,1,0
126,54,Germany,31,18,77.75,24,3,1,4.6,1,0,4,0
127,42,Germany,35,18,80.93,10,1,16,4.9,0,2,2,0
128,56,France,32,7,95.36,36,2,12,3.0,1,4,3,0
129,19,Germany,22,7,73.67,13,2,10,2.5,0,0,3,0
130,64,France,54,18,105.16,33,3,9,3.3,0,0,0,1
131,57,Spain,2,7,198.52,22,1,13,5.0,0,2,1,0
132,60,Senegal,6,0,113.16,17,0,5,3.6,0,4,2,1
133,47,France,4,0,125.46,25,0,6,4.9,0,6,0,0
134,47,United Kingdom,22,11,106.89,15,0,9,2.9,0,2,1,0
135,44,United Kingdom,54,19,110.1,27,1,20,1.2,1,5,0,1
136,52,Senegal,23,16,171.61,15,2,3,3.0,1,0,0,1
137,59,Senegal,49,26,76.83,23,0,4,3.5,1,4,0,0
138,19,Spain,10,0,277.9,7,1,11,1.4,1,1,1,1
139,25,Spain,14,20,120.69,35,1,4,3.4,0,5,4,1
140,41,France,39,18,78.33,27,2,7,3.7,0,1,0,0
141,25,France,20,4,71.01,36,1,7,4.6,1,5,1,1
142,37,Spain,44,27,78.21,4,0,22,3.8,0,0,3,0
143,63,France,5,32,247.07,30,1,16,4.0,0,2,1,0
144,33,Senegal,45,0,45.76,28,0,13,3.3,0,2,2,0
145,56,Senegal,51,21,123.92,32,2,6,4.1,0,6,0,0
146,40,Spain,28,21,111.46,20,2,11,4.6,0,3,3,1
147,59,United Kingdom,1,23,49.78,31,2,14,3.3,0,2,1,0
148,24,Germany,24,30,90.9,25,2,2,4.6,0,1,1,0
149,63,France,28,10,147.19,20,1,14,4.2,1,1,2,0
150,59,United Kingdom,40,23,128.05,1,1,22,4.5,0,1,0,0
151,48,Germany,28,12,347.65,15,2,13,5.0,0,5,1,0
152,38,France,54,17,198.46,35,2,7,2.5,0,2,1,0
153,46,France,49,17,104.09,40,3,16,4.6,0,4,0,0
154,42,United Kingdom,2,29,95.88,36,1,0,2.2,0,0,0,0
155,49,France,23,19,49.61,25,0,10,4.4,0,2,1,0
156,56,Portugal,57,16,205.56,8,0,11,3.5,0,8,3,1
157,30,Senegal,16,8,125.94,31,1,20,3.4,0,2,1,0
158,33,Portugal,31,15,129.71,32,2,6,3.0,0,2,0,0
159,19,Senegal,19,0,163.66,30,0,10,3.7,1,3,2,0
160,37,Portugal,38,2,86.65,31,0,3,2.3,0,10,2,0
161,40,Germany,48,10,76.35,24,1,20,3.9,0,5,0,0
162,47,United Kingdom,20,21,248.43,21,1,6,3.1,0,9,2,1
163,30,United Kingdom,8,18,79.23,19,0,21,2.9,0,4,1,0
164,62,France,13,29,77.81,4,3,12,3.8,1,2,1,0
165,64,Spain,49,17,78.95,23,1,18,4.4,0,4,3,0
166,24,France,19,0,120.34,26,2,21,3.6,1,5,0,1
167,18,Portugal,35,27,147.73,32,1,9,3.0,1,1,2,1
168,21,Spain,19,38,68.01,22,3,21,2.5,0,4,2,1
169,49,Senegal,56,18,97.5,43,1,13,2.8,1,4,4,0
170,48,Germany,22,31,104.26,1,2,7,4.0,1,0,1,1
171,48,Senegal,53,12,91.39,14,3,0,3.4,1,6,2,0
172,54,Portugal,44,6,187.63,16,0,13,3.1,1,4,2,1
173,54,United Kingdom,6,19,263.1,9,0,7,4.4,0,0,5,1
174,44,Spain,39,20,147.33,10,1,13,3.6,0,6,2,1
175,51,Germany,29,12,105.56,25,0,13,3.1,0,5,3,1
176,55,Germany,20,26,86.74,29,0,9,3.8,0,8,0,1
177,65,Senegal,49,0,96.22,2,0,17,4.4,1,8,1,1
178,60,Senegal,11,16,101.9,22,0,20,3.8,1,6,0,0
179,28,Senegal,27,27,137.76,24,1,19,2.9,0,0,3,0
180,36,Senegal,15,34,198.68,41,0,17,2.6,0,3,1,0
181,47,Senegal,44,22,117.27,39,2,16,2.8,1,0,1,0
182,58,Spain,43,13,80.51,5,1,11,3.6,0,0,0,1
183,25,Spain,15,28,84.78,27,0,31,3.4,0,5,0,0
184,27,Senegal,4,9,124.08,23,3,0,3.1,1,1,1,1
185,65,Spain,59,26,101.33,31,1,22,3.6,0,1,1,0
186,62,United Kingdom,45,9,40.69,11,2,9,3.3,0,1,3,1
187,52,Germany,29,17,110.88,30,3,13,2.5,1,3,0,1
188,45,Portugal,21,1,82.23,54,0,8,3.6,0,0,2,1
189,32,Portugal,54,22,160.86,44,0,6,4.4,0,0,5,0
190,19,Portugal,53,25,50.06,37,2,0,3.3,0,0,0,1
191,29,Germany,34,14,156.15,37,1,21,2.0,0,0,2,0
192,29,Spain,28,36,89.3,21,0,3,4.0,0,3,1,0
193,23,Germany,23,17,93.08,18,0,23,3.4,0,3,4,1
194,24,France,22,16,134.49,3,1,4,5.0,0,9,3,0
195,60,Germany,53,10,83.15,19,0,8,3.6,0,4,1,1
196,23,United Kingdom,17,16,66.77,19,3,28,5.0,0,6,0,0
197,43,Spain,53,13,104.83,53,0,1,3.7,0,8,1,0
198,52,Germany,27,14,124.72,14,2,18,3.8,1,2,3,0
199,57,Germany,41,8,81.93,14,1,21,4.5,0,3,4,1
200,35,Spain,9,29,100.28,20,2,19,3.5,0,1,3,0
201,62,Germany,8,8,59.1,14,0,18,3.0,1,5,0,0
202,33,Portugal,11,25,138.7,14,3,15,3.8,0,6,0,1
203,44,Senegal,15,9,108.76,2,0,0,2.8,0,2,2,0
204,47,Senegal,42,18,144.59,16,2,10,2.1,0,0,1,0
205,63,United Kingdom,33,26,100.76,18,0,0,3.6,0,3,1,0
206,48,Germany,16,9,127.84,22,1,19,2.9,0,3,1,1
207,30,Spain,33,26,141.42,24,1,21,2.8,0,5,1,1
208,22,United Kingdom,50,21,71.78,14,0,12,3.2,0,3,1,0
209,50,United Kingdom,53,26,74.42,14,1,9,3.1,1,5,4,0
210,55,Spain,43,17,268.21,40,1,2,4.0,0,0,5,1
211,52,Germany,23,20,96.73,16,2,12,2.2,0,0,0,0
212,42,Germany,60,3,58.12,36,1,9,3.2,0,9,1,0
213,62,France,37,27,226.11,13,2,9,2.4,0,7,1,0
214,44,Senegal,21,14,144.23,15,0,10,1.9,0,3,1,0
215,42,Germany,43,2,66.01,19,1,0,3.4,0,3,3,0
216,27,Germany,3,28,79.4,23,1,22,3.3,1,3,1,0
217,39,Senegal,56,27,78.73,1,1,13,4.4,0,0,2,1
218,47,Senegal,47,19,122.7,19,1,22,3.4,1,0,2,0
219,27,Senegal,31,23,112.53,19,0,7,3.2,0,2,3,0
220,57,Portugal,26,22,183.66,40,0,4,4.1,0,2,1,0
221,61,Spain,25,21,145.32,8,2,10,5.0,0,3,0,0
222,49,Spain,3,26,83.27,48,1,0,3.3,0,0,0,0
223,61,United Kingdom,15,13,143.29,2,1,15,3.7,0,1,1,1
224,24,Portugal,46,22,110.9,14,2,15,4.8,0,6,0,0
225,62,United Kingdom,58,32,129.03,18,0,11,4.1,1,2,1,0
226,21,United Kingdom,23,11,67.5,27,0,16,3.1,0,2,2,1
227,51,Germany,37,10,54.33,5,4,0,2.9,0,5,1,1
228,29,Senegal,40,5,152.76,22,0,5,3.7,0,2,2,0
229,33,Germany,59,37,54.39,41,0,12,4.2,0,2,4,0
230,58,United Kingdom,30,3,109.35,6,1,14,1.2,0,3,3,1
231,47,United Kingdom,44,24,188.04,1,1,14,3.8,0,1,0,1
232,40,Spain,20,24,34.77,13,1,4,4.6,0,5,2,0
233,34,Germany,55,29,70.7,16,2,15,4.8,0,0,1,0
234,48,Senegal,16,36,130.63,27,2,8,4.1,0,0,1,0
235,36,Portugal,19,14,123.05,45,2,33,4.5,1,5,3,0
236,43,United Kingdom,1,13,149.08,15,1,15,4.5,0,5,3,0
237,65,Senegal,59,22,86.43,13,0,22,2.1,0,1,4,0
238,36,France,39,36,111.94,19,2,13,3.1,0,0,2,0
239,30,Spain,17,11,155.62,35,2,25,3.2,0,3,1,0
240,60,Portugal,54,7,59.82,3,1,19,3.0,1,0,2,1
241,58,Portugal,3,23,102.61,38,1,20,4.9,0,1,0,0
242,55,United Kingdom,47,8,71.47,26,0,11,2.3,1,3,1,0
243,38,Portugal,27,33,83.43,14,1,23,2.8,1,1,1,1
244,52,United Kingdom,34,27,61.64,23,0,14,3.0,0,2,3,0
245,28,United Kingdom,59,26,65.58,31,1,22,4.4,0,3,1,0
246,36,Portugal,56,23,128.16,26,2,2,3.5,0,2,1,1
247,22,France,49,16,137.53,17,2,14,3.5,0,2,0,0
248,64,Portugal,26,21,119.74,2,2,8,5.0,0,7,1,0
249,41,Senegal,51,12,123.79,25,1,10,2.8,0,0,1,0
250,25,Germany,24,17,79.67,30,1,22,3.9,0,4,2,0
251,55,Germany,53,32,149.4,23,0,23,4.1,0,2,2,0
252,61,France,31,26,97.38,35,1,16,4.2,1,0,1,0
253,53,United Kingdom,59,23,119.45,16,0,0,3.5,0,0,0,0
254,58,Germany,59,25,109.13,25,1,9,2.9,0,1,0,0
255,25,France,3,25,128.13,28,0,18,2.6,0,0,1,0
256,49,Senegal,7,0,139.74,34,1,8,2.5,1,0,3,0
257,42,Germany,24,28,41.97,5,5,12,2.5,0,4,1,0
258,52,Germany,38,7,153.66,23,0,24,2.9,0,0,0,1
259,44,Portugal,7,19,55.3,4,0,16,2.3,0,1,0,0
260,35,Senegal,45,19,134.33,1,1,21,4.5,0,6,0,0
261,33,United Kingdom,7,0,110.11,25,1,18,2.7,0,3,1,1
262,59,United Kingdom,4,8,147.38,32,0,10,1.1,0,3,0,1
263,25,Germany,6,44,66.66,39,0,18,4.6,0,3,3,0
264,56,Senegal,4,15,209.26,26,2,9,4.6,0,1,1,1
265,26,Spain,14,26,40.0,14,2,13,2.5,1,0,1,0
266,31,Spain,14,16,83.27,43,2,10,4.1,0,0,1,0
267,27,Spain,1,23,148.52,13,3,12,3.6,0,7,0,0
268,26,Spain,17,28,218.5,13,0,15,3.8,0,4,5,1
269,19,France,1,7,131.51,43,0,10,2.9,0,0,1,0
270,55,United Kingdom,2,26,102.46,5,0,12,2.7,1,7,3,1
271,65,Germany,34,7,164.12,24,1,15,4.0,1,0,0,1
272,46,United Kingdom,33,2,145.19,34,2,15,3.7,0,1,1,0
273,32,Spain,3,21,54.37,23,1,10,3.2,0,5,4,0
274,60,Spain,20,10,116.33,35,3,6,3.4,0,1,0,0
275,21,Germany,55,17,103.49,26,1,22,4.1,0,6,1,0
276,49,Portugal,59,21,179.64,46,2,19,5.0,0,1,1,0
277,38,Spain,10,25,118.11,19,1,15,4.5,1,4,2,0
278,58,Spain,36,37,87.57,9,1,22,5.0,0,3,2,0
279,56,Spain,19,22,69.42,7,2,14,3.2,0,4,0,0
280,24,Portugal,8,23,200.11,32,3,15,2.5,0,2,1,0
281,53,Portugal,56,19,155.15,1,0,19,3.4,1,1,0,0
282,32,Germany,22,27,123.66,25,0,17,4.1,0,0,3,0
283,64,Senegal,21,20,159.04,21,1,15,3.0,0,2,4,0
284,41,France,44,11,101.5,14,1,7,2.0,0,1,2,1
285,23,Senegal,28,13,93.84,12,1,2,4.0,1,1,0,0
286,26,Spain,4,26,92.66,1,2,10,3.7,0,11,0,0
287,39,Portugal,8,3,156.27,11,1,11,2.4,0,0,3,0
288,45,Portugal,4,13,158.01,36,3,12,5.0,0,2,2,0
289,40,Senegal,37,27,93.23,1,2,5,3.7,0,0,2,1
290,48,France,55,20,55.56,39,0,3,2.3,1,3,1,0
291,41,Senegal,49,22,90.59,26,2,10,4.6,0,1,1,0
292,45,Spain,50,29,119.98,15,1,15,3.9,0,2,1,0
293,59,Spain,2,23,191.15,14,1,15,3.5,0,0,1,0
294,62,United Kingdom,2,8,81.41,25,1,10,3.0,1,4,1,0
295,37,United Kingdom,23,12,205.36,17,0,14,3.0,1,0,3,0
296,54,Portugal,26,11,110.04,22,2,8,3.5,1,1,1,0
297,19,Senegal,48,12,127.52,3,0,17,4.6,0,1,2,0
298,47,United Kingdom,11,10,154.63,30,2,24,4.9,0,3,1,0
299,54,Spain,6,23,120.08,30,1,1,3.8,0,4,1,1
300,57,Senegal,44,27,175.44,8,0,3,2.0,1,1,3,0
301,45,Germany,39,24,100.91,25,0,3,3.5,0,4,1,0
302,50,Senegal,23,38,92.99,31,4,17,2.6,0,8,4,1
303,61,Spain,32,6,166.63,15,1,8,3.7,0,8,1,1
304,32,Germany,39,25,52.92,7,0,10,4.3,1,3,2,0
305,31,France,49,37,158.29,19,1,18,3.9,0,4,0,0
306,18,Germany,48,6,325.46,40,0,16,3.9,0,9,0,0
307,52,Portugal,15,20,62.88,26,2,10,3.4,0,4,1,0
308,40,Senegal,26,19,95.99,3,1,10,1.8,0,6,3,1
309,19,Germany,59,29,87.06,9,0,7,2.1,1,0,1,0
310,45,Spain,26,30,89.26,17,1,20,3.7,0,4,1,0
311,25,Germany,2,0,81.76,27,3,5,2.6,0,2,3,1
312,57,Germany,54,25,43.71,35,2,9,3.1,0,2,1,0
313,45,Senegal,16,29,196.17,20,0,7,3.8,0,2,0,0
314,23,Germany,56,6,96.4,23,0,19,5.0,0,3,1,0
315,39,France,5,20,150.16,6,2,23,5.0,0,1,1,1
316,50,France,58,19,193.38,19,2,20,3.4,0,6,1,0
317,59,France,16,0,154.76,20,1,14,4.4,1,4,3,1
318,29,Spain,10,34,178.0,13,1,14,2.3,0,4,1,0
319,29,Portugal,32,6,96.79,18,2,3,2.7,0,2,0,0
320,55,Germany,44,28,231.58,16,0,7,3.2,0,1,3,0
321,58,Spain,21,18,87.01,17,1,11,2.9,0,6,0,0
322,27,Germany,5,0,215.45,22,0,15,2.6,0,5,2,0
323,35,Spain,4,17,83.82,27,0,15,4.1,0,1,1,1
324,47,Germany,3,0,83.55,30,0,6,1.0,1,1,1,0
325,22,Portugal,56,5,115.5,37,1,14,3.1,0,0,1,1
326,56,Spain,25,14,118.05,20,1,9,2.3,0,5,3,0
327,65,Senegal,29,3,87.74,33,2,15,3.9,0,0,2,0
328,30,United Kingdom,39,26,250.47,17,1,16,2.1,0,0,1,1
329,21,Germany,7,14,133.86,24,3,14,2.6,0,0,1,0
330,63,Senegal,33,27,134.7,36,2,3,2.0,0,8,1,1
331,63,Germany,29,25,68.94,29,1,2,4.5,0,3,0,0
332,41,United Kingdom,59,9,192.93,31,1,11,2.5,0,8,1,0
333,39,Portugal,39,28,62.51,24,1,18,2.0,1,6,2,0
334,39,Senegal,22,8,175.3,44,5,13,4.1,1,0,2,0
335,36,United Kingdom,47,8,186.37,29,1,25,3.7,0,4,0,0
336,56,France,22,33,81.81,17,0,13,2.7,1,7,1,0
337,40,United Kingdom,42,29,116.8,22,1,15,1.6,0,5,2,0
338,56,Portugal,6,15,83.21,21,3,13,3.0,0,6,1,1
339,39,France,43,30,183.8,12,1,9,5.0,0,5,4,0
340,61,Spain,6,6,134.59,47,1,4,3.5,0,0,2,0
341,41,Senegal,24,29,306.52,29,1,3,5.0,0,2,1,0
342,39,Germany,13,26,122.42,26,1,21,3.0,1,9,0,1
343,22,United Kingdom,55,23,246.75,30,0,10,3.2,0,2,2,0
344,52,Portugal,57,8,228.79,18,2,23,3.7,0,0,2,0
345,57,France,39,18,42.19,27,2,5,2.7,0,2,2,1
346,62,Spain,52,10,264.8,15,4,13,5.0,0,1,2,0
347,20,Germany,24,15,71.23,28,0,6,3.6,0,0,3,0
348,46,Spain,19,19,205.58,23,2,6,3.4,0,2,2,0
349,32,Spain,16,30,126.81,21,3,6,4.0,0,0,0,0
350,48,France,24,22,35.18,30,2,12,3.0,0,5,0,0
351,46,Germany,50,37,75.61,15,2,10,3.2,0,0,0,0
352,51,Germany,11,22,132.71,1,3,19,3.9,0,7,2,0
353,26,United Kingdom,4,4,138.02,35,0,25,3.6,0,1,2,0
354,53,Senegal,46,12,122.21,7,0,10,3.1,0,0,0,0
355,36,Senegal,49,20,35.72,1,1,9,2.8,1,3,0,0
356,50,France,54,34,258.21,23,1,19,3.7,0,0,1,0
357,32,Germany,57,13,99.64,20,0,11,2.0,0,3,4,1
358,21,Germany,33,27,42.63,35,1,21,3.2,0,2,1,0
359,23,United Kingdom,15,33,148.3,10,0,0,4.1,1,6,3,0
360,63,Portugal,22,9,60.92,28,1,9,2.1,0,0,1,1
361,36,Germany,45,12,178.58,15,4,23,2.8,0,4,2,0
362,48,Germany,40,19,110.25,26,1,6,4.7,1,0,1,1
363,34,France,54,29,50.42,7,1,13,2.2,1,4,1,0
364,56,Spain,28,30,83.03,2,3,15,3.3,1,10,0,0
365,37,Senegal,4,12,54.3,26,0,29,3.5,1,2,1,0
366,57,Germany,5,18,93.5,11,2,11,4.4,1,3,0,0
367,56,Spain,2,27,119.48,37,2,14,2.4,0,3,1,0
368,63,France,19,9,68.05,47,1,21,3.6,0,0,0,0
369,33,Spain,27,10,54.41,38,2,20,5.0,1,0,5,0
370,51,United Kingdom,5,21,99.25,12,0,6,3.5,0,6,1,0
371,50,Spain,2,25,156.59,12,0,0,3.5,0,3,2,0
372,58,Germany,24,25,176.71,20,0,14,4.6,0,5,1,1
373,22,United Kingdom,16,0,112.29,44,1,5,2.1,0,1,0,0
374,55,Portugal,49,19,113.76,38,2,7,3.4,0,4,1,1
375,52,United Kingdom,53,8,108.23,12,2,4,3.0,0,4,3,0
376,61,Germany,45,40,110.38,9,1,12,3.4,0,4,4,1
377,26,Senegal,46,28,162.8,8,1,17,3.6,0,2,2,0
378,36,France,3,21,94.6,5,2,13,4.6,0,2,2,0
379,38,United Kingdom,33,22,167.64,10,2,21,4.3,0,2,0,0
380,48,United Kingdom,3,18,119.62,5,0,17,3.4,0,3,2,1
381,40,Senegal,56,18,97.62,21,1,13,1.0,0,5,3,1
382,41,Germany,57,20,85.39,3,2,24,3.9,0,6,1,0
383,42,United Kingdom,12,26,75.74,1,2,13,3.3,0,4,0,0
384,51,United Kingdom,52,14,59.94,13,0,15,3.6,1,2,2,0
385,45,Spain,53,0,119.14,39,1,1,4.6,1,1,1,0
386,24,Senegal,21,19,275.6,25,3,11,3.7,0,3,1,0
387,56,Portugal,28,8,197.67,29,1,8,2.8,1,0,0,0
388,46,Senegal,47,20,60.55,14,2,0,1.6,0,2,0,0
389,45,United Kingdom,41,7,68.28,10,1,8,2.7,0,3,0,0
390,22,Portugal,41,19,197.65,29,0,9,4.9,0,3,4,0
391,65,Portugal,11,8,69.61,5,1,0,2.7,0,4,1,1
392,56,Portugal,51,24,158.36,10,1,14,2.4,0,0,0,1
393,33,Portugal,24,16,132.35,28,0,11,3.1,0,3,3,0
394,20,Spain,10,6,136.92,36,0,15,2.4,0,0,2,0
395,41,Germany,49,30,130.44,10,0,9,2.8,1,0,3,1
396,41,Germany,21,13,139.79,38,0,10,4.7,0,0,0,0
397,25,Senegal,48,6,184.23,23,0,7,2.8,1,2,0,0
398,53,Senegal,17,12,97.63,9,1,11,4.1,0,0,3,0
399,31,Spain,19,13,90.64,19,1,16,3.8,0,2,3,0
400,30,Senegal,9,15,51.86,30,2,6,3.4,0,4,1,0
401,63,Germany,6,19,161.15,30,1,16,3.1,0,6,6,0
402,38,Portugal,23,16,85.11,15,1,25,2.5,0,4,2,0
403,36,United Kingdom,55,28,75.17,4,3,11,4.4,1,2,2,0
404,62,Portugal,12,7,102.93,31,2,3,4.1,0,7,4,0
405,25,France,51,12,120.12,34,1,8,4.5,1,2,2,0
406,19,United Kingdom,36,23,133.31,18,0,3,3.8,0,8,1,0
407,53,France,40,24,47.25,26,2,18,3.5,0,5,1,1
408,43,Portugal,47,11,129.46,25,2,0,4.8,0,0,5,0
409,44,Spain,5,29,216.72,19,1,29,2.2,1,3,1,0
410,22,Germany,30,16,75.82,12,0,25,1.7,0,5,3,1
411,53,Portugal,38,0,95.19,41,1,14,3.5,1,4,1,0
412,45,Spain,59,0,82.81,16,0,16,4.9,0,3,0,0
413,51,France,20,8,120.23,21,1,7,3.0,1,2,2,1
414,63,France,23,5,66.36,18,0,6,4.9,0,5,1,0
415,36,Senegal,17,6,30.64,12,1,18,3.5,1,0,3,0
416,35,France,41,27,91.21,30,0,31,4.7,0,0,0,0
417,50,Portugal,11,22,120.02,9,2,13,3.8,0,5,2,0
418,28,Portugal,40,8,82.7,24,1,14,4.0,0,0,1,0
419,54,Senegal,53,13,115.69,17,0,0,3.2,0,1,2,1
420,59,Spain,17,31,99.39,32,2,12,3.7,0,4,2,0
421,44,Spain,41,30,69.1,29,1,7,2.1,1,0,2,0
422,52,United Kingdom,42,30,88.07,34,0,10,4.5,0,0,2,0
423,61,Germany,20,9,154.08,20,1,9,2.5,0,0,0,0
424,28,Germany,27,27,120.71,25,1,4,2.8,0,7,1,0
425,56,France,21,28,194.87,20,2,9,3.7,0,4,3,0
426,40,Germany,9,0,87.21,12,1,11,3.3,0,3,2,1
427,24,United Kingdom,16,18,136.45,18,1,0,3.2,0,2,2,1
428,33,France,7,12,88.28,27,2,10,5.0,1,1,1,0
429,57,Germany,16,20,87.43,11,0,7,3.4,0,0,2,0
430,38,Spain,47,21,123.79,37,1,0,4.5,0,0,3,0
431,49,Spain,30,20,67.32,10,2,5,2.8,0,3,0,1
432,19,Senegal,26,22,30.43,11,0,4,3.4,0,4,2,0
433,31,Spain,23,18,141.35,44,2,8,5.0,1,9,1,0
434,56,Portugal,44,43,107.96,24,3,1,4.7,0,1,0,0
435,24,Germany,9,2,64.67,39,2,9,4.5,0,1,1,0
436,43,United Kingdom,3,0,111.56,1,3,16,4.5,0,3,2,1
437,30,United Kingdom,36,17,73.74,33,0,9,2.8,0,0,3,0
438,46,Spain,18,37,124.21,33,0,5,3.4,0,1,1,0
439,57,Senegal,9,0,105.05,14,2,5,3.8,0,3,1,1
440,39,Spain,24,25,218.81,25,0,7,4.9,0,4,0,0
441,50,Germany,33,16,189.1,16,1,9,3.0,1,0,2,1
442,63,United Kingdom,52,8,76.97,16,1,2,2.3,0,0,3,1
443,56,Spain,9,16,89.21,22,3,0,2.5,0,6,0,0
444,28,Germany,40,0,72.8,34,1,17,3.1,0,0,3,1
445,39,Spain,54,28,226.3,27,0,22,1.6,0,2,3,0
446,54,United Kingdom,31,11,111.31,21,1,0,1.7,0,3,1,1
447,61,Senegal,27,22,151.74,24,2,9,4.4,0,4,2,0
448,64,Portugal,41,12,111.56,13,1,13,2.5,1,3,2,0
449,59,Spain,37,18,176.67,10,3,11,3.1,1,1,2,1
450,48,France,34,23,159.01,25,0,8,2.2,0,6,2,0
451,42,France,53,28,168.05,27,1,19,3.4,0,5,0,1
452,62,Senegal,13,28,89.53,17,0,24,2.5,1,0,2,0
453,27,Germany,45,10,112.12,21,1,13,4.5,1,6,1,0
454,57,Germany,56,10,92.89,18,3,12,2.8,0,2,2,0
455,63,France,34,29,97.26,17,1,15,4.0,1,5,0,0
456,60,Germany,34,15,186.89,29,0,0,3.9,0,7,0,0
457,47,Spain,22,13,88.37,23,1,7,3.6,0,1,2,0
458,64,Portugal,42,2,148.11,36,2,24,2.7,0,1,0,1
459,48,France,16,26,132.68,23,0,14,5.0,0,6,3,0
460,37,United Kingdom,46,24,134.62,32,1,2,3.6,1,1,0,0
461,38,Germany,23,9,141.04,21,1,0,3.9,0,1,2,0
462,64,United Kingdom,19,5,149.0,27,2,5,1.5,1,0,2,0
463,42,Germany,53,26,45.6,25,0,10,4.1,0,3,0,0
464,27,United Kingdom,3,17,137.01,23,1,14,3.0,0,2,0,0
465,40,Germany,42,16,72.91,16,0,14,2.5,0,4,0,0
466,30,Spain,18,13,178.3,27,2,26,4.4,0,2,3,0
467,26,Senegal,40,28,188.66,8,1,17,3.6,0,3,2,0
468,21,Portugal,58,0,84.02,26,0,16,3.4,0,2,3,0
469,21,Senegal,27,32,57.87,25,0,9,2.5,0,8,1,0
470,61,France,1,25,85.05,32,4,3,3.0,0,0,0,0
471,28,Germany,42,26,84.52,13,2,10,2.4,0,2,3,0
472,48,Portugal,13,25,116.92,36,2,11,3.1,0,0,1,0
473,36,Portugal,4,23,41.38,21,2,13,4.3,0,3,2,1
474,54,France,35,7,98.09,17,0,15,2.7,0,6,1,0
475,20,France,27,15,175.29,15,0,14,3.6,0,2,2,1
476,20,Germany,51,34,84.44,42,0,9,3.8,0,6,0,0
477,36,Senegal,1,24,60.82,18,0,20,3.8,0,5,1,0
478,39,United Kingdom,30,23,63.49,1,3,0,4.1,0,7,1,0
479,49,France,55,1,99.16,19,3,16,3.2,0,0,0,1
480,25,United Kingdom,11,8,283.78,13,0,16,4.1,0,2,2,0
481,63,France,1,5,169.17,10,1,13,2.4,0,5,4,0
482,54,Portugal,49,15,84.83,39,1,7,2.8,1,0,1,0
483,58,Germany,53,17,122.66,33,0,15,3.9,0,1,1,0
484,43,Portugal,7,3,169.31,37,3,7,3.4,1,7,2,1
485,38,France,1,11,143.54,26,0,14,3.6,0,0,2,1
486,35,United Kingdom,20,25,115.62,34,0,15,1.7,0,9,1,0
487,34,Portugal,24,18,270.04,20,0,23,2.6,0,4,2,1
488,25,Germany,20,18,141.23,24,0,7,4.0,1,4,3,0
489,63,United Kingdom,45,19,67.44,11,3,12,3.3,1,1,1,0
490,36,United Kingdom,40,12,125.55,4,1,20,2.4,1,5,2,0
491,48,France,30,20,174.24,19,0,4,4.4,0,5,0,0
492,44,Portugal,36,31,111.27,22,2,17,3.5,0,6,2,0
493,60,France,49,14,185.87,20,1,0,3.4,1,7,1,0
494,23,Spain,29,9,86.98,1,0,9,3.9,0,0,1,1
495,54,Senegal,4,23,107.14,5,0,7,4.9,0,2,0,0
496,30,Spain,35,32,91.04,31,0,0,3.2,1,4,2,0
497,51,Germany,8,24,96.95,20,1,10,3.4,0,3,2,0
498,49,Senegal,58,28,195.77,17,0,13,4.0,0,4,1,0
499,47,France,33,13,78.14,38,1,7,4.1,0,2,3,0
500,53,Germany,44,12,136.42,1,3,29,4.3,0,5,0,0
501,43,United Kingdom,53,15,124.08,9,1,6,1.2,1,2,1,1
502,22,Senegal,28,12,117.67,22,1,20,3.1,0,1,1,1
503,21,Senegal,60,14,98.77,29,0,16,4.4,0,7,3,0
504,29,France,50,24,88.82,12,2,23,2.6,0,0,0,0
505,44,United Kingdom,58,7,109.46,1,2,4,2.3,0,0,0,0
506,42,Germany,6,24,166.95,16,0,3,2.7,0,3,3,0
507,52,France,42,19,161.66,16,4,4,5.0,0,3,2,1
508,52,Germany,34,24,163.52,21,0,5,4.5,1,0,3,0
509,18,Senegal,20,18,191.23,33,2,2,5.0,0,6,1,0
510,45,Spain,25,28,91.69,27,3,8,4.5,0,3,2,0
511,40,France,18,14,69.17,20,2,14,3.7,1,1,2,0
512,25,Senegal,52,33,106.01,9,1,0,4.7,0,3,1,0
513,19,France,14,6,163.89,25,2,10,3.6,1,1,2,0
514,46,Spain,44,16,141.89,14,0,11,3.8,0,8,1,1
515,65,Senegal,26,10,139.03,19,0,2,4.2,0,0,3,0
516,21,France,33,33,152.95,22,0,10,4.2,0,3,4,0
517,64,Spain,21,17,78.98,19,1,0,2.6,0,1,3,0
518,38,France,20,25,140.09,30,0,28,3.3,0,0,3,0
519,51,France,27,9,116.72,40,2,8,1.6,0,2,4,1
520,55,Portugal,59,14,153.43,23,1,0,4.3,1,1,1,0
521,53,Germany,4,0,62.65,23,2,13,2.4,0,2,2,0
522,60,Germany,51,33,147.39,40,2,12,3.6,0,0,1,0
523,44,France,20,27,312.97,21,0,15,4.6,0,3,2,0
524,48,France,55,4,236.71,20,0,9,3.8,1,3,1,0
525,27,Germany,59,18,81.26,30,5,20,3.6,1,0,0,0
526,44,Spain,34,13,344.72,21,2,2,4.2,1,7,1,0
527,31,United Kingdom,42,14,72.12,14,0,16,3.3,1,2,0,0
528,41,Senegal,35,23,148.43,17,3,12,4.0,0,1,2,1
529,35,Germany,44,11,81.73,15,0,15,3.1,0,6,4,1
530,22,France,52,16,99.97,30,1,14,4.0,0,1,2,0
531,53,France,31,19,75.43,7,1,12,5.0,1,4,0,0
532,37,Senegal,14,25,170.4,15,2,10,2.6,0,1,1,0
533,25,Portugal,49,31,70.14,1,1,19,3.9,0,3,1,0
534,56,Portugal,14,27,119.17,25,1,7,3.3,0,7,1,0
535,38,United Kingdom,25,22,145.33,14,0,9,3.6,0,5,2,0
536,37,United Kingdom,24,19,205.34,30,1,12,2.8,0,5,0,0
537,24,Portugal,31,20,87.52,15,2,3,3.1,0,0,2,1
538,31,United Kingdom,21,24,169.2,43,1,15,3.8,0,9,1,0
539,32,Portugal,10,19,160.3,20,2,6,3.2,1,4,4,0
540,55,Spain,47,8,86.28,16,0,1,2.8,0,1,1,1
541,39,France,25,0,78.49,27,1,14,2.9,0,4,0,1
542,53,Portugal,44,28,85.92,5,1,17,2.4,0,5,2,0
543,49,Portugal,42,24,43.13,30,3,4,4.5,0,1,1,0
544,64,United Kingdom,11,11,205.76,17,3,0,4.2,1,0,3,0
545,29,Spain,42,2,94.06,33,0,6,3.3,0,6,1,0
546,22,Portugal,4,11,97.79,3,2,10,4.1,0,3,0,1
547,58,France,5,28,120.86,24,1,11,3.9,0,0,1,1
548,50,Germany,24,20,188.1,12,0,8,4.3,1,0,2,0
549,57,Germany,43,14,155.53,9,1,14,3.2,0,8,1,1
550,53,Germany,1,15,40.83,1,5,12,3.0,1,5,1,0
551,52,United Kingdom,2,0,97.16,21,0,12,2.9,0,3,0,0
552,45,France,7,16,56.04,38,2,9,4.5,0,0,0,0
553,33,France,40,7,106.64,27,1,17,4.0,0,1,0,0
554,35,Germany,6,24,67.83,30,0,10,4.3,0,3,1,0
555,54,France,45,31,55.67,6,1,0,3.6,1,3,0,0
556,23,Portugal,55,28,56.58,27,1,10,3.6,0,0,1,1
557,43,Germany,25,21,62.54,22,0,16,2.1,0,6,2,1
558,18,Portugal,11,23,81.17,32,0,6,3.2,1,0,2,0
559,59,United Kingdom,37,8,91.99,1,3,17,2.2,0,1,0,0
560,51,Senegal,15,19,94.13,30,2,7,2.9,1,0,0,0
561,54,Germany,18,25,99.5,5,1,24,3.8,1,0,1,1
562,35,Spain,37,35,66.78,33,1,21,2.6,0,2,2,0
563,38,Senegal,14,17,224.59,33,2,7,4.9,0,4,0,0
564,63,Germany,60,22,96.37,1,0,2,3.1,1,6,4,1
565,33,Spain,54,23,104.31,5,0,18,3.1,0,6,2,0
566,52,United Kingdom,25,11,117.36,36,2,0,3.6,0,0,3,1
567,62,Portugal,6,7,35.19,19,4,11,3.1,0,3,0,0
568,21,Senegal,28,23,145.76,7,1,1,2.8,1,1,1,1
569,56,Spain,39,9,83.49,35,0,12,3.3,0,1,5,0
570,19,Portugal,18,12,109.53,21,0,12,2.4,0,5,2,0
571,32,United Kingdom,36,12,152.67,42,2,0,2.6,0,4,3,0
572,61,Spain,43,17,57.23,22,2,19,3.7,0,2,1,0
573,36,France,46,38,121.97,16,1,14,2.4,1,2,0,0
574,42,Portugal,51,8,45.57,13,1,13,5.0,0,6,2,0
575,38,United Kingdom,7,14,216.5,48,0,10,4.6,1,7,1,0
576,46,United Kingdom,49,10,130.61,35,1,0,3.9,0,2,0,0
577,29,Germany,29,3,149.77,27,1,9,3.3,0,5,0,0
578,24,Senegal,6,26,111.83,29,1,24,4.4,0,3,1,1
579,56,United Kingdom,56,16,94.94,26,0,10,5.0,0,1,0,0
580,42,Senegal,47,35,105.23,25,1,18,2.8,0,5,3,0
581,33,Spain,34,38,69.86,17,2,13,3.6,1,6,1,0
582,26,United Kingdom,20,33,141.66,43,2,3,3.4,0,6,1,0
583,28,Germany,18,28,107.77,38,0,7,3.7,0,2,1,0
584,22,United Kingdom,17,2,110.37,38,1,8,3.6,0,5,1,0
585,49,Spain,40,29,279.08,37,0,0,3.7,1,7,0,0
586,37,Senegal,26,16,138.23,22,0,4,3.0,0,0,2,0
587,39,Germany,22,12,78.19,7,2,12,3.1,0,0,3,0
588,59,Spain,9,16,144.86,21,0,10,1.7,0,4,3,0
589,62,France,31,30,97.62,1,0,13,4.3,0,4,0,0
590,38,United Kingdom,48,21,126.97,19,1,14,2.9,0,3,0,0
591,54,France,21,13,238.64,12,1,7,3.1,0,0,1,0
592,43,United Kingdom,8,19,107.38,20,2,12,3.7,0,1,2,1
593,52,France,44,21,70.34,22,1,1,3.2,0,3,0,1
594,64,Germany,46,5,108.64,1,1,10,2.0,1,1,1,0
595,62,Senegal,53,27,81.1,1,1,13,2.8,0,8,2,0
596,61,Germany,9,36,102.11,30,0,6,2.2,0,4,3,0
597,60,France,46,26,61.96,30,1,12,5.0,0,0,1,0
598,46,Spain,31,36,97.73,19,0,15,5.0,0,2,0,0
599,62,Germany,35,21,150.34,44,2,0,5.0,1,2,0,0
600,62,Spain,39,20,148.8,12,1,13,3.5,0,0,2,1
601,33,Portugal,43,5,97.58,22,1,13,3.0,0,0,1,0
602,20,Spain,42,19,202.95,19,0,11,3.8,0,4,1,0
603,39,Germany,7,24,243.91,1,0,3,3.8,1,0,1,0
604,50,Portugal,34,25,86.03,57,1,5,3.7,0,1,0,0
605,32,Germany,24,8,223.08,11,1,0,4.5,0,0,1,0
606,55,Portugal,33,4,101.44,20,0,13,2.9,1,1,1,0
607,48,Senegal,19,21,72.98,37,1,5,2.8,0,3,2,0
608,25,Portugal,10,27,124.43,5,0,8,1.5,0,1,2,1
609,31,Spain,31,29,92.63,36,1,23,1.3,0,3,2,1
610,64,Portugal,29,16,177.16,11,1,9,5.0,0,0,3,0
611,63,Senegal,2,15,73.55,31,1,0,4.1,0,0,2,0
612,61,France,60,19,68.16,20,1,16,3.7,0,0,2,0
613,29,Spain,11,19,38.81,42,1,15,4.6,0,9,1,0
614,47,France,52,18,54.87,27,1,17,2.0,0,0,0,1
615,58,Portugal,28,19,82.13,30,2,8,3.1,0,9,2,0
616,30,Germany,38,50,164.49,29,1,17,3.5,0,8,2,1
617,31,France,18,24,41.71,27,0,7,3.8,0,0,4,0
618,22,Spain,7,37,131.21,41,1,8,3.9,0,1,2,0
619,41,United Kingdom,13,27,63.41,25,1,3,2.6,0,4,1,0
620,49,Spain,41,11,69.26,4,1,7,4.5,0,2,1,0
621,43,Spain,8,19,265.2,31,2,14,5.0,0,2,2,0
622,57,France,53,16,96.43,15,0,13,1.7,0,1,1,0
623,57,Spain,6,23,73.64,4,1,12,4.2,0,5,3,1
624,33,United Kingdom,8,19,91.16,22,1,22,4.7,1,6,3,0
625,50,Germany,27,18,174.43,53,2,16,5.0,0,4,1,0
626,45,France,32,25,159.44,8,1,4,3.2,0,4,3,0
627,59,France,36,7,197.56,30,1,20,3.5,1,1,3,0
628,29,United Kingdom,54,5,81.8,12,1,11,3.4,0,5,3,1
629,40,Senegal,32,21,122.78,30,1,11,4.1,1,3,0,0
630,53,Spain,42,12,121.97,8,1,14,5.0,0,0,0,0
631,44,Portugal,54,9,177.45,10,1,15,2.1,0,1,1,1
632,54,Senegal,51,22,63.14,19,2,6,2.8,0,0,0,0
633,35,France,35,18,249.0,9,1,17,3.5,0,3,2,0
634,54,Portugal,50,17,149.53,29,0,10,4.7,0,9,0,0
635,25,Spain,8,36,73.87,12,0,5,2.9,0,1,0,0
636,41,Spain,53,25,134.53,20,0,5,2.0,0,3,3,0
637,46,Spain,14,4,49.52,17,2,23,2.7,0,3,0,1
638,59,France,20,4,92.02,48,1,5,3.7,0,6,1,1
639,34,United Kingdom,56,31,103.01,35,1,14,4.4,0,5,1,0
640,25,France,14,0,53.92,15,0,9,3.0,0,0,1,0
641,40,Portugal,40,40,254.77,8,1,23,3.4,0,1,2,0
642,26,France,53,12,141.5,2,1,5,4.8,1,3,1,1
643,40,Spain,18,22,156.88,1,2,11,4.2,0,1,0,1
644,63,United Kingdom,19,13,195.98,34,1,11,4.2,0,0,0,0
645,50,Portugal,53,15,72.05,37,0,18,4.1,1,1,2,0
646,44,Senegal,18,23,146.79,1,0,19,3.5,0,0,1,1
647,26,France,10,0,91.74,31,0,13,2.6,0,2,3,0
648,61,Germany,32,11,117.08,22,2,18,2.8,1,1,2,0
649,58,Germany,25,27,101.23,7,4,12,4.1,0,0,0,0
650,23,Germany,33,32,95.41,19,3,22,2.7,0,0,0,0
651,41,Germany,32,9,80.97,32,0,11,4.4,0,6,0,1
652,64,Senegal,47,19,156.04,37,0,7,3.4,0,3,3,0
653,62,United Kingdom,55,29,151.77,49,2,8,3.9,1,4,1,0
654,31,Germany,53,29,94.17,23,1,1,2.3,1,5,0,0
655,36,United Kingdom,36,16,114.19,30,3,8,2.7,0,2,1,0
656,49,United Kingdom,58,16,102.08,22,2,12,3.4,0,0,2,1
657,24,Portugal,51,0,98.9,47,1,1,4.3,0,6,1,1
658,28,Germany,30,31,245.75,19,1,0,3.3,1,2,4,0
659,30,Portugal,59,38,58.94,22,1,15,3.3,1,0,3,0
660,28,United Kingdom,6,5,133.94,42,2,11,2.1,0,1,1,1
661,41,Portugal,58,19,61.65,32,0,1,2.3,0,5,0,1
662,58,United Kingdom,47,14,137.95,28,2,21,3.4,0,1,2,1
663,59,Senegal,46,21,80.96,6,1,22,3.9,1,2,1,0
664,22,France,38,31,116.97,15,1,15,4.7,1,1,1,0
665,18,Senegal,45,11,33.85,4,0,2,2.9,0,8,0,1
666,45,Portugal,9,23,139.43,1,1,11,4.2,0,0,0,1
667,23,Portugal,52,13,84.1,22,2,17,2.5,1,1,1,0
668,37,France,25,6,172.12,13,0,12,4.1,0,2,2,0
669,26,Portugal,44,9,88.47,28,0,7,1.6,1,5,2,0
670,18,Spain,42,28,72.99,19,0,14,3.2,1,5,1,0
671,31,Portugal,48,20,70.23,4,2,12,3.6,1,0,3,0
672,61,Germany,56,27,187.14,21,1,9,3.9,1,0,4,0
673,26,Senegal,38,5,245.66,17,3,16,4.0,0,0,0,1
674,45,United Kingdom,51,5,208.74,40,1,18,3.6,1,0,2,0
675,23,France,36,0,58.2,32,2,0,3.5,0,0,2,0
676,36,Portugal,2,23,81.66,26,1,19,3.9,0,4,1,0
677,37,France,34,12,88.12,11,1,0,2.1,0,7,2,1
678,43,United Kingdom,42,17,185.04,26,0,6,2.9,1,2,1,0
679,33,Germany,25,34,98.65,36,2,15,3.5,1,5,3,0
680,56,Senegal,34,16,60.68,47,1,8,3.6,0,6,0,1
681,41,United Kingdom,9,6,71.23,14,0,12,3.2,0,3,1,0
682,44,United Kingdom,35,33,115.19,39,1,10,3.3,0,0,2,0
683,22,Senegal,38,6,92.34,26,1,1,3.9,1,0,1,0
684,20,Senegal,51,22,109.55,33,0,0,2.8,0,3,5,0
685,63,Spain,50,25,109.86,35,1,28,1.4,0,3,2,0
686,23,Portugal,35,7,103.13,40,0,14,2.1,0,4,1,1
687,23,United Kingdom,6,14,78.02,12,0,9,2.9,0,3,2,1
688,27,Spain,21,14,107.91,8,0,24,4.0,0,0,1,0
689,59,Portugal,42,24,248.3,29,0,19,3.0,1,8,1,0
690,64,France,4,5,219.48,20,2,14,3.1,1,0,1,0
691,25,Germany,40,13,50.5,23,1,11,4.7,0,6,1,0
692,65,Portugal,48,19,105.83,23,1,14,2.1,1,3,0,1
693,26,Portugal,1,14,124.04,30,0,11,2.4,1,3,1,0
694,51,Spain,51,6,71.17,31,0,13,4.0,0,0,2,0
695,41,France,48,17,157.56,20,1,20,4.6,0,0,0,0
696,25,Senegal,22,32,96.48,34,1,22,4.8,0,3,1,0
697,22,United Kingdom,46,28,106.01,42,2,18,4.8,0,3,1,0
698,49,Germany,33,20,80.18,1,1,0,4.8,0,4,1,0
699,54,France,24,20,153.36,21,3,19,2.9,1,0,1,0
700,54,Portugal,47,24,90.9,24,0,8,3.0,1,2,1,0
701,18,Senegal,55,15,129.62,1,3,0,4.2,0,2,2,1
702,48,United Kingdom,25,20,41.72,10,2,24,1.5,0,0,1,1
703,20,Spain,52,26,127.21,31,1,10,4.6,0,3,0,0
704,44,France,21,2,151.62,16,2,16,3.4,1,1,2,0
705,38,United Kingdom,53,40,73.08,36,1,14,3.7,1,0,1,0
706,50,Portugal,58,20,88.4,14,1,7,1.9,1,6,2,1
707,51,Senegal,26,0,56.46,21,2,8,3.0,1,0,2,1
708,36,United Kingdom,21,3,109.34,19,0,8,3.8,1,8,0,0
709,41,France,19,21,64.75,33,1,0,2.9,0,1,2,0
710,57,France,30,18,95.74,27,1,12,4.2,0,3,2,0
711,30,Portugal,58,18,50.57,22,0,23,4.3,0,4,1,0
712,27,Senegal,60,27,101.44,23,3,20,2.8,0,5,3,1
713,40,Portugal,54,11,64.23,12,1,8,1.5,0,0,2,1
714,39,Senegal,49,19,76.2,4,1,24,4.4,0,13,0,0
715,64,United Kingdom,7,20,75.37,14,0,6,2.9,1,0,0,0
716,44,Germany,4,14,109.61,25,1,26,4.0,0,4,0,1
717,35,Senegal,3,6,93.59,11,1,5,2.9,0,6,0,0
718,51,Germany,45,13,158.04,31,1,25,3.1,0,3,2,0
719,65,Senegal,38,22,79.62,1,0,2,2.5,1,3,2,1
720,43,Senegal,38,20,109.47,32,2,15,3.3,0,2,2,0
721,26,France,19,30,169.38,1,1,19,3.2,0,5,1,0
722,43,Portugal,54,3,81.39,10,3,0,5.0,0,3,1,1
723,35,France,5,29,122.05,27,0,9,3.7,0,3,2,1
724,55,Senegal,10,17,159.47,9,0,11,3.6,1,0,3,0
725,38,Germany,8,10,237.26,45,2,17,3.3,0,0,1,0
726,31,Germany,20,3,281.74,21,3,11,2.9,0,2,2,0
727,23,France,52,15,109.77,17,1,6,3.4,0,4,4,0
728,62,Spain,3,31,210.53,25,3,12,3.5,1,0,2,0
729,27,Senegal,46,27,348.82,23,1,8,5.0,1,7,0,0
730,50,Senegal,44,4,86.54,28,2,5,3.3,0,5,1,0
731,29,Senegal,26,28,95.91,19,3,15,2.0,0,4,1,0
732,53,France,7,0,155.45,35,3,2,1.0,0,6,0,0
733,26,Senegal,1,37,149.77,40,1,16,3.7,1,0,1,0
734,32,France,13,34,43.11,36,1,5,4.2,0,6,2,0
735,58,Portugal,6,8,214.09,3,0,15,3.2,0,0,1,1
736,22,Senegal,5,18,162.29,16,1,23,4.1,1,0,2,0
737,26,Senegal,58,11,99.41,6,2,18,1.4,0,4,1,0
738,25,Senegal,30,31,71.74,34,2,8,3.9,1,5,0,0
739,45,Portugal,26,13,75.29,16,1,11,3.5,0,4,2,0
740,45,France,23,25,49.5,13,0,7,3.0,1,7,2,1
741,35,Germany,57,12,110.21,16,1,22,4.2,1,5,2,0
742,57,France,42,14,43.29,36,1,6,3.7,0,2,1,0
743,53,Germany,4,10,104.36,44,2,11,4.6,1,0,2,0
744,44,France,42,13,79.37,25,0,9,3.7,0,3,2,0
745,58,Spain,51,15,44.2,23,4,12,3.3,1,5,3,0
746,63,United Kingdom,31,19,233.48,32,2,6,5.0,0,1,1,0
747,54,Spain,21,18,141.7,14,1,22,4.5,0,0,2,1
748,38,Spain,15,5,109.2,41,2,19,2.9,1,6,3,0
749,35,Senegal,52,8,70.2,30,0,8,3.3,0,1,0,0
750,55,France,11,24,82.84,20,1,12,3.8,1,0,3,0
751,35,Spain,53,25,249.36,21,1,16,5.0,0,3,4,0
752,32,Spain,55,14,106.7,27,2,0,3.7,0,0,1,0
753,29,France,16,27,99.32,39,1,7,3.4,0,5,2,0
754,62,United Kingdom,59,17,71.78,8,3,20,3.5,0,5,1,0
755,40,Spain,37,16,106.75,6,1,16,2.5,1,0,0,0
756,49,Spain,20,13,128.07,27,3,0,2.6,1,0,0,1
757,21,France,39,7,66.51,47,1,13,2.4,1,0,1,0
758,18,United Kingdom,59,16,77.64,23,0,13,3.9,0,5,2,0
759,39,Portugal,12,18,55.3,43,6,27,3.5,0,0,3,0
760,38,Senegal,2,26,73.01,16,0,4,4.7,1,0,1,0
761,27,Senegal,55,32,62.08,11,2,16,2.8,0,4,2,0
762,22,United Kingdom,46,14,218.16,12,0,22,3.7,0,3,1,0
763,24,United Kingdom,20,22,267.08,27,0,16,3.8,0,5,1,0
764,64,Germany,51,26,94.26,28,0,15,3.9,0,5,2,0
765,38,France,46,11,73.95,61,3,15,4.2,0,0,2,0
766,57,United Kingdom,15,0,186.98,34,1,12,5.0,0,0,2,0
767,42,United Kingdom,47,10,209.66,11,0,0,2.5,0,6,1,1
768,64,Senegal,45,14,64.92,24,0,1,2.4,0,3,2,0
769,54,Senegal,12,10,107.12,3,1,16,3.6,0,5,2,0
770,57,France,41,10,168.02,19,2,20,2.5,0,6,1,0
771,27,United Kingdom,48,8,154.74,14,1,2,2.4,1,0,2,1
772,38,France,41,21,96.31,13,2,2,3.4,0,8,5,1
773,63,Portugal,41,37,93.79,19,4,14,4.2,0,0,3,0
774,18,United Kingdom,14,18,39.45,20,0,9,3.0,1,9,1,1
775,34,Senegal,47,35,116.14,31,1,12,3.7,1,0,1,0
776,64,Germany,11,35,324.46,24,1,8,5.0,0,2,1,0
777,42,United Kingdom,35,27,53.86,24,0,15,4.4,0,2,0,0
778,54,Portugal,49,28,91.7,4,2,0,2.4,0,4,1,1
779,22,Senegal,19,0,92.57,21,1,8,4.8,1,6,1,1
780,24,Senegal,22,37,112.27,36,0,14,3.8,1,8,1,0
781,64,Senegal,36,26,123.83,37,1,11,2.1,0,0,2,0
782,39,Spain,40,10,73.48,8,0,13,3.2,0,0,2,0
783,45,Portugal,11,21,84.33,4,1,7,2.4,0,0,1,1
784,21,Senegal,22,11,138.05,23,3,9,4.3,1,6,1,1
785,62,Spain,47,22,158.14,23,0,13,2.8,0,2,2,0
786,60,United Kingdom,20,27,51.31,8,1,9,2.4,1,5,0,1
787,54,Spain,54,14,107.56,24,1,0,4.9,0,0,3,1
788,18,Germany,6,9,87.61,12,1,6,4.5,0,4,1,0
789,56,Germany,13,28,74.89,33,2,16,3.2,1,0,2,0
790,58,United Kingdom,6,0,114.46,16,1,12,1.8,0,9,1,1
791,43,Germany,32,29,92.48,21,2,15,2.1,0,3,4,1
792,59,Spain,25,26,146.77,9,0,8,1.7,1,0,1,0
793,41,France,29,13,145.72,20,1,1,2.8,1,1,3,0
794,34,France,54,11,132.71,15,0,8,3.9,0,1,3,1
795,62,Portugal,7,28,58.32,27,0,17,4.4,1,4,1,0
796,52,Germany,49,16,140.59,21,1,5,2.7,0,0,1,0
797,42,Spain,27,25,116.77,28,2,3,2.9,0,6,0,0
798,48,Spain,57,31,93.32,48,2,0,2.3,1,0,4,0
799,43,Portugal,3,18,56.45,17,0,12,5.0,0,4,4,0
800,54,Portugal,40,14,96.86,29,4,25,4.2,1,0,3,0
801,46,France,11,3,61.3,37,1,16,4.8,0,2,2,0
802,26,Senegal,28,8,240.39,31,3,5,2.9,1,4,2,0
803,30,Portugal,10,19,355.34,24,0,12,4.5,0,3,1,0
804,64,Senegal,6,0,149.87,24,3,10,3.0,0,0,1,1
805,38,United Kingdom,34,22,60.6,39,1,6,1.7,0,5,1,0
806,62,Spain,38,25,126.95,15,0,15,3.1,0,3,3,0
807,44,France,10,27,185.77,21,0,10,4.2,0,3,2,0
808,24,Senegal,37,24,97.36,24,2,6,2.0,0,1,3,0
809,52,United Kingdom,57,16,74.23,19,0,9,2.9,0,2,3,0
810,49,Spain,39,7,74.83,7,1,5,5.0,0,3,1,1
811,43,France,40,13,69.55,32,1,17,4.9,0,8,2,0
812,20,Germany,57,35,138.88,25,0,8,2.3,0,2,4,0
813,21,Portugal,31,1,163.82,1,0,16,1.8,0,1,2,0
814,19,United Kingdom,53,16,142.42,15,1,3,3.0,0,10,1,0
815,49,Portugal,44,30,149.76,27,2,14,3.2,1,3,0,0
816,26,United Kingdom,48,14,98.68,13,0,8,2.9,0,4,4,0
817,35,Portugal,27,20,153.56,31,0,9,2.7,0,3,1,1
818,46,France,59,21,56.37,29,0,21,4.3,0,2,1,0
819,51,United Kingdom,53,0,64.69,23,1,22,3.6,1,1,1,0
820,22,United Kingdom,46,31,181.68,22,4,23,3.3,0,0,0,1
821,51,Spain,2,18,127.22,45,1,17,4.9,1,5,2,0
822,30,Senegal,16,12,89.38,34,2,9,2.7,1,5,0,1
823,41,Portugal,13,18,127.03,10,0,17,1.7,0,3,0,0
824,50,Germany,41,17,257.28,24,0,6,3.9,0,2,1,0
825,33,United Kingdom,32,17,200.05,25,2,19,2.9,0,9,0,1
826,48,Spain,36,26,261.78,16,2,12,4.7,0,4,3,1
827,34,Portugal,54,15,133.48,20,2,11,3.8,0,2,3,1
828,42,Senegal,11,25,100.62,19,1,4,4.6,0,0,0,0
829,31,France,42,1,114.13,17,3,22,2.1,1,0,4,1
830,59,Germany,33,21,71.52,18,3,14,3.6,1,0,0,0
831,61,Senegal,31,7,64.73,16,1,8,3.6,0,2,2,0
832,56,Senegal,15,26,117.61,28,1,20,3.7,0,1,2,0
833,37,Portugal,46,18,93.4,33,0,16,3.6,0,0,2,0
834,42,United Kingdom,30,21,200.42,13,1,19,2.2,0,3,1,0
835,61,Spain,53,22,86.97,9,0,17,4.1,0,2,0,0
836,18,Spain,43,18,360.14,35,3,20,1.3,0,0,1,0
837,53,Portugal,39,6,45.09,21,2,17,1.8,0,0,3,1
838,24,Germany,5,16,72.12,24,0,6,3.3,0,3,1,0
839,38,United Kingdom,17,22,109.26,17,0,18,3.3,0,3,2,0
840,59,United Kingdom,13,16,124.78,18,1,16,3.8,1,8,1,0
841,21,Spain,26,8,144.29,2,1,14,2.9,0,0,1,0
842,64,Senegal,42,28,108.71,29,0,23,2.7,0,4,1,0
843,44,Germany,25,0,69.95,8,2,13,4.2,0,2,2,0
844,54,France,22,11,126.99,18,0,20,3.0,0,6,0,1
845,52,Portugal,51,26,126.31,35,1,8,2.0,0,6,2,0
846,40,Spain,20,17,117.1,22,4,2,3.2,0,2,6,0
847,53,France,19,40,113.96,1,0,20,2.8,1,1,0,1
848,34,Portugal,52,24,54.5,9,2,14,3.8,0,2,2,0
849,61,United Kingdom,42,32,43.76,19,1,2,4.0,1,4,2,0
850,65,United Kingdom,27,15,122.94,24,2,7,3.5,0,0,1,0
851,34,Spain,19,28,156.76,32,1,5,3.7,0,2,5,1
852,21,Portugal,38,10,59.9,22,1,9,3.1,0,0,1,0
853,48,France,33,19,208.99,35,1,13,3.0,1,8,1,0
854,51,United Kingdom,27,0,100.69,32,1,4,2.2,1,6,1,0
855,26,France,22,12,92.31,8,2,14,4.4,0,1,1,0
856,47,France,21,36,115.6,14,1,9,5.0,0,0,2,0
857,23,Germany,22,26,174.58,45,2,14,3.9,0,7,0,0
858,58,Senegal,1,26,157.46,4,1,25,2.7,0,11,0,1
859,28,Spain,49,32,149.62,25,3,13,3.3,1,0,2,0
860,23,France,40,18,232.37,20,0,10,4.2,0,4,3,0
861,45,Germany,25,13,158.36,30,3,10,3.2,1,6,3,0
862,64,United Kingdom,1,12,99.54,22,0,12,4.0,0,6,1,0
863,51,France,2,22,155.51,48,0,18,2.2,0,2,0,0
864,33,France,45,24,123.43,6,4,8,3.0,0,4,1,1
865,24,Germany,33,25,110.97,16,0,4,4.2,0,3,4,1
866,20,United Kingdom,19,44,187.77,12,1,17,3.4,0,4,2,0
867,51,United Kingdom,28,27,118.62,30,0,11,3.9,0,3,3,0
868,39,Germany,23,16,151.17,1,1,23,5.0,0,0,0,1
869,43,Senegal,15,12,125.56,21,0,12,3.9,1,3,1,0
870,31,Portugal,2,15,48.46,16,0,23,2.8,0,2,1,1
871,41,Portugal,42,15,117.65,23,3,13,3.3,0,0,0,0
872,58,United Kingdom,50,35,192.83,46,0,15,1.9,0,4,3,1
873,21,Portugal,7,9,83.0,8,3,17,2.8,0,0,0,1
874,62,Senegal,27,4,204.45,27,1,16,4.1,0,0,1,1
875,34,Germany,45,13,90.81,13,1,17,4.4,1,3,2,0
876,58,Senegal,20,37,60.57,45,0,17,2.5,0,4,2,0
877,51,United Kingdom,40,16,85.64,10,2,17,3.3,0,0,2,1
878,24,Spain,47,4,95.82,34,1,6,3.5,0,4,3,0
879,24,Germany,13,8,196.33,14,1,19,3.1,0,0,1,0
880,51,France,23,14,120.95,34,0,8,3.3,0,1,2,0
881,20,Spain,32,30,151.33,29,2,23,3.3,0,0,0,0
882,48,United Kingdom,16,18,261.6,22,0,20,3.2,1,0,1,0
883,25,Spain,43,18,135.88,25,2,17,3.1,0,5,0,0
884,50,Senegal,47,20,179.17,22,1,7,2.9,0,5,2,0
885,59,France,30,22,189.92,20,0,14,2.7,0,3,1,0
886,47,Senegal,7,19,229.4,14,2,10,3.3,0,4,2,0
887,36,United Kingdom,52,16,145.55,19,2,6,3.4,0,2,1,0
888,25,Senegal,55,13,176.21,9,0,14,3.1,0,2,1,1
889,26,Portugal,42,31,132.48,35,1,23,4.5,1,2,1,0
890,46,Spain,18,6,142.5,51,0,11,4.1,0,7,1,1
891,39,France,8,10,150.17,18,3,20,4.1,0,0,1,0
892,35,Germany,45,33,184.18,8,1,3,4.0,0,1,1,0
893,59,France,8,34,77.74,35,1,13,1.5,1,2,1,0
894,28,Senegal,27,20,66.26,8,2,15,4.6,0,5,3,0
895,54,Portugal,29,35,146.65,33,1,13,4.5,1,6,3,0
896,40,Spain,2,24,100.27,9,1,18,3.7,0,0,1,0
897,64,France,31,19,135.9,26,1,17,3.7,0,3,1,1
898,44,Germany,3,20,141.22,20,2,16,3.5,1,5,2,0
899,18,Portugal,56,30,104.24,32,2,16,5.0,0,4,3,0
900,54,Portugal,37,16,89.68,7,0,9,3.8,1,0,3,0
901,39,Spain,34,27,159.09,23,1,0,3.3,0,5,0,0
902,45,Portugal,47,20,47.17,3,0,7,2.5,1,0,2,0
903,61,Portugal,25,19,163.72,46,2,7,3.2,1,0,1,0
904,57,Senegal,1,23,155.54,26,1,15,3.6,0,2,1,1
905,48,Germany,56,30,204.25,44,4,0,2.8,1,4,2,0
906,38,France,22,25,138.59,8,2,0,4.6,0,0,1,1
907,32,Spain,42,24,96.1,30,0,7,3.2,0,9,3,0
908,23,Germany,29,2,199.09,36,1,9,4.0,0,0,1,0
909,49,Germany,21,27,88.16,13,1,20,3.4,1,0,0,0
910,59,Senegal,7,22,155.29,23,4,14,5.0,0,5,1,1
911,53,Senegal,53,5,168.52,36,0,23,4.0,1,0,0,0
912,57,Portugal,20,25,87.27,20,1,0,4.9,0,0,4,0
913,59,Portugal,30,17,96.62,27,1,6,3.1,0,5,2,0
914,21,France,55,10,105.24,38,2,8,3.8,0,3,1,0
915,57,Spain,31,22,194.87,25,0,6,5.0,0,6,2,0
916,46,Senegal,7,22,94.64,18,0,3,3.4,0,7,1,1
917,39,United Kingdom,54,19,184.55,28,1,14,4.2,0,2,1,0
918,53,Spain,24,26,54.88,42,2,8,3.4,0,3,0,1
919,28,Germany,9,19,74.88,9,3,5,2.8,0,0,2,0
920,44,Senegal,17,34,131.2,8,1,11,2.3,0,2,1,1
921,43,France,30,14,119.05,22,4,5,1.6,0,1,3,1
922,39,Senegal,49,12,47.71,12,1,15,3.8,0,2,1,0
923,61,Spain,8,14,66.27,17,2,18,3.7,0,2,1,0
924,60,Spain,33,24,54.86,17,0,14,3.6,1,3,2,0
925,51,Portugal,4,11,199.91,31,2,5,4.2,0,1,2,0
926,55,Germany,60,15,232.76,13,2,7,2.5,0,5,1,0
927,29,Portugal,38,16,108.73,27,2,4,4.2,1,6,1,0
928,24,Germany,43,16,65.36,19,2,18,3.7,0,11,1,0
929,50,Germany,27,10,103.12,19,1,5,4.7,0,1,2,0
930,33,United Kingdom,26,18,150.3,16,0,19,2.3,0,2,4,0
931,46,France,9,25,109.58,24,0,14,2.1,0,3,1,0
932,65,Spain,20,15,107.5,19,1,13,3.7,0,2,0,0
933,38,Portugal,48,0,80.59,19,1,11,3.4,0,3,0,0
934,30,France,40,7,148.53,43,0,7,4.8,0,5,2,0
935,61,France,46,28,42.94,7,1,13,4.8,0,1,2,0
936,50,Spain,45,31,91.67,46,0,25,2.1,0,0,3,0
937,40,Spain,31,23,44.07,16,1,5,4.5,0,3,2,0
938,63,Germany,44,8,94.21,31,1,15,4.9,0,4,0,0
939,36,Germany,52,19,189.71,18,3,5,4.3,1,4,0,1
940,42,France,4,17,204.34,1,2,2,4.2,0,4,3,1
941,28,United Kingdom,44,16,115.77,18,0,19,3.3,0,6,1,0
942,62,United Kingdom,14,17,101.52,24,0,9,2.7,0,2,2,1
943,46,Senegal,40,24,122.06,33,0,16,3.9,0,2,3,0
944,32,Portugal,42,14,269.74,18,0,16,3.7,0,4,1,0
945,62,United Kingdom,45,24,65.49,35,2,9,3.0,0,6,0,0
946,42,Germany,51,17,92.31,19,0,14,2.9,0,6,0,0
947,53,Senegal,1,0,131.14,20,1,23,4.1,0,4,1,1
948,46,France,59,33,207.75,1,3,8,3.1,0,2,1,0
949,41,Spain,35,28,47.97,24,3,18,4.6,0,4,2,0
950,64,France,19,23,164.94,17,1,8,2.9,0,0,2,0
951,22,France,12,13,82.92,1,2,12,2.7,0,6,1,1
952,20,Germany,18,32,130.55,20,1,13,2.6,0,2,1,1
953,55,United Kingdom,1,22,117.36,34,0,14,2.8,0,8,0,0
954,27,Senegal,10,10,102.0,9,1,17,3.5,0,6,2,0
955,58,Spain,54,24,77.87,10,1,16,5.0,0,1,3,0
956,54,Spain,23,11,47.46,16,0,14,3.6,1,0,2,0
957,51,France,12,19,35.35,27,3,14,2.1,0,4,2,0
958,28,Germany,35,15,90.9,13,3,9,5.0,0,4,4,1
959,32,France,43,37,71.6,34,0,11,2.5,0,2,1,0
960,31,Spain,34,4,57.05,26,0,7,3.1,0,1,1,0
961,59,Senegal,8,3,129.39,12,2,19,4.0,0,4,1,1
962,59,Spain,59,17,84.94,29,2,16,4.8,0,4,0,0
963,61,United Kingdom,25,27,121.66,15,1,18,3.8,0,7,0,0
964,42,United Kingdom,35,0,136.61,29,1,17,3.1,0,3,0,1
965,51,United Kingdom,33,18,101.86,2,4,4,4.4,0,4,1,1
966,20,United Kingdom,58,12,127.61,12,1,4,3.1,0,3,0,0
967,23,Senegal,11,0,109.44,17,2,10,2.8,0,8,3,0
968,52,Senegal,41,15,108.41,24,0,16,3.8,1,4,1,0
969,31,Portugal,28,17,91.79,31,1,4,3.2,0,0,0,0
970,62,Portugal,50,14,202.37,21,0,5,3.2,0,1,3,0
971,22,Portugal,44,21,50.95,32,3,15,3.1,1,5,0,0
972,39,Senegal,6,0,273.71,32,0,6,2.6,1,0,1,1
973,34,Spain,5,16,181.44,21,0,17,2.6,0,3,2,1
974,34,Germany,25,23,83.41,26,1,10,3.4,0,2,3,0
975,38,Senegal,25,16,178.02,31,1,9,2.9,0,3,1,0
976,59,Portugal,40,16,80.51,35,2,13,3.9,1,7,1,0
977,20,Portugal,55,0,111.52,25,2,23,3.7,1,6,0,0
978,24,United Kingdom,51,3,196.93,20,1,20,3.7,0,2,1,0
979,36,Germany,25,8,63.8,36,3,17,3.7,0,0,5,0
980,48,France,35,13,159.67,1,0,4,3.4,1,4,1,0
981,52,United Kingdom,41,13,112.05,27,1,22,4.3,1,0,2,0
982,64,Portugal,24,8,76.04,7,0,15,3.8,0,4,2,1
983,53,France,8,26,89.08,12,1,19,3.8,1,1,1,0
984,43,Spain,36,32,103.9,30,1,17,3.8,0,3,2,0
985,65,Portugal,58,40,79.03,10,0,5,3.2,0,0,2,0
986,59,Spain,10,21,178.03,23,0,13,5.0,1,1,0,0
987,34,France,8,13,54.38,8,2,11,2.5,1,1,2,0
988,21,Spain,30,11,64.3,34,2,14,4.3,0,2,0,1
989,60,Senegal,17,16,113.13,17,0,29,4.0,1,2,2,0
990,49,United Kingdom,23,27,176.74,24,1,28,2.0,1,5,2,0
991,24,United Kingdom,40,28,64.89,34,0,7,1.9,1,6,1,0
992,49,Germany,22,20,110.18,16,1,0,3.0,0,2,0,0
993,55,France,37,17,58.38,21,1,22,2.0,0,4,2,0
994,45,France,1,16,56.65,18,1,16,3.4,0,2,4,0
995,63,Portugal,42,22,197.8,29,3,0,3.2,0,3,2,0
996,26,Portugal,47,30,53.78,9,1,20,5.0,0,5,1,0
997,46,United Kingdom,50,1,81.76,31,0,17,1.8,0,0,2,0
998,29,Portugal,39,17,171.64,12,2,13,4.6,1,0,2,0
999,26,Spain,13,25,214.62,8,1,21,3.1,0,0,0,0
1000,22,Portugal,5,22,106.72,25,0,4,4.1,0,4,0,0
1001,58,Senegal,53,19,111.14,12,0,9,4.8,0,3,0,0
1002,55,France,59,5,185.02,37,2,3,4.0,1,0,1,0
1003,52,Germany,42,22,44.82,29,1,8,4.9,0,2,1,0
1004,32,Spain,47,19,86.19,25,1,9,2.0,0,0,2,1
1005,50,Spain,6,19,95.99,33,1,12,1.0,0,3,1,0
1006,60,France,55,14,224.6,26,3,13,2.5,0,3,1,0
1007,61,France,49,19,233.79,3,1,7,4.2,0,4,0,0
1008,29,Spain,37,32,129.95,24,1,11,5.0,0,1,3,0
1009,65,Portugal,31,2,131.58,21,1,16,4.1,0,1,2,1
1010,49,France,5,19,110.04,8,2,19,3.0,0,5,0,1
1011,60,France,34,16,55.13,1,0,7,2.9,0,5,1,0
1012,48,Germany,57,19,66.97,40,1,17,4.6,1,0,1,0
1013,38,Senegal,46,3,77.39,17,0,15,2.8,0,5,1,0
1014,35,Portugal,17,24,82.37,15,1,16,4.0,0,9,3,0
1015,42,Portugal,25,23,67.83,23,2,11,3.1,0,5,1,0
1016,22,Spain,17,32,114.05,7,2,0,2.5,0,8,0,0
1017,51,Germany,23,16,111.62,15,1,8,2.7,0,1,3,1
1018,48,Spain,1,24,104.92,13,0,6,5.0,0,5,3,1
1019,28,France,5,27,62.41,29,3,28,2.9,0,5,3,1
1020,27,France,11,16,114.77,9,2,13,3.7,0,0,1,0
1021,25,Portugal,15,0,159.91,23,1,13,2.8,0,0,5,1
1022,25,Germany,44,10,103.58,42,1,0,1.3,0,0,2,1
1023,28,Portugal,54,26,121.79,11,2,5,4.7,0,5,2,0
1024,26,Spain,38,7,77.25,30,2,10,5.0,1,3,0,0
1025,20,Spain,10,26,144.27,40,1,8,2.6,1,0,0,0
1026,29,Spain,26,24,70.56,19,0,17,3.2,0,0,1,0
1027,19,Portugal,47,32,119.84,29,2,1,4.4,0,1,2,0
1028,23,France,29,12,115.55,36,0,6,4.2,0,5,1,0
1029,48,France,15,11,211.96,23,2,1,2.9,0,8,3,0
1030,55,France,40,25,213.79,24,1,10,2.0,0,2,2,0
1031,64,Portugal,22,16,118.65,19,1,21,3.9,0,0,1,0
1032,22,France,25,26,172.27,23,0,7,3.9,0,3,3,1
1033,30,Spain,56,11,67.15,8,0,15,2.1,0,2,4,0
1034,27,Spain,7,4,107.38,18,0,15,2.9,1,4,1,0
1035,56,Senegal,57,15,99.23,23,2,8,2.9,0,0,0,0
1036,25,Senegal,31,5,253.28,38,3,16,4.7,0,0,1,0
1037,52,Senegal,58,12,39.77,7,3,9,3.8,0,0,1,0
1038,45,Spain,27,17,127.79,5,0,5,4.0,0,2,3,1
1039,51,Germany,15,11,114.45,18,2,12,3.3,0,0,1,0
1040,42,United Kingdom,38,1,154.0,23,2,10,3.6,0,0,0,0
1041,62,Spain,7,24,118.47,29,0,7,2.7,0,2,1,0
1042,32,Senegal,19,6,48.19,34,2,2,4.1,0,1,2,0
1043,34,France,1,0,92.12,22,0,6,4.4,0,2,1,0
1044,54,Spain,8,24,84.45,15,0,27,3.8,0,2,1,0
1045,31,Portugal,52,33,115.87,9,2,8,3.2,0,5,0,0
1046,27,Germany,42,17,140.8,40,1,19,4.2,0,4,2,0
1047,52,Germany,37,15,82.75,24,2,11,2.7,0,2,3,1
1048,61,Germany,49,14,141.82,25,4,19,1.3,1,2,1,0
1049,53,Germany,12,28,110.89,17,2,2,4.3,0,0,3,0
1050,34,United Kingdom,37,0,133.44,37,1,18,3.0,0,0,1,0
1051,65,France,55,9,66.9,4,1,13,4.5,0,2,1,1
1052,32,Germany,51,34,82.2,16,0,15,3.1,0,0,2,0
1053,31,Spain,26,25,110.25,15,2,18,2.8,0,4,1,0
1054,57,Portugal,44,15,145.06,21,0,10,3.5,0,5,0,0
1055,58,Senegal,52,15,74.31,23,2,14,3.4,1,4,0,1
1056,56,Germany,6,20,61.7,38,0,17,3.6,1,4,2,0
1057,23,Spain,3,18,128.89,28,0,25,3.0,0,0,1,0
1058,43,Spain,42,9,101.65,23,1,10,4.5,0,4,3,0
1059,56,Senegal,50,36,71.21,24,3,3,3.6,0,1,1,0
1060,46,Senegal,13,12,158.37,14,0,18,3.4,0,3,2,0
1061,51,United Kingdom,13,20,143.97,34,0,10,4.1,1,3,5,0
1062,51,Portugal,15,17,61.69,9,0,17,3.7,0,2,2,0
1063,41,France,42,7,89.48,20,1,9,2.6,1,1,3,1
1064,35,Germany,23,12,83.89,11,1,12,1.6,0,3,2,1
1065,30,Spain,1,14,116.18,23,0,6,5.0,0,4,0,1
1066,23,Spain,19,7,140.08,5,3,24,2.8,0,2,0,1
1067,55,United Kingdom,23,18,112.14,40,1,17,2.4,0,0,0,0
1068,56,France,30,16,102.93,50,1,18,3.2,0,2,1,0
1069,34,France,27,36,142.68,1,2,20,4.3,0,5,1,0
1070,50,United Kingdom,22,8,106.77,22,1,2,2.9,0,2,4,0
1071,34,Spain,53,7,86.71,22,2,10,3.7,0,5,1,1
1072,46,Germany,37,22,162.31,16,1,8,1.8,0,1,2,1
1073,39,Germany,44,21,107.6,25,1,13,5.0,0,1,0,0
1074,19,Germany,8,30,97.95,34,1,18,3.8,0,0,2,0
1075,32,Portugal,45,5,70.43,13,0,6,3.2,1,2,0,0
1076,40,Spain,35,9,185.18,36,2,18,3.3,1,3,1,0
1077,33,United Kingdom,6,33,153.98,27,1,0,3.9,0,4,0,0
1078,39,Senegal,36,4,144.82,28,2,12,3.7,0,0,0,0
1079,40,France,58,7,80.81,13,1,10,4.6,0,3,2,1
1080,65,Portugal,60,0,116.41,5,2,10,3.4,0,0,3,1
1081,30,France,48,2,285.09,17,1,13,3.7,1,2,0,0
1082,32,France,54,19,45.31,19,2,19,2.0,1,0,1,0
1083,27,Senegal,8,28,64.89,1,1,25,3.6,0,0,2,0
1084,60,Germany,40,7,74.39,3,1,3,2.5,1,4,4,0
1085,20,Germany,24,18,102.68,49,4,1,3.9,0,0,1,0
1086,54,United Kingdom,32,26,53.93,27,0,3,3.3,1,1,1,0
1087,50,United Kingdom,26,7,387.85,16,0,0,4.6,1,0,1,0
1088,21,Spain,52,9,106.18,28,3,8,2.8,0,5,1,0
1089,20,Spain,23,16,128.04,1,2,15,3.3,0,6,3,0
1090,29,Germany,8,21,97.69,37,1,0,3.9,0,7,1,0
1091,62,Senegal,1,29,96.69,37,2,7,3.1,0,4,1,0
1092,24,United Kingdom,24,3,141.98,17,0,0,3.7,0,1,3,1
1093,53,United Kingdom,16,10,121.73,45,0,14,4.5,0,2,0,0
1094,39,United Kingdom,12,14,51.97,11,1,22,4.8,0,0,1,1
1095,62,United Kingdom,24,32,122.78,33,3,0,3.6,0,1,2,0
1096,29,Spain,9,11,54.27,15,4,9,2.8,0,3,2,0
1097,24,Portugal,18,14,47.36,13,2,2,4.5,0,2,0,0
1098,42,France,10,15,127.47,31,2,24,4.0,0,0,1,0
1099,48,Senegal,12,13,194.9,29,0,7,2.8,0,3,1,1
1100,58,Spain,35,0,192.61,4,3,9,5.0,0,8,2,0
1101,37,United Kingdom,36,18,113.53,29,0,7,2.8,0,0,3,1
1102,24,Portugal,11,31,42.2,20,1,2,3.2,1,0,1,0
1103,48,Portugal,7,33,43.5,18,0,17,5.0,0,2,0,0
1104,41,United Kingdom,36,14,107.6,21,0,8,3.8,0,6,1,0
1105,40,Senegal,27,12,109.78,20,0,11,4.6,1,6,3,0
1106,56,France,37,19,266.76,48,2,9,4.3,0,7,2,0
1107,29,United Kingdom,23,38,203.03,21,1,13,4.1,0,0,3,0
1108,65,Germany,57,23,95.73,20,0,13,3.3,1,1,2,0
1109,47,Portugal,10,16,171.03,26,3,10,3.8,0,0,3,0
1110,39,Germany,41,22,67.6,10,0,6,3.6,0,3,2,0
1111,22,Senegal,11,19,71.31,17,0,21,3.2,0,3,0,0
1112,59,United Kingdom,46,20,57.78,13,0,19,5.0,0,2,0,0
1113,35,Germany,50,12,138.37,14,2,4,2.8,0,4,2,1
1114,55,Spain,29,14,146.22,24,1,7,4.5,0,5,0,0
1115,19,France,47,15,92.4,12,0,6,1.9,1,5,1,1
1116,65,Portugal,48,14,108.82,13,3,11,4.8,1,4,0,1
1117,24,Senegal,5,30,124.82,30,3,16,4.1,0,5,1,0
1118,21,Senegal,50,4,73.81,11,1,6,4.3,0,6,1,0
1119,23,Senegal,17,31,147.09,22,3,15,3.5,0,4,1,1
1120,42,United Kingdom,15,2,80.68,13,1,9,2.7,1,1,1,1
1121,58,France,9,17,51.04,11,0,14,4.9,0,0,1,1
1122,20,Portugal,23,0,79.01,26,2,6,5.0,0,2,0,0
1123,48,Germany,56,0,114.94,18,0,3,3.1,0,8,1,1
1124,46,France,45,20,67.92,30,0,9,3.6,0,6,1,0
1125,47,Portugal,48,7,67.1,26,2,16,2.8,0,9,2,0
1126,51,Portugal,41,15,168.07,22,1,6,3.5,0,4,2,0
1127,48,Spain,15,20,101.84,29,2,4,3.6,0,5,2,0
1128,41,Germany,17,25,84.38,35,1,14,3.1,1,4,1,1
1129,51,France,23,27,120.04,41,3,10,3.0,0,1,1,0
1130,62,Germany,49,21,186.92,31,0,10,3.5,0,3,0,1
1131,45,United Kingdom,39,29,154.44,35,0,10,3.1,1,2,0,1
1132,41,France,27,20,103.73,20,5,6,3.3,0,0,2,1
1133,33,France,46,25,116.32,4,3,12,3.9,0,0,1,0
1134,42,France,17,15,101.4,16,0,16,3.4,1,4,0,0
1135,51,Spain,52,11,93.5,6,2,14,3.5,0,5,2,1
1136,59,Portugal,35,20,80.82,39,2,11,3.8,0,3,2,0
1137,22,France,9,10,162.67,25,0,9,2.4,0,1,1,0
1138,57,Germany,18,30,94.9,18,2,15,4.1,0,0,0,0
1139,38,Senegal,10,11,120.03,15,0,4,4.9,1,0,1,0
1140,29,Senegal,19,17,189.27,17,4,20,3.9,0,3,3,0
1141,64,Senegal,15,4,119.55,28,0,10,4.6,1,8,0,1
1142,31,United Kingdom,27,24,47.29,28,1,8,3.3,0,0,1,0
1143,41,Germany,45,18,92.55,20,2,15,3.9,0,8,5,1
1144,27,Senegal,18,28,80.38,28,0,0,3.8,0,6,0,1
1145,48,France,13,0,128.26,8,0,2,2.5,0,7,2,1
1146,42,Senegal,8,27,180.86,25,0,6,3.4,0,1,1,0
1147,42,Germany,16,7,181.41,17,2,10,3.8,0,8,2,1
1148,47,Portugal,50,5,169.6,20,2,11,4.0,1,0,4,0
1149,31,Germany,25,14,119.15,1,1,8,3.1,0,0,1,1
1150,38,France,41,28,140.73,31,0,0,3.1,0,2,2,0
1151,53,Spain,8,0,244.64,27,0,11,2.5,0,8,0,0
1152,30,United Kingdom,57,31,107.67,27,2,7,3.7,1,4,3,0
1153,25,France,41,15,169.17,16,3,7,5.0,0,9,2,1
1154,35,Spain,8,21,84.34,24,3,10,2.3,0,3,4,1
1155,20,Spain,51,13,219.18,21,3,20,3.4,0,0,4,0
1156,27,United Kingdom,50,14,145.36,1,0,12,2.5,1,1,0,1
1157,23,Portugal,40,17,59.42,25,3,21,5.0,0,1,0,0
1158,58,Senegal,4,21,136.97,31,0,6,4.1,0,5,1,0
1159,52,Senegal,9,36,110.51,27,0,5,3.4,0,0,1,0
1160,53,Portugal,49,12,85.52,12,1,6,4.8,0,2,1,0
1161,64,France,2,18,100.6,24,2,12,2.8,0,1,0,0
1162,26,United Kingdom,58,10,68.3,23,2,15,2.6,1,1,0,0
1163,53,United Kingdom,35,5,95.49,11,1,9,2.9,0,2,2,1
1164,29,Spain,23,27,131.98,21,6,6,4.2,0,3,3,0
1165,56,Spain,11,1,151.48,25,3,10,3.6,1,9,2,1
1166,36,United Kingdom,35,17,87.19,16,0,12,4.6,0,4,2,1
1167,58,Spain,25,4,140.1,40,3,21,3.5,0,4,1,0
1168,57,United Kingdom,50,31,84.33,11,2,12,4.7,0,0,2,0
1169,22,Portugal,35,10,49.0,24,1,10,3.5,0,5,3,1
1170,61,Germany,50,22,108.61,4,0,2,3.8,0,1,3,0
1171,38,Germany,42,5,67.39,24,0,17,4.0,0,0,3,1
1172,60,Senegal,3,19,76.59,21,0,10,3.1,0,2,1,1
1173,20,France,7,26,92.68,12,0,16,2.8,0,7,2,1
1174,54,Portugal,54,34,95.3,15,2,12,3.7,0,4,2,0
1175,57,Portugal,38,12,59.13,21,2,2,3.3,0,4,1,0
1176,56,Portugal,5,1,63.83,19,2,20,4.9,1,2,0,0
1177,59,Germany,60,4,143.58,17,1,17,3.0,0,0,1,1
1178,58,Senegal,24,42,144.64,45,1,17,4.0,0,4,1,0
1179,44,United Kingdom,51,50,103.18,18,1,12,4.7,0,2,1,0
1180,35,Spain,3,13,208.67,36,1,12,3.5,0,4,0,0
1181,22,France,34,17,55.59,21,2,7,2.8,1,3,4,0
1182,52,Germany,13,14,99.95,32,3,6,2.8,1,7,3,0
1183,54,Portugal,12,14,137.52,37,2,8,4.3,0,2,2,0
1184,65,Senegal,50,26,61.86,14,2,16,2.9,0,0,3,0
1185,47,Portugal,43,24,203.66,14,3,19,3.7,0,0,2,1
1186,29,Spain,26,22,166.65,9,3,16,2.5,0,3,1,0
1187,52,Spain,29,38,152.1,21,1,0,3.0,0,4,0,0
1188,53,United Kingdom,55,23,81.11,33,1,10,3.0,0,3,1,0
1189,45,Portugal,21,30,79.54,20,1,15,4.0,0,6,0,0
1190,31,Germany,50,10,91.82,7,2,8,5.0,0,6,3,0
1191,41,Germany,29,12,104.14,1,1,15,3.0,0,0,1,1
1192,20,United Kingdom,39,5,78.49,29,3,30,3.9,1,0,1,1
1193,37,Senegal,20,14,165.07,24,2,18,2.2,0,0,1,1
1194,38,Senegal,50,19,58.25,1,2,22,4.4,0,3,0,0
1195,35,Spain,33,25,102.32,14,1,0,3.4,0,6,3,0
1196,27,Senegal,3,17,93.27,4,3,26,3.4,0,5,2,1
1197,34,United Kingdom,57,23,89.85,11,1,7,3.6,0,0,2,0
1198,37,Senegal,37,21,20.27,28,1,1,1.6,0,3,0,0
1199,64,Senegal,47,6,71.45,10,2,9,3.3,0,7,2,0
1200,49,Portugal,45,12,243.01,39,0,8,2.5,0,0,1,0
1201,56,Portugal,20,31,129.14,15,2,20,4.0,1,5,1,0
1202,42,Senegal,50,29,105.18,46,2,12,2.6,1,3,2,0
1203,40,Germany,27,9,241.01,19,0,4,1.9,0,0,3,1
1204,32,Portugal,42,19,135.25,26,1,2,3.4,0,5,0,0
1205,58,Portugal,25,14,264.76,7,0,12,2.5,1,2,0,0
1206,38,Spain,37,26,144.61,27,0,0,3.4,1,2,3,0
1207,32,France,4,20,92.93,38,4,6,1.9,0,3,2,0
1208,46,Spain,37,7,101.08,56,1,12,3.1,0,6,2,0
1209,36,Germany,10,14,75.26,21,1,7,2.5,1,3,2,1
1210,54,Portugal,4,23,127.64,26,1,19,3.9,0,3,0,0
1211,43,Spain,28,31,85.78,1,1,6,3.5,0,3,0,1
1212,26,Germany,36,34,296.54,29,1,5,4.7,1,1,3,0
1213,54,France,36,3,134.71,39,1,8,3.6,0,2,1,0
1214,33,France,5,22,225.13,13,1,6,4.5,0,2,3,0
1215,61,Spain,6,6,166.7,18,1,13,3.3,1,9,3,1
1216,41,United Kingdom,13,19,153.06,16,2,20,3.1,0,3,0,0
1217,19,United Kingdom,11,31,163.85,8,1,13,4.5,0,2,1,0
1218,46,Spain,10,17,171.46,14,1,14,3.2,0,2,0,0
1219,32,France,44,16,95.83,25,0,7,2.6,0,3,2,0
1220,23,Senegal,48,14,114.0,22,0,17,3.0,1,2,2,0
1221,27,United Kingdom,1,8,96.99,17,1,10,2.0,0,6,1,0
1222,37,Germany,31,0,70.83,19,1,30,2.9,1,2,0,1
1223,52,France,14,28,119.12,42,0,0,4.2,0,5,1,0
1224,53,Germany,40,23,87.9,30,0,14,4.8,0,8,0,0
1225,62,Portugal,2,42,125.91,14,1,6,3.1,0,5,3,0
1226,51,Senegal,17,14,123.66,31,3,7,4.4,1,5,1,0
1227,62,Spain,18,25,135.21,46,0,12,2.2,1,4,1,0
1228,18,Senegal,25,0,212.42,1,0,11,4.7,0,4,0,0
1229,60,United Kingdom,56,20,89.37,24,1,11,3.7,1,0,0,0
1230,59,Germany,15,18,220.27,26,0,0,3.8,0,3,0,0
1231,63,Senegal,58,8,76.29,14,2,2,5.0,0,5,2,0
1232,52,Senegal,12,0,96.02,29,0,17,4.5,1,3,0,0
1233,53,Portugal,2,43,237.59,15,4,1,4.4,1,1,1,0
1234,37,United Kingdom,32,25,120.69,10,1,11,2.1,0,8,0,1
1235,40,Portugal,23,18,119.25,29,0,11,4.0,0,1,1,0
1236,50,United Kingdom,52,3,113.93,30,2,20,4.0,1,6,3,1
1237,42,Senegal,36,3,168.54,27,0,3,2.1,0,6,2,1
1238,39,Germany,43,35,67.92,25,4,11,4.3,1,6,3,0
1239,51,Portugal,40,23,162.6,8,2,20,2.3,0,7,2,0
1240,44,France,37,33,64.49,24,2,6,3.8,1,1,0,0
1241,56,United Kingdom,29,25,77.14,38,1,14,3.3,0,4,2,0
1242,26,Spain,35,17,134.01,42,2,17,3.3,0,0,0,0
1243,26,United Kingdom,45,9,221.68,31,1,15,4.0,0,0,0,0
1244,26,Germany,59,40,101.63,19,3,17,4.1,0,1,0,0
1245,54,France,21,16,181.37,27,2,3,4.4,1,4,2,0
1246,64,Senegal,12,14,151.97,24,0,15,3.3,0,0,1,0
1247,64,Senegal,49,12,161.34,1,2,4,2.6,0,4,1,0
1248,44,United Kingdom,29,17,113.68,11,1,18,3.8,0,7,2,0
1249,58,Portugal,18,11,134.87,16,1,0,2.6,1,5,4,1
1250,26,France,2,13,151.01,24,2,12,3.5,0,0,2,0
1251,35,Spain,37,0,94.78,1,1,5,3.5,0,3,0,0
1252,32,Portugal,2,29,106.56,6,2,13,3.9,0,6,4,0
1253,48,France,33,23,199.85,22,0,6,3.8,0,8,1,0
1254,59,United Kingdom,12,4,136.55,39,3,17,4.7,0,0,1,0
1255,26,France,13,0,191.29,36,1,8,3.5,1,3,3,0
1256,18,United Kingdom,27,11,200.5,5,0,11,3.8,1,3,2,0
1257,30,France,5,16,85.77,49,0,6,3.6,1,6,0,0
1258,46,Spain,32,24,166.37,40,0,32,4.1,0,3,0,0
1259,33,Germany,26,22,97.53,33,2,2,3.3,0,2,4,0
1260,42,Portugal,21,0,105.61,35,5,8,3.0,0,4,1,0
1261,54,Spain,35,0,118.69,20,3,3,3.7,0,0,3,0
1262,20,Spain,7,16,144.47,24,0,2,2.7,0,0,1,0
1263,20,France,34,18,99.89,40,1,17,2.9,0,1,2,0
1264,20,Spain,25,20,106.19,37,0,14,4.1,0,1,3,0
1265,21,France,19,8,166.71,32,1,9,1.8,0,0,4,0
1266,36,Germany,11,27,124.4,7,2,0,3.6,0,1,0,0
1267,21,Portugal,34,23,148.68,1,1,2,3.9,0,4,0,0
1268,59,Germany,6,25,79.32,31,0,5,3.7,0,2,1,1
1269,55,Portugal,35,11,94.77,1,3,10,3.0,1,3,2,1
1270,46,Senegal,12,12,167.59,31,1,13,4.2,0,5,2,0
1271,30,Germany,6,20,100.68,28,1,5,3.7,0,0,3,0
1272,63,France,46,11,93.46,17,0,11,1.8,0,0,0,1
1273,63,Germany,41,30,296.19,38,1,6,5.0,0,2,1,0
1274,42,Portugal,51,25,149.98,19,1,16,4.3,0,0,1,0
1275,28,Germany,36,33,79.51,24,2,16,3.5,0,1,2,0
1276,39,Spain,56,5,162.22,18,1,7,3.3,0,2,2,1
1277,27,France,50,11,59.9,19,5,10,2.5,0,5,2,1
1278,37,Portugal,50,10,64.26,25,2,11,3.1,0,4,0,0
1279,29,Senegal,58,26,95.71,1,1,11,2.6,1,2,0,0
1280,57,United Kingdom,1,13,96.62,23,1,8,4.6,0,5,1,0
1281,52,Senegal,39,21,130.95,12,0,13,4.0,0,0,1,0
1282,55,Portugal,31,8,176.92,9,3,11,4.1,0,3,1,1
1283,56,Spain,1,19,86.12,33,0,17,2.3,1,2,1,0
1284,57,Portugal,36,16,124.91,31,1,8,2.7,0,2,2,1
1285,29,France,4,10,115.92,17,1,17,3.9,0,9,2,1
1286,20,Portugal,37,0,111.46,28,0,6,2.5,0,6,2,1
1287,23,Senegal,7,29,109.99,2,1,16,3.3,0,1,1,1
1288,61,United Kingdom,40,11,84.22,17,0,8,3.3,0,3,2,0
1289,54,Spain,12,30,125.5,26,1,13,3.3,0,2,1,0
1290,41,Senegal,6,13,161.59,17,1,11,3.4,0,1,0,1
1291,42,Senegal,49,6,90.41,28,1,9,2.5,0,3,1,0
1292,36,Germany,9,25,66.65,40,1,11,2.4,1,0,0,0
1293,39,Spain,27,23,150.99,57,0,3,4.8,0,3,1,0
1294,57,Senegal,7,6,207.07,12,1,32,3.5,0,5,4,0
1295,51,Senegal,31,22,71.0,26,2,27,3.7,0,8,3,0
1296,63,United Kingdom,28,34,141.51,26,0,13,3.4,0,0,0,0
1297,51,Spain,40,0,133.36,20,2,9,3.8,0,3,5,1
1298,54,Germany,34,31,98.04,44,1,12,3.4,0,6,0,0
1299,29,Spain,15,15,176.26,25,2,23,2.7,0,2,1,0
1300,18,Senegal,2,14,167.37,29,0,13,4.9,0,4,3,0
1301,65,France,52,22,145.09,17,1,11,3.2,0,1,0,0
1302,20,United Kingdom,23,13,121.13,20,4,10,3.2,0,2,1,0
1303,18,Portugal,13,2,129.08,29,4,15,5.0,0,5,3,1
1304,22,United Kingdom,20,11,37.96,26,0,18,3.2,0,3,2,0
1305,18,Senegal,44,14,66.57,13,4,3,2.6,0,0,2,1
1306,54,Spain,2,19,37.95,33,2,12,3.6,0,3,1,1
1307,39,Portugal,31,16,57.32,45,1,5,2.3,0,2,3,0
1308,59,France,31,24,172.07,31,3,9,2.2,1,9,1,0
1309,52,United Kingdom,30,10,82.81,49,1,18,4.6,0,2,2,0
1310,65,Senegal,54,13,117.43,33,2,14,2.2,0,9,1,0
1311,61,United Kingdom,36,0,91.87,27,1,6,4.5,0,7,1,1
1312,61,United Kingdom,52,19,145.29,22,1,13,4.7,0,4,2,0
1313,22,France,18,28,66.37,24,0,11,1.0,0,2,1,0
1314,42,Portugal,35,21,80.94,17,1,18,2.6,0,5,2,0
1315,42,France,39,17,153.62,22,1,24,3.7,1,0,1,0
1316,37,Portugal,55,30,179.98,20,1,9,3.1,0,8,3,1
1317,44,Senegal,32,35,155.8,8,4,1,3.6,0,0,0,0
1318,37,France,34,3,165.59,29,1,15,3.1,0,3,0,1
1319,20,France,59,7,83.96,26,0,14,2.5,1,0,3,0
1320,48,Spain,10,4,220.88,36,1,1,3.2,1,0,3,0
1321,64,Spain,20,10,83.61,1,1,12,4.3,0,3,4,1
1322,24,Spain,44,21,117.87,27,4,4,4.0,0,0,1,1
1323,20,Germany,25,27,160.04,12,1,20,3.5,0,2,0,0
1324,18,United Kingdom,60,19,99.46,26,0,12,1.9,1,6,2,0
1325,23,United Kingdom,30,14,171.97,21,1,10,2.9,0,2,2,1
1326,60,Portugal,20,9,102.33,16,1,9,4.1,1,10,2,0
1327,58,France,21,18,97.82,12,1,4,3.0,1,0,2,1
1328,52,United Kingdom,50,19,142.76,18,3,21,3.5,0,0,2,1
1329,27,France,18,27,152.09,1,3,21,2.4,1,5,1,0
1330,53,Spain,7,37,122.02,29,1,1,4.4,1,0,1,0
1331,38,United Kingdom,10,28,62.05,35,1,19,2.2,0,1,0,0
1332,54,France,11,12,124.57,35,0,9,4.5,1,5,1,0
1333,39,Spain,29,23,74.05,6,1,11,4.2,1,0,1,1
1334,61,Senegal,7,13,134.94,19,1,7,4.6,0,1,0,1
1335,43,France,46,0,65.71,25,2,12,2.1,0,0,0,0
1336,62,Portugal,29,0,77.18,17,1,7,4.2,0,7,1,1
1337,30,Portugal,49,30,50.12,7,0,7,3.4,0,6,3,0
1338,47,Spain,9,26,108.16,14,0,14,4.0,1,4,2,0
1339,62,Germany,7,36,82.83,30,1,21,5.0,0,0,2,0
1340,63,Germany,31,33,96.04,46,2,16,2.7,1,2,0,0
1341,57,United Kingdom,59,7,93.39,36,2,2,3.6,0,8,5,1
1342,60,United Kingdom,51,8,85.89,25,0,15,5.0,0,3,3,0
1343,49,Senegal,5,15,123.11,5,2,1,3.1,0,3,0,1
1344,47,France,19,32,198.64,16,3,21,5.0,0,6,1,0
1345,26,Spain,7,0,127.12,3,0,13,1.8,0,5,0,0
1346,24,United Kingdom,36,14,103.62,23,3,16,3.2,0,11,2,0
1347,52,Germany,26,21,68.5,10,1,11,4.4,0,1,1,0
1348,33,Spain,11,17,190.05,27,2,11,3.4,0,2,4,1
1349,39,France,53,12,133.46,26,0,18,3.9,0,0,3,0
1350,45,Spain,51,24,207.36,44,1,3,4.1,0,2,1,0
1351,29,Portugal,43,14,141.6,12,2,4,2.6,1,6,1,0
1352,54,Germany,8,24,182.73,19,1,25,3.7,0,0,1,0
1353,53,Senegal,53,13,329.78,11,4,20,2.8,0,0,1,1
1354,43,Senegal,39,32,56.44,31,1,18,5.0,1,6,0,0
1355,42,United Kingdom,32,25,60.67,59,2,12,3.6,0,3,1,0
1356,31,France,57,30,114.34,24,0,10,3.9,0,6,0,0
1357,18,France,43,37,96.5,9,2,25,3.6,1,0,1,0
1358,42,Spain,37,1,118.66,26,4,22,4.9,0,0,2,1
1359,38,United Kingdom,37,6,44.4,21,1,6,4.7,0,0,3,0
1360,45,Portugal,59,8,90.92,19,0,10,3.6,0,5,5,1
1361,18,Spain,33,20,88.31,29,1,13,3.5,0,0,1,1
1362,36,Senegal,24,3,116.74,22,0,4,3.1,0,3,0,0
1363,18,Portugal,36,39,188.84,22,2,8,5.0,0,5,0,0
1364,36,Senegal,16,20,126.6,30,3,21,4.2,0,2,0,0
1365,58,United Kingdom,46,19,113.4,15,1,17,3.1,0,0,2,0
1366,52,France,43,8,80.66,36,1,20,3.6,1,6,1,0
1367,53,Germany,54,3,93.32,22,3,0,3.9,0,2,1,0
1368,27,United Kingdom,56,23,59.73,19,3,12,4.0,0,2,2,1
1369,22,Portugal,2,0,79.34,15,1,10,3.6,1,4,1,0
1370,60,Germany,9,17,84.64,1,3,7,4.3,1,5,2,0
1371,44,Germany,58,16,105.33,28,1,20,2.1,0,2,2,0
1372,45,Spain,12,14,39.9,19,2,10,3.8,0,2,0,0
1373,46,Germany,23,20,113.27,21,0,14,3.7,1,2,4,0
1374,18,Spain,32,23,166.96,3,2,13,4.1,0,5,1,1
1375,50,United Kingdom,27,5,152.66,35,2,16,2.6,0,0,2,0
1376,20,Senegal,37,43,55.73,19,1,6,4.6,0,6,0,0
1377,55,Germany,45,23,172.0,20,3,18,3.6,1,3,3,0
1378,51,United Kingdom,30,11,97.06,34,0,18,3.2,0,0,0,0
1379,57,Senegal,16,11,175.61,26,1,14,1.0,0,5,2,0
1380,60,Senegal,44,20,357.01,4,1,12,5.0,0,8,2,0
1381,37,Spain,4,9,117.69,11,3,12,4.1,0,0,1,1
1382,18,Germany,30,20,198.92,28,2,12,5.0,0,5,1,0
1383,64,United Kingdom,27,12,91.34,38,2,6,4.8,0,4,1,0
1384,36,United Kingdom,11,23,111.73,25,1,7,2.8,1,5,1,0
1385,65,United Kingdom,47,20,123.89,4,0,21,4.2,0,5,5,1
1386,58,Germany,38,20,152.69,12,0,10,1.9,1,4,0,1
1387,36,Portugal,40,5,115.32,21,1,21,2.7,1,0,2,0
1388,26,Spain,5,4,145.66,43,4,15,4.4,0,4,2,1
1389,26,Spain,18,7,93.21,1,3,14,3.9,0,6,1,1
1390,65,Senegal,39,39,155.07,31,5,13,2.1,1,1,0,0
1391,27,Portugal,29,12,232.0,34,3,6,2.6,0,0,0,1
1392,62,France,32,23,74.65,14,0,0,2.7,1,2,1,0
1393,20,United Kingdom,6,21,206.64,14,1,23,5.0,0,11,3,0
1394,27,Germany,49,21,69.86,24,1,8,3.8,0,6,1,0
1395,33,Portugal,29,26,113.51,26,0,12,4.7,0,3,1,0
1396,54,Portugal,54,36,201.63,32,2,17,4.7,0,1,1,0
1397,25,Senegal,11,0,129.61,22,1,1,4.0,0,4,1,0
1398,48,Portugal,49,3,257.29,31,1,0,4.2,0,5,2,0
1399,61,Portugal,25,22,49.15,13,2,0,2.3,0,0,1,1
1400,45,Senegal,19,12,128.51,15,1,2,2.9,0,6,2,0
1401,61,United Kingdom,34,21,242.02,38,0,10,3.6,0,5,4,1
1402,52,Portugal,23,33,40.97,27,0,8,4.1,0,0,3,0
1403,59,United Kingdom,22,17,245.55,32,1,13,3.5,0,1,2,0
1404,34,Portugal,38,11,162.29,30,0,22,2.8,0,1,0,0
1405,65,France,47,27,179.58,13,1,17,5.0,0,1,1,0
1406,51,United Kingdom,44,25,165.72,10,0,15,2.1,0,0,1,1
1407,53,Senegal,44,27,266.46,22,0,11,2.4,1,4,0,1
1408,44,Senegal,34,6,164.83,16,2,19,4.4,1,5,0,0
1409,32,Portugal,19,0,110.67,29,2,21,4.0,0,4,4,1
1410,57,Senegal,4,7,132.97,31,1,17,2.6,0,2,1,0
1411,31,Spain,41,7,89.84,22,1,17,4.1,1,3,0,0
1412,23,Spain,9,15,107.27,16,0,12,1.2,0,1,3,0
1413,59,Spain,52,24,126.42,17,0,8,3.5,0,0,1,0
1414,62,France,17,8,114.69,25,2,0,2.6,0,2,1,0
1415,22,Portugal,30,17,78.46,6,0,25,2.9,0,6,1,1
1416,45,Portugal,58,26,96.32,12,3,15,3.1,0,5,2,0
1417,34,France,50,0,279.11,16,1,29,3.8,1,2,0,0
1418,42,Germany,22,33,169.05,45,0,12,2.9,0,2,4,0
1419,34,France,29,17,154.55,46,2,21,5.0,1,4,4,0
1420,30,Spain,26,27,106.51,20,2,15,3.5,1,3,4,0
1421,27,Spain,50,8,100.25,39,1,7,2.6,0,1,4,0
1422,24,Germany,46,20,90.79,41,5,19,3.4,0,0,1,1
1423,22,Spain,47,18,242.44,12,1,10,4.2,0,0,1,0
1424,49,France,42,4,159.61,14,0,16,4.1,0,5,0,0
1425,60,Germany,18,11,181.1,12,1,14,2.9,1,2,1,1
1426,43,Spain,1,12,106.45,37,1,7,2.5,0,0,2,0
1427,49,Germany,28,18,91.85,1,2,1,3.8,0,4,2,0
1428,22,Spain,15,0,42.77,37,0,11,1.6,1,3,0,0
1429,48,Senegal,37,20,91.89,9,2,6,3.2,0,3,1,0
1430,39,Portugal,20,17,162.4,27,2,11,5.0,0,5,2,0
1431,59,Senegal,24,28,173.17,24,2,5,2.2,0,5,3,0
1432,23,Germany,49,22,114.04,24,2,10,4.0,0,2,1,0
1433,29,Spain,3,8,123.61,28,2,20,4.7,0,1,3,0
1434,37,Portugal,25,22,81.9,23,0,19,2.3,0,0,1,0
1435,40,Germany,6,26,121.75,10,3,7,3.6,0,0,2,1
1436,30,France,3,17,60.37,12,2,25,2.8,1,0,0,0
1437,55,France,32,27,134.67,17,1,11,3.2,0,0,1,0
1438,59,United Kingdom,32,0,227.65,17,2,6,3.9,0,0,2,0
1439,46,Senegal,3,12,72.96,36,2,9,4.2,0,4,0,0
1440,64,Senegal,26,30,77.56,23,1,6,2.8,1,0,0,0
1441,60,Spain,30,4,148.83,28,1,9,3.9,0,3,0,0
1442,52,France,48,39,69.96,35,2,6,2.2,0,2,1,0
1443,20,Portugal,10,23,93.62,30,0,1,5.0,0,1,1,1
1444,57,Senegal,16,12,148.57,13,0,24,2.7,0,5,0,1
1445,29,Portugal,4,31,62.12,13,0,8,1.2,0,0,1,0
1446,24,Germany,40,32,94.16,30,0,14,3.4,1,3,2,0
1447,24,Senegal,32,4,60.09,27,2,16,5.0,0,4,1,0
1448,22,France,28,10,88.99,19,1,8,4.0,0,7,1,0
1449,65,Portugal,26,0,96.34,32,2,7,1.7,0,4,3,0
1450,54,Spain,9,21,117.82,9,1,14,3.5,0,6,1,0
1451,31,Senegal,38,25,98.87,21,2,9,2.5,1,10,0,1
1452,35,France,49,18,99.69,15,1,3,3.6,0,5,2,0
1453,53,France,29,28,95.52,23,1,23,3.9,1,4,4,0
1454,26,Senegal,51,31,55.71,1,1,21,1.9,0,8,1,0
1455,28,Senegal,57,10,112.7,32,1,9,3.5,0,2,1,1
1456,29,Senegal,46,22,132.28,5,0,0,3.6,0,1,0,0
1457,44,Portugal,52,20,236.71,24,0,2,4.7,0,2,1,0
1458,26,France,10,9,143.67,20,2,23,5.0,0,4,4,0
1459,44,France,12,6,236.38,43,1,10,4.0,0,2,1,1
1460,29,Portugal,32,23,152.42,26,2,10,3.5,0,0,1,1
1461,37,United Kingdom,27,18,119.09,20,3,18,4.8,1,5,1,0
1462,25,Spain,7,17,146.37,34,3,18,4.3,0,4,0,0
1463,52,Spain,15,21,92.67,28,0,18,4.2,0,3,1,0
1464,31,United Kingdom,4,9,104.55,12,5,16,3.8,1,6,1,0
1465,61,Germany,32,6,189.26,45,3,9,2.9,1,0,0,0
1466,20,Senegal,42,18,133.42,17,1,5,3.6,0,0,0,0
1467,34,United Kingdom,40,16,89.85,11,1,13,3.5,0,0,0,0
1468,20,Senegal,48,18,83.13,17,2,10,3.7,1,3,3,0
1469,28,Senegal,32,23,71.68,21,2,13,3.6,0,0,3,1
1470,33,Portugal,29,21,99.32,6,1,4,3.4,0,1,2,1
1471,30,Portugal,44,30,161.31,20,0,18,2.9,0,0,1,0
1472,25,United Kingdom,15,28,80.39,36,3,18,3.5,1,3,0,0
1473,30,Germany,58,28,67.0,19,1,14,4.2,1,1,0,0
1474,49,Senegal,57,11,94.4,39,0,4,3.9,0,0,3,0
1475,57,Germany,12,27,103.88,30,3,0,5.0,0,5,1,1
1476,64,France,41,8,209.22,33,1,15,5.0,0,2,2,0
1477,39,France,3,21,61.79,11,0,19,2.6,0,6,0,1
1478,26,Senegal,55,13,75.14,1,0,19,3.2,0,1,1,0
1479,39,France,57,7,118.22,15,0,8,3.1,0,9,1,1
1480,58,Spain,58,13,76.42,12,1,19,4.8,1,3,2,0
1481,32,Senegal,27,7,132.48,43,3,3,3.2,0,2,2,0
1482,31,Spain,31,17,74.24,23,0,19,1.6,0,0,3,1
1483,64,Germany,48,25,199.92,16,2,9,5.0,0,3,1,0
1484,45,Spain,15,27,93.29,4,2,10,3.1,0,1,2,0
1485,27,Spain,58,9,67.56,7,0,14,4.5,1,5,1,0
1486,20,Germany,47,0,63.92,15,2,3,4.0,0,5,5,1
1487,51,Germany,31,23,95.12,24,0,7,2.4,0,3,0,0
1488,24,Germany,32,10,96.83,10,2,8,3.9,1,6,3,0
1489,18,Portugal,47,35,169.2,15,0,13,3.5,0,4,2,0
1490,40,United Kingdom,16,10,138.65,9,1,11,4.4,0,1,0,1
1491,48,Portugal,20,21,202.85,22,0,13,3.1,1,5,6,0
1492,54,Portugal,38,23,88.45,12,2,12,4.9,1,0,1,0
1493,26,Portugal,26,25,161.8,10,2,27,2.8,1,4,1,0
1494,58,Germany,46,15,59.71,24,1,3,3.3,0,3,1,0
1495,22,Germany,58,17,24.57,24,1,9,4.6,0,1,1,0
1496,36,Germany,49,4,81.68,36,1,12,3.6,0,5,1,0
1497,52,Spain,51,31,257.12,25,1,15,3.0,1,0,3,0
1498,57,United Kingdom,48,40,116.33,33,1,12,2.6,0,7,2,0
1499,61,United Kingdom,57,20,218.51,11,1,12,4.3,1,2,3,0
1500,47,Spain,3,4,86.11,15,1,10,3.4,0,3,1,1
1501,53,Portugal,5,18,59.03,18,0,12,1.7,0,1,2,0
1502,26,United Kingdom,16,14,144.12,32,2,17,4.6,0,0,1,0
1503,65,Spain,56,0,284.42,24,4,5,2.6,0,1,4,1
1504,65,France,21,13,73.34,27,0,7,4.4,0,6,1,0
1505,61,Germany,18,6,65.05,14,2,14,4.3,1,6,1,0
1506,46,Germany,33,13,83.72,36,2,8,2.7,0,0,1,1
1507,63,Spain,44,4,182.64,34,0,14,3.5,0,5,1,0
1508,46,Spain,24,2,231.22,28,2,21,4.0,0,0,2,0
1509,22,France,58,15,96.6,19,2,15,5.0,0,5,5,1
1510,43,France,19,29,91.87,2,1,11,2.5,0,6,2,1
1511,28,United Kingdom,8,23,193.73,27,2,16,3.4,0,4,1,0
1512,31,Spain,41,40,158.65,20,3,13,4.0,1,3,3,0
1513,61,Spain,60,25,212.55,25,0,8,1.6,1,1,3,0
1514,46,Portugal,42,0,76.18,17,0,18,2.8,1,6,2,1
1515,19,France,54,16,88.18,34,3,8,3.7,0,1,1,0
1516,44,Spain,22,20,102.9,22,4,1,3.4,0,5,2,0
1517,49,Spain,43,0,112.0,28,0,7,1.9,0,4,0,0
1518,46,Germany,20,10,149.55,13,2,5,3.1,0,0,3,0
1519,37,France,51,30,69.41,25,3,19,2.8,0,4,4,0
1520,36,Senegal,10,20,90.35,25,0,17,5.0,0,0,3,0
1521,28,Spain,60,35,152.41,22,2,14,4.2,1,1,2,0
1522,29,France,54,22,186.22,21,0,6,3.0,0,1,1,0
1523,27,France,16,27,103.71,34,4,22,1.9,1,3,3,0
1524,54,France,29,23,103.71,45,4,17,3.4,0,0,2,1
1525,53,Portugal,3,1,86.96,14,0,12,2.8,0,4,1,0
1526,27,United Kingdom,29,16,74.24,15,2,13,5.0,0,0,2,1
1527,37,Senegal,59,30,75.84,17,1,0,4.4,1,0,2,0
1528,27,Germany,60,0,93.87,31,1,11,4.7,0,2,2,1
1529,65,Spain,33,42,60.29,20,1,25,3.7,0,2,1,0
1530,48,United Kingdom,49,15,115.67,13,2,3,2.3,0,8,3,0
1531,27,Spain,47,25,167.9,44,0,8,4.1,0,2,2,0
1532,62,Senegal,47,24,230.06,27,0,12,3.8,0,4,2,1
1533,61,Spain,8,13,188.73,26,0,18,2.5,0,4,1,0
1534,32,Germany,23,3,391.85,2,2,12,3.8,1,5,1,1
1535,59,France,38,16,115.92,39,2,3,2.7,0,2,1,0
1536,35,France,2,18,168.36,13,2,6,3.6,1,2,2,0
1537,61,Portugal,6,26,168.31,13,0,10,3.1,0,0,0,0
1538,49,United Kingdom,39,24,116.81,37,0,4,2.6,0,3,0,0
1539,60,United Kingdom,26,18,153.42,19,1,15,4.0,1,8,1,0
1540,41,Germany,24,8,190.56,22,1,2,3.1,1,0,1,0
1541,37,Germany,56,19,109.63,15,0,13,3.7,0,5,3,0
1542,46,Portugal,27,14,62.18,1,1,7,4.0,0,3,0,1
1543,64,Germany,47,33,111.85,28,2,8,3.6,0,3,1,0
1544,55,Spain,6,14,126.94,26,0,1,4.5,1,7,0,0
1545,51,United Kingdom,5,23,121.39,25,1,4,2.7,0,0,0,0
1546,42,Senegal,1,18,117.0,1,1,12,3.0,0,0,1,0
1547,44,France,36,29,120.12,26,3,20,4.1,0,0,2,0
1548,26,France,12,3,155.3,33,1,20,3.0,0,0,1,1
1549,49,Senegal,53,18,158.58,14,0,14,2.7,0,1,0,0
1550,37,Germany,36,24,62.6,47,0,0,4.0,0,4,0,0
1551,18,France,17,11,101.61,30,1,17,2.3,0,2,1,0
1552,58,Germany,8,18,101.93,37,0,13,3.8,0,6,0,0
1553,44,France,32,29,171.18,22,0,14,3.0,0,0,1,0
1554,19,Senegal,49,33,91.48,29,0,11,4.2,0,6,1,0
1555,22,Spain,48,31,56.69,16,3,8,3.5,0,0,1,0
1556,45,United Kingdom,41,10,201.49,15,2,4,2.5,0,3,3,0
1557,25,United Kingdom,33,40,146.13,23,2,15,2.5,0,2,2,1
1558,34,France,38,15,97.85,36,2,16,3.0,1,0,3,0
1559,62,France,23,2,50.07,23,3,15,3.9,1,1,6,1
1560,44,Portugal,59,45,106.24,33,3,8,3.8,0,8,1,1
1561,36,Spain,41,20,163.43,24,0,21,2.5,0,0,1,0
1562,58,France,49,17,118.29,20,0,15,3.5,1,2,0,0
1563,52,United Kingdom,56,13,98.17,25,4,19,3.0,0,11,4,0
1564,37,United Kingdom,44,6,141.73,43,1,17,4.6,0,1,3,0
1565,52,Spain,23,22,150.31,9,2,20,2.8,0,6,0,1
1566,51,United Kingdom,24,9,187.75,33,2,19,4.4,0,0,1,0
1567,28,Senegal,14,19,166.06,26,1,0,3.7,1,3,0,0
1568,30,Spain,40,31,134.69,13,1,20,5.0,0,2,2,0
1569,52,Portugal,36,13,77.84,1,1,12,1.4,0,3,2,0
1570,44,Germany,59,23,121.48,34,0,12,1.0,1,1,0,0
1571,19,Germany,23,0,73.66,27,0,13,2.9,0,0,2,1
1572,46,Spain,34,18,174.1,7,0,13,3.1,0,0,2,0
1573,63,United Kingdom,2,10,57.4,10,1,26,3.3,0,2,0,1
1574,26,Portugal,10,14,99.6,35,3,7,3.3,0,5,1,1
1575,31,France,6,14,73.7,15,0,10,3.2,0,5,0,0
1576,25,Senegal,2,10,72.22,2,3,12,2.2,0,1,4,1
1577,20,France,7,37,70.67,3,0,3,3.7,1,3,3,0
1578,55,Senegal,31,29,184.43,30,2,4,4.7,1,0,2,0
1579,22,United Kingdom,43,18,156.25,14,1,16,3.5,1,1,2,1
1580,25,Spain,14,8,118.53,27,2,3,3.4,0,3,3,1
1581,60,United Kingdom,2,13,120.07,12,1,20,3.2,1,1,2,0
1582,35,Spain,23,13,121.39,15,3,29,3.7,0,0,0,0
1583,64,Spain,16,6,81.6,21,2,24,4.2,0,4,4,1
1584,55,Senegal,34,15,44.92,33,0,19,3.6,1,0,4,0
1585,36,France,58,26,229.8,21,1,10,2.1,0,5,4,1
1586,64,Senegal,60,12,137.6,11,3,7,1.2,1,3,1,0
1587,63,Germany,24,15,69.55,13,2,6,3.7,0,3,0,1
1588,61,Senegal,12,20,187.5,16,2,6,5.0,0,4,3,0
1589,45,France,33,34,197.45,9,0,11,4.6,1,6,1,0
1590,38,Senegal,30,35,82.32,17,2,12,4.1,1,3,0,0
1591,41,Portugal,19,0,121.14,35,1,9,4.9,0,1,0,1
1592,38,Germany,8,31,177.42,29,2,1,3.7,0,3,1,0
1593,65,United Kingdom,44,9,106.65,1,0,16,3.4,0,2,1,0
1594,53,Germany,19,0,126.47,1,0,9,2.9,0,4,0,1
1595,22,Germany,44,25,184.95,1,1,10,3.5,0,0,3,1
1596,61,Germany,44,0,63.24,1,5,24,3.6,1,1,2,1
1597,60,Portugal,6,39,126.64,35,2,5,2.5,1,0,1,0
1598,62,Spain,7,11,196.82,24,1,24,4.5,0,0,0,0
1599,28,Senegal,24,3,156.06,22,1,9,2.7,0,3,2,1
1600,56,Germany,8,30,133.29,12,1,16,5.0,1,1,1,0
1601,49,United Kingdom,49,16,111.42,19,0,29,3.8,0,0,3,0
1602,35,Portugal,26,17,206.75,29,1,10,2.4,0,5,2,0
1603,43,Germany,33,12,156.09,27,1,12,1.3,0,3,0,0
1604,24,Senegal,17,32,129.6,27,0,17,2.2,0,1,0,0
1605,26,Senegal,7,0,122.0,33,1,18,2.8,0,7,2,0
1606,49,Portugal,2,13,122.3,11,0,0,3.3,0,2,1,1
1607,61,United Kingdom,10,25,164.48,26,3,3,3.3,0,3,0,0
1608,22,Portugal,49,11,125.49,25,0,8,4.1,0,3,1,0
1609,47,France,19,0,80.42,30,2,14,2.7,0,7,0,0
1610,34,Spain,22,13,168.82,27,2,9,4.9,0,4,0,0
1611,19,Senegal,28,23,115.68,26,1,10,2.8,0,5,2,1
1612,46,United Kingdom,55,26,143.86,9,0,8,3.8,0,3,2,0
1613,20,France,36,10,87.42,1,2,2,2.6,0,3,4,0
1614,63,France,32,4,115.04,29,0,14,3.7,0,1,1,0
1615,42,Germany,49,7,186.98,24,3,21,3.2,1,2,2,0
1616,60,Spain,44,13,164.35,30,2,9,3.6,0,4,1,0
1617,53,France,33,27,109.1,15,0,0,2.8,1,4,2,0
1618,55,Germany,40,21,82.28,16,0,1,3.1,0,0,3,0
1619,36,United Kingdom,4,3,140.89,7,1,3,1.4,1,4,0,1
1620,41,United Kingdom,52,20,96.97,25,1,7,3.8,0,6,1,1
1621,58,United Kingdom,25,26,172.44,18,1,10,3.6,1,0,1,0
1622,40,Germany,23,22,214.94,40,1,8,2.9,1,8,4,0
1623,33,Portugal,20,27,59.03,42,1,1,5.0,0,2,2,0
1624,22,United Kingdom,8,31,91.43,42,1,6,2.2,0,3,0,1
1625,38,Senegal,30,11,825.17,34,1,18,4.5,0,8,3,0
1626,50,Germany,18,6,69.99,10,3,14,5.0,1,2,2,0
1627,19,United Kingdom,25,9,106.4,38,4,4,3.1,0,3,1,1
1628,24,Germany,7,15,104.24,15,0,18,3.4,0,2,0,1
1629,49,Spain,52,10,179.72,16,2,15,4.1,0,3,1,0
1630,57,United Kingdom,24,4,154.12,19,1,2,4.3,0,0,3,1
1631,58,Senegal,54,14,50.78,19,2,21,2.6,0,2,1,1
1632,34,Senegal,20,8,85.24,24,3,15,3.0,0,1,1,1
1633,32,Spain,48,19,85.82,38,1,20,2.6,0,3,2,0
1634,55,Senegal,38,15,36.51,33,2,7,2.8,0,0,3,1
1635,51,Germany,28,23,92.08,35,1,15,3.7,1,3,2,0
1636,59,United Kingdom,33,10,167.87,9,4,5,2.1,0,3,3,1
1637,52,United Kingdom,13,12,172.43,46,0,4,3.6,0,4,3,0
1638,50,Germany,43,20,72.57,15,1,0,3.8,0,6,2,1
1639,19,Portugal,46,9,63.43,25,1,10,3.9,0,1,2,1
1640,49,France,43,22,144.08,22,1,21,3.9,0,0,2,0
1641,47,United Kingdom,60,13,157.93,18,2,12,3.7,0,0,2,0
1642,45,Spain,47,25,172.0,22,2,29,2.9,0,1,3,0
1643,41,Germany,10,30,150.3,35,1,8,3.5,1,1,3,0
1644,37,Germany,27,0,186.71,1,1,13,4.1,0,3,3,0
1645,22,Portugal,14,7,64.37,20,1,12,4.7,0,1,1,1
1646,36,Portugal,11,38,211.19,16,2,17,2.7,0,0,1,0
1647,43,France,8,19,156.35,30,0,9,2.6,1,2,2,1
1648,37,Germany,32,9,195.7,23,1,13,3.6,0,5,2,0
1649,59,Senegal,13,25,216.68,50,0,12,3.2,1,5,2,0
1650,34,United Kingdom,43,25,114.34,36,0,32,3.3,0,5,3,0
1651,20,Portugal,32,26,87.16,14,0,6,2.5,0,5,1,1
1652,23,United Kingdom,39,18,64.65,22,2,13,3.6,0,0,1,1
1653,44,United Kingdom,43,7,113.41,15,1,10,3.9,0,2,1,1
1654,64,France,16,9,97.33,38,2,10,4.4,1,1,0,0
1655,25,Spain,43,17,184.75,16,1,18,2.9,0,5,1,0
1656,51,United Kingdom,32,19,80.74,17,1,11,3.1,0,0,0,0
1657,25,United Kingdom,22,0,87.21,33,0,21,2.9,0,0,0,0
1658,65,Portugal,16,29,228.87,1,3,6,3.1,0,4,2,1
1659,24,France,14,17,153.09,27,1,1,5.0,0,0,0,0
1660,34,Spain,4,25,197.38,22,2,9,2.8,0,11,0,0
1661,25,United Kingdom,35,0,205.5,16,1,21,3.5,0,1,3,0
1662,35,France,24,5,58.41,35,0,5,3.5,0,2,4,0
1663,37,Senegal,42,26,141.12,13,0,3,4.4,0,2,1,0
1664,65,Portugal,52,18,183.8,35,2,12,3.2,0,0,4,0
1665,60,France,17,33,75.67,27,1,19,3.7,0,5,1,0
1666,62,United Kingdom,58,6,34.59,34,2,11,4.3,0,4,1,1
1667,33,Germany,25,21,105.97,32,0,9,2.4,1,0,0,0
1668,34,United Kingdom,6,16,99.09,33,1,22,4.1,0,0,1,0
1669,37,France,56,1,105.74,28,1,6,5.0,0,0,1,0
1670,58,United Kingdom,57,33,52.27,31,0,8,2.7,0,2,1,0
1671,20,United Kingdom,56,11,55.13,54,0,2,4.6,1,12,2,0
1672,49,Germany,48,21,102.78,10,0,22,4.3,0,3,1,0
1673,63,Germany,57,20,127.88,40,2,0,4.1,0,0,0,0
1674,28,Portugal,17,13,126.06,37,2,9,2.8,0,5,4,1
1675,56,Portugal,53,0,83.67,1,0,23,2.8,0,0,6,1
1676,62,Senegal,49,14,62.94,33,1,11,3.5,1,8,0,0
1677,58,Germany,51,26,117.88,25,1,19,5.0,0,2,1,1
1678,30,Portugal,20,8,129.12,11,3,13,3.8,0,3,1,1
1679,28,France,34,23,81.22,12,2,14,4.0,0,6,2,0
1680,59,France,55,16,143.84,32,2,23,3.8,0,0,0,0
1681,38,Germany,31,20,151.27,38,1,11,3.9,0,0,1,0
1682,29,Portugal,38,3,102.24,22,1,19,3.6,0,6,2,0
1683,30,Senegal,27,0,70.95,36,1,6,3.2,0,5,4,1
1684,42,Spain,15,2,119.24,30,0,1,3.8,1,0,3,1
1685,53,Portugal,40,0,54.1,47,1,13,3.3,0,3,2,0
1686,47,France,17,28,56.82,22,1,23,3.3,0,5,2,1
1687,43,Spain,28,16,123.03,30,0,7,3.5,0,0,1,1
1688,41,France,37,35,131.79,29,1,20,5.0,1,2,3,0
1689,45,Germany,53,19,127.55,12,3,4,4.6,0,8,2,1
1690,63,France,13,15,77.01,35,3,15,3.0,0,1,3,0
1691,35,United Kingdom,48,21,308.09,20,1,14,4.2,0,3,2,1
1692,31,Spain,14,18,315.24,26,0,10,2.8,0,2,2,0
1693,61,France,27,21,86.77,24,2,20,3.5,1,1,0,0
1694,19,United Kingdom,17,12,167.57,1,2,1,4.1,1,3,0,0
1695,33,United Kingdom,38,6,233.42,14,2,5,3.4,0,4,2,1
1696,18,Germany,9,21,129.55,39,0,0,2.5,0,6,1,0
1697,43,Portugal,14,18,58.91,29,0,6,4.1,0,8,5,0
1698,65,Spain,17,3,120.31,4,3,29,3.1,1,5,1,1
1699,21,United Kingdom,60,10,57.11,39,1,24,4.4,1,0,0,0
1700,56,Portugal,52,17,105.41,15,3,13,3.3,0,4,0,0
1701,20,Senegal,17,38,91.14,9,0,16,4.3,0,2,0,0
1702,43,Portugal,24,40,93.82,17,1,13,3.7,1,9,0,0
1703,20,Spain,12,26,113.66,19,1,4,2.4,0,8,1,0
1704,39,Germany,9,23,134.64,16,1,18,3.5,1,2,2,0
1705,45,France,17,18,127.37,24,2,4,4.3,1,0,3,1
1706,26,Germany,56,42,203.23,23,0,10,2.1,0,6,1,0
1707,41,Germany,19,20,175.47,23,0,16,2.9,0,7,1,0
1708,34,Spain,21,7,67.01,22,0,3,3.9,0,2,1,1
1709,65,Germany,49,43,66.13,15,3,15,3.6,0,2,2,0
1710,60,Portugal,52,20,85.89,12,0,15,4.9,0,0,3,0
1711,21,France,12,28,75.71,27,0,18,3.4,1,4,0,0
1712,63,Germany,28,21,76.84,11,3,11,2.7,1,0,2,0
1713,49,Senegal,29,17,40.69,16,0,8,3.6,0,0,1,0
1714,49,Germany,32,4,75.39,26,0,12,4.1,1,2,3,0
1715,27,Senegal,23,16,467.4,27,2,4,5.0,1,6,0,0
1716,29,France,48,11,74.0,31,1,22,3.7,0,4,1,0
1717,60,Spain,14,7,63.42,28,0,8,2.7,0,0,1,0
1718,51,Spain,12,31,110.75,28,0,15,3.2,0,3,0,1
1719,49,Portugal,7,28,117.41,38,0,16,4.0,0,1,1,1
1720,61,Portugal,8,7,58.84,27,3,12,2.8,0,0,2,0
1721,24,United Kingdom,10,18,81.45,27,2,3,4.5,1,4,3,0
1722,63,Portugal,31,22,119.1,13,0,6,3.0,0,7,0,0
1723,56,Portugal,1,19,175.46,7,0,2,1.7,0,1,3,1
1724,57,Germany,21,30,115.22,46,0,17,4.2,0,6,1,0
1725,54,France,14,15,118.79,41,2,26,2.1,0,3,1,0
1726,36,United Kingdom,52,21,127.35,18,1,13,3.9,1,5,2,1
1727,56,Germany,6,0,123.2,24,2,12,4.3,0,5,0,1
1728,43,Senegal,2,32,120.99,21,1,1,2.9,0,5,0,1
1729,43,United Kingdom,42,0,202.16,1,1,10,4.7,0,3,1,0
1730,25,United Kingdom,32,10,107.81,24,1,25,3.2,0,5,2,0
1731,37,Portugal,39,23,166.76,39,3,20,2.1,1,4,1,0
1732,41,Spain,13,31,76.61,17,0,11,3.8,0,3,2,0
1733,48,United Kingdom,37,14,51.0,28,2,14,3.0,0,3,5,1
1734,45,United Kingdom,40,20,102.37,12,1,9,3.0,1,5,3,0
1735,23,Senegal,33,13,67.02,16,0,29,3.7,0,0,0,0
1736,32,Portugal,44,28,126.65,8,0,9,3.6,0,6,0,0
1737,51,Portugal,42,31,102.82,20,1,24,4.3,0,4,2,0
1738,45,Senegal,59,27,46.2,17,0,0,3.2,0,0,3,0
1739,26,Portugal,58,8,100.96,25,1,5,4.5,0,2,0,0
1740,45,United Kingdom,37,11,316.68,43,0,0,3.7,1,4,0,0
1741,20,Spain,7,7,119.38,22,2,11,3.0,0,3,2,1
1742,47,Portugal,47,22,147.28,21,1,20,4.9,0,0,1,0
1743,34,Spain,6,21,132.61,9,0,2,3.5,0,1,0,1
1744,65,Portugal,30,22,93.1,45,0,19,3.7,1,3,4,0
1745,43,Senegal,6,14,86.89,4,1,15,3.1,0,3,2,0
1746,38,Spain,47,15,118.75,18,2,11,2.6,0,1,1,0
1747,57,United Kingdom,22,7,147.86,17,2,0,4.2,0,2,0,0
1748,29,France,12,33,101.1,23,2,9,3.0,1,0,2,0
1749,34,Portugal,7,22,100.82,11,1,18,3.5,0,4,3,1
1750,43,Senegal,1,30,83.07,26,1,13,3.8,1,4,2,0
1751,62,Germany,56,11,145.95,21,1,0,1.7,0,4,0,0
1752,64,Germany,20,12,206.3,48,2,12,3.9,0,2,2,0
1753,41,Portugal,44,6,149.99,12,1,1,2.7,0,2,1,0
1754,37,Senegal,9,33,130.17,15,0,3,3.9,1,4,0,0
1755,19,Portugal,13,22,103.74,28,1,0,3.1,0,7,1,1
1756,59,France,42,15,108.53,26,1,12,3.5,1,2,5,0
1757,52,France,6,36,128.36,43,0,6,4.2,0,1,2,0
1758,48,Germany,2,20,133.48,42,1,1,2.7,1,1,0,0
1759,65,Portugal,29,16,107.57,37,0,25,3.0,0,6,0,0
1760,46,Spain,16,7,64.68,47,1,14,2.4,1,0,4,0
1761,43,Senegal,22,1,57.45,1,2,9,4.0,1,4,2,0
1762,63,Germany,27,11,111.91,23,1,9,3.6,0,8,0,0
1763,56,Portugal,36,29,226.7,31,2,12,3.4,0,0,0,1
1764,43,Germany,33,34,159.22,10,1,11,4.4,0,4,1,0
1765,61,Germany,15,42,188.03,24,0,16,5.0,0,0,2,0
1766,45,Spain,21,30,160.91,4,2,13,2.3,0,6,1,1
1767,59,Germany,57,21,200.26,30,0,7,3.0,0,8,4,0
1768,59,United Kingdom,29,16,204.3,24,0,9,1.9,0,2,2,1
1769,36,Portugal,13,28,154.18,21,0,1,4.1,0,4,0,0
1770,50,France,38,23,147.08,37,0,4,3.6,0,5,3,0
1771,56,Portugal,43,25,121.04,7,4,14,2.1,0,1,4,0
1772,64,Portugal,25,20,141.37,29,4,2,3.3,0,2,2,0
1773,61,Portugal,48,22,99.43,19,2,17,2.3,0,0,1,0
1774,28,Spain,14,37,90.61,31,1,17,3.5,0,2,3,0
1775,60,Germany,9,19,162.39,29,0,24,4.4,1,0,3,0
1776,49,Senegal,51,12,220.47,38,0,11,3.5,0,0,3,0
1777,37,France,14,34,161.66,24,0,24,4.7,0,0,3,0
1778,40,United Kingdom,23,11,134.09,18,1,9,2.9,0,5,3,1
1779,50,Senegal,52,22,99.73,44,1,1,4.1,1,0,1,0
1780,57,France,8,22,130.28,31,0,9,2.7,0,0,2,0
1781,39,United Kingdom,50,20,161.71,1,0,14,2.7,1,9,3,0
1782,35,France,55,14,205.38,29,2,9,2.6,0,6,0,0
1783,60,Senegal,46,15,122.05,16,1,13,5.0,1,3,0,0
1784,47,Senegal,7,24,101.05,38,3,10,3.4,0,3,2,0
1785,24,Spain,3,29,94.48,20,1,6,2.6,0,1,0,1
1786,25,France,59,24,121.52,1,0,12,2.3,0,0,2,0
1787,63,Germany,49,32,161.24,28,2,23,3.5,0,0,1,0
1788,24,France,42,6,96.26,1,1,14,2.3,0,6,0,0
1789,25,France,29,16,119.27,21,1,17,3.2,0,5,1,0
1790,18,France,54,20,137.46,13,0,7,2.7,0,0,1,0
1791,50,France,6,33,58.64,17,0,10,3.0,0,3,1,0
1792,44,United Kingdom,41,25,352.23,1,0,10,4.0,0,4,1,1
1793,51,Germany,51,26,167.66,4,2,20,2.6,1,3,1,0
1794,44,Germany,58,21,70.4,15,1,15,3.7,0,4,1,0
1795,61,United Kingdom,2,30,126.97,40,0,18,2.7,0,2,3,0
1796,63,Spain,5,38,149.01,18,0,21,3.6,1,5,4,0
1797,28,Germany,4,31,43.43,33,3,10,4.1,0,4,1,1
1798,59,France,58,17,191.27,27,1,7,3.1,0,5,3,0
1799,63,Portugal,57,27,90.18,11,1,25,3.8,0,3,1,0
1800,43,Portugal,45,37,75.87,20,1,1,4.4,0,8,2,0
1801,65,United Kingdom,59,14,131.66,39,3,8,2.3,0,0,2,0
1802,51,Spain,59,0,88.91,17,4,13,2.5,1,2,2,1
1803,59,France,57,25,183.98,50,0,6,3.6,0,6,0,0
1804,59,Germany,45,17,160.07,28,2,9,3.0,0,1,1,0
1805,59,Germany,50,18,99.82,6,1,11,3.6,1,3,0,0
1806,20,Spain,22,18,83.43,12,0,4,4.1,0,9,0,0
1807,26,Spain,35,32,116.72,29,0,12,4.1,0,11,0,0
1808,53,United Kingdom,34,19,139.55,23,2,8,4.8,0,11,0,0
1809,19,Senegal,57,16,106.61,25,1,15,3.7,0,5,1,0
1810,33,United Kingdom,47,22,123.38,14,3,8,1.8,0,0,3,1
1811,64,Senegal,54,19,138.66,22,2,14,4.6,0,0,4,0
1812,40,Senegal,4,7,79.04,43,0,7,2.6,0,7,1,0
1813,46,United Kingdom,37,29,200.35,23,3,13,3.8,0,4,5,0
1814,33,Portugal,38,8,101.05,27,1,9,4.5,0,4,0,0
1815,58,Portugal,35,13,48.01,21,2,20,4.1,0,0,1,1
1816,37,United Kingdom,43,11,54.91,19,3,12,3.8,0,0,4,0
1817,61,France,46,23,122.71,19,4,1,2.5,0,7,1,0
1818,24,United Kingdom,34,18,236.11,29,0,17,2.6,0,9,2,0
1819,41,Germany,7,21,145.56,41,0,14,2.1,1,1,3,0
1820,44,Senegal,6,6,62.65,18,2,25,3.6,1,2,2,0
1821,48,France,29,3,88.55,21,2,14,3.0,1,3,4,0
1822,43,Spain,36,22,207.51,22,2,1,2.1,0,3,1,0
1823,34,Spain,32,5,162.17,28,0,10,5.0,0,3,2,0
1824,62,Germany,47,20,127.09,7,1,0,2.8,0,1,2,0
1825,27,Spain,9,24,65.85,13,1,11,3.9,0,5,0,0
1826,63,Spain,56,11,69.56,20,3,4,3.1,0,4,2,0
1827,47,Germany,3,20,106.75,13,1,18,1.5,0,2,1,0
1828,41,Senegal,39,22,126.73,25,0,9,4.3,0,2,1,0
1829,41,Spain,19,17,63.14,26,2,13,3.4,1,5,1,1
1830,41,United Kingdom,24,27,165.11,34,1,0,2.8,0,0,3,0
1831,27,France,51,16,99.33,17,1,10,4.6,0,9,2,1
1832,37,United Kingdom,14,11,98.51,13,1,9,2.1,1,2,1,0
1833,18,Senegal,36,5,120.67,13,2,14,4.4,0,2,1,0
1834,44,Germany,37,29,79.85,34,1,17,4.7,0,5,5,0
1835,39,Germany,31,18,97.42,2,2,0,1.0,0,2,2,0
1836,26,France,33,15,88.38,17,0,6,3.9,0,3,4,0
1837,60,Germany,10,26,89.61,20,0,18,2.9,0,5,0,0
1838,57,Portugal,40,18,206.58,28,1,13,2.6,0,0,2,1
1839,43,United Kingdom,35,17,73.05,47,1,8,4.3,1,3,0,0
1840,46,Portugal,18,26,232.26,14,3,15,4.3,0,5,1,0
1841,63,Senegal,37,11,124.01,28,0,4,4.5,0,4,2,0
1842,37,Spain,42,14,61.32,42,0,15,4.2,1,0,2,0
1843,30,Spain,35,12,91.05,12,0,26,2.4,0,0,0,1
1844,54,Spain,13,33,124.53,36,0,13,5.0,0,0,4,0
1845,19,Senegal,43,28,168.17,23,4,25,4.3,0,6,1,1
1846,19,United Kingdom,51,4,171.27,12,1,17,3.8,1,0,2,0
1847,55,Germany,6,12,181.44,23,0,13,2.0,0,0,2,0
1848,43,Spain,3,21,113.44,20,3,16,2.5,0,0,1,0
1849,39,Germany,12,39,107.54,47,0,11,4.3,0,3,0,0
1850,38,Germany,17,15,121.79,1,1,5,2.3,1,7,2,0
1851,52,France,19,27,90.28,30,1,0,3.3,1,0,0,0
1852,23,France,20,15,103.39,9,3,3,2.4,0,4,1,0
1853,21,Spain,21,33,150.81,33,4,4,3.6,1,2,1,0
1854,37,Germany,7,30,92.93,26,0,6,3.2,0,0,0,0
1855,38,United Kingdom,25,9,157.44,5,0,12,5.0,0,3,0,0
1856,21,France,16,22,100.29,30,2,11,3.0,0,4,1,0
1857,49,Spain,49,4,95.87,37,0,17,2.7,0,0,2,0
1858,35,Senegal,21,14,87.77,13,1,8,4.2,0,5,1,0
1859,48,Senegal,27,24,72.03,23,1,20,1.2,0,3,2,0
1860,19,United Kingdom,36,35,155.84,17,2,5,3.5,0,0,1,0
1861,33,Spain,42,11,119.58,23,0,3,2.6,0,7,2,0
1862,44,Germany,6,18,245.29,39,2,15,3.4,0,4,1,0
1863,27,United Kingdom,35,6,49.33,22,1,20,4.3,0,2,1,0
1864,52,Germany,59,35,85.11,1,1,0,2.9,0,4,2,1
1865,47,Spain,19,24,163.98,11,0,9,5.0,0,4,3,1
1866,21,Germany,18,12,86.05,18,3,7,3.3,0,2,2,0
1867,42,United Kingdom,54,14,181.33,18,1,15,2.2,0,4,3,0
1868,50,United Kingdom,3,33,36.35,42,2,7,2.6,1,1,3,0
1869,22,United Kingdom,6,26,123.2,26,1,4,4.3,0,5,2,1
1870,26,Portugal,36,28,74.02,50,1,5,4.4,0,4,0,0
1871,31,Spain,33,17,78.89,13,0,15,3.0,0,0,1,0
1872,61,United Kingdom,41,25,214.02,24,2,7,4.3,0,5,0,0
1873,46,United Kingdom,16,17,166.85,11,0,15,1.9,0,5,1,1
1874,31,Germany,39,15,301.26,1,0,5,2.9,0,0,2,0
1875,26,Portugal,60,5,129.12,1,1,11,5.0,1,2,3,0
1876,18,Portugal,12,23,110.17,30,0,13,4.3,0,2,2,0
1877,63,Germany,49,16,165.02,26,1,5,2.3,0,2,1,1
1878,59,Portugal,5,10,83.35,34,1,13,4.7,0,3,0,0
1879,60,Germany,44,23,216.32,2,2,13,3.7,1,5,0,0
1880,42,Spain,23,24,107.63,34,0,10,4.5,0,3,3,0
1881,62,Senegal,8,9,71.55,18,2,8,3.7,0,2,0,0
1882,46,Senegal,15,39,93.77,23,0,10,3.4,0,2,4,0
1883,61,Portugal,23,4,242.55,27,0,6,3.9,1,1,2,0
1884,58,United Kingdom,52,34,74.15,22,4,23,2.9,0,3,4,1
1885,49,United Kingdom,3,5,81.49,31,1,0,1.9,0,1,0,0
1886,63,Spain,14,2,130.72,18,1,12,2.8,1,4,1,0
1887,58,Germany,8,22,211.26,31,2,12,2.1,0,2,1,0
1888,49,France,36,25,138.18,13,1,18,2.4,1,2,2,0
1889,61,Portugal,39,18,200.25,30,1,3,2.6,0,4,3,1
1890,26,Portugal,5,25,134.52,21,1,16,3.4,1,0,3,0
1891,32,Spain,47,8,113.34,22,2,11,5.0,0,0,0,0
1892,61,Senegal,45,13,101.03,24,5,12,4.6,0,1,0,0
1893,61,Spain,57,9,188.35,32,0,15,4.1,0,4,1,0
1894,59,Portugal,42,12,84.56,23,2,10,5.0,1,0,2,0
1895,45,Germany,18,13,155.89,20,1,6,5.0,1,7,2,0
1896,49,United Kingdom,34,0,75.63,31,3,21,3.8,0,8,4,0
1897,32,Senegal,18,23,248.36,16,1,11,3.0,0,1,2,0
1898,38,Senegal,26,26,119.78,35,1,11,3.5,1,0,2,1
1899,54,Senegal,48,10,78.03,32,1,14,5.0,1,0,4,0
1900,22,France,13,7,91.36,29,1,4,2.0,1,0,4,1
1901,58,Portugal,7,19,113.02,41,0,5,4.0,1,0,4,0
1902,19,Spain,52,34,65.17,10,3,12,3.5,0,0,3,0
1903,34,France,7,7,195.44,22,1,6,3.5,0,2,1,0
1904,21,United Kingdom,34,7,71.54,29,2,11,2.7,0,3,2,0
1905,56,Spain,29,0,42.71,27,1,15,3.3,0,1,3,0
1906,55,Senegal,6,24,292.62,20,2,3,3.5,0,4,1,0
1907,42,United Kingdom,57,16,66.13,21,3,9,1.9,0,2,1,1
1908,26,Senegal,59,41,67.44,37,0,12,4.6,0,1,1,0
1909,57,Portugal,28,18,126.48,22,0,20,4.9,1,2,3,0
1910,53,Senegal,19,16,48.27,1,0,18,2.9,0,2,2,1
1911,57,Germany,15,22,112.04,21,3,25,3.1,0,5,4,0
1912,57,Senegal,30,15,56.94,21,3,13,2.8,0,0,0,0
1913,57,Spain,7,7,137.17,28,1,9,2.9,0,2,1,0
1914,19,Germany,34,14,150.25,37,4,8,3.5,0,6,1,1
1915,24,Senegal,39,12,91.85,35,0,14,3.5,0,5,0,0
1916,30,Spain,9,13,76.58,21,0,10,2.8,0,0,2,1
1917,44,Germany,47,26,133.03,33,1,10,4.4,0,0,2,0
1918,26,Senegal,4,8,198.9,48,1,0,4.0,1,5,2,0
1919,50,Portugal,49,5,101.98,6,1,12,2.7,0,4,2,0
1920,52,France,10,23,197.28,11,1,1,4.6,0,0,1,0
1921,36,United Kingdom,1,7,79.98,26,2,0,3.4,0,4,1,0
1922,27,Senegal,16,13,188.94,28,1,14,4.0,0,4,3,0
1923,21,Germany,23,17,78.59,21,1,11,4.4,1,4,2,0
1924,30,Senegal,22,21,128.1,7,1,4,3.1,1,5,1,0
1925,62,Germany,39,18,109.81,15,0,7,4.3,0,7,0,0
1926,54,United Kingdom,40,11,170.02,19,0,4,2.8,0,0,3,1
1927,24,Germany,57,0,158.68,33,2,19,4.4,0,2,0,1
1928,32,Senegal,41,14,157.48,25,2,5,2.4,1,6,0,0
1929,57,France,16,32,54.31,32,3,24,3.3,0,1,0,0
1930,39,Portugal,25,37,365.94,40,2,15,2.4,1,0,0,0
1931,18,United Kingdom,1,39,247.85,30,1,5,4.3,1,2,1,1
1932,25,France,19,9,76.43,18,0,8,4.1,0,0,1,0
1933,41,Senegal,2,26,81.99,21,0,12,4.8,1,3,4,0
1934,32,United Kingdom,47,18,45.61,51,0,12,3.0,1,9,1,0
1935,33,France,13,3,95.26,21,0,19,3.6,1,2,0,0
1936,24,Senegal,54,18,124.31,33,0,3,3.0,0,5,3,0
1937,25,United Kingdom,60,30,76.18,8,1,15,2.1,1,6,1,0
1938,41,United Kingdom,43,5,92.44,20,1,17,4.8,1,6,1,0
1939,57,Germany,57,37,64.25,1,0,8,4.7,0,2,0,0
1940,26,France,13,27,120.88,14,1,8,3.1,0,0,2,0
1941,38,Spain,28,26,37.64,19,0,4,3.0,0,3,0,0
1942,20,Spain,38,23,109.0,1,2,5,2.4,1,1,2,0
1943,27,United Kingdom,16,13,74.05,13,0,12,3.6,1,4,0,0
1944,26,Spain,38,14,118.56,32,2,17,2.9,0,4,2,1
1945,23,Germany,51,10,108.12,13,0,13,4.3,0,0,0,1
1946,50,Germany,49,17,90.67,25,1,9,3.3,0,0,1,0
1947,41,Germany,34,25,155.23,31,0,12,4.0,0,0,1,0
1948,41,Spain,45,2,203.65,31,1,16,4.7,0,5,1,0
1949,48,United Kingdom,38,11,81.98,29,1,12,4.7,0,7,1,0
1950,55,Portugal,3,7,263.13,22,3,9,3.0,1,4,1,0
1951,46,France,26,31,135.9,38,2,23,3.2,1,0,1,0
1952,42,Spain,11,3,137.24,25,1,3,2.7,0,3,5,1
1953,53,Senegal,9,9,114.5,24,3,13,2.9,0,0,5,1
1954,51,United Kingdom,15,30,58.91,12,2,11,4.3,0,4,3,0
1955,57,United Kingdom,28,36,77.8,13,2,12,5.0,0,1,0,0
1956,41,Germany,21,10,115.45,47,2,24,3.7,0,5,1,1
1957,46,France,17,25,90.87,6,2,11,2.5,0,1,0,1
1958,23,United Kingdom,54,22,104.87,12,2,19,1.3,0,0,1,0
1959,23,United Kingdom,60,40,302.27,13,3,20,4.8,1,6,0,0
1960,41,Senegal,35,0,150.83,45,3,3,3.1,1,1,1,1
1961,39,United Kingdom,20,6,106.73,40,1,9,2.9,0,0,0,0
1962,35,France,46,35,206.97,20,1,7,1.7,0,5,2,1
1963,63,Portugal,35,19,322.58,35,1,5,4.5,0,4,3,1
1964,37,United Kingdom,53,3,118.0,22,2,5,1.0,0,1,1,0
1965,43,Spain,49,31,60.26,28,1,26,4.7,0,1,2,0
1966,50,France,56,6,154.77,10,3,7,3.2,0,0,3,1
1967,65,France,31,14,216.06,15,1,25,4.2,1,8,0,0
1968,53,Germany,47,14,91.78,28,3,1,4.0,0,0,0,0
1969,23,United Kingdom,55,19,93.83,22,2,9,3.8,1,3,2,0
1970,62,Germany,14,23,91.9,47,6,0,4.4,0,6,0,0
1971,19,United Kingdom,9,16,67.21,30,5,8,2.8,0,6,3,1
1972,65,Senegal,32,46,129.05,32,1,16,3.8,0,2,1,0
1973,39,France,27,8,287.19,23,0,3,3.4,0,0,1,0
1974,62,Spain,20,3,83.8,18,2,9,3.2,0,1,2,1
1975,20,France,10,30,42.21,23,1,9,4.6,0,5,1,0
1976,54,Portugal,52,0,144.82,30,0,23,4.7,0,6,3,0
1977,43,Germany,14,16,164.05,31,1,16,3.4,0,3,1,1
1978,42,France,31,22,93.66,28,0,7,3.6,1,3,1,0
1979,46,Portugal,58,21,152.72,26,1,14,2.3,0,6,1,0
1980,61,Spain,12,17,55.97,35,3,8,3.5,1,4,3,0
1981,49,Senegal,12,13,54.1,8,1,15,2.4,1,6,2,0
1982,42,United Kingdom,14,4,168.71,14,0,11,4.6,1,2,3,0
1983,22,Germany,4,25,132.98,15,2,3,3.4,0,2,1,1
1984,38,Germany,26,26,122.66,32,0,8,3.5,1,1,0,0
1985,52,Germany,31,26,99.07,31,1,4,4.6,0,3,3,0
1986,31,France,56,24,76.25,42,1,12,3.2,1,11,3,0
1987,63,Portugal,31,27,29.66,29,1,12,5.0,1,4,2,0
1988,37,Spain,13,17,99.98,13,1,11,3.5,0,0,0,0
1989,35,France,1,25,102.82,12,1,10,3.4,0,0,2,0
1990,43,Spain,52,12,78.2,1,2,20,2.7,1,3,1,1
1991,54,Germany,30,22,65.87,6,2,13,3.7,0,0,4,1
1992,23,United Kingdom,42,37,109.95,33,0,9,4.0,0,0,1,0
1993,62,Portugal,51,12,32.59,34,1,17,2.8,0,1,1,0
1994,29,Germany,16,22,138.94,16,1,16,3.8,1,0,0,0
1995,45,Germany,25,29,201.41,17,5,14,4.3,0,5,3,1
1996,54,Senegal,26,1,132.53,19,2,11,3.5,0,2,1,1
1997,28,United Kingdom,57,24,102.73,22,2,10,3.0,0,3,1,0
1998,22,Portugal,47,47,252.3,22,0,13,3.0,0,1,3,0
1999,49,Germany,49,24,194.12,23,1,15,4.0,0,0,1,0
2000,22,Senegal,33,16,121.8,6,1,5,3.3,0,3,3,1
2001,46,France,17,18,98.85,34,2,18,4.6,1,8,1,1
2002,19,Senegal,41,13,52.01,39,1,9,2.8,0,0,3,0
2003,42,United Kingdom,48,26,131.41,30,4,12,2.8,0,0,1,1
2004,20,Senegal,17,0,193.39,32,2,10,1.3,1,1,1,0
2005,38,Portugal,48,0,131.86,6,1,19,3.5,0,3,0,0
2006,23,Spain,43,28,116.05,30,0,19,4.6,1,5,2,0
2007,26,Germany,53,23,93.13,33,0,9,5.0,0,5,1,0
2008,19,Spain,7,40,99.84,22,2,5,4.0,1,0,1,0
2009,65,Germany,11,14,103.12,23,0,11,3.4,1,3,1,0
2010,61,United Kingdom,10,14,75.28,17,0,13,4.9,0,4,1,1
2011,63,Senegal,58,7,123.63,38,1,0,3.1,0,3,0,0
2012,62,Senegal,54,20,129.64,2,1,11,3.4,0,8,3,0
2013,60,Portugal,43,17,127.65,22,1,9,2.1,0,4,2,0
2014,37,Germany,4,3,79.23,28,1,17,3.6,0,0,3,1
2015,42,France,60,17,46.22,40,3,4,2.8,1,9,3,0
2016,30,Senegal,2,10,58.74,9,0,6,3.6,0,0,2,0
2017,39,France,44,27,62.54,1,2,12,2.2,0,3,1,1
2018,24,Portugal,11,16,94.21,26,2,13,3.6,0,1,2,1
2019,50,Senegal,53,10,77.39,17,3,11,3.6,0,1,4,0
2020,30,Spain,14,23,66.73,1,1,8,3.8,0,0,4,1
2021,45,Senegal,15,15,57.08,32,3,15,3.4,1,1,1,0
2022,29,Senegal,26,41,163.17,1,1,10,3.3,0,4,1,1
2023,31,Germany,15,16,78.89,11,1,18,4.2,1,2,2,0
2024,59,Spain,24,23,85.97,4,5,3,4.0,1,4,2,0
2025,44,United Kingdom,50,27,117.81,7,1,7,4.3,0,2,2,0
2026,24,Portugal,35,20,160.77,23,1,9,4.2,0,3,0,0
2027,54,France,17,13,303.78,36,0,1,3.5,0,0,1,0
2028,58,Portugal,25,18,178.26,2,0,7,4.1,0,2,2,0
2029,62,France,22,16,65.56,20,1,15,4.8,1,7,1,0
2030,62,United Kingdom,55,12,82.88,22,3,8,3.6,0,3,2,1
2031,19,Spain,59,35,75.87,10,3,10,2.4,0,0,0,0
2032,58,Portugal,15,35,60.82,20,2,21,3.4,0,7,1,0
2033,18,France,2,29,165.79,33,2,0,4.0,0,0,1,0
2034,37,France,48,28,85.89,21,1,22,3.6,0,0,0,0
2035,23,Senegal,9,0,95.64,35,1,21,4.1,0,0,0,0
2036,27,Germany,14,20,77.15,12,3,19,3.8,0,6,4,1
2037,64,Spain,29,11,158.61,19,2,4,2.6,0,3,3,1
2038,35,United Kingdom,42,9,101.08,14,1,2,4.1,0,0,2,1
2039,44,Portugal,53,20,103.79,34,0,16,4.1,0,10,1,1
2040,64,United Kingdom,22,34,147.45,22,0,8,3.8,1,0,1,0
2041,60,France,52,31,61.26,28,1,11,3.6,0,0,1,0
2042,56,Germany,34,0,99.22,34,0,17,3.1,0,2,1,0
2043,18,Senegal,56,5,135.5,31,0,7,4.6,0,0,3,0
2044,21,Portugal,10,11,137.07,33,2,14,3.9,0,0,2,1
2045,29,Spain,36,14,84.65,22,0,5,3.2,0,0,2,0
2046,33,Spain,6,16,81.43,1,4,6,3.1,0,6,1,1
2047,28,Portugal,13,27,64.68,13,1,7,3.8,1,5,2,1
2048,33,United Kingdom,19,19,72.7,8,2,7,4.1,0,5,2,0
2049,30,United Kingdom,56,27,130.91,38,1,14,3.8,0,3,1,0
2050,41,Germany,25,3,81.91,1,2,22,3.2,1,4,1,1
2051,50,Spain,48,16,130.16,40,3,3,3.0,0,3,2,1
2052,48,Senegal,49,36,73.55,21,2,8,3.1,0,0,6,0
2053,37,Spain,35,30,55.42,17,1,11,2.8,1,5,0,0
2054,34,Germany,30,9,68.05,13,1,28,3.8,0,2,1,1
2055,53,Spain,31,9,233.5,2,0,14,3.9,1,1,1,1
2056,48,France,10,0,50.0,29,0,15,4.9,0,4,1,1
2057,50,Portugal,47,29,114.08,13,1,0,3.1,0,5,0,0
2058,44,Germany,48,15,102.23,25,0,7,3.5,0,5,1,0
2059,59,Spain,5,13,254.63,12,2,11,4.0,0,6,3,1
2060,25,Germany,60,0,151.31,1,2,6,1.9,0,7,2,1
2061,45,United Kingdom,50,13,61.23,25,0,10,2.4,0,4,2,0
2062,50,Portugal,32,35,156.52,34,1,21,4.8,0,6,2,0
2063,21,Portugal,25,11,75.92,23,1,13,3.3,0,7,2,0
2064,33,Germany,3,6,65.26,22,0,0,1.6,0,0,3,1
2065,63,Portugal,2,14,87.16,23,1,7,3.4,0,3,3,0
2066,34,Spain,30,12,97.37,31,2,10,3.4,0,6,0,1
2067,33,Spain,38,12,155.98,40,0,22,4.3,0,5,4,0
2068,18,Senegal,50,15,45.73,10,0,11,5.0,1,2,2,0
2069,42,Germany,46,5,89.48,26,2,8,3.5,0,0,1,0
2070,51,France,57,21,111.53,19,1,9,4.3,0,3,1,0
2071,34,Portugal,20,17,186.7,39,0,10,3.8,0,5,3,0
2072,42,Spain,20,13,72.08,11,1,15,5.0,0,1,0,0
2073,64,Senegal,7,16,268.02,28,0,15,3.6,0,2,2,0
2074,40,France,18,13,77.19,12,1,0,3.4,0,1,3,0
2075,43,Portugal,20,9,83.23,26,3,25,3.6,1,7,1,1
2076,49,Senegal,7,7,128.02,1,1,5,3.2,1,2,2,0
2077,51,Germany,42,0,77.92,15,2,7,2.8,0,1,0,1
2078,29,United Kingdom,12,17,210.4,4,1,19,4.4,0,0,0,1
2079,29,Spain,8,28,128.39,19,2,7,4.1,0,3,0,0
2080,29,France,4,21,154.47,8,2,8,4.6,0,2,1,0
2081,30,United Kingdom,58,15,155.44,8,1,7,4.3,0,3,0,0
2082,57,Senegal,56,14,188.26,7,1,22,3.2,0,0,1,1
2083,23,Germany,8,17,181.87,39,1,3,2.7,0,6,0,0
2084,55,France,31,23,139.96,62,2,9,4.3,0,3,2,0
2085,18,Senegal,18,25,89.45,40,0,6,3.8,0,7,1,1
2086,55,Senegal,7,24,287.76,30,1,6,5.0,1,2,1,0
2087,42,Spain,34,11,102.38,18,1,22,3.6,0,6,1,0
2088,49,Germany,49,33,114.22,18,1,12,3.4,0,0,2,0
2089,41,Portugal,57,32,36.87,31,2,10,2.9,0,1,0,0
2090,33,United Kingdom,43,21,199.44,27,2,11,2.9,0,6,2,0
2091,40,United Kingdom,52,26,192.61,21,1,6,2.8,1,1,2,0
2092,62,Germany,47,34,121.19,33,0,9,3.1,0,0,2,0
2093,19,Spain,8,8,128.56,28,1,16,2.6,0,4,0,1
2094,62,France,24,20,165.5,22,1,12,3.3,0,3,0,0
2095,48,Spain,27,10,123.17,8,2,0,2.6,0,2,2,1
2096,58,United Kingdom,2,24,59.38,6,1,13,4.0,0,3,2,0
2097,65,United Kingdom,44,34,96.45,7,1,14,2.8,0,0,5,0
2098,43,Portugal,40,13,101.94,13,3,21,4.2,0,0,5,1
2099,48,Portugal,55,5,89.86,11,0,19,3.1,0,5,2,1
2100,42,United Kingdom,39,22,103.27,34,1,17,3.5,1,0,1,0
2101,51,Spain,51,16,81.74,19,2,13,4.3,0,3,1,0
2102,26,Germany,51,30,240.88,18,2,0,3.6,1,6,0,0
2103,53,Germany,11,31,102.81,9,1,0,4.2,0,0,2,0
2104,48,Portugal,35,1,126.59,16,1,12,3.0,1,0,0,1
2105,60,Portugal,6,15,84.88,46,5,8,4.3,1,3,2,0
2106,19,France,60,21,107.53,38,0,7,3.9,0,3,1,0
2107,35,France,47,12,126.59,19,1,13,4.0,0,3,2,0
2108,60,Senegal,43,16,144.21,13,2,4,2.5,1,3,0,0
2109,64,Germany,6,25,55.2,32,2,15,3.4,0,0,0,0
2110,32,Spain,50,27,60.4,31,1,0,3.6,0,1,2,1
2111,39,Germany,59,12,145.66,22,2,4,3.4,0,1,1,0
2112,42,Portugal,42,14,147.89,19,0,9,3.9,0,0,2,0
2113,45,France,15,14,92.91,29,0,7,3.5,0,3,1,0
2114,25,Senegal,22,15,262.39,7,1,5,1.7,0,0,0,0
2115,65,Senegal,37,13,87.75,12,2,23,4.9,0,4,3,0
2116,42,Spain,48,8,167.72,3,2,14,3.7,1,3,1,1
2117,52,France,55,21,174.21,30,0,13,3.6,0,0,2,0
2118,41,Portugal,60,39,71.91,16,2,15,2.9,0,6,1,0
2119,56,Spain,15,37,109.36,15,2,21,4.5,1,7,0,1
2120,47,United Kingdom,10,20,196.18,31,0,1,3.2,0,3,3,0
2121,32,Germany,44,12,104.82,7,2,16,1.7,0,6,3,1
2122,27,Portugal,43,0,130.7,25,0,0,3.3,0,0,0,0
2123,20,Spain,21,0,84.26,13,2,15,2.0,0,1,2,0
2124,25,United Kingdom,55,25,82.47,13,2,18,4.8,0,8,0,0
2125,31,Germany,19,14,273.99,35,0,10,3.0,0,1,0,0
2126,39,France,53,26,63.15,25,1,5,2.0,0,5,2,0
2127,32,Portugal,48,0,87.64,30,1,9,2.3,1,4,1,0
2128,29,Germany,47,1,79.35,22,2,7,4.5,0,3,3,0
2129,60,France,2,10,85.15,38,1,26,2.2,0,0,1,1
2130,61,Germany,23,12,207.1,33,1,8,4.3,0,1,0,0
2131,51,Portugal,19,12,46.14,16,2,8,4.1,0,0,1,0
2132,62,Spain,26,11,73.64,6,1,10,4.9,1,1,1,0
2133,55,Senegal,55,19,42.36,29,1,26,1.0,0,2,3,1
2134,59,France,37,35,185.32,17,1,12,2.7,1,2,0,0
2135,36,France,14,14,204.0,14,0,17,4.1,1,0,2,0
2136,65,Portugal,1,0,92.85,18,0,8,3.7,0,5,3,0
2137,24,Portugal,51,30,70.4,8,0,15,3.4,0,4,0,0
2138,45,Portugal,54,25,207.68,18,0,7,3.0,1,10,0,1
2139,40,Germany,12,17,114.41,11,0,6,4.4,0,2,2,1
2140,50,Portugal,22,9,153.69,29,3,13,3.3,0,1,1,0
2141,58,Portugal,26,16,138.31,44,1,9,3.7,1,0,3,1
2142,43,Germany,20,32,79.46,22,1,0,2.2,0,3,1,0
2143,59,Portugal,25,18,92.84,33,0,3,4.2,0,6,3,0
2144,60,Portugal,6,28,231.71,31,1,13,3.1,0,2,3,0
2145,59,Germany,18,15,76.89,35,2,6,1.0,0,6,3,1
2146,18,Senegal,8,14,206.04,9,2,22,2.6,1,4,3,1
2147,60,Spain,15,23,145.41,22,1,0,3.7,1,4,2,0
2148,54,Germany,18,15,143.98,18,1,22,3.1,0,2,2,1
2149,55,France,25,24,76.45,21,2,1,3.4,0,5,3,0
2150,45,United Kingdom,37,7,123.6,32,1,1,5.0,1,6,0,0
2151,63,Spain,12,36,110.24,36,0,13,2.3,0,1,2,0
2152,43,Spain,53,21,70.57,27,2,13,3.7,0,0,4,0
2153,49,Senegal,34,25,86.96,15,2,17,3.7,0,2,1,0
2154,59,Senegal,49,28,162.97,18,1,14,5.0,0,6,1,0
2155,25,France,56,20,157.49,8,0,11,3.5,0,2,0,0
2156,53,Germany,52,12,196.51,23,0,5,4.6,0,6,3,1
2157,54,France,42,21,199.02,2,0,9,2.4,1,5,0,0
2158,20,Senegal,8,0,78.68,15,3,0,2.2,0,2,1,1
2159,52,France,28,0,95.89,29,1,13,4.2,0,1,2,0
2160,33,United Kingdom,3,21,114.08,10,2,28,3.7,0,3,2,0
2161,36,Portugal,35,34,99.36,40,2,11,3.4,0,0,1,0
2162,62,United Kingdom,34,25,65.51,39,2,2,2.1,0,9,3,0
2163,56,Spain,33,13,67.84,45,1,17,3.7,1,4,0,0
2164,20,France,3,30,312.02,17,1,18,5.0,1,3,0,0
2165,31,France,39,7,118.71,35,0,3,4.5,0,0,1,0
2166,35,France,47,6,122.71,18,0,0,4.0,0,4,4,1
2167,34,United Kingdom,25,10,108.31,36,0,24,2.9,0,3,1,1
2168,47,Senegal,17,18,48.68,40,2,2,4.8,0,1,1,0
2169,27,Spain,14,15,141.51,21,0,6,5.0,1,0,0,0
2170,58,Portugal,42,30,83.54,5,3,19,4.0,1,5,0,0
2171,60,Portugal,53,30,127.45,7,2,8,5.0,0,6,3,1
2172,27,United Kingdom,51,24,60.04,7,2,17,4.3,0,2,2,1
2173,56,France,5,11,188.08,30,0,6,3.1,0,0,1,0
2174,61,Spain,27,7,52.97,24,2,13,3.7,1,7,0,0
2175,41,United Kingdom,50,23,150.91,16,0,15,3.6,0,0,0,0
2176,32,United Kingdom,1,6,90.82,32,1,4,3.0,1,3,0,0
2177,32,Germany,7,28,164.89,20,1,21,3.0,0,1,1,1
2178,51,Portugal,57,21,68.46,28,0,24,4.1,0,1,2,0
2179,49,Senegal,34,7,119.66,1,0,5,3.0,0,0,1,0
2180,36,Spain,18,34,154.46,37,2,18,3.4,0,2,1,0
2181,28,United Kingdom,49,22,171.29,26,0,18,3.9,0,5,1,0
2182,65,Portugal,51,29,106.98,16,1,10,3.3,0,4,1,0
2183,43,Germany,38,20,131.41,24,0,15,3.4,1,0,2,1
2184,50,Portugal,10,33,86.05,10,0,3,4.5,0,3,0,0
2185,54,Portugal,18,33,68.91,21,1,5,2.7,1,0,3,0
2186,41,Portugal,50,16,90.21,24,1,13,2.9,1,2,1,0
2187,63,Germany,12,14,62.12,1,2,5,1.8,0,4,1,1
2188,47,Spain,19,35,106.23,38,1,13,2.5,0,5,2,0
2189,63,France,20,38,61.39,22,0,0,4.2,0,0,0,0
2190,37,Germany,50,23,143.32,26,0,16,1.0,0,5,2,1
2191,23,Senegal,47,16,100.64,26,2,10,4.6,1,5,6,1
2192,54,Senegal,6,6,95.6,35,0,6,5.0,0,0,4,0
2193,49,Senegal,28,12,152.86,34,1,20,2.6,0,3,1,0
2194,26,Germany,32,39,145.18,23,3,14,3.7,0,0,2,0
2195,52,Portugal,8,14,68.17,6,0,19,3.6,0,7,2,0
2196,65,Senegal,46,3,110.65,24,2,14,3.6,0,0,2,0
2197,40,France,48,14,144.17,28,0,11,1.8,0,6,1,0
2198,51,Portugal,39,35,85.35,14,2,11,4.2,1,3,0,0
2199,28,Portugal,60,33,145.39,39,0,10,3.9,0,5,1,0
2200,32,France,5,41,109.51,17,0,11,2.6,0,0,2,1
2201,40,Senegal,28,15,67.73,15,0,13,1.9,0,6,1,1
2202,25,United Kingdom,59,23,212.17,9,2,8,3.3,0,1,2,0
2203,25,United Kingdom,20,12,202.23,22,0,21,4.4,0,3,0,0
2204,18,Portugal,41,30,120.97,33,3,4,3.8,0,0,8,1
2205,37,Portugal,33,5,180.07,21,0,22,3.2,0,5,1,1
2206,47,Spain,55,31,109.96,22,2,6,3.9,0,0,0,0
2207,57,Germany,22,32,106.45,6,2,13,2.7,0,6,0,1
2208,40,Portugal,12,20,51.95,26,2,0,4.2,0,6,0,1
2209,45,Germany,13,19,87.27,9,0,9,3.7,1,8,3,0
2210,27,Germany,8,7,124.08,16,0,11,3.3,0,0,3,1
2211,60,United Kingdom,15,1,112.85,33,1,22,4.4,0,2,3,0
2212,41,Germany,58,8,51.42,22,1,18,4.3,1,2,1,0
2213,24,Germany,43,17,102.47,15,2,12,1.4,0,4,1,1
2214,40,Portugal,28,0,134.63,53,0,21,4.6,1,7,1,0
2215,63,France,8,27,60.44,26,0,6,4.3,1,1,4,1
2216,43,Germany,48,2,235.81,18,0,15,3.3,0,2,2,1
2217,60,France,31,22,86.15,65,2,20,3.2,0,1,2,0
2218,25,Germany,32,21,77.74,8,2,22,2.9,0,7,0,0
2219,63,France,21,25,143.7,35,2,1,3.6,0,7,3,0
2220,43,Spain,47,11,92.62,17,4,20,3.2,0,5,0,0
2221,42,France,8,20,36.36,23,2,5,4.0,0,2,0,0
2222,26,France,23,1,92.36,1,1,0,2.7,0,4,3,0
2223,33,Senegal,44,6,82.98,28,2,12,3.3,0,4,1,0
2224,56,Portugal,1,27,170.57,52,0,0,2.6,0,0,2,0
2225,49,Senegal,49,8,156.19,15,2,14,4.0,0,0,2,0
2226,64,Spain,12,41,129.16,33,1,10,3.3,1,0,1,0
2227,34,Portugal,16,14,111.23,24,0,14,3.3,0,4,6,1
2228,48,Portugal,51,27,58.22,25,0,24,2.2,0,1,0,0
2229,50,Spain,12,25,69.31,44,0,15,5.0,1,4,3,0
2230,58,Portugal,10,12,85.94,18,0,11,4.7,1,6,0,1
2231,20,United Kingdom,13,23,51.05,12,1,0,2.9,0,1,0,0
2232,57,France,6,16,133.68,42,0,13,4.1,0,1,2,0
2233,51,United Kingdom,45,9,173.43,17,1,8,5.0,0,2,1,0
2234,39,Germany,31,35,87.68,7,2,8,2.7,1,7,0,0
2235,21,United Kingdom,8,24,62.36,14,3,7,3.2,0,0,1,1
2236,40,Portugal,27,13,92.49,31,1,12,2.6,1,6,1,0
2237,29,Senegal,1,26,142.36,1,1,17,3.7,1,4,0,0
2238,31,United Kingdom,31,11,266.95,28,1,6,3.9,0,8,0,0
2239,45,France,17,30,207.47,17,1,5,5.0,0,4,1,0
2240,37,Senegal,7,11,75.95,17,2,14,1.6,0,8,0,0
2241,26,United Kingdom,24,19,162.01,22,0,12,3.1,0,1,3,0
2242,55,Spain,39,20,96.03,48,1,11,4.1,0,0,2,0
2243,31,Spain,25,20,315.76,36,1,10,3.8,1,1,1,0
2244,58,Portugal,39,8,255.34,40,0,16,4.9,1,4,3,0
2245,59,France,13,20,83.23,25,3,14,2.9,0,4,1,0
2246,22,Spain,40,6,64.8,15,0,6,4.9,0,2,3,0
2247,30,Spain,47,15,104.82,35,2,21,3.8,1,6,2,1
2248,44,Spain,46,15,94.74,32,2,11,4.7,0,0,0,0
2249,53,United Kingdom,58,31,71.49,27,0,6,3.9,0,0,2,0
2250,25,Germany,5,29,151.13,29,1,18,3.8,0,1,2,0
2251,50,Senegal,11,13,33.22,1,4,14,3.7,0,0,1,0
2252,26,United Kingdom,3,8,68.57,19,0,9,5.0,0,2,1,1
2253,62,France,48,5,71.4,18,0,6,4.3,0,3,2,0
2254,52,Spain,5,17,108.4,28,2,0,5.0,1,6,4,0
2255,42,Spain,50,15,93.47,32,2,15,1.9,0,0,2,0
2256,31,France,1,18,59.53,16,2,17,2.8,1,5,0,1
2257,62,Senegal,57,33,156.16,16,2,11,3.1,0,2,1,0
2258,50,Portugal,47,3,114.3,13,1,18,2.3,0,1,2,1
2259,32,United Kingdom,46,17,88.87,26,1,3,3.5,0,4,3,1
2260,32,Senegal,35,2,72.76,23,2,15,3.7,1,0,2,1
2261,27,United Kingdom,60,12,168.94,5,2,14,3.0,1,5,0,0
2262,21,Portugal,16,21,88.53,31,1,3,1.3,0,1,2,1
2263,25,Senegal,42,32,65.9,27,1,13,5.0,0,2,2,0
2264,41,United Kingdom,6,15,155.24,33,1,11,2.5,0,0,4,0
2265,34,Portugal,9,9,221.18,37,2,23,2.9,0,7,2,0
2266,38,Senegal,41,9,83.87,28,0,6,2.0,0,2,2,0
2267,32,Portugal,18,29,130.12,25,1,8,2.1,1,3,1,0
2268,52,Portugal,56,18,72.24,40,0,16,5.0,0,2,1,0
2269,24,Portugal,48,11,97.88,5,1,18,3.2,0,3,3,0
2270,34,Portugal,41,22,93.89,1,0,14,1.8,0,6,0,1
2271,46,France,21,0,151.19,16,1,14,2.2,0,1,0,0
2272,43,France,29,13,164.72,26,1,12,3.7,1,2,2,0
2273,41,France,58,22,155.94,30,1,1,3.3,0,3,1,0
2274,47,France,53,14,42.43,27,0,3,3.5,0,1,1,0
2275,49,Portugal,12,13,126.85,24,0,17,1.9,0,1,2,1
2276,28,France,53,21,86.58,15,2,9,4.2,0,1,0,0
2277,22,France,5,22,116.26,11,2,9,4.3,0,4,1,0
2278,59,Germany,7,17,102.25,18,2,9,5.0,0,4,0,1
2279,18,Spain,7,20,109.4,22,0,5,5.0,0,6,2,1
2280,18,Portugal,60,15,110.43,13,1,17,3.5,1,2,1,0
2281,23,United Kingdom,10,6,113.04,45,0,2,2.1,0,0,1,0
2282,18,Senegal,35,35,189.04,16,0,6,1.7,0,9,2,0
2283,63,Senegal,13,11,195.05,4,2,4,4.0,1,9,0,0
2284,46,France,20,7,103.56,13,1,5,2.4,0,2,1,1
2285,21,Spain,45,16,119.96,13,1,20,4.3,0,4,1,0
2286,19,Senegal,7,7,143.98,13,2,13,2.8,0,9,0,1
2287,44,France,1,16,40.66,13,1,14,2.1,0,5,3,1
2288,45,Germany,10,11,58.4,17,2,5,4.1,0,1,2,1
2289,61,Germany,44,28,150.03,22,1,10,3.1,0,7,2,0
2290,25,Germany,11,32,148.21,21,0,14,2.7,0,1,3,1
2291,36,United Kingdom,5,20,69.98,45,1,12,3.6,0,2,3,1
2292,23,Senegal,39,22,98.07,23,1,15,3.1,1,4,1,0
2293,39,Spain,12,34,191.31,1,0,20,1.9,0,1,1,1
2294,60,Portugal,20,6,59.83,23,3,16,3.6,0,4,0,1
2295,24,United Kingdom,59,7,147.08,8,0,7,3.0,0,2,0,0
2296,34,Portugal,52,19,110.94,44,0,0,2.9,1,0,2,1
2297,27,Portugal,10,24,84.25,18,0,0,3.1,0,0,2,0
2298,64,Germany,53,13,42.44,37,1,17,4.9,1,0,0,0
2299,64,United Kingdom,10,13,54.14,24,1,18,1.4,1,0,4,0
2300,29,Germany,23,16,139.59,43,1,11,2.3,0,4,2,0
2301,62,Germany,39,18,92.72,11,1,0,3.2,0,0,2,0
2302,59,France,25,35,113.22,34,1,17,5.0,0,1,1,0
2303,52,Germany,35,13,76.93,16,0,22,5.0,0,0,2,0
2304,23,Spain,46,10,127.03,39,0,7,2.5,0,3,0,0
2305,62,Portugal,15,38,124.07,17,0,9,3.5,0,7,2,0
2306,18,France,55,12,77.71,21,0,0,5.0,1,3,2,0
2307,26,Senegal,4,19,69.82,1,1,14,3.5,0,0,2,1
2308,26,United Kingdom,30,0,96.66,16,0,10,3.7,1,6,4,0
2309,44,France,14,20,66.29,32,1,0,2.7,0,4,4,1
2310,26,Senegal,45,8,124.43,39,2,7,2.9,0,5,2,0
2311,19,Portugal,28,6,331.38,16,1,26,3.9,0,5,2,0
2312,60,Spain,5,25,132.29,28,0,19,3.3,0,0,2,0
2313,28,Senegal,10,22,216.0,22,1,8,3.3,0,4,0,1
2314,22,Senegal,37,20,96.24,38,1,9,3.2,0,6,1,0
2315,29,Germany,48,32,168.23,19,1,14,2.7,1,2,0,0
2316,37,Germany,27,22,148.87,35,0,9,4.4,0,3,3,0
2317,59,Portugal,1,19,191.22,20,2,12,4.0,0,3,1,1
2318,59,Senegal,39,17,112.83,32,0,13,3.8,0,4,1,0
2319,18,Germany,54,22,105.88,26,0,2,4.1,0,0,2,0
2320,47,Spain,46,12,110.92,1,1,17,2.7,0,4,2,0
2321,50,United Kingdom,46,12,73.26,17,1,9,3.7,1,0,3,0
2322,35,Senegal,34,4,119.22,27,2,16,2.7,0,6,1,0
2323,65,France,26,16,69.57,32,1,7,2.7,0,7,2,1
2324,29,Portugal,36,11,64.82,33,1,3,1.7,0,5,3,1
2325,62,Germany,31,20,79.16,8,0,9,1.9,0,4,2,0
2326,42,France,4,4,148.76,1,2,3,3.6,0,3,1,1
2327,30,United Kingdom,7,8,63.36,14,1,12,3.0,1,2,1,1
2328,39,Senegal,16,4,141.68,25,3,14,2.3,0,1,4,1
2329,22,France,39,28,201.16,35,0,21,3.5,1,1,1,0
2330,30,Spain,13,25,158.58,19,5,17,3.9,0,5,1,1
2331,35,Senegal,37,12,46.79,30,0,10,1.8,0,6,3,0
2332,48,Senegal,4,25,78.93,9,2,9,4.3,0,1,1,0
2333,18,United Kingdom,49,26,59.39,28,2,8,2.3,0,1,2,0
2334,30,United Kingdom,49,7,51.99,34,1,4,2.0,0,0,1,0
2335,26,Portugal,44,9,65.27,40,4,13,4.8,1,7,0,0
2336,65,Spain,7,24,220.34,45,1,12,4.9,0,0,3,0
2337,19,Spain,51,15,134.09,20,2,13,5.0,0,0,1,0
2338,20,United Kingdom,11,6,142.21,1,1,19,3.8,1,3,3,1
2339,58,Senegal,46,17,96.26,17,1,19,3.3,1,2,2,0
2340,61,Portugal,10,32,121.38,31,1,17,3.3,0,0,1,0
2341,50,Spain,47,22,238.04,1,1,8,3.2,0,1,2,0
2342,39,Germany,51,34,270.2,14,3,9,3.9,1,7,0,0
2343,57,Germany,3,14,148.17,33,2,19,5.0,0,6,3,0
2344,42,France,14,24,196.94,42,2,22,4.1,0,4,2,0
2345,27,Spain,41,22,57.29,26,1,7,3.3,0,3,1,1
2346,18,France,50,15,83.31,23,2,2,3.3,0,2,2,0
2347,23,Germany,7,38,77.21,25,1,2,3.9,0,1,1,0
2348,36,France,5,26,164.69,29,1,9,5.0,0,1,0,0
2349,23,Senegal,12,39,90.63,49,1,17,4.3,0,0,2,0
2350,48,United Kingdom,49,11,66.43,29,0,2,3.0,0,0,3,0
2351,26,Senegal,37,13,113.11,33,1,7,2.3,0,2,1,0
2352,36,Germany,27,23,101.27,36,2,13,2.7,0,2,3,0
2353,26,Germany,24,29,117.2,11,0,9,3.1,0,0,4,0
2354,38,United Kingdom,6,4,112.04,40,4,11,4.8,0,4,1,0
2355,34,Portugal,3,30,56.04,17,0,9,3.0,0,1,2,0
2356,65,France,45,24,102.38,11,0,7,3.6,0,3,2,1
2357,24,United Kingdom,25,33,62.4,26,2,17,3.5,1,5,3,0
2358,22,France,25,14,111.03,1,1,11,4.1,0,2,3,0
2359,40,Germany,30,10,98.78,14,1,19,5.0,0,0,1,0
2360,47,Senegal,6,8,97.29,24,0,7,2.5,1,3,0,1
2361,43,Germany,13,17,68.9,35,0,21,2.4,0,8,2,1
2362,39,Spain,32,11,71.51,34,1,20,2.7,1,1,1,0
2363,25,United Kingdom,30,16,81.26,20,1,10,3.2,1,2,1,1
2364,48,France,41,16,75.83,28,1,0,5.0,1,0,2,0
2365,56,Germany,4,0,132.45,5,1,11,4.0,0,7,0,1
2366,45,Germany,14,20,162.73,18,1,11,2.7,1,5,2,0
2367,61,Germany,18,11,168.11,39,1,11,3.5,0,2,0,0
2368,27,Senegal,18,10,161.17,35,1,21,4.1,0,1,0,0
2369,63,Germany,56,22,64.44,16,2,19,4.6,0,4,1,0
2370,34,France,54,8,244.53,18,0,5,3.4,1,0,1,0
2371,45,United Kingdom,49,24,61.45,17,2,15,4.8,0,0,0,0
2372,44,Germany,31,23,40.39,22,2,9,2.3,0,0,3,0
2373,62,Germany,23,5,53.88,34,1,4,4.4,0,1,3,0
2374,18,Spain,51,28,232.8,38,1,19,4.6,0,8,1,0
2375,64,Portugal,38,19,88.11,11,1,18,2.7,0,2,2,1
2376,64,Portugal,53,13,116.13,3,0,6,2.7,0,4,5,1
2377,27,Germany,60,0,107.06,25,1,24,2.5,1,0,1,0
2378,25,Portugal,27,0,58.8,20,1,6,4.0,0,3,3,0
2379,46,France,41,17,109.6,14,2,10,4.3,0,1,0,0
2380,24,Senegal,14,30,62.07,19,1,13,2.4,0,2,0,1
2381,62,Spain,50,10,126.82,1,1,17,5.0,1,0,3,0
2382,40,France,13,36,55.16,10,2,5,3.8,0,5,2,0
2383,18,United Kingdom,53,5,104.08,20,0,9,4.8,0,6,0,0
2384,37,Spain,53,31,108.82,28,0,17,2.6,0,5,0,0
2385,59,Germany,27,37,138.2,27,1,14,3.9,0,5,1,0
2386,52,Germany,34,14,60.63,10,1,3,3.2,0,4,2,1
2387,29,Germany,28,14,40.62,36,0,15,4.9,0,4,1,0
2388,28,Spain,28,20,178.78,43,2,18,3.8,0,2,4,0
2389,62,Portugal,28,28,59.31,38,1,9,3.5,0,8,1,0
2390,24,Senegal,52,15,156.83,10,0,2,2.5,0,3,1,1
2391,19,Spain,60,8,123.34,21,4,14,2.5,0,5,3,1
2392,57,Spain,7,3,59.35,45,2,19,2.9,0,3,2,0
2393,20,Portugal,19,9,121.05,9,2,4,3.0,0,6,3,1
2394,47,Spain,25,22,84.72,16,0,7,2.9,1,2,3,0
2395,25,United Kingdom,51,30,153.24,40,2,33,2.4,0,0,1,0
2396,59,Portugal,51,0,171.88,43,1,24,2.9,0,5,5,1
2397,41,France,33,13,77.47,7,3,15,3.2,0,2,1,0
2398,34,United Kingdom,54,16,141.59,10,0,25,2.8,0,3,3,0
2399,61,France,1,21,82.18,27,0,15,3.6,0,0,5,0
2400,18,Senegal,10,12,154.56,8,2,7,3.2,0,1,2,0
2401,51,Portugal,39,19,100.48,22,3,18,2.6,0,5,2,1
2402,54,Germany,16,20,159.45,44,2,3,3.5,0,5,2,0
2403,57,Portugal,26,11,132.81,25,2,19,3.8,0,0,1,0
2404,54,Germany,9,19,68.5,28,0,16,3.6,0,1,2,0
2405,64,France,26,21,75.75,12,2,13,4.4,0,4,4,0
2406,45,France,7,22,90.37,38,2,15,3.4,0,5,4,1
2407,25,Portugal,37,27,160.15,19,2,7,4.5,0,0,1,0
2408,58,United Kingdom,54,21,114.69,22,0,4,4.4,0,0,4,0
2409,31,Senegal,6,16,229.07,23,1,12,4.6,1,5,2,1
2410,55,France,2,9,65.22,24,0,13,2.3,0,1,3,0
2411,23,Spain,25,13,64.72,5,2,7,3.8,1,0,1,0
2412,47,Portugal,41,0,76.0,21,1,12,2.8,0,0,2,1
2413,59,France,20,13,262.65,1,0,12,3.5,1,0,0,0
2414,64,Germany,50,15,92.17,6,0,0,2.8,0,0,0,1
2415,23,France,41,12,99.92,11,1,22,2.8,1,0,2,0
2416,24,Senegal,30,3,149.08,25,0,7,5.0,0,0,4,1
2417,27,United Kingdom,17,9,86.54,39,2,11,4.8,0,2,0,1
2418,49,United Kingdom,59,10,156.19,30,3,1,4.2,0,1,1,0
2419,49,Senegal,27,5,78.84,12,0,5,4.3,1,8,1,0
2420,22,France,44,13,128.58,2,1,15,3.7,0,3,1,0
2421,58,Germany,52,21,100.04,30,3,11,3.1,1,0,5,0
2422,29,Portugal,37,17,153.33,19,1,8,4.3,0,6,0,0
2423,25,United Kingdom,23,17,112.33,15,0,13,3.5,0,2,1,0
2424,52,Senegal,11,25,89.45,19,2,10,2.7,0,2,1,1
2425,25,France,39,5,143.55,34,1,9,4.9,1,7,0,1
2426,50,France,14,1,98.64,40,0,10,3.2,0,1,2,1
2427,31,Senegal,21,3,83.65,14,1,26,5.0,1,5,3,1
2428,62,France,18,27,102.71,35,0,8,3.8,0,0,2,0
2429,23,United Kingdom,46,36,79.44,20,0,22,2.9,0,6,0,0
2430,65,Germany,28,10,122.34,22,3,13,2.7,0,2,1,1
2431,30,United Kingdom,12,29,57.91,27,2,7,3.5,1,3,1,0
2432,63,United Kingdom,26,26,142.87,23,2,7,3.2,1,3,1,0
2433,55,United Kingdom,11,13,81.08,24,0,12,3.2,0,0,2,0
2434,49,Germany,57,1,132.56,1,3,5,2.5,0,3,3,1
2435,35,United Kingdom,40,25,179.87,32,3,3,3.8,1,5,1,0
2436,30,Spain,23,9,155.66,21,1,9,3.0,0,3,1,0
2437,22,Germany,11,13,62.67,6,1,3,3.7,0,3,2,0
2438,34,Spain,27,16,101.95,28,0,10,3.5,0,5,3,0
2439,59,Spain,23,8,177.86,20,1,12,2.6,0,0,1,1
2440,38,Germany,51,23,142.68,2,0,11,3.3,1,2,2,0
2441,31,Portugal,24,23,114.04,15,3,18,1.9,0,0,0,0
2442,25,Senegal,21,28,274.01,11,1,11,3.8,0,0,1,0
2443,31,Germany,37,30,81.92,3,0,21,4.3,0,3,3,0
2444,53,Senegal,25,20,127.07,20,3,17,4.4,0,4,0,1
2445,31,Senegal,36,28,137.96,13,1,0,3.3,0,1,1,0
2446,60,Senegal,37,32,132.36,21,1,6,4.1,0,4,0,0
2447,45,United Kingdom,53,21,242.9,22,1,21,2.4,0,5,0,0
2448,49,Germany,3,26,93.23,12,2,8,4.1,0,8,3,0
2449,25,Germany,11,24,107.52,20,1,4,2.6,0,0,1,0
2450,33,Spain,2,18,179.47,14,0,2,3.3,0,5,3,0
2451,54,Senegal,59,2,164.75,37,0,10,4.3,0,1,2,1
2452,43,Senegal,58,6,93.86,21,2,13,3.1,0,4,0,0
2453,39,Portugal,2,28,81.51,4,2,2,4.6,1,4,0,1
2454,44,Portugal,20,14,115.12,1,1,13,3.7,0,4,2,0
2455,43,Senegal,36,22,98.04,16,1,6,3.2,0,0,1,0
2456,21,Germany,20,20,89.72,49,2,0,3.5,0,5,1,0
2457,59,Senegal,54,43,260.1,9,3,17,4.1,0,0,0,0
2458,19,France,4,9,97.7,29,3,7,3.6,0,6,2,1
2459,38,Portugal,47,14,206.26,10,1,7,3.7,0,4,3,1
2460,30,Portugal,58,21,128.07,43,3,20,4.0,0,0,1,0
2461,52,Senegal,60,24,79.42,26,4,5,3.7,0,0,5,1
2462,20,Senegal,4,20,96.73,30,0,7,4.3,0,0,1,1
2463,39,Portugal,40,7,81.72,13,3,10,3.5,0,4,1,1
2464,62,France,60,25,111.58,28,0,23,3.5,1,0,2,0
2465,26,United Kingdom,56,15,75.93,23,1,17,3.4,1,0,3,0
2466,44,Portugal,29,29,156.74,20,2,20,3.9,0,1,2,0
2467,33,Spain,31,30,77.36,1,2,5,3.0,0,4,0,0
2468,38,Portugal,31,27,56.34,4,1,17,3.5,1,1,1,0
2469,36,Portugal,6,36,94.77,19,1,30,4.8,0,0,0,0
2470,33,Portugal,42,22,212.12,22,1,0,3.3,0,0,1,0
2471,22,Senegal,32,19,143.22,17,2,17,3.4,1,5,3,1
2472,31,Germany,53,35,108.76,15,1,15,3.4,0,0,2,0
2473,39,France,53,33,142.03,31,1,18,4.8,0,3,0,0
2474,38,United Kingdom,46,11,228.94,41,3,11,2.8,0,0,3,1
2475,50,Senegal,59,12,166.54,21,2,7,3.7,1,1,3,0
2476,42,Germany,56,15,134.76,29,3,8,2.5,0,3,1,1
2477,43,France,5,34,431.48,2,2,18,2.7,0,3,4,1
2478,37,Spain,42,15,88.74,34,1,23,3.2,1,0,0,0
2479,24,Portugal,8,0,203.25,9,0,3,2.3,1,1,1,0
2480,29,United Kingdom,2,23,123.6,19,0,10,2.8,0,0,1,0
2481,40,United Kingdom,8,4,82.36,23,1,12,4.6,0,1,0,1
2482,45,France,10,17,138.57,24,0,15,2.8,0,6,1,0
2483,39,Senegal,29,34,118.21,24,0,11,3.7,0,1,3,1
2484,59,Germany,47,20,63.65,1,1,25,2.4,0,4,2,1
2485,30,Germany,12,23,103.83,27,0,22,4.8,0,1,1,0
2486,49,Spain,28,11,124.4,22,0,9,3.7,1,1,3,1
2487,33,Senegal,15,7,73.76,6,2,15,4.0,1,3,0,0
2488,54,United Kingdom,16,13,42.53,25,4,31,2.2,1,1,1,1
2489,32,Spain,45,23,71.26,4,1,4,3.9,0,0,2,0
2490,24,France,47,11,141.88,23,0,8,4.0,0,2,0,0
2491,49,France,11,18,201.01,24,1,9,3.1,0,8,2,0
2492,36,Portugal,39,16,60.74,19,1,15,4.2,0,7,2,1
2493,29,Spain,59,22,78.21,33,0,20,4.1,0,0,0,0
2494,37,Portugal,16,17,285.75,3,2,5,3.6,1,4,1,0
2495,28,France,22,13,167.05,26,0,14,4.9,0,1,0,0
2496,18,Portugal,31,13,125.37,19,1,15,2.9,0,0,1,1
2497,34,Senegal,11,16,219.5,4,2,12,4.1,0,0,1,0
2498,56,United Kingdom,31,20,68.63,37,2,3,2.0,0,3,4,0
2499,33,Germany,8,11,96.9,35,2,12,4.6,1,5,1,1
2500,61,United Kingdom,54,25,129.67,17,4,19,3.1,1,3,1,0
2501,27,Senegal,7,28,225.89,25,0,22,2.7,0,7,2,0
2502,46,Germany,48,20,251.24,31,3,17,3.0,0,6,2,0
2503,60,Germany,17,16,42.79,10,1,5,4.4,0,4,2,1
2504,40,United Kingdom,46,15,87.49,22,1,8,3.4,0,0,1,0
2505,60,Spain,31,31,184.78,22,2,12,3.5,1,2,1,0
2506,64,Portugal,2,14,92.17,13,1,17,4.5,1,5,2,0
2507,32,Portugal,10,28,166.13,19,0,9,3.1,0,0,2,1
2508,54,Portugal,45,25,149.12,27,2,0,3.9,0,7,1,0
2509,65,Senegal,13,4,147.95,35,0,1,2.3,0,2,1,0
2510,24,United Kingdom,57,31,57.66,27,1,15,3.3,0,5,2,0
2511,46,Spain,12,0,148.85,28,1,20,3.6,0,3,0,0
2512,39,Germany,38,10,140.07,22,1,6,3.9,0,2,1,0
2513,37,France,3,7,153.12,1,2,18,4.7,0,0,1,0
2514,57,Senegal,28,20,64.83,5,3,13,3.6,0,5,0,0
2515,40,United Kingdom,8,4,120.03,10,1,0,4.0,0,6,0,0
2516,61,France,30,14,132.68,21,1,13,4.5,0,1,5,0
2517,36,Spain,36,30,122.27,27,2,9,2.8,0,6,2,0
2518,36,Senegal,52,29,225.0,20,0,12,3.4,0,5,1,0
2519,31,United Kingdom,53,12,202.85,23,1,18,4.3,0,3,0,1
2520,37,Senegal,28,10,96.4,20,1,12,3.2,0,2,0,0
2521,21,United Kingdom,9,18,104.75,3,2,14,3.9,0,5,0,1
2522,50,Portugal,50,19,38.19,10,2,19,2.2,0,0,2,0
2523,63,United Kingdom,10,15,112.89,38,3,8,3.2,0,0,0,1
2524,55,Senegal,19,29,130.54,36,2,15,3.8,1,5,3,0
2525,40,France,52,13,150.34,6,1,9,4.1,0,0,0,0
2526,43,Senegal,58,16,83.68,1,0,6,2.6,0,1,2,1
2527,37,France,37,9,133.14,5,2,4,2.6,0,3,2,0
2528,55,France,44,7,62.54,24,1,6,3.9,0,0,1,0
2529,44,Spain,13,11,87.17,12,1,24,3.3,0,3,1,1
2530,54,Portugal,30,21,74.56,35,2,20,2.1,0,2,0,0
2531,45,Senegal,9,0,137.29,4,2,12,2.8,0,5,3,1
2532,50,Portugal,46,15,182.77,24,3,1,3.3,0,0,1,0
2533,47,Germany,27,20,165.44,15,1,20,5.0,0,0,3,0
2534,19,Germany,6,25,200.37,19,0,13,3.4,0,2,1,0
2535,37,France,38,20,180.78,14,1,10,4.2,0,4,1,1
2536,52,Spain,57,11,173.29,20,1,1,3.7,0,1,0,0
2537,43,France,26,9,91.51,7,4,5,4.1,0,4,1,1
2538,51,Germany,54,9,154.22,22,0,18,2.9,1,6,3,1
2539,59,Senegal,22,19,50.64,18,0,14,3.5,0,0,1,0
2540,54,Germany,45,24,69.94,27,1,15,3.7,0,2,4,1
2541,65,Spain,44,21,74.86,17,0,21,3.2,0,2,3,0
2542,62,France,34,20,75.66,16,1,16,3.5,1,5,2,0
2543,49,France,15,20,264.5,21,0,19,2.9,0,5,2,0
2544,27,United Kingdom,41,11,109.47,21,0,8,1.3,0,1,0,0
2545,18,Germany,40,34,146.2,10,0,23,4.4,0,2,1,0
2546,18,France,39,9,181.03,29,0,9,5.0,0,3,1,0
2547,33,France,7,20,100.78,38,3,12,4.3,0,0,3,0
2548,46,Germany,4,30,66.78,17,4,0,2.5,0,3,1,1
2549,48,France,53,24,60.88,17,0,12,3.4,1,7,0,0
2550,34,Spain,44,1,99.02,16,2,11,4.4,0,2,1,0
2551,25,Germany,10,0,159.93,16,0,27,3.4,0,3,2,1
2552,65,Portugal,16,33,84.44,26,3,5,3.1,1,0,1,0
2553,52,France,31,18,88.45,13,1,17,3.9,0,0,2,0
2554,24,Spain,32,25,93.5,19,1,13,3.7,0,0,1,0
2555,42,Portugal,52,13,117.82,17,0,0,3.1,1,1,2,0
2556,45,France,2,18,186.06,21,2,14,4.1,0,5,2,1
2557,42,Senegal,38,28,122.97,35,6,15,3.8,0,0,1,0
2558,60,Spain,29,15,83.98,27,2,14,1.9,1,0,2,0
2559,26,Germany,57,3,94.94,21,0,8,1.9,0,1,3,1
2560,28,United Kingdom,33,15,150.53,15,1,6,3.2,0,3,1,0
2561,40,Portugal,34,14,148.23,29,0,10,3.2,0,0,4,1
2562,59,France,23,35,118.91,12,0,26,2.8,0,2,1,0
2563,47,Portugal,55,22,127.27,25,3,0,3.5,0,6,0,0
2564,60,United Kingdom,60,22,103.88,27,0,6,4.2,0,0,1,0
2565,59,Germany,25,3,89.76,10,1,16,2.1,0,0,1,0
2566,29,Spain,46,0,97.16,17,0,14,3.4,0,2,2,0
2567,51,United Kingdom,9,0,77.73,6,1,3,2.8,0,5,1,1
2568,55,United Kingdom,38,12,97.0,17,1,7,2.7,0,6,2,0
2569,20,Senegal,55,36,246.03,27,4,11,3.0,0,7,0,0
2570,60,Senegal,32,25,108.4,25,1,10,2.6,0,0,2,0
2571,32,Portugal,51,25,70.77,1,3,5,3.7,1,4,0,0
2572,29,Portugal,58,14,113.75,34,1,18,2.5,0,4,2,0
2573,22,Senegal,40,23,68.68,42,0,10,2.6,0,4,3,1
2574,65,Senegal,29,20,246.03,11,0,8,2.6,0,2,2,0
2575,19,France,21,0,64.19,50,2,16,2.0,1,5,1,0
2576,26,Portugal,37,23,86.06,27,2,3,4.4,0,1,2,0
2577,49,Germany,44,33,110.26,24,1,0,4.3,0,0,3,0
2578,28,Germany,53,21,141.54,11,2,0,2.6,0,3,1,0
2579,23,Spain,2,20,84.29,30,1,6,4.2,0,2,0,0
2580,31,Senegal,52,18,153.9,20,1,5,2.5,1,11,1,1
2581,44,Spain,35,17,207.68,27,1,14,3.7,0,3,0,0
2582,61,Portugal,59,18,88.95,25,0,17,2.5,0,0,1,0
2583,30,France,37,1,264.37,45,0,18,3.7,0,2,1,0
2584,40,Spain,58,25,115.71,9,2,8,4.0,0,2,2,1
2585,22,Germany,28,4,99.69,18,0,4,2.5,0,2,1,0
2586,54,Senegal,9,33,123.57,23,0,13,3.7,0,1,0,0
2587,25,Germany,15,22,107.74,26,3,14,2.1,1,4,0,0
2588,19,France,53,0,164.1,39,1,26,4.7,0,2,1,0
2589,34,Germany,46,29,109.0,13,3,13,3.4,0,7,5,0
2590,28,United Kingdom,5,19,72.28,10,1,14,4.5,0,3,3,1
2591,51,Spain,33,23,173.82,1,2,14,2.7,0,0,3,0
2592,52,Portugal,58,29,44.07,23,1,12,4.8,1,5,2,0
2593,34,Portugal,2,14,82.09,27,1,11,2.9,1,5,1,0
2594,30,United Kingdom,57,7,96.0,11,2,24,5.0,0,3,2,1
2595,53,Portugal,22,3,95.39,23,1,8,3.3,0,0,1,0
2596,21,France,32,18,80.58,37,0,3,3.7,1,0,2,0
2597,57,Portugal,54,26,99.68,23,3,6,1.9,0,0,3,1
2598,22,Germany,39,22,122.08,24,2,15,3.5,0,0,0,0
2599,53,Germany,9,36,171.23,15,0,12,3.3,0,2,2,1
2600,20,Germany,33,17,54.3,1,1,8,2.1,1,0,2,1
2601,48,United Kingdom,51,20,75.61,4,1,9,3.6,0,0,0,0
2602,19,Senegal,2,17,121.98,33,0,16,4.1,0,4,2,0
2603,52,Spain,56,24,81.01,29,4,5,3.6,0,0,2,0
2604,19,Spain,31,25,35.15,21,0,16,2.8,1,6,1,0
2605,62,France,28,11,97.11,24,2,7,4.4,0,0,3,0
2606,25,Germany,8,7,226.54,31,1,11,2.8,0,2,2,0
2607,41,United Kingdom,13,29,91.69,33,0,10,4.0,0,1,1,0
2608,33,France,6,26,76.97,1,2,16,3.9,0,3,0,1
2609,65,Spain,37,23,161.41,22,1,29,2.4,1,5,1,0
2610,64,France,53,11,123.92,14,0,7,3.9,1,0,3,1
2611,46,France,19,24,123.35,10,1,16,4.9,1,7,1,0
2612,59,France,19,23,155.2,17,2,5,3.5,1,2,0,0
2613,60,Senegal,43,21,92.9,39,1,23,3.9,1,3,0,0
2614,52,France,32,24,271.4,18,0,6,3.8,0,2,1,0
2615,32,Germany,46,15,248.14,38,1,12,5.0,0,7,1,0
2616,53,United Kingdom,56,10,72.48,35,3,19,2.7,0,7,3,0
2617,35,United Kingdom,45,10,91.48,18,0,0,2.6,0,5,1,1
2618,40,Germany,46,31,56.35,13,4,13,3.4,0,6,0,0
2619,23,France,59,20,135.14,10,2,3,3.9,1,1,1,0
2620,32,United Kingdom,48,25,158.45,40,0,16,4.3,0,2,2,0
2621,64,France,3,9,77.81,21,1,0,3.7,0,5,4,0
2622,59,Germany,8,19,53.22,3,1,12,3.1,1,8,3,0
2623,35,United Kingdom,38,13,259.95,28,1,15,3.0,0,4,0,0
2624,23,Senegal,18,16,55.86,12,0,16,5.0,0,5,4,0
2625,19,Germany,25,20,69.16,23,1,22,2.7,0,0,6,1
2626,42,France,43,29,242.75,8,0,14,4.2,0,0,2,1
2627,37,Senegal,35,29,94.09,20,0,13,2.9,0,0,4,0
2628,56,United Kingdom,60,23,133.0,20,2,5,3.1,0,1,1,0
2629,55,France,49,28,72.19,29,1,8,5.0,1,0,1,0
2630,57,Germany,56,19,220.09,12,0,12,3.8,0,3,1,0
2631,65,Senegal,52,19,91.53,20,2,11,3.8,1,1,0,0
2632,64,Portugal,19,13,156.42,24,1,10,3.2,0,2,2,0
2633,47,Germany,37,32,192.41,28,1,20,3.8,0,1,1,0
2634,34,France,25,20,176.3,17,1,11,3.4,0,0,3,0
2635,33,France,59,20,137.23,20,0,11,2.2,1,3,2,0
2636,35,Senegal,16,10,143.88,16,1,19,2.7,0,2,1,1
2637,54,Germany,3,14,85.57,19,1,11,3.9,0,4,1,0
2638,60,United Kingdom,51,0,89.71,39,1,15,3.0,0,6,1,0
2639,18,Senegal,20,18,66.01,14,3,7,4.7,0,2,1,0
2640,34,France,29,20,100.99,44,1,13,2.6,0,4,0,0
2641,47,Senegal,23,23,133.44,10,0,15,3.3,0,4,2,0
2642,31,Germany,4,11,137.87,19,1,1,2.4,0,3,0,1
2643,57,Spain,21,24,369.19,34,2,21,4.8,0,6,2,0
2644,34,United Kingdom,17,22,72.91,18,1,0,3.2,0,3,3,1
2645,58,France,10,20,84.83,9,1,6,4.5,0,7,1,0
2646,32,Senegal,42,10,124.02,48,0,20,4.5,1,1,0,0
2647,46,Spain,21,25,104.67,43,1,12,4.1,1,0,1,0
2648,21,Portugal,17,8,52.52,18,4,20,3.6,0,0,1,1
2649,40,Spain,46,14,261.47,14,0,22,4.1,1,2,1,0
2650,24,Senegal,33,24,101.67,17,0,8,1.8,0,7,0,0
2651,33,France,21,10,123.26,23,1,29,2.6,0,8,2,0
2652,61,Germany,5,25,66.57,40,2,15,4.4,0,1,1,0
2653,27,Senegal,21,4,90.45,9,2,17,4.5,0,1,3,1
2654,44,Portugal,24,19,148.94,26,0,17,2.8,0,3,2,0
2655,57,Senegal,11,19,123.02,34,0,21,3.7,0,3,3,0
2656,27,Spain,2,4,212.45,38,2,17,4.1,1,3,0,1
2657,38,Spain,46,20,142.98,23,2,16,2.9,0,0,1,0
2658,55,Portugal,23,28,83.67,15,0,4,5.0,0,6,2,0
2659,55,Senegal,43,18,111.02,4,2,11,2.0,0,2,2,1
2660,59,Senegal,5,30,110.85,23,1,3,4.3,0,7,3,0
2661,54,Spain,37,16,106.69,13,2,6,2.2,0,1,3,0
2662,52,Portugal,8,15,68.47,3,1,3,3.6,0,4,1,0
2663,21,Spain,31,26,127.53,11,0,8,2.5,0,4,3,0
2664,38,United Kingdom,13,0,199.41,6,2,4,1.7,0,2,3,1
2665,33,United Kingdom,16,12,334.45,29,1,4,4.9,0,0,3,0
2666,32,Germany,21,17,105.72,11,0,21,4.0,0,5,1,1
2667,33,Germany,47,16,64.58,20,3,13,4.2,0,4,3,0
2668,23,United Kingdom,36,18,146.33,40,2,22,4.3,0,5,2,0
2669,59,Germany,39,30,98.84,37,2,14,4.3,1,5,4,0
2670,32,Spain,53,24,116.36,35,1,30,5.0,0,4,2,0
2671,52,France,50,0,177.9,34,2,2,3.0,0,0,2,0
2672,60,France,39,9,250.36,26,0,6,1.8,0,3,1,1
2673,38,Senegal,6,23,105.56,35,1,2,4.1,0,3,2,0
2674,27,Spain,32,36,60.42,13,2,2,2.4,0,4,1,0
2675,29,Germany,1,15,223.56,29,0,10,4.4,1,6,3,0
2676,53,Portugal,60,6,53.24,24,3,8,4.5,0,0,2,1
2677,20,Germany,2,17,44.74,30,0,17,3.1,0,0,2,0
2678,26,Spain,56,9,253.37,38,0,22,1.9,0,0,0,0
2679,45,United Kingdom,9,0,88.77,19,1,2,3.8,0,0,2,0
2680,63,United Kingdom,8,40,143.69,37,2,9,3.4,0,2,0,0
2681,39,Spain,39,16,132.4,1,0,15,3.1,0,0,3,0
2682,20,Senegal,48,5,117.48,23,1,11,3.7,0,0,0,0
2683,44,Portugal,29,19,114.48,11,2,12,3.7,0,3,1,0
2684,48,Portugal,9,35,68.37,32,1,17,3.9,0,8,1,0
2685,55,Spain,6,19,104.71,15,0,0,3.2,1,1,2,1
2686,55,United Kingdom,44,24,47.61,30,1,10,4.8,0,3,1,0
2687,46,France,33,21,190.59,18,1,12,2.8,0,0,0,0
2688,24,France,20,0,102.34,22,1,12,2.6,0,2,2,1
2689,51,Spain,38,23,115.73,13,2,13,3.9,0,1,3,0
2690,36,United Kingdom,25,37,135.9,33,2,16,4.8,0,0,0,0
2691,27,Senegal,53,12,145.88,22,1,10,3.1,0,7,0,0
2692,64,France,28,20,87.37,31,1,10,2.7,0,1,3,0
2693,57,United Kingdom,7,12,96.63,14,3,0,3.1,0,1,1,1
2694,36,United Kingdom,32,27,91.75,33,0,21,2.8,0,6,1,0
2695,36,United Kingdom,39,16,84.22,23,6,9,3.7,0,2,2,0
2696,60,United Kingdom,10,21,152.84,26,2,10,3.4,1,5,0,0
2697,50,France,2,8,89.24,23,2,18,3.1,0,5,1,1
2698,52,Spain,52,26,193.27,16,1,3,5.0,1,9,0,0
2699,19,United Kingdom,14,18,65.81,28,2,0,4.2,0,2,1,0
2700,45,Portugal,29,22,57.16,20,1,6,3.8,0,0,2,0
2701,36,Senegal,46,33,172.85,40,0,23,3.7,0,2,3,0
2702,46,Germany,32,20,92.56,9,3,13,3.2,0,5,1,0
2703,35,Portugal,43,12,88.07,3,2,15,4.7,1,5,2,0
2704,23,Portugal,51,26,88.98,18,0,15,3.2,1,5,1,1
2705,28,Spain,22,0,62.47,12,5,12,3.5,0,0,3,1
2706,50,Portugal,50,0,121.91,24,1,16,2.9,1,4,5,0
2707,20,Germany,7,35,77.79,9,3,12,4.9,0,3,3,0
2708,38,France,54,14,127.99,19,1,10,3.1,0,1,2,0
2709,58,Senegal,41,5,118.84,14,1,9,4.2,0,1,1,1
2710,55,Germany,56,12,66.67,31,1,10,3.3,0,0,2,0
2711,34,Germany,10,11,92.07,31,0,11,3.2,0,2,3,1
2712,49,United Kingdom,9,16,159.65,45,1,12,2.9,1,2,2,0
2713,51,Portugal,48,26,124.38,8,2,7,5.0,1,0,2,0
2714,49,Spain,40,11,174.89,37,0,8,3.8,1,2,0,0
2715,44,Portugal,17,17,55.84,42,0,3,3.3,0,1,2,0
2716,33,Portugal,23,2,126.12,19,0,13,2.7,0,5,1,0
2717,29,United Kingdom,54,0,114.95,32,2,13,4.8,1,2,0,0
2718,49,Germany,51,20,168.53,14,2,23,1.9,0,3,2,0
2719,52,Germany,19,41,126.89,23,1,11,3.6,1,0,1,0
2720,36,Germany,29,18,89.49,9,5,14,3.3,0,0,2,0
2721,25,France,30,39,96.02,1,0,0,3.5,0,3,1,0
2722,40,Portugal,26,1,114.87,14,0,5,1.7,0,6,1,0
2723,48,Germany,39,22,90.72,15,3,19,3.1,0,4,1,1
2724,36,United Kingdom,33,28,186.88,44,2,15,2.5,1,2,2,0
2725,44,Senegal,36,7,181.36,7,2,22,3.8,0,3,1,1
2726,38,Germany,26,0,79.29,28,0,13,4.3,0,3,0,0
2727,34,Senegal,18,29,109.02,22,0,18,3.7,0,0,0,0
2728,58,Senegal,20,22,86.01,29,0,15,3.9,0,1,5,1
2729,28,Spain,14,37,170.27,35,0,7,4.5,0,2,0,0
2730,57,Spain,22,5,113.18,12,1,16,4.7,1,4,1,0
2731,64,Senegal,52,5,106.9,30,1,24,4.6,0,0,0,0
2732,39,United Kingdom,50,27,119.54,47,1,19,3.9,0,0,3,1
2733,21,Spain,14,8,82.54,15,0,17,3.7,0,2,1,1
2734,28,Spain,26,12,166.19,16,1,1,2.2,0,0,1,1
2735,28,United Kingdom,22,25,54.82,3,0,12,4.9,0,6,0,0
2736,33,Senegal,3,19,112.11,21,1,6,2.6,0,1,1,0
2737,51,Senegal,33,14,110.84,20,1,24,2.5,0,1,1,0
2738,28,United Kingdom,20,3,156.24,28,1,26,4.6,1,2,4,0
2739,62,France,3,19,79.23,29,2,0,2.9,0,3,0,1
2740,42,Portugal,26,5,241.44,16,0,14,3.5,1,11,1,0
2741,35,Senegal,5,19,74.56,17,0,16,4.2,1,4,0,0
2742,64,Germany,2,7,93.33,25,3,6,3.4,1,3,0,0
2743,56,France,7,8,210.84,35,1,3,4.4,0,0,1,0
2744,30,Spain,55,6,135.76,13,2,6,4.1,0,4,0,0
2745,50,Portugal,2,35,54.45,18,0,12,3.6,0,0,1,0
2746,24,United Kingdom,42,5,63.92,16,3,15,4.3,0,1,2,1
2747,45,Senegal,15,18,102.86,24,1,20,4.4,0,6,2,0
2748,48,United Kingdom,59,25,130.72,32,1,8,3.7,0,1,3,0
2749,42,Senegal,32,32,34.67,20,0,8,4.2,0,2,2,0
2750,52,Portugal,7,18,185.82,15,1,0,2.7,0,1,1,0
2751,19,Germany,50,33,76.51,7,1,11,3.0,1,1,2,0
2752,54,Senegal,42,23,36.45,8,0,12,2.7,0,0,1,1
2753,58,Senegal,7,18,271.3,14,1,19,3.7,0,4,2,1
2754,49,Spain,16,25,150.04,48,2,26,4.0,1,4,1,0
2755,48,Spain,47,26,117.86,35,4,12,2.6,0,0,1,0
2756,21,Germany,17,19,103.5,30,0,14,2.1,0,0,0,0
2757,27,Senegal,21,9,56.82,23,1,5,4.4,0,5,4,0
2758,18,United Kingdom,45,23,239.3,23,3,16,3.8,1,1,1,0
2759,49,Spain,32,22,212.81,22,3,5,1.6,0,2,2,0
2760,38,Germany,46,6,95.49,59,2,10,3.2,0,5,2,0
2761,65,Portugal,6,18,62.3,6,3,6,3.1,0,6,3,1
2762,22,Germany,9,19,147.52,27,3,8,3.2,0,10,2,1
2763,65,Senegal,11,6,177.13,45,2,20,2.4,1,0,2,0
2764,25,Senegal,57,16,144.16,13,0,0,3.1,0,1,2,1
2765,51,Germany,9,31,64.49,26,0,9,3.4,0,0,2,0
2766,43,Senegal,19,25,103.17,24,1,19,2.9,1,0,2,0
2767,64,Portugal,18,16,68.85,27,0,7,5.0,0,2,1,0
2768,41,Spain,42,11,114.54,39,1,15,3.5,1,5,1,0
2769,61,France,52,27,198.32,13,3,9,3.2,0,0,2,0
2770,51,Spain,17,16,124.31,35,0,18,3.4,0,2,0,0
2771,39,Portugal,47,27,167.8,20,3,11,2.5,0,2,3,0
2772,28,Spain,46,12,88.16,27,1,22,2.1,0,3,1,1
2773,44,France,10,18,36.52,17,1,3,2.5,0,4,4,0
2774,18,United Kingdom,45,13,75.99,9,1,0,2.6,1,5,0,0
2775,52,Germany,22,0,84.42,2,1,12,3.5,1,1,2,0
2776,56,France,5,17,93.18,28,1,3,4.5,0,3,1,0
2777,32,United Kingdom,41,14,81.77,34,1,15,2.5,1,6,3,1
2778,36,Germany,38,29,102.31,22,1,12,3.0,0,3,1,0
2779,43,United Kingdom,36,14,113.76,39,1,19,3.2,0,1,2,0
2780,22,Spain,10,28,173.05,1,3,7,2.7,1,0,2,1
2781,29,United Kingdom,37,19,179.25,7,2,24,4.1,1,0,1,0
2782,55,Portugal,50,0,65.57,43,2,22,2.8,0,2,1,0
2783,55,Spain,18,23,140.21,3,0,8,4.2,0,0,1,0
2784,57,Portugal,59,18,94.14,18,1,7,3.2,0,4,1,1
2785,32,France,6,15,103.8,31,2,8,2.1,0,2,3,0
2786,27,France,31,8,67.47,3,1,0,3.9,0,0,1,1
2787,21,France,33,13,164.08,8,1,0,2.2,0,0,2,1
2788,48,United Kingdom,20,9,46.05,31,1,6,3.5,0,6,2,1
2789,53,Germany,25,14,287.38,37,4,26,3.8,0,0,1,0
2790,40,United Kingdom,54,8,117.56,32,1,23,1.9,0,3,4,0
2791,56,France,11,25,91.16,5,2,16,3.2,0,3,1,0
2792,63,France,54,13,86.9,26,1,17,4.3,0,0,0,0
2793,62,United Kingdom,44,0,87.39,10,0,11,4.8,1,1,1,0
2794,59,United Kingdom,12,7,65.91,40,5,24,3.8,1,0,3,1
2795,47,Portugal,23,3,306.88,15,2,23,2.5,0,4,2,1
2796,53,France,25,17,61.24,24,1,6,1.9,0,7,1,0
2797,18,France,29,19,111.4,35,0,18,2.4,0,0,0,0
2798,55,United Kingdom,22,6,56.88,28,3,14,1.6,1,2,1,1
2799,34,Spain,59,18,138.9,27,3,14,3.8,1,0,1,0
2800,59,United Kingdom,42,31,139.8,5,0,6,3.2,0,2,3,1
2801,62,Portugal,17,16,136.18,25,1,15,2.8,0,4,1,1
2802,54,Senegal,56,23,121.21,42,1,18,4.5,0,2,1,0
2803,56,Portugal,30,31,96.73,20,2,14,2.6,0,2,1,0
2804,59,Spain,52,5,94.56,22,4,11,3.0,1,3,6,1
2805,57,Portugal,10,11,161.36,28,0,6,3.7,0,0,2,1
2806,26,Senegal,27,21,197.65,17,1,12,3.2,0,0,2,1
2807,46,Portugal,46,18,80.14,1,1,23,3.2,1,2,0,1
2808,52,United Kingdom,55,6,110.8,13,0,18,2.9,1,0,0,0
2809,19,United Kingdom,54,13,74.96,33,1,7,3.8,0,0,2,0
2810,63,France,58,33,84.79,8,0,18,2.4,0,2,3,0
2811,41,Spain,1,37,95.36,30,1,0,2.6,0,9,2,0
2812,60,Portugal,4,36,104.86,22,2,1,3.3,1,11,2,0
2813,50,France,47,41,197.0,1,2,29,5.0,0,4,0,0
2814,20,United Kingdom,39,18,217.31,36,2,16,4.2,1,0,0,0
2815,29,Portugal,48,3,175.21,16,1,2,2.7,0,5,3,0
2816,37,United Kingdom,36,18,97.83,9,0,12,5.0,0,0,1,0
2817,54,Portugal,6,17,50.28,27,1,5,3.6,0,0,1,0
2818,25,Senegal,12,0,75.36,13,3,22,2.8,0,0,1,1
2819,55,Portugal,2,20,155.99,24,2,26,2.7,0,0,4,0
2820,31,Portugal,24,9,145.68,37,2,9,2.8,0,4,2,0
2821,33,United Kingdom,54,14,72.29,30,1,25,2.3,0,0,1,0
2822,30,Portugal,49,7,78.39,29,1,3,3.2,0,6,0,0
2823,42,Portugal,19,14,85.89,27,4,9,3.6,1,4,0,1
2824,38,Germany,15,20,64.79,29,2,10,1.0,0,2,3,1
2825,30,France,19,24,122.17,16,1,14,3.0,0,9,3,0
2826,23,Germany,23,19,190.67,25,0,11,5.0,0,3,0,0
2827,59,Spain,29,29,85.82,21,3,0,4.9,0,0,1,0
2828,28,Senegal,54,27,64.26,15,3,23,2.2,0,0,2,1
2829,54,France,45,15,46.21,32,1,18,2.6,0,0,1,0
2830,61,United Kingdom,14,38,91.29,32,3,17,5.0,0,1,3,0
2831,53,Portugal,51,25,72.1,17,0,3,3.8,0,0,1,0
2832,31,United Kingdom,14,24,80.68,8,0,2,2.3,0,0,4,1
2833,25,Spain,43,10,120.96,12,3,22,2.3,0,4,2,1
2834,47,Spain,21,10,150.65,24,2,4,3.4,0,0,2,1
2835,55,Senegal,21,21,103.17,23,2,6,3.5,0,0,0,0
2836,18,France,27,27,141.11,15,1,24,3.4,0,0,0,0
2837,24,France,59,15,75.84,8,0,11,2.4,0,1,0,1
2838,52,France,49,26,244.07,33,2,6,3.7,1,4,1,0
2839,47,Spain,37,35,63.83,2,2,0,3.3,0,1,1,0
2840,48,France,17,6,140.93,33,0,17,3.8,0,3,0,0
2841,48,Portugal,26,20,157.08,14,2,12,3.6,0,7,1,0
2842,32,Spain,7,18,109.0,18,1,5,3.6,0,2,2,0
2843,54,Germany,38,12,91.84,43,0,9,3.8,1,0,1,0
2844,37,Spain,45,19,94.51,47,0,16,4.3,0,1,3,0
2845,54,France,9,22,139.82,31,0,13,3.6,0,3,1,0
2846,21,Senegal,20,5,216.75,23,1,11,4.4,0,0,3,1
2847,40,Germany,26,22,145.54,45,3,32,5.0,1,3,1,1
2848,27,France,57,38,71.1,13,1,6,4.3,1,3,1,0
2849,29,France,55,21,168.72,14,3,3,2.9,1,5,2,1
2850,33,France,44,13,95.35,14,2,8,4.5,0,4,1,0
2851,18,Germany,11,10,118.02,26,2,6,3.5,0,0,3,0
2852,61,Germany,45,1,58.94,24,2,15,3.1,1,0,1,0
2853,42,Germany,46,33,92.63,26,0,19,4.0,1,6,1,0
2854,42,France,21,20,96.66,56,1,15,3.6,0,2,1,0
2855,38,United Kingdom,53,17,106.14,23,1,13,2.7,0,2,4,0
2856,56,Germany,35,9,78.73,12,0,12,4.2,1,3,1,0
2857,65,Spain,2,19,72.76,26,0,17,3.1,1,3,2,0
2858,33,United Kingdom,24,18,165.2,16,0,3,3.5,0,7,1,0
2859,57,Spain,49,12,120.4,7,0,14,2.4,0,0,2,1
2860,32,France,32,31,53.61,25,1,16,3.2,1,4,2,0
2861,45,Senegal,22,23,65.11,33,0,8,3.2,0,2,0,0
2862,27,United Kingdom,20,5,133.93,34,1,16,4.1,0,2,1,0
2863,20,United Kingdom,27,26,110.19,36,1,10,3.6,1,2,3,0
2864,51,Senegal,30,0,289.44,18,2,10,5.0,0,2,4,1
2865,64,Senegal,42,8,153.44,28,2,8,3.2,0,3,0,0
2866,18,France,21,0,86.75,30,1,11,3.2,1,0,2,0
2867,61,Germany,1,14,120.81,46,0,18,3.9,0,6,3,0
2868,43,Germany,50,4,83.4,28,0,11,4.2,1,3,4,0
2869,65,Portugal,8,0,119.45,43,0,16,4.1,0,7,1,0
2870,46,Spain,24,21,68.52,1,0,18,3.4,0,0,4,0
2871,52,United Kingdom,8,24,73.92,40,1,8,3.9,0,1,1,0
2872,52,Germany,56,20,141.48,29,1,1,3.1,0,3,3,1
2873,39,Portugal,38,8,103.47,7,0,16,3.9,0,0,1,0
2874,57,Portugal,56,19,92.73,43,2,18,3.5,0,5,2,1
2875,36,Senegal,8,34,136.36,28,1,22,3.3,0,5,1,0
2876,21,Spain,44,11,64.03,7,0,20,3.0,0,0,0,0
2877,61,United Kingdom,50,24,80.28,1,3,0,2.0,0,0,2,0
2878,29,United Kingdom,23,17,212.01,14,0,17,4.0,0,2,3,0
2879,37,Portugal,3,18,78.7,20,1,4,1.3,0,2,1,1
2880,20,Spain,48,24,90.75,28,2,16,2.8,0,2,1,0
2881,52,Senegal,9,2,75.48,1,3,20,4.5,0,6,2,1
2882,45,United Kingdom,23,12,78.28,37,0,12,3.1,0,0,0,0
2883,33,Portugal,53,7,76.23,31,1,13,3.5,0,2,3,0
2884,22,United Kingdom,24,2,146.35,31,0,7,5.0,1,2,3,0
2885,64,Portugal,52,10,57.24,14,0,13,4.3,0,0,2,0
2886,64,Senegal,22,15,157.07,20,1,12,2.4,0,0,1,0
2887,45,Germany,2,0,126.13,37,1,8,4.8,1,4,1,0
2888,64,Portugal,48,7,60.62,27,1,8,4.8,0,4,1,0
2889,45,Senegal,51,19,81.81,11,1,0,1.9,1,8,0,0
2890,37,Spain,33,27,125.24,17,1,8,3.4,0,1,1,0
2891,62,Senegal,24,24,163.49,18,1,8,3.5,0,4,0,0
2892,45,United Kingdom,48,13,160.17,10,1,3,3.2,0,2,2,1
2893,50,Portugal,3,34,147.84,15,2,19,3.6,0,6,3,0
2894,61,United Kingdom,18,14,149.23,4,0,12,2.9,1,8,2,1
2895,44,Portugal,9,32,129.14,25,1,24,1.8,0,0,1,0
2896,58,United Kingdom,7,28,165.48,32,0,5,3.0,1,4,3,1
2897,38,France,5,14,101.2,24,1,18,1.2,0,2,2,0
2898,56,Germany,38,28,136.73,24,0,14,2.6,0,3,0,0
2899,52,Germany,31,27,131.0,4,1,14,3.6,0,0,3,1
2900,39,United Kingdom,23,15,162.95,20,0,20,3.9,0,0,0,1
2901,65,Germany,14,16,125.08,8,0,6,4.2,0,8,1,1
2902,42,United Kingdom,26,15,139.66,28,1,22,3.2,1,3,2,0
2903,23,Portugal,32,6,61.71,25,5,12,2.9,0,4,0,1
2904,31,Portugal,34,24,80.97,6,1,16,3.9,0,4,1,0
2905,38,Germany,44,15,149.72,10,4,0,3.6,0,0,3,1
2906,55,France,40,15,229.48,22,2,9,2.7,0,3,0,0
2907,19,United Kingdom,36,4,141.54,23,0,23,3.4,0,2,1,0
2908,42,Spain,9,10,82.99,35,1,15,2.7,0,3,0,0
2909,25,Senegal,26,14,55.22,21,1,7,4.5,1,4,1,0
2910,54,United Kingdom,12,19,91.96,3,2,14,2.8,0,5,1,0
2911,65,Germany,36,7,156.17,7,1,13,3.1,0,1,0,0
2912,44,Spain,18,22,130.03,26,1,12,3.4,0,2,2,0
2913,24,Portugal,57,27,94.58,19,0,2,3.6,0,7,2,0
2914,58,United Kingdom,33,17,226.26,26,1,12,3.5,0,3,1,0
2915,43,Germany,49,23,59.0,23,3,20,5.0,0,1,3,0
2916,46,France,60,19,130.54,12,1,4,3.3,0,6,2,0
2917,18,Spain,54,19,110.8,23,1,25,2.0,0,3,0,0
2918,29,Portugal,59,18,63.5,20,3,11,2.7,1,7,3,0
2919,44,Germany,27,25,114.08,39,1,21,4.0,1,3,1,1
2920,32,France,40,4,137.25,7,2,13,2.3,0,1,1,0
2921,56,Spain,47,25,80.21,9,0,18,3.8,0,2,2,1
2922,57,France,11,17,116.5,1,1,5,3.6,0,3,2,1
2923,23,United Kingdom,2,11,159.06,28,2,7,2.8,0,3,3,0
2924,59,Germany,36,16,129.6,15,1,22,3.7,0,1,0,1
2925,28,Germany,24,24,94.59,22,2,7,3.0,0,1,2,1
2926,48,Portugal,59,29,95.52,7,1,10,3.0,1,4,1,1
2927,22,Senegal,14,54,117.22,23,1,1,3.8,0,5,0,0
2928,61,Spain,29,30,124.07,21,1,8,3.6,0,2,1,0
2929,47,Spain,42,3,143.7,32,2,13,5.0,1,3,6,0
2930,39,France,16,35,47.23,36,0,11,3.8,0,2,0,0
2931,18,Portugal,3,11,63.77,26,1,23,3.1,0,5,1,0
2932,51,Germany,56,16,81.52,9,3,8,3.5,0,0,4,0
2933,34,Portugal,35,28,107.52,30,1,14,4.9,1,3,1,0
2934,59,Spain,46,0,116.96,37,3,2,1.8,1,4,1,0
2935,64,Senegal,19,26,118.05,30,2,5,2.8,0,8,2,0
2936,64,Senegal,24,23,75.11,46,2,24,4.6,0,3,2,0
2937,58,Portugal,29,0,67.1,33,1,24,4.5,0,1,0,1
2938,27,United Kingdom,49,17,61.84,20,2,14,3.6,0,2,0,0
2939,25,Portugal,11,15,71.84,13,0,7,4.6,0,5,2,0
2940,27,France,51,6,61.12,15,3,9,3.9,0,4,1,1
2941,39,Portugal,45,17,130.31,4,1,7,3.5,1,1,1,0
2942,49,France,49,4,204.68,18,1,11,4.1,0,0,1,0
2943,46,United Kingdom,51,3,130.46,31,2,1,4.8,0,2,0,0
2944,35,Spain,3,22,72.51,41,0,7,4.1,0,2,2,0
2945,36,Senegal,15,20,108.4,25,2,18,3.9,0,0,0,0
2946,63,United Kingdom,20,30,95.65,25,0,1,1.8,0,3,1,1
2947,58,United Kingdom,31,17,131.83,32,1,19,5.0,0,3,1,0
2948,27,Portugal,52,14,64.75,32,1,16,3.0,0,0,1,1
2949,36,Germany,17,17,89.47,10,1,9,4.2,0,4,0,1
2950,31,Spain,20,6,247.56,23,2,19,2.4,1,2,3,1
2951,41,Portugal,33,16,51.66,36,0,16,4.4,0,5,1,0
2952,43,Germany,40,20,460.39,1,0,0,2.8,0,0,1,0
2953,59,France,38,25,142.33,7,2,4,2.7,0,6,2,1
2954,41,Germany,56,15,136.89,1,1,26,4.7,0,4,1,0
2955,51,Germany,12,25,66.34,19,1,18,1.9,0,0,3,1
2956,60,Senegal,22,10,116.34,13,1,8,4.2,1,2,0,1
2957,27,United Kingdom,39,3,65.9,29,1,10,2.1,0,1,1,0
2958,59,France,23,24,33.31,23,2,0,3.9,0,1,1,0
2959,58,Senegal,54,22,143.9,26,1,2,1.7,0,3,1,0
2960,51,France,48,16,161.15,26,0,7,3.1,1,0,1,0
2961,43,Portugal,7,15,112.03,19,0,24,3.6,0,3,0,0
2962,35,Spain,35,0,93.5,8,1,0,4.1,0,2,2,0
2963,23,Senegal,29,0,86.41,3,1,9,2.7,0,4,3,1
2964,34,Portugal,12,12,66.93,32,1,20,4.1,0,3,0,0
2965,33,France,45,20,87.39,35,4,2,4.0,0,1,2,1
2966,56,United Kingdom,36,15,79.82,27,1,8,4.3,0,3,2,0
2967,64,Senegal,58,16,168.88,26,3,15,3.1,0,3,4,0
2968,21,France,15,0,127.99,57,0,9,4.2,1,0,2,0
2969,48,Germany,7,9,100.6,4,2,15,5.0,0,0,1,0
2970,38,Portugal,5,12,262.43,15,2,9,2.8,1,4,2,1
2971,23,Germany,13,12,93.33,18,1,1,2.7,1,3,1,0
2972,56,Germany,20,12,63.45,31,1,17,3.5,0,0,3,0
2973,25,Portugal,57,7,193.68,5,0,16,3.4,0,0,4,0
2974,55,Portugal,40,51,67.71,14,0,17,3.3,0,5,1,0
2975,34,Germany,39,29,72.48,14,3,7,2.3,0,0,2,0
2976,39,Spain,31,21,87.46,1,0,3,3.3,0,5,1,0
2977,37,United Kingdom,56,27,151.51,15,1,17,5.0,0,3,0,0
2978,61,Spain,33,27,100.76,41,0,13,3.3,0,1,1,0
2979,29,Germany,1,16,171.43,19,0,12,3.7,0,1,1,0
2980,48,Germany,11,28,304.84,24,1,7,2.6,1,4,3,0
2981,61,United Kingdom,7,3,84.38,33,0,20,4.0,0,3,0,0
2982,58,Portugal,35,33,84.55,8,0,16,4.1,0,3,2,0
2983,24,France,14,12,139.33,22,1,8,2.2,0,1,0,1
2984,51,Germany,7,42,128.8,1,0,7,2.7,0,2,1,0
2985,31,Spain,44,9,98.55,13,0,19,4.3,1,3,2,1
2986,43,France,55,2,109.8,44,3,0,2.9,1,4,1,0
2987,38,Spain,31,9,117.2,42,3,3,3.6,0,3,0,0
2988,64,United Kingdom,15,4,162.39,2,3,19,4.1,0,0,1,1
2989,37,United Kingdom,10,17,109.59,22,1,15,3.9,0,7,2,0
2990,65,United Kingdom,29,24,94.54,24,2,23,4.8,0,0,1,0
2991,44,Senegal,49,8,52.66,23,3,5,4.1,0,6,0,1
2992,44,United Kingdom,42,26,75.55,45,0,22,4.7,0,4,4,0
2993,35,Senegal,53,22,96.48,50,3,17,4.1,0,2,2,0
2994,63,United Kingdom,19,24,376.68,6,1,16,4.1,0,1,0,1
2995,45,Germany,21,11,90.11,18,1,7,2.9,0,0,3,0
2996,31,Spain,33,30,211.07,1,1,14,2.8,0,0,1,1
2997,22,France,11,27,123.38,7,2,27,4.9,0,5,1,0
2998,64,Spain,31,29,106.94,36,3,7,3.3,0,3,1,0
2999,60,Germany,45,21,86.22,24,4,13,4.0,0,6,4,0
3000,33,United Kingdom,39,14,83.33,19,2,24,3.7,0,1,2,1
3001,21,Portugal,22,24,85.72,29,0,22,3.6,0,0,1,0
3002,36,Senegal,31,35,173.63,6,2,17,4.0,1,2,0,0
3003,38,Portugal,27,13,93.36,18,3,7,2.0,0,0,4,0
3004,55,United Kingdom,37,40,137.84,23,2,19,3.8,1,0,2,0
3005,33,United Kingdom,37,16,137.63,1,1,19,1.9,0,7,2,0
3006,53,Spain,53,13,56.51,15,0,19,3.6,0,2,2,1
3007,22,Portugal,46,23,76.88,41,1,12,4.3,0,7,2,0
3008,41,Germany,48,23,114.3,35,1,6,3.1,0,3,0,0
3009,47,France,30,0,66.65,12,1,9,5.0,0,0,0,1
3010,63,United Kingdom,17,6,60.3,26,2,16,4.1,0,1,2,0
3011,26,Senegal,42,7,115.53,2,2,13,4.5,0,1,3,1
3012,49,Senegal,54,13,191.02,27,1,7,2.3,0,0,4,0
3013,50,United Kingdom,2,19,151.62,24,1,13,2.7,0,10,2,0
3014,50,United Kingdom,51,13,45.68,14,1,6,3.6,0,0,0,0
3015,39,Portugal,5,13,169.94,28,0,10,5.0,0,7,3,0
3016,53,Senegal,35,19,112.29,25,1,17,3.9,1,0,3,0
3017,23,Spain,60,12,269.96,6,1,20,2.5,0,3,1,0
3018,30,Senegal,50,26,174.63,24,1,17,2.2,0,2,1,0
3019,47,Germany,57,23,80.9,30,0,16,3.9,0,5,3,0
3020,59,United Kingdom,5,28,181.65,35,2,5,3.3,1,1,1,0
3021,47,Spain,50,24,65.75,23,4,16,4.6,0,2,3,0
3022,45,Senegal,26,10,166.93,33,0,8,3.4,0,5,0,1
3023,42,Senegal,1,24,126.22,43,1,7,3.0,1,5,1,0
3024,34,France,38,16,109.24,15,2,0,3.7,0,2,1,0
3025,47,Portugal,43,34,128.77,22,2,21,2.1,1,6,0,0
3026,40,Portugal,56,23,62.72,22,2,9,3.4,0,0,3,1
3027,27,France,20,18,211.85,12,1,0,3.5,1,5,1,1
3028,56,Senegal,50,2,129.55,5,0,17,5.0,1,3,1,0
3029,22,United Kingdom,56,25,336.39,18,0,9,3.8,0,8,2,0
3030,31,France,20,10,116.14,32,4,19,3.9,1,2,2,0
3031,32,France,50,14,159.03,26,0,4,4.6,0,1,3,1
3032,46,Senegal,54,18,126.01,36,1,13,4.9,0,6,4,1
3033,65,Portugal,14,21,90.43,28,2,18,2.0,0,4,1,0
3034,43,France,14,18,220.67,1,1,10,4.3,0,0,1,0
3035,25,Senegal,12,30,58.61,16,0,22,3.8,0,0,2,0
3036,51,Senegal,11,6,69.87,15,1,15,2.9,0,3,0,1
3037,49,Portugal,39,14,76.84,34,0,8,3.7,0,0,1,0
3038,44,France,14,31,138.17,26,0,0,2.5,0,0,4,0
3039,41,Germany,17,1,80.08,20,1,7,4.4,0,0,5,0
3040,19,Senegal,25,19,116.98,22,0,24,3.8,0,4,1,0
3041,24,United Kingdom,24,10,49.47,33,0,4,3.2,0,0,3,0
3042,45,Portugal,20,4,185.51,22,0,0,5.0,1,3,0,0
3043,59,Portugal,52,20,172.96,27,0,15,4.2,0,2,1,0
3044,35,Portugal,42,39,92.82,4,2,16,2.5,0,5,3,1
3045,33,France,37,6,90.45,3,2,14,2.7,1,0,0,0
3046,26,Portugal,31,3,91.45,21,1,26,2.0,0,3,2,1
3047,31,Portugal,43,14,99.73,22,2,8,2.9,0,6,1,0
3048,28,Germany,12,23,187.44,11,0,13,4.6,1,6,1,0
3049,27,Portugal,52,18,147.94,18,3,12,3.6,0,3,0,1
3050,25,France,2,13,56.75,42,0,16,3.7,0,3,3,0
3051,58,United Kingdom,59,18,89.89,30,2,16,3.5,0,8,2,0
3052,19,Senegal,22,15,110.54,10,1,16,3.5,1,1,1,0
3053,65,France,59,10,140.13,25,1,11,1.9,0,0,2,0
3054,56,Portugal,34,6,68.51,22,2,12,3.9,1,2,2,1
3055,40,France,6,9,230.74,21,1,8,3.4,0,0,1,1
3056,48,Germany,27,6,104.03,26,0,9,2.7,0,8,1,0
3057,26,Spain,52,17,196.15,1,2,6,4.8,0,1,1,0
3058,48,United Kingdom,9,16,256.51,17,0,7,2.3,0,0,1,0
3059,57,Portugal,46,24,215.38,31,2,14,3.5,1,0,1,0
3060,54,France,9,8,48.48,11,4,10,2.7,1,4,1,1
3061,27,France,43,15,69.42,21,2,9,3.9,1,0,1,1
3062,43,United Kingdom,57,32,120.76,20,1,7,3.0,0,0,2,0
3063,34,France,47,22,180.08,1,3,14,4.8,0,4,2,0
3064,47,Portugal,38,6,57.54,24,1,7,4.1,0,4,3,0
3065,35,France,21,34,67.41,3,0,21,3.5,0,1,2,0
3066,55,Portugal,60,14,49.46,18,0,10,4.1,0,1,1,0
3067,42,Portugal,4,19,138.69,31,0,27,2.0,0,8,1,0
3068,18,France,41,25,101.86,16,0,2,3.0,1,10,2,0
3069,28,Germany,21,7,115.33,38,0,9,3.8,1,3,0,0
3070,40,France,41,32,103.36,46,1,0,4.5,0,3,0,0
3071,43,Germany,14,27,50.04,29,1,8,5.0,0,0,0,0
3072,46,Senegal,48,17,73.61,28,0,20,4.4,0,0,4,0
3073,39,United Kingdom,58,29,82.4,30,3,18,1.3,1,0,2,0
3074,49,Spain,30,1,92.6,10,0,10,4.1,0,5,0,0
3075,39,Spain,17,28,226.18,19,0,24,2.5,1,7,0,0
3076,59,Senegal,35,32,87.74,1,3,10,3.0,1,3,2,1
3077,47,Senegal,8,4,157.95,1,0,6,1.0,0,4,1,1
3078,40,United Kingdom,29,23,86.09,34,0,17,3.9,0,0,3,0
3079,23,Spain,12,16,82.79,3,4,13,5.0,0,0,1,0
3080,50,France,10,8,170.78,21,2,12,3.6,0,0,0,1
3081,19,France,47,27,64.8,3,1,12,3.8,0,0,1,0
3082,27,Spain,56,17,81.72,15,3,23,3.6,0,4,4,1
3083,52,United Kingdom,35,6,286.93,24,4,4,3.1,1,1,0,0
3084,51,France,24,28,141.75,16,1,10,2.0,1,1,2,0
3085,58,Portugal,55,23,193.55,34,1,8,3.5,0,2,1,0
3086,63,France,35,16,101.72,28,1,15,3.7,0,4,1,0
3087,30,United Kingdom,4,28,103.1,36,1,5,3.2,0,3,5,0
3088,36,Germany,58,20,74.35,1,3,11,3.9,0,7,2,0
3089,48,Germany,21,0,128.09,25,0,5,5.0,1,7,3,0
3090,18,Senegal,17,10,212.48,3,0,18,3.9,0,3,0,0
3091,31,Portugal,40,15,66.0,8,3,0,1.6,0,8,1,1
3092,44,France,10,17,125.27,4,3,21,2.9,0,2,2,1
3093,33,Germany,51,1,188.5,42,2,19,3.4,1,4,1,0
3094,55,France,16,18,90.51,24,1,30,2.9,0,1,5,1
3095,35,France,58,25,102.2,3,3,17,3.8,0,2,1,0
3096,55,Portugal,10,5,177.78,29,1,13,3.3,1,1,3,1
3097,35,United Kingdom,1,22,175.4,9,2,8,2.0,0,4,2,1
3098,51,Senegal,50,39,274.02,20,2,20,3.4,0,0,2,0
3099,60,Germany,20,18,172.66,16,1,9,4.4,0,0,0,0
3100,57,Germany,10,0,129.29,29,2,15,3.1,1,5,6,0
3101,64,United Kingdom,57,19,107.18,17,1,15,3.6,0,4,1,0
3102,42,United Kingdom,8,18,120.68,21,0,0,3.6,0,0,1,0
3103,28,Portugal,45,10,115.87,20,0,13,3.2,0,0,1,0
3104,36,France,34,25,104.56,33,0,7,3.3,1,0,1,0
3105,56,Spain,56,19,85.19,14,2,13,3.0,0,5,1,0
3106,60,Germany,54,17,138.64,14,0,10,4.1,0,3,2,0
3107,21,Portugal,7,23,138.81,2,1,15,3.5,0,2,1,1
3108,64,Portugal,18,33,189.4,19,3,3,3.8,0,2,3,0
3109,39,Germany,43,35,181.97,43,2,7,2.5,0,5,1,0
3110,23,Senegal,7,25,103.07,16,1,8,2.6,0,8,2,0
3111,55,Germany,15,29,69.14,8,0,23,4.0,0,3,0,0
3112,24,Portugal,32,20,206.88,28,2,12,4.2,0,0,2,0
3113,42,Spain,34,19,44.87,6,0,14,4.2,0,5,3,0
3114,20,Spain,7,21,115.57,10,4,5,4.3,0,4,2,0
3115,24,Spain,7,15,283.97,23,2,15,4.3,1,0,1,0
3116,41,Spain,44,19,166.56,18,0,7,2.4,0,3,2,0
3117,43,Portugal,48,26,55.5,24,2,0,3.0,1,5,0,0
3118,46,Germany,37,6,118.3,9,0,15,3.0,0,5,0,1
3119,43,Portugal,48,22,146.34,29,1,13,3.3,0,1,0,0
3120,19,France,37,14,111.13,6,1,10,2.3,1,0,3,0
3121,39,Senegal,19,15,113.38,24,1,7,2.8,0,1,1,0
3122,64,Germany,55,21,70.2,53,1,17,2.9,0,5,2,0
3123,61,United Kingdom,23,8,83.66,20,2,11,2.8,0,4,2,1
3124,46,Senegal,21,29,160.08,19,0,0,5.0,0,5,2,0
3125,34,France,14,35,102.64,21,1,9,3.6,0,7,2,0
3126,59,United Kingdom,48,25,86.77,17,1,14,4.7,0,0,1,0
3127,29,Germany,55,49,144.56,35,2,17,1.8,1,5,5,0
3128,52,Portugal,52,30,33.96,28,2,10,3.7,0,1,3,0
3129,37,Senegal,59,34,161.43,28,0,31,4.2,0,0,0,0
3130,38,Spain,32,19,217.4,10,1,24,3.7,0,0,1,0
3131,30,United Kingdom,55,32,42.45,24,0,11,4.6,0,7,1,0
3132,46,United Kingdom,49,15,121.72,22,1,0,2.8,1,0,0,0
3133,19,Senegal,13,16,150.43,38,1,10,5.0,0,0,2,0
3134,62,Portugal,36,28,73.2,23,1,9,3.9,0,3,3,0
3135,29,Germany,40,26,35.84,31,0,12,3.0,0,0,3,0
3136,23,Portugal,39,22,113.66,16,4,14,4.7,0,5,0,0
3137,34,France,46,10,83.25,27,2,18,5.0,0,3,0,0
3138,26,Germany,7,9,49.42,21,1,22,4.1,0,0,0,0
3139,36,Spain,37,26,103.05,16,1,5,4.9,0,2,1,0
3140,32,Germany,53,23,132.56,30,3,13,1.5,1,3,1,0
3141,60,United Kingdom,2,43,49.2,46,1,17,3.9,0,5,2,0
3142,32,France,57,9,214.82,42,2,21,2.5,1,6,1,0
3143,31,France,1,41,88.01,21,1,20,2.5,0,6,2,0
3144,57,Germany,54,13,93.88,16,1,11,2.2,0,0,3,0
3145,54,France,27,17,111.01,18,1,8,3.8,1,4,3,0
3146,43,Portugal,37,18,91.45,10,1,1,2.7,0,1,2,0
3147,65,United Kingdom,46,22,202.84,46,2,11,4.9,0,6,2,0
3148,34,Germany,24,30,67.99,1,1,1,3.4,0,9,1,0
3149,33,United Kingdom,35,12,70.32,7,2,0,2.5,0,4,1,0
3150,26,United Kingdom,56,19,76.29,2,0,11,4.3,0,5,1,0
3151,52,Spain,9,0,125.73,16,2,10,3.8,1,5,2,0
3152,50,Portugal,31,16,187.8,1,1,12,3.6,0,4,0,1
3153,56,France,47,3,68.74,13,1,15,4.7,0,3,0,0
3154,53,France,30,9,57.8,27,1,10,4.3,0,5,2,0
3155,47,Spain,29,19,125.09,36,0,8,2.7,0,2,3,0
3156,28,Senegal,36,2,121.24,14,1,9,3.6,0,3,1,0
3157,40,Germany,56,34,188.63,10,1,7,3.4,0,5,2,1
3158,40,Senegal,47,25,154.35,29,3,11,3.1,0,2,3,1
3159,64,Senegal,46,35,117.54,23,0,18,2.7,0,4,1,0
3160,26,Germany,14,0,160.16,27,1,15,3.4,0,0,0,1
3161,62,Portugal,20,21,63.86,15,1,12,4.1,0,1,0,0
3162,50,Germany,10,11,88.6,33,1,5,1.7,0,1,2,0
3163,55,United Kingdom,56,10,146.29,33,1,9,4.8,1,3,1,0
3164,63,United Kingdom,38,25,105.04,37,1,18,1.8,1,6,0,0
3165,57,Senegal,34,24,82.04,16,0,5,3.5,0,1,1,0
3166,30,France,39,21,84.31,41,0,16,3.4,0,7,1,0
3167,29,Senegal,42,24,80.8,19,2,11,3.5,0,10,3,0
3168,39,Senegal,7,24,92.4,22,1,9,4.7,0,0,0,0
3169,61,Germany,52,29,94.61,27,0,11,3.6,0,0,1,0
3170,26,United Kingdom,12,13,137.33,22,3,24,2.8,1,6,1,1
3171,63,Germany,57,21,183.3,26,1,10,3.3,0,6,1,1
3172,34,Germany,13,0,117.37,18,1,1,3.5,1,1,0,0
3173,58,Senegal,22,24,170.79,37,0,2,2.7,0,0,1,1
3174,34,Senegal,57,4,125.13,10,2,6,2.8,0,4,1,0
3175,21,Portugal,24,24,203.57,26,1,3,4.2,1,0,1,1
3176,51,Senegal,1,16,281.48,13,0,16,2.4,0,11,2,1
3177,54,Spain,24,10,136.12,18,0,24,1.7,0,1,5,0
3178,30,Portugal,40,0,185.89,11,2,12,5.0,0,2,3,0
3179,40,Senegal,56,17,140.59,23,0,8,2.3,0,5,1,1
3180,41,Spain,12,18,85.5,41,2,11,1.7,0,1,4,0
3181,29,Spain,10,13,67.71,9,0,0,2.0,0,0,1,1
3182,57,Senegal,60,32,245.1,34,2,14,3.6,0,8,1,0
3183,25,United Kingdom,60,21,157.9,7,1,15,2.9,0,6,0,0
3184,29,Spain,34,14,124.2,39,3,5,3.7,1,6,2,1
3185,30,Spain,10,0,95.0,7,1,6,3.6,0,3,1,0
3186,47,Portugal,36,0,76.38,40,1,3,2.1,0,0,2,0
3187,25,Portugal,36,1,105.6,36,1,18,2.1,1,4,2,1
3188,27,France,53,25,72.63,30,2,23,3.5,0,5,0,0
3189,20,United Kingdom,4,9,93.53,37,0,0,3.8,0,5,1,0
3190,60,Portugal,49,1,99.49,11,0,9,3.1,0,5,1,1
3191,51,Senegal,43,15,111.83,1,1,8,3.5,0,4,3,0
3192,54,Spain,45,14,221.24,35,1,8,5.0,0,4,0,0
3193,52,Portugal,13,18,155.86,9,0,15,3.2,0,1,2,1
3194,30,United Kingdom,41,5,253.66,14,1,16,2.5,0,3,1,1
3195,23,Germany,2,19,94.94,13,0,11,4.5,0,2,3,0
3196,48,Spain,25,29,103.41,2,0,14,4.7,0,7,3,0
3197,36,Portugal,45,14,123.49,27,2,5,4.3,1,2,7,0
3198,30,Senegal,20,19,157.41,19,3,9,1.9,0,0,2,0
3199,54,Spain,12,7,57.54,36,0,10,3.8,0,0,2,0
3200,52,Senegal,4,22,110.88,1,2,15,2.5,0,5,1,1
3201,40,Spain,4,21,97.92,4,1,6,4.2,0,6,3,0
3202,45,Portugal,33,24,109.61,13,0,7,3.6,0,6,4,1
3203,41,Portugal,45,39,82.28,32,1,13,3.1,1,4,1,0
3204,47,France,58,24,104.24,22,2,16,4.0,1,0,1,0
3205,63,France,32,21,182.19,30,0,3,4.1,1,1,2,0
3206,18,Senegal,60,13,95.59,30,0,10,4.7,0,0,1,0
3207,25,United Kingdom,1,4,96.03,10,2,2,5.0,0,7,3,0
3208,39,France,25,17,77.19,21,0,2,3.1,0,3,1,0
3209,43,Senegal,10,24,122.55,27,1,11,3.1,1,4,1,0
3210,60,United Kingdom,57,21,69.07,39,2,10,3.6,0,1,3,0
3211,63,Portugal,20,18,94.81,1,2,9,4.0,1,0,0,0
3212,65,United Kingdom,27,20,93.21,34,0,17,3.2,0,5,0,0
3213,44,Germany,18,9,84.94,29,1,11,3.7,0,5,2,1
3214,49,United Kingdom,39,32,115.66,12,0,8,3.2,1,2,1,0
3215,20,Portugal,50,23,212.16,33,1,28,3.4,0,1,2,0
3216,32,Senegal,41,17,177.63,4,2,3,2.5,1,3,1,1
3217,49,Senegal,12,11,267.3,17,2,10,3.9,0,5,0,1
3218,65,United Kingdom,44,8,132.05,10,1,14,3.1,0,0,1,0
3219,36,Spain,19,14,41.95,32,0,1,3.5,0,7,0,0
3220,24,Senegal,26,28,265.08,17,0,2,5.0,0,4,5,0
3221,23,Spain,55,11,92.8,10,0,11,4.0,0,2,4,1
3222,20,Germany,31,20,151.7,20,0,0,3.3,1,4,0,0
3223,42,France,6,16,175.7,7,1,17,4.0,0,2,2,0
3224,33,Germany,40,16,120.13,40,0,4,3.2,0,8,2,0
3225,46,Spain,50,13,168.82,38,1,9,4.2,1,0,0,0
3226,30,France,47,14,199.41,17,0,3,3.2,0,1,1,0
3227,27,United Kingdom,56,27,131.89,14,1,14,2.3,0,0,0,0
3228,40,Germany,13,28,154.08,41,1,15,4.0,0,2,2,1
3229,42,France,19,16,28.51,31,2,20,2.9,0,4,1,1
3230,58,France,22,20,156.93,36,2,7,3.8,0,0,1,0
3231,46,Senegal,54,8,92.37,40,0,11,3.4,1,5,2,0
3232,53,France,10,9,91.96,46,1,16,2.7,0,0,2,0
3233,25,Portugal,5,34,100.95,22,0,5,4.9,0,3,1,0
3234,57,Portugal,11,7,85.4,34,0,11,4.6,0,0,1,0
3235,20,France,58,28,86.75,10,1,13,3.3,1,1,2,0
3236,42,Senegal,37,36,259.75,31,2,11,3.0,1,0,1,0
3237,54,Senegal,55,16,100.53,14,0,6,4.1,1,0,2,0
3238,54,Spain,5,15,64.26,1,0,5,2.5,1,3,1,0
3239,48,Spain,42,25,86.7,11,1,0,4.9,0,8,3,0
3240,42,Germany,59,19,27.05,33,0,20,4.2,0,0,2,0
3241,57,United Kingdom,23,17,81.38,39,0,13,1.9,0,1,2,0
3242,48,France,30,25,143.89,25,1,17,4.1,0,2,5,0
3243,27,United Kingdom,41,17,120.6,38,2,9,3.2,0,2,2,0
3244,42,United Kingdom,57,3,100.55,11,0,22,3.5,1,6,3,0
3245,45,United Kingdom,10,22,211.62,6,3,7,4.1,1,0,0,0
3246,52,France,26,16,76.95,23,0,12,3.4,1,0,2,0
3247,31,Germany,27,24,97.23,19,1,13,3.8,0,6,2,0
3248,46,Germany,25,17,62.89,23,2,13,4.0,0,3,2,0
3249,60,Germany,9,18,45.62,32,1,11,2.4,0,5,1,1
3250,31,Portugal,13,17,72.55,31,0,15,2.1,0,1,1,0
3251,64,Portugal,51,15,112.31,6,3,9,3.2,0,6,0,0
3252,53,Germany,24,25,155.82,16,1,5,3.6,0,7,3,1
3253,27,Germany,7,19,103.21,21,3,12,1.5,0,6,1,1
3254,57,Germany,4,41,107.86,24,2,9,3.4,1,0,0,0
3255,28,Portugal,25,13,116.91,13,0,10,2.1,0,3,4,1
3256,46,Senegal,45,16,174.35,35,3,2,4.3,1,0,1,0
3257,29,United Kingdom,48,23,70.47,35,3,0,2.6,0,3,2,0
3258,59,Germany,37,9,117.91,35,2,20,3.3,0,0,1,1
3259,44,United Kingdom,30,0,145.7,23,3,19,5.0,1,1,0,0
3260,49,United Kingdom,40,15,84.93,13,0,17,4.1,0,0,2,0
3261,65,Portugal,57,16,166.2,29,4,12,4.0,1,0,3,1
3262,22,Senegal,2,29,131.27,34,0,0,3.3,1,7,1,0
3263,21,United Kingdom,55,20,47.75,30,1,11,2.8,1,5,0,0
3264,40,France,48,7,178.88,30,3,5,3.0,1,2,3,1
3265,22,United Kingdom,40,33,115.7,21,1,12,2.8,0,1,1,0
3266,46,Germany,22,22,79.38,1,2,5,3.2,0,5,2,1
3267,24,Spain,11,2,156.98,31,2,5,2.4,0,5,2,1
3268,44,Senegal,35,25,177.37,13,1,20,4.8,0,4,1,0
3269,53,Spain,41,11,358.2,14,1,21,5.0,0,4,0,0
3270,62,France,8,32,231.98,18,1,4,3.3,0,8,3,1
3271,46,Senegal,49,40,103.11,1,1,4,3.6,1,2,2,0
3272,48,Germany,31,4,84.11,11,3,17,5.0,1,0,5,1
3273,62,United Kingdom,60,25,142.94,47,0,12,2.7,0,10,3,0
3274,46,Senegal,32,34,76.3,23,4,7,3.4,0,4,1,0
3275,39,Senegal,57,12,42.02,19,1,22,4.9,0,1,4,1
3276,57,United Kingdom,44,35,166.08,21,2,9,2.8,0,0,1,0
3277,60,France,41,14,72.11,9,0,14,3.7,0,0,1,0
3278,23,United Kingdom,39,18,194.9,18,2,8,3.5,0,0,1,0
3279,57,Spain,27,2,118.76,24,1,5,3.0,0,8,2,1
3280,34,France,33,3,281.45,24,1,6,3.4,0,3,0,0
3281,19,Germany,21,22,117.42,18,1,3,2.3,0,8,0,1
3282,33,Portugal,20,20,93.37,29,1,8,2.9,0,0,2,0
3283,39,Senegal,18,11,59.41,24,1,2,1.5,0,3,1,0
3284,47,Portugal,6,0,231.03,4,1,9,5.0,0,3,1,1
3285,57,Senegal,48,12,105.47,30,0,9,3.7,0,3,0,0
3286,30,Germany,25,14,78.95,15,0,16,2.9,0,3,1,0
3287,35,Portugal,25,18,189.08,11,1,14,3.6,0,3,2,0
3288,45,Germany,46,28,94.88,11,1,24,2.9,0,0,2,0
3289,64,United Kingdom,36,5,114.38,27,3,23,3.6,1,5,2,1
3290,23,Germany,59,11,87.78,6,2,5,3.1,0,3,0,0
3291,38,Spain,58,26,127.67,15,0,4,3.3,1,4,2,0
3292,24,France,5,41,66.92,32,1,7,3.6,1,0,1,1
3293,54,France,50,10,76.27,1,0,12,4.8,1,3,2,1
3294,64,Senegal,48,18,200.06,48,1,29,3.1,0,3,2,0
3295,57,Senegal,10,11,81.92,11,2,4,3.5,0,0,0,0
3296,47,Portugal,56,0,115.09,33,2,8,3.6,0,5,4,0
3297,57,Senegal,4,42,99.74,27,1,19,3.6,0,0,4,0
3298,65,Senegal,12,34,77.48,37,1,0,3.1,1,2,0,0
3299,18,Germany,51,45,134.82,27,2,7,3.9,0,1,1,0
3300,63,Senegal,25,8,91.68,20,3,11,3.4,0,6,0,0
3301,48,France,46,10,183.49,13,1,8,3.4,0,7,1,0
3302,29,Germany,19,17,201.42,40,0,9,4.5,0,0,1,0
3303,21,Germany,12,7,67.97,28,1,8,5.0,0,6,1,1
3304,30,United Kingdom,10,13,138.34,11,3,8,3.2,0,1,1,0
3305,30,Portugal,8,21,96.06,12,2,20,2.2,0,0,0,1
3306,29,United Kingdom,49,30,107.63,15,3,8,3.4,0,5,0,1
3307,58,Spain,19,28,146.0,9,0,20,2.3,0,1,3,0
3308,36,France,28,8,71.32,36,4,16,3.2,0,3,0,0
3309,33,Spain,1,0,85.17,35,2,9,3.0,0,1,2,0
3310,34,United Kingdom,49,18,176.11,26,1,5,4.7,1,1,1,1
3311,49,United Kingdom,58,10,61.66,22,3,18,4.1,0,5,1,0
3312,45,Senegal,44,8,156.95,30,1,5,5.0,0,0,5,0
3313,18,Portugal,44,19,77.76,13,1,10,1.8,1,4,3,0
3314,41,Portugal,44,4,103.48,35,2,12,2.9,0,2,2,0
3315,54,United Kingdom,47,18,50.42,25,3,13,3.7,0,2,4,0
3316,65,Germany,24,28,202.37,7,2,31,2.8,0,5,1,0
3317,38,Spain,48,23,117.64,11,1,16,3.4,1,0,1,0
3318,20,Portugal,23,8,206.54,39,0,15,4.1,0,4,3,0
3319,38,Germany,30,37,81.93,24,2,12,4.1,0,0,1,0
3320,27,France,48,9,57.23,36,3,6,5.0,0,4,1,0
3321,19,France,51,14,100.44,13,0,13,4.7,0,8,0,0
3322,58,France,26,0,57.47,42,0,14,4.8,0,2,3,0
3323,60,France,10,28,114.31,16,0,18,2.2,0,0,2,1
3324,24,Senegal,26,13,52.89,1,1,18,1.8,0,7,2,1
3325,30,Senegal,32,8,122.45,27,0,8,2.9,0,3,3,1
3326,53,United Kingdom,15,27,103.37,7,0,22,4.2,1,1,0,0
3327,49,Germany,28,0,143.71,22,3,0,3.0,0,8,3,1
3328,60,Senegal,23,7,78.83,24,0,9,4.2,0,2,1,1
3329,38,Portugal,31,11,156.73,28,0,32,3.3,0,2,0,1
3330,51,Germany,52,28,97.09,45,0,16,3.6,1,0,1,0
3331,37,Portugal,11,11,110.45,47,1,6,3.4,0,0,2,0
3332,57,Germany,40,10,103.77,13,2,17,4.2,1,0,2,1
3333,36,United Kingdom,47,7,95.64,30,2,4,4.5,0,8,1,0
3334,26,United Kingdom,37,12,103.14,9,1,28,2.3,0,2,6,1
3335,46,United Kingdom,27,15,56.71,40,5,5,4.4,1,4,1,0
3336,62,France,59,24,44.63,26,0,2,4.1,0,2,6,0
3337,48,United Kingdom,36,19,149.49,27,4,0,4.4,0,2,2,0
3338,62,France,58,28,323.4,23,0,14,3.7,1,2,2,0
3339,58,Spain,59,3,60.6,35,3,22,2.8,1,4,5,0
3340,33,France,32,36,208.88,31,1,11,3.1,0,5,3,0
3341,38,Spain,57,25,66.99,25,4,14,2.9,1,6,2,0
3342,57,United Kingdom,6,25,64.05,9,0,4,3.1,0,0,1,0
3343,64,United Kingdom,5,14,212.53,9,1,4,3.3,0,0,0,0
3344,35,Portugal,10,25,107.95,14,0,15,5.0,0,3,1,0
3345,48,France,15,20,97.45,10,3,16,3.4,0,6,1,1
3346,57,Germany,36,21,96.38,15,1,18,3.6,1,1,1,0
3347,38,Germany,21,25,126.5,16,1,8,5.0,0,6,1,0
3348,59,France,60,10,154.37,13,2,10,2.8,0,0,0,1
3349,64,Senegal,48,25,149.1,25,1,20,2.9,0,8,4,0
3350,50,United Kingdom,16,22,150.49,9,2,18,3.2,0,6,2,1
3351,18,United Kingdom,17,17,85.18,17,1,32,3.3,1,5,1,0
3352,19,Portugal,42,24,79.45,55,0,16,2.6,0,1,2,0
3353,47,France,29,17,176.04,13,1,3,4.0,0,0,2,0
3354,56,Germany,49,10,71.95,26,0,25,4.5,0,7,0,0
3355,47,United Kingdom,13,19,232.65,25,3,2,3.2,0,4,0,0
3356,28,Spain,9,28,169.51,28,0,5,2.7,0,0,2,1
3357,21,United Kingdom,36,24,93.89,13,0,17,3.6,0,6,0,0
3358,64,Germany,36,14,156.49,36,1,2,3.6,1,0,3,0
3359,38,Germany,12,29,57.28,38,3,18,3.4,0,0,1,0
3360,20,Portugal,19,8,133.17,21,1,10,3.7,0,4,1,0
3361,20,Spain,4,33,185.26,4,0,11,3.2,0,0,3,0
3362,49,Senegal,60,22,122.85,21,2,14,5.0,1,9,0,0
3363,51,France,46,19,69.58,17,0,6,4.1,1,4,3,0
3364,40,United Kingdom,6,7,71.35,7,0,7,3.5,0,0,2,0
3365,49,Germany,35,22,87.93,7,0,11,4.1,1,5,1,0
3366,43,Portugal,10,39,83.05,23,0,19,2.6,0,4,2,1
3367,31,Germany,11,26,245.59,33,1,11,4.1,1,5,2,0
3368,34,France,16,31,61.7,24,1,10,5.0,1,2,2,0
3369,19,Senegal,42,6,70.91,17,2,9,3.7,0,0,0,1
3370,20,Senegal,15,0,98.93,14,0,15,2.9,0,4,0,0
3371,26,Spain,21,21,134.6,9,1,16,2.4,0,3,1,0
3372,60,Germany,2,12,150.13,1,2,0,3.6,0,0,1,1
3373,19,Portugal,46,14,125.43,17,1,6,2.8,0,6,0,0
3374,20,France,38,30,135.68,17,2,7,1.7,1,1,0,0
3375,49,Senegal,23,19,70.0,12,1,23,2.8,0,0,2,0
3376,41,Spain,58,5,185.04,52,2,0,3.5,0,4,0,0
3377,27,Spain,1,1,136.22,48,1,7,3.3,0,2,0,0
3378,36,United Kingdom,36,25,196.53,17,2,6,4.1,0,0,2,0
3379,30,Spain,17,28,83.02,1,1,9,2.1,0,2,2,1
3380,34,Germany,8,23,135.59,40,1,9,3.7,0,3,3,0
3381,46,Spain,42,23,81.86,19,1,16,3.6,0,4,5,0
3382,31,France,8,18,105.94,20,0,14,2.6,1,0,1,0
3383,65,France,13,20,101.1,27,1,7,3.3,0,1,2,0
3384,37,Portugal,44,17,56.44,23,1,6,4.0,1,6,2,0
3385,37,United Kingdom,30,16,127.57,35,2,23,4.0,1,7,0,0
3386,54,United Kingdom,14,29,96.25,19,2,0,3.5,0,0,1,0
3387,31,France,56,21,84.47,32,1,5,3.2,0,2,0,0
3388,64,Germany,47,24,92.05,10,0,14,3.3,0,7,2,0
3389,56,France,59,25,141.82,20,2,8,4.5,0,0,2,0
3390,36,Portugal,55,32,191.86,5,3,14,2.8,0,4,1,1
3391,24,Senegal,55,12,163.03,30,3,15,2.6,1,1,0,1
3392,18,United Kingdom,60,23,77.7,7,2,0,3.9,1,6,0,0
3393,64,Spain,11,21,98.83,25,2,5,3.8,1,4,2,0
3394,59,France,28,10,74.32,23,0,14,3.2,0,0,2,0
3395,35,Germany,42,20,424.62,10,1,9,3.9,1,8,1,0
3396,25,United Kingdom,10,13,55.53,40,2,7,3.6,0,0,2,0
3397,31,Senegal,59,26,108.78,19,2,19,3.0,0,0,0,0
3398,19,Germany,12,18,60.55,23,1,15,4.0,1,0,2,1
3399,33,Germany,56,15,116.77,37,1,6,4.2,0,0,1,0
3400,35,United Kingdom,2,21,100.8,25,3,13,4.8,0,1,0,0
3401,64,Portugal,10,26,150.6,31,1,15,4.3,1,8,0,0
3402,42,Senegal,3,10,63.48,31,0,22,2.8,0,5,1,0
3403,44,France,1,20,232.47,35,0,8,4.4,0,6,1,1
3404,22,United Kingdom,46,15,138.62,25,0,7,2.9,0,2,3,0
3405,35,Senegal,43,24,98.57,13,0,0,3.7,0,7,0,0
3406,33,Portugal,29,26,181.34,3,2,9,3.7,0,4,2,0
3407,20,Spain,54,13,95.64,20,0,1,3.6,0,5,1,0
3408,62,Germany,51,22,191.23,19,1,10,3.8,1,5,3,0
3409,21,United Kingdom,24,12,222.61,15,0,8,3.7,1,0,1,0
3410,48,Spain,11,0,145.09,17,2,13,2.6,0,0,2,0
3411,64,Spain,35,19,48.38,21,1,3,5.0,1,1,1,0
3412,40,Germany,12,9,96.8,28,0,18,5.0,0,0,0,0
3413,40,United Kingdom,10,27,181.79,24,2,18,4.2,0,6,3,0
3414,49,Portugal,35,15,149.55,20,0,15,3.7,0,3,1,0
3415,23,Spain,17,20,169.32,32,1,11,5.0,0,3,2,0
3416,40,Portugal,30,14,124.03,22,3,9,3.3,0,3,0,0
3417,61,France,57,27,156.83,49,1,19,3.3,1,9,3,0
3418,58,France,39,4,53.71,17,0,22,3.5,0,4,0,0
3419,65,France,55,29,160.92,48,0,12,2.6,0,1,1,0
3420,31,Portugal,26,38,61.44,1,0,12,2.8,1,1,4,0
3421,25,Spain,35,25,221.1,22,4,6,3.0,1,3,2,1
3422,18,United Kingdom,60,2,91.63,2,1,4,3.8,0,5,2,0
3423,65,France,44,6,153.87,25,1,16,2.8,0,4,1,0
3424,25,United Kingdom,47,37,69.17,20,1,6,4.8,0,3,0,0
3425,43,Spain,43,16,77.96,33,1,13,3.0,0,0,1,0
3426,40,Portugal,27,35,217.51,28,1,7,5.0,0,0,1,0
3427,32,Portugal,42,21,120.25,1,1,7,4.3,0,2,1,0
3428,30,Portugal,1,29,56.45,47,4,10,2.7,0,0,0,0
3429,24,Germany,10,10,49.67,1,1,10,2.3,0,4,1,0
3430,37,France,49,15,53.62,40,2,9,3.4,0,1,5,0
3431,52,Portugal,7,4,76.05,19,3,6,3.2,0,4,1,1
3432,19,Senegal,19,27,232.9,24,1,9,3.9,1,0,0,0
3433,61,Senegal,5,0,191.42,1,0,29,2.8,0,1,5,0
3434,45,United Kingdom,43,8,167.87,25,1,14,2.7,0,0,2,0
3435,37,United Kingdom,25,12,95.24,44,1,15,3.5,0,5,0,0
3436,57,Spain,59,33,53.89,38,3,5,3.2,0,0,3,0
3437,20,Portugal,32,23,163.52,21,2,15,2.6,0,0,3,0
3438,40,Senegal,17,19,144.7,47,1,11,4.3,0,5,8,0
3439,42,Spain,50,12,150.89,1,1,21,3.9,1,4,3,0
3440,57,United Kingdom,44,33,327.33,19,1,15,3.4,0,2,2,1
3441,20,Germany,49,28,44.18,25,3,14,2.6,0,0,3,0
3442,52,Senegal,6,39,123.48,25,2,11,4.4,1,3,2,0
3443,58,Senegal,30,33,153.72,6,2,2,4.8,0,6,3,0
3444,56,Germany,3,33,150.35,23,1,9,4.0,0,1,1,0
3445,63,Germany,14,24,94.68,32,1,5,4.2,0,0,1,1
3446,61,France,38,15,58.21,1,0,14,5.0,0,1,2,0
3447,50,Germany,5,14,100.54,17,0,7,2.9,0,0,1,0
3448,62,Spain,25,27,66.39,14,0,8,4.6,0,2,0,0
3449,64,Senegal,17,38,142.94,33,1,13,4.8,0,0,2,0
3450,49,France,58,27,77.2,52,1,1,5.0,0,1,1,0
3451,20,United Kingdom,39,15,148.32,21,0,5,3.5,0,0,2,1
3452,27,Senegal,13,10,255.34,5,1,19,2.5,0,0,0,1
3453,42,Portugal,52,49,137.89,33,1,12,2.0,0,2,0,0
3454,42,Senegal,20,31,202.36,28,1,5,4.6,1,2,2,0
3455,61,Spain,55,0,131.45,31,0,22,3.0,0,10,2,0
3456,62,Senegal,7,13,213.73,19,2,15,4.7,1,0,1,1
3457,56,Spain,2,12,106.34,7,2,0,2.4,0,0,1,1
3458,62,Germany,2,33,72.88,32,1,10,4.9,0,2,3,0
3459,41,Portugal,35,21,76.6,27,2,1,2.6,1,4,3,0
3460,35,Germany,36,18,210.1,27,3,22,2.3,0,5,0,1
3461,23,United Kingdom,57,8,69.1,14,2,14,3.6,0,0,1,0
3462,43,Spain,59,25,205.33,32,1,18,3.5,1,3,4,0
3463,26,Senegal,2,7,99.8,28,0,5,3.8,1,5,1,0
3464,60,France,29,8,193.04,19,0,8,4.1,0,5,2,0
3465,53,United Kingdom,31,35,91.53,19,1,7,5.0,1,1,1,0
3466,29,Spain,27,18,65.96,16,2,19,4.9,1,5,0,1
3467,30,France,20,6,62.58,7,0,15,4.3,1,1,1,0
3468,18,United Kingdom,4,34,100.43,11,0,11,3.5,0,0,0,1
3469,51,Portugal,18,25,55.26,38,3,5,2.8,0,6,2,1
3470,26,United Kingdom,59,25,183.48,17,0,0,4.1,1,4,0,0
3471,31,France,43,2,68.0,6,2,13,2.8,0,6,1,1
3472,24,France,25,15,66.91,27,1,22,3.8,0,0,0,0
3473,22,France,43,14,163.67,3,2,8,1.9,1,6,1,0
3474,22,Germany,33,1,76.02,15,3,7,4.9,0,0,2,1
3475,28,France,41,32,135.32,25,2,12,3.3,0,1,0,0
3476,41,France,53,6,136.14,10,2,12,3.7,0,7,1,1
3477,45,Senegal,56,20,100.72,5,1,15,1.6,0,1,2,1
3478,30,Portugal,47,22,51.97,18,3,12,2.7,0,1,1,0
3479,56,France,48,11,92.08,22,0,23,4.2,0,5,1,0
3480,50,Germany,42,24,116.94,32,1,2,3.2,0,6,0,0
3481,33,Spain,34,3,194.91,1,1,0,3.9,0,0,3,0
3482,45,Spain,2,24,99.54,43,0,11,3.6,0,1,5,0
3483,63,France,50,24,112.11,14,0,15,2.3,0,0,2,0
3484,43,United Kingdom,30,29,98.69,28,2,5,2.5,0,0,1,0
3485,39,United Kingdom,54,9,55.46,17,1,0,4.4,0,1,1,0
3486,37,Germany,33,18,257.01,16,2,8,2.3,0,3,3,0
3487,62,Spain,45,14,68.2,20,1,4,3.7,0,5,1,0
3488,56,Portugal,51,20,77.41,10,0,16,3.8,0,8,1,0
3489,23,Portugal,32,15,174.84,22,0,3,1.8,0,3,3,0
3490,57,Portugal,5,6,216.74,26,2,7,2.5,0,0,1,1
3491,35,United Kingdom,39,16,81.34,26,0,16,3.5,0,5,3,0
3492,38,France,37,10,74.96,17,0,20,3.0,1,0,4,0
3493,30,United Kingdom,34,14,135.66,16,0,19,2.0,0,8,0,1
3494,56,Germany,43,0,200.68,49,3,9,3.3,0,0,1,0
3495,26,Portugal,19,19,115.85,36,1,24,4.1,1,5,0,0
3496,63,Spain,36,27,170.2,25,1,21,4.7,0,0,3,0
3497,55,Spain,12,0,124.81,12,0,14,1.5,1,0,2,0
3498,36,Portugal,16,20,198.61,10,1,12,3.1,1,2,4,0
3499,39,France,57,10,173.97,1,2,27,3.7,0,2,0,0
3500,33,Germany,31,18,89.38,16,1,12,3.6,0,2,0,0
3501,47,Spain,22,11,172.82,33,2,11,3.6,1,1,2,0
3502,34,Senegal,25,25,35.86,14,3,17,3.6,0,7,1,0
3503,18,Senegal,13,12,130.96,18,0,10,2.4,0,5,0,1
3504,49,Germany,60,17,44.27,1,1,12,3.2,0,4,2,0
3505,35,Spain,37,31,142.56,2,0,0,4.8,0,1,2,0
3506,45,Portugal,32,11,107.02,14,0,18,4.5,0,3,2,0
3507,42,United Kingdom,8,8,153.79,6,4,9,4.3,1,4,3,1
3508,21,Senegal,55,28,95.9,15,1,12,3.2,1,0,2,1
3509,52,United Kingdom,9,15,119.13,30,0,11,3.5,0,0,2,0
3510,61,Germany,14,23,119.38,9,1,6,4.1,1,2,0,0
3511,21,Senegal,8,3,81.68,42,3,14,3.1,0,1,3,0
3512,35,United Kingdom,28,15,128.4,21,1,9,3.1,1,4,1,1
3513,56,Spain,49,25,145.3,19,1,18,3.3,0,6,1,0
3514,33,France,2,35,36.83,31,3,7,3.8,0,7,1,0
3515,32,France,52,25,90.22,29,0,20,3.4,0,3,2,0
3516,52,Spain,2,15,113.94,25,0,8,2.1,0,1,1,1
3517,65,Spain,18,15,116.6,27,2,18,2.9,0,1,2,1
3518,33,Germany,15,22,174.26,3,1,12,4.8,1,0,1,0
3519,29,France,18,23,104.85,12,0,3,2.5,1,0,0,0
3520,37,Germany,38,20,177.94,24,0,10,3.8,0,2,0,0
3521,46,France,15,20,124.19,19,0,18,2.2,1,3,1,1
3522,63,Germany,29,9,103.98,1,0,16,5.0,1,0,1,0
3523,57,Germany,2,31,80.31,34,1,13,4.0,0,4,1,0
3524,61,Germany,28,15,353.39,45,1,14,3.3,0,2,1,0
3525,38,Senegal,32,0,41.57,22,1,23,3.5,0,4,0,0
3526,46,Spain,14,13,70.88,9,3,13,4.2,0,7,1,0
3527,56,Portugal,44,23,86.71,28,2,11,2.8,0,0,4,0
3528,31,France,21,6,128.38,21,2,2,4.1,0,0,1,1
3529,63,United Kingdom,58,22,103.71,22,1,16,4.4,1,1,3,0
3530,48,Senegal,44,35,117.51,11,1,11,3.5,0,0,0,0
3531,62,Senegal,29,32,199.99,12,2,20,4.3,0,4,1,1
3532,54,United Kingdom,24,11,94.68,18,5,14,3.5,0,0,0,1
3533,64,Germany,59,8,99.43,30,2,4,4.2,0,1,0,0
3534,40,France,18,0,253.41,34,1,1,2.5,0,5,3,0
3535,48,France,11,25,144.23,36,2,4,3.6,1,5,1,0
3536,51,Spain,34,8,91.68,19,1,8,3.5,0,2,0,0
3537,42,United Kingdom,4,14,97.62,11,0,12,2.4,0,2,1,1
3538,28,Senegal,40,21,132.34,22,2,13,1.6,0,5,1,1
3539,23,Spain,60,10,83.13,19,1,12,2.0,0,9,2,1
3540,27,Germany,18,23,100.7,29,1,22,4.8,0,4,0,0
3541,44,United Kingdom,11,13,107.8,1,0,18,3.5,0,3,1,1
3542,23,Spain,4,15,72.74,16,1,0,3.1,0,3,1,0
3543,65,France,19,18,77.24,6,0,16,4.3,0,4,0,0
3544,28,France,2,1,65.81,8,3,15,4.9,0,4,1,1
3545,63,Senegal,5,19,69.25,30,1,9,4.7,0,5,2,0
3546,29,Spain,8,29,70.4,4,0,3,4.6,0,4,1,0
3547,41,Portugal,12,1,100.44,22,2,12,3.9,1,0,2,0
3548,33,Senegal,21,20,67.94,3,0,10,3.0,0,3,2,0
3549,50,Senegal,33,22,148.66,31,3,11,2.8,0,3,5,1
3550,26,France,4,22,219.17,26,2,11,3.9,0,9,1,0
3551,33,Spain,54,18,56.32,54,2,16,3.7,0,1,1,0
3552,47,France,30,13,95.43,17,1,0,4.1,1,2,1,1
3553,33,France,41,19,86.03,39,3,24,2.5,0,0,3,1
3554,42,France,1,10,71.31,15,0,8,3.2,0,2,2,0
3555,49,Portugal,49,18,126.15,34,3,4,2.9,0,2,1,0
3556,43,Spain,30,29,93.21,16,0,6,2.6,0,0,2,0
3557,40,Spain,37,17,69.87,15,0,7,3.8,0,1,2,0
3558,34,Spain,60,6,93.12,35,0,0,4.6,0,5,1,0
3559,49,France,52,18,193.83,1,2,13,4.6,1,0,0,1
3560,41,United Kingdom,8,16,181.57,44,1,7,5.0,0,6,3,0
3561,42,United Kingdom,24,24,77.02,45,1,5,3.5,1,3,3,0
3562,19,France,28,15,78.36,12,1,0,4.2,0,2,1,0
3563,46,Spain,51,3,159.15,37,0,19,2.9,0,0,1,1
3564,37,Germany,16,27,116.48,10,0,11,2.4,1,0,4,0
3565,46,United Kingdom,32,23,53.69,4,4,23,2.7,0,5,2,0
3566,41,France,30,0,77.48,1,2,11,2.4,1,11,2,0
3567,33,France,58,33,57.84,10,1,11,2.6,0,1,3,1
3568,41,Senegal,23,44,156.41,3,1,4,2.3,0,7,1,0
3569,59,Germany,5,22,56.85,16,1,10,3.7,0,7,2,0
3570,50,Spain,31,16,274.21,18,0,13,3.6,1,4,3,0
3571,48,Senegal,23,22,189.93,31,0,13,3.0,0,3,0,0
3572,50,France,1,30,98.27,20,0,8,3.1,0,0,0,1
3573,63,Spain,18,26,108.83,29,2,15,2.8,1,4,2,0
3574,58,Spain,24,31,181.81,4,1,13,2.9,1,4,1,0
3575,57,Germany,23,13,109.56,1,1,19,4.5,0,0,4,1
3576,21,Spain,38,21,52.06,23,1,14,1.0,1,1,2,0
3577,49,Germany,49,0,77.46,43,0,15,4.5,0,2,2,0
3578,53,Portugal,48,9,98.27,20,1,10,4.5,0,5,0,1
3579,27,Germany,22,24,115.18,23,0,7,5.0,0,2,0,0
3580,64,Portugal,18,13,78.89,27,0,14,2.6,1,4,2,0
3581,30,Senegal,40,15,91.54,9,3,15,3.5,0,3,3,1
3582,20,Senegal,20,9,101.7,34,1,6,2.2,1,4,1,1
3583,44,Spain,13,5,187.41,7,1,17,3.4,0,8,1,0
3584,27,Germany,36,30,57.87,13,1,15,3.7,0,0,1,0
3585,31,Senegal,5,25,116.49,16,0,4,4.7,1,6,3,1
3586,64,Germany,51,23,146.38,39,1,16,5.0,1,3,1,0
3587,28,Portugal,32,20,73.18,13,1,9,4.2,1,5,1,0
3588,39,Spain,47,17,176.44,18,0,3,3.4,0,0,2,0
3589,34,Spain,36,5,59.82,24,3,23,3.4,0,0,1,0
3590,65,United Kingdom,41,16,51.03,4,3,10,4.8,0,0,2,0
3591,60,Portugal,54,26,122.35,19,2,7,3.8,0,1,2,0
3592,35,Spain,50,9,112.49,18,0,9,4.8,0,7,0,0
3593,19,Germany,31,12,94.14,1,2,18,2.8,0,3,2,0
3594,37,Germany,47,34,215.29,29,0,11,4.4,0,2,1,0
3595,55,United Kingdom,52,30,191.67,21,1,9,5.0,0,5,1,0
3596,27,Spain,15,11,60.27,31,1,4,3.4,0,6,0,1
3597,33,Germany,58,20,56.92,33,2,9,4.2,1,3,1,0
3598,52,Spain,24,23,107.42,39,1,21,2.8,0,2,2,0
3599,54,United Kingdom,20,30,91.33,15,1,9,3.5,1,4,2,1
3600,48,Portugal,5,8,169.61,10,1,2,1.8,0,0,2,0
3601,21,Germany,26,24,224.65,23,0,13,3.6,0,0,1,0
3602,48,Senegal,22,28,124.86,32,1,20,4.1,0,0,3,1
3603,33,Germany,57,25,102.65,1,3,11,2.3,0,1,5,0
3604,43,Spain,14,18,55.23,40,0,18,2.0,0,5,3,0
3605,36,France,40,6,91.24,22,0,5,5.0,0,4,2,0
3606,56,United Kingdom,38,5,108.84,2,0,6,3.9,0,5,1,1
3607,23,Senegal,51,38,97.19,19,1,17,3.5,0,1,1,0
3608,45,Germany,58,33,79.57,4,7,4,4.6,1,6,3,0
3609,62,Portugal,10,16,161.23,27,1,8,3.7,0,0,3,1
3610,29,Senegal,9,31,62.21,37,0,2,1.8,0,3,2,0
3611,61,Portugal,59,10,85.04,13,2,16,2.4,0,4,2,1
3612,54,Senegal,3,0,136.87,19,2,6,2.9,1,0,1,1
3613,24,Senegal,38,22,67.25,40,1,10,2.6,1,4,0,1
3614,18,France,51,13,94.05,31,0,11,1.4,1,6,1,0
3615,49,Senegal,18,0,160.59,31,1,16,2.8,0,3,4,0
3616,51,Senegal,54,11,108.21,22,4,23,2.2,0,4,3,1
3617,47,Spain,55,22,64.6,46,0,10,3.2,0,0,1,0
3618,62,Spain,7,32,68.88,14,4,16,2.8,0,2,2,1
3619,36,Senegal,26,5,94.68,31,1,20,4.0,0,0,4,0
3620,62,Germany,52,17,160.89,22,0,15,2.7,0,8,1,0
3621,37,United Kingdom,42,35,65.68,11,0,0,3.8,0,8,1,0
3622,33,United Kingdom,43,15,193.08,13,2,19,2.1,0,9,2,1
3623,27,Portugal,10,34,200.48,1,4,6,2.0,1,2,1,1
3624,25,France,7,14,66.37,5,0,6,2.7,0,6,2,1
3625,64,Senegal,19,14,96.09,28,0,13,3.2,0,1,4,0
3626,55,France,46,20,90.95,50,1,20,3.0,0,9,1,0
3627,59,Portugal,43,26,132.59,23,1,19,2.3,0,0,2,0
3628,63,France,58,17,117.15,39,1,4,2.5,0,0,2,1
3629,28,Germany,13,16,102.43,15,0,7,1.7,0,2,1,1
3630,34,Germany,12,12,104.2,17,1,10,2.0,0,3,1,1
3631,43,Portugal,56,25,66.83,29,2,4,1.1,0,5,2,1
3632,38,Portugal,46,6,59.66,31,1,8,4.7,0,0,2,0
3633,54,Portugal,12,30,146.01,19,1,8,2.7,1,1,2,0
3634,34,Germany,6,13,85.21,39,0,12,2.6,0,4,3,0
3635,27,Senegal,57,5,107.73,5,2,15,3.5,1,6,1,0
3636,49,United Kingdom,59,19,137.76,29,2,13,2.2,1,3,1,0
3637,20,Senegal,41,11,82.02,12,1,9,3.3,0,2,0,0
3638,57,United Kingdom,22,15,184.1,35,1,14,2.9,1,2,1,0
3639,50,France,14,25,108.24,42,0,14,3.8,1,4,2,0
3640,65,Portugal,33,17,107.68,29,4,7,3.3,0,6,1,0
3641,51,Spain,40,17,61.02,22,3,12,3.1,0,1,3,1
3642,64,Senegal,30,27,72.33,1,1,15,3.5,0,1,1,0
3643,36,Spain,49,5,134.55,20,1,22,4.0,0,0,3,1
3644,19,Germany,38,26,102.0,1,2,15,2.8,0,0,0,0
3645,48,Germany,60,23,66.39,33,2,18,4.7,0,2,1,0
3646,54,France,60,27,114.51,33,2,22,4.9,0,2,1,0
3647,46,United Kingdom,20,13,127.74,27,1,19,4.1,0,4,1,0
3648,32,Portugal,58,26,76.28,7,2,15,4.0,0,4,2,0
3649,18,Spain,15,27,493.65,2,1,19,3.4,1,9,1,0
3650,46,France,26,18,141.93,38,0,15,2.8,1,4,1,1
3651,22,United Kingdom,35,23,166.82,3,0,3,2.1,0,2,2,0
3652,44,Senegal,33,8,303.67,15,0,10,4.9,0,4,2,0
3653,58,United Kingdom,50,22,209.73,52,0,4,3.5,0,0,0,0
3654,55,France,35,0,147.27,23,1,14,3.9,0,3,1,1
3655,25,France,60,36,122.54,23,0,22,4.2,0,1,1,0
3656,39,France,35,16,167.13,8,1,4,5.0,0,3,0,1
3657,45,Senegal,22,10,61.18,34,1,15,2.5,0,2,0,0
3658,19,Senegal,9,23,115.21,27,4,16,3.4,0,0,2,0
3659,28,Portugal,19,13,285.48,33,3,20,3.2,0,0,2,0
3660,45,France,47,32,265.94,11,2,12,2.5,1,6,1,1
3661,36,United Kingdom,35,22,58.96,27,1,8,4.3,0,2,0,0
3662,22,France,56,26,196.26,9,0,24,4.3,1,4,0,0
3663,33,Senegal,50,5,100.04,37,1,15,3.8,0,1,1,0
3664,35,France,8,2,133.71,20,1,13,3.9,0,8,2,1
3665,50,Spain,30,35,59.99,6,0,18,4.1,0,1,1,0
3666,57,United Kingdom,51,16,164.9,15,0,17,1.7,1,7,1,0
3667,40,France,25,23,71.02,11,1,5,5.0,0,1,1,0
3668,34,Portugal,2,21,163.47,11,3,15,3.9,0,0,0,0
3669,23,Senegal,11,28,100.35,32,1,0,2.5,1,0,0,0
3670,62,Spain,13,16,94.33,12,0,16,3.7,0,5,2,0
3671,58,United Kingdom,2,18,156.38,43,2,13,3.7,0,2,0,0
3672,45,Senegal,52,20,242.59,39,2,1,3.7,0,3,1,0
3673,31,France,13,33,135.98,23,2,16,3.9,0,1,1,0
3674,55,Portugal,45,29,143.35,33,0,13,4.2,1,0,2,0
3675,32,Portugal,60,27,141.66,20,1,11,3.2,0,2,1,0
3676,47,Germany,21,27,142.3,18,1,9,4.6,0,2,0,0
3677,20,Senegal,29,23,117.84,28,0,12,2.9,1,2,1,0
3678,19,Portugal,60,28,42.5,15,0,16,4.0,0,10,1,0
3679,65,Senegal,21,6,108.92,13,1,11,3.6,0,1,1,1
3680,24,Spain,34,0,208.82,32,1,11,3.8,0,5,3,1
3681,26,Germany,32,27,72.56,36,3,24,2.3,0,0,1,0
3682,39,Senegal,40,14,123.68,32,0,7,4.0,0,3,3,0
3683,58,United Kingdom,16,0,152.87,13,3,7,4.8,0,0,1,0
3684,36,Senegal,55,21,47.58,43,1,8,4.3,1,6,3,0
3685,60,France,45,46,134.5,21,3,9,4.1,0,4,3,0
3686,27,United Kingdom,22,4,124.88,15,1,18,3.9,0,6,2,0
3687,51,United Kingdom,5,7,50.51,20,2,16,2.9,0,0,2,0
3688,44,Senegal,2,23,127.12,11,1,9,5.0,0,4,2,0
3689,63,Senegal,56,24,94.18,23,0,3,2.7,1,9,1,0
3690,56,Senegal,24,15,135.4,28,1,13,3.7,1,3,2,0
3691,39,United Kingdom,57,17,156.17,38,0,0,4.4,1,0,0,0
3692,55,Senegal,15,18,66.36,7,0,15,3.8,1,0,4,1
3693,53,Spain,59,40,101.22,36,1,6,2.9,0,2,2,0
3694,53,Spain,56,29,84.44,11,1,11,3.6,0,4,3,0
3695,53,Portugal,20,25,135.76,36,1,0,4.1,1,0,2,0
3696,20,United Kingdom,59,5,138.05,6,1,0,3.3,0,6,3,1
3697,39,United Kingdom,48,22,135.84,43,0,4,3.5,1,0,3,1
3698,55,Senegal,7,0,68.57,16,4,14,3.8,0,0,1,1
3699,41,Germany,35,13,118.95,20,0,9,3.6,1,3,2,1
3700,53,France,6,31,112.56,7,2,16,2.9,0,0,0,1
3701,54,Portugal,56,30,147.43,8,3,22,1.4,1,0,2,0
3702,48,France,47,15,253.65,27,0,9,3.6,0,0,2,0
3703,61,Spain,16,17,66.79,1,0,16,3.8,0,1,1,1
3704,51,United Kingdom,37,49,151.52,10,2,10,2.5,0,1,2,0
3705,30,Germany,36,25,98.74,1,1,8,5.0,1,3,3,0
3706,57,Portugal,25,17,168.48,10,2,1,4.8,1,6,2,0
3707,40,France,26,7,117.28,29,1,0,3.2,0,7,0,0
3708,55,United Kingdom,18,19,102.86,19,0,17,3.7,1,2,2,0
3709,25,Portugal,27,10,128.7,28,0,19,4.7,0,1,3,0
3710,18,Senegal,26,32,192.26,13,0,2,3.7,0,4,0,0
3711,62,France,37,0,146.18,15,1,19,1.9,1,4,0,0
3712,25,Portugal,16,33,198.07,32,2,12,3.6,1,4,1,1
3713,33,Portugal,3,8,165.26,12,1,23,3.3,0,0,1,0
3714,26,France,18,20,86.48,38,2,6,3.4,0,1,1,0
3715,59,France,46,40,132.44,25,5,7,1.9,1,2,1,0
3716,44,Senegal,22,10,81.85,5,2,19,3.9,1,0,4,1
3717,64,Portugal,51,34,221.29,30,0,4,2.0,1,2,1,0
3718,44,Germany,43,16,103.68,29,1,7,4.7,0,5,0,0
3719,60,France,55,21,75.3,31,1,8,2.3,0,0,2,0
3720,40,France,56,0,60.22,23,0,13,1.9,0,1,2,0
3721,33,Germany,32,0,74.89,5,0,15,3.2,0,1,2,1
3722,34,Senegal,28,17,180.54,33,0,6,1.9,0,4,0,1
3723,21,Portugal,30,13,122.5,11,2,10,4.3,0,4,0,1
3724,25,United Kingdom,10,36,62.44,28,0,20,4.4,0,3,3,0
3725,18,Germany,51,33,104.19,5,0,2,4.1,0,0,1,1
3726,47,United Kingdom,20,12,155.44,1,3,11,2.1,0,10,3,1
3727,62,United Kingdom,54,26,76.42,44,1,17,4.7,0,0,0,0
3728,28,Germany,15,19,145.14,31,1,15,2.2,0,2,2,1
3729,33,Portugal,32,4,120.48,13,0,3,3.5,0,7,1,0
3730,53,Spain,42,12,127.98,36,1,11,3.7,0,5,3,1
3731,64,United Kingdom,34,19,69.17,11,0,5,3.2,0,0,1,1
3732,60,Spain,52,19,211.93,5,3,17,2.7,0,2,0,0
3733,22,Spain,57,26,99.04,1,1,16,4.7,1,0,2,0
3734,34,France,49,23,100.46,6,1,16,4.6,0,3,2,0
3735,57,Spain,52,5,105.26,13,0,10,3.7,0,0,2,0
3736,58,Germany,34,32,108.85,20,0,13,3.1,1,2,1,0
3737,38,Portugal,50,8,116.46,15,2,12,3.2,0,0,1,0
3738,18,Germany,13,12,141.51,22,0,10,2.7,1,4,2,0
3739,64,Germany,17,14,95.33,5,1,17,4.1,0,1,4,1
3740,30,Portugal,26,17,61.3,1,1,14,3.0,0,3,3,0
3741,54,Spain,23,17,74.12,8,4,13,4.0,1,3,1,0
3742,30,France,21,26,126.56,23,2,31,2.9,1,7,4,0
3743,48,France,35,12,121.41,22,1,18,3.2,0,4,2,1
3744,53,Senegal,45,5,148.31,31,0,18,5.0,1,3,0,0
3745,26,France,27,7,105.02,9,1,7,2.2,0,0,2,1
3746,44,Spain,48,13,317.91,33,1,12,4.6,1,4,2,0
3747,53,Germany,46,3,156.33,3,3,14,3.5,1,1,1,0
3748,31,United Kingdom,7,2,87.63,26,1,8,3.7,1,4,2,1
3749,55,Germany,8,1,135.21,26,0,20,3.7,0,5,1,0
3750,46,France,6,0,265.72,5,1,6,2.7,0,6,1,1
3751,25,Senegal,52,25,165.73,13,3,3,3.0,0,6,1,0
3752,65,Portugal,49,15,70.38,21,2,9,3.5,1,0,0,0
3753,35,Spain,11,16,69.82,36,2,14,3.7,0,7,3,0
3754,18,Germany,53,11,169.59,19,0,11,2.6,0,4,3,0
3755,39,Senegal,6,11,97.27,21,5,8,4.0,0,0,1,1
3756,54,United Kingdom,1,9,73.42,19,3,10,3.7,0,0,1,1
3757,40,Germany,36,20,88.65,15,1,7,4.1,0,2,1,1
3758,24,Portugal,37,0,238.37,17,0,19,3.3,1,5,3,1
3759,29,France,15,8,144.81,1,0,11,4.7,0,8,2,0
3760,30,France,13,12,193.08,34,0,14,3.1,1,10,3,0
3761,60,Germany,15,26,222.3,1,1,6,3.8,0,4,0,1
3762,64,Portugal,14,27,109.05,18,0,11,4.3,0,2,2,0
3763,37,Portugal,28,12,165.27,4,1,16,2.9,1,0,2,1
3764,28,Germany,25,26,139.39,35,1,17,3.1,1,4,2,0
3765,52,France,44,6,173.84,16,0,9,2.9,0,0,1,0
3766,23,France,14,15,118.26,24,0,25,3.2,1,3,0,0
3767,45,France,45,10,232.82,15,3,16,4.2,0,3,1,1
3768,51,Portugal,36,11,65.13,28,0,15,3.4,0,6,3,0
3769,55,Spain,22,20,109.41,24,1,4,3.7,0,5,3,1
3770,56,Spain,43,17,213.62,13,0,3,3.4,0,2,1,0
3771,45,France,40,9,188.39,31,0,14,3.4,0,1,2,0
3772,38,United Kingdom,39,23,127.04,12,2,18,3.2,1,2,0,0
3773,19,France,26,14,127.16,32,0,22,2.8,0,0,2,0
3774,47,Senegal,56,16,229.54,20,1,13,4.3,0,1,2,0
3775,26,Senegal,15,30,80.44,25,1,7,4.5,0,4,1,0
3776,25,Spain,31,0,164.88,46,1,0,3.5,0,1,1,0
3777,63,Portugal,53,26,395.89,37,3,2,4.1,1,6,2,0
3778,52,France,52,11,99.56,30,1,15,3.0,1,3,1,0
3779,50,Spain,35,0,281.12,24,1,1,4.4,0,7,4,1
3780,53,Senegal,22,23,339.37,12,0,11,4.4,0,0,1,1
3781,34,United Kingdom,36,24,128.2,26,1,9,3.0,1,0,0,0
3782,45,Germany,55,17,120.14,30,1,16,3.3,0,0,1,0
3783,32,Portugal,41,30,87.7,35,1,22,3.9,1,3,0,0
3784,46,Senegal,28,0,155.44,20,4,7,3.2,0,4,2,1
3785,65,United Kingdom,30,22,146.98,12,0,4,3.5,1,7,2,0
3786,39,Senegal,3,18,215.4,13,3,2,4.6,0,1,1,0
3787,60,Portugal,2,18,48.8,34,0,7,3.9,0,6,1,0
3788,23,United Kingdom,11,12,78.96,12,2,22,5.0,0,2,1,0
3789,55,Senegal,6,14,95.94,6,2,0,3.0,0,9,2,1
3790,24,Germany,51,15,146.1,31,1,11,1.9,0,5,2,0
3791,21,Portugal,48,18,77.59,21,2,11,2.3,0,6,2,1
3792,27,United Kingdom,21,25,265.07,14,1,7,2.7,0,5,2,1
3793,50,Portugal,19,26,87.83,22,2,11,3.6,0,0,1,0
3794,23,Spain,53,33,94.11,39,0,11,4.2,1,5,1,0
3795,52,Germany,19,16,40.07,2,1,10,2.8,0,2,4,0
3796,22,France,12,10,78.01,30,0,18,3.4,0,3,1,0
3797,57,Senegal,21,3,322.75,49,1,0,4.5,0,4,2,1
3798,45,Germany,2,16,81.87,9,2,12,4.0,1,4,1,1
3799,60,United Kingdom,57,16,134.39,12,0,22,3.5,1,7,1,0
3800,39,Senegal,24,15,99.23,40,1,12,4.2,0,0,0,0
3801,27,Germany,25,20,76.64,1,3,9,5.0,0,1,0,1
3802,27,United Kingdom,33,28,86.96,42,0,2,3.3,1,3,1,0
3803,60,Senegal,24,15,159.07,34,0,14,3.9,0,2,2,0
3804,54,Germany,47,12,121.12,10,1,20,2.2,1,6,2,0
3805,58,Germany,4,22,148.22,9,1,13,2.9,0,5,0,1
3806,56,Spain,36,10,154.8,32,2,20,2.3,0,7,0,0
3807,19,Spain,50,26,200.95,1,1,7,4.2,0,4,2,0
3808,51,France,9,20,93.28,23,1,19,4.3,1,5,0,0
3809,21,Senegal,56,23,183.92,21,1,10,2.4,0,1,4,0
3810,25,Spain,59,35,64.49,26,0,6,3.5,0,6,3,1
3811,58,Portugal,17,1,84.67,19,0,10,3.8,0,4,0,0
3812,53,Germany,32,17,103.39,38,2,8,4.0,0,2,0,0
3813,30,Germany,46,3,81.64,1,3,13,2.8,0,2,2,1
3814,22,Germany,18,20,111.41,7,1,4,2.8,1,2,0,0
3815,27,Portugal,26,32,73.77,42,3,11,3.4,0,3,3,0
3816,28,Spain,37,10,56.45,13,2,7,4.2,0,1,2,0
3817,37,Germany,20,9,103.82,17,3,14,3.8,1,2,1,1
3818,44,Portugal,9,36,106.58,21,0,9,3.9,0,3,2,0
3819,51,Germany,14,33,302.31,28,3,14,4.3,1,3,3,0
3820,34,Senegal,30,18,155.11,12,0,11,3.9,0,0,1,0
3821,36,Portugal,25,14,87.21,8,0,14,3.9,1,2,4,0
3822,41,United Kingdom,56,40,137.5,16,0,13,3.4,0,3,1,0
3823,32,Portugal,44,12,97.55,28,0,3,2.8,0,3,0,0
3824,29,United Kingdom,13,21,140.97,20,0,12,3.2,0,3,4,0
3825,19,Portugal,6,28,63.89,3,1,3,3.6,0,5,2,1
3826,35,United Kingdom,33,14,111.39,21,0,17,4.7,0,3,0,0
3827,50,Senegal,50,4,67.5,27,1,15,4.7,1,0,4,1
3828,33,Spain,45,13,133.3,49,1,16,3.2,0,2,3,0
3829,35,United Kingdom,47,24,67.12,6,2,11,2.8,0,2,0,0
3830,62,Senegal,44,17,175.12,3,1,15,4.3,0,0,1,1
3831,61,Portugal,4,22,67.06,24,0,8,4.1,0,0,1,0
3832,31,France,14,15,95.04,19,0,9,3.3,0,1,0,0
3833,30,Spain,17,20,123.94,23,2,7,3.8,0,1,2,0
3834,25,Germany,47,22,96.17,42,3,15,4.1,1,0,3,0
3835,24,Senegal,7,17,40.0,6,3,18,3.5,0,0,1,1
3836,47,Portugal,57,22,294.35,16,1,23,3.7,0,2,2,0
3837,56,France,16,0,107.58,12,4,5,4.7,0,5,0,0
3838,30,Germany,14,15,131.58,21,0,0,2.8,1,6,1,0
3839,32,Senegal,57,15,58.46,35,0,16,3.9,0,0,1,1
3840,22,Senegal,59,15,103.58,32,0,13,3.9,0,7,5,0
3841,49,United Kingdom,25,13,122.5,17,0,18,4.5,1,8,1,0
3842,44,Spain,47,18,173.32,27,1,17,2.7,0,0,1,0
3843,18,France,14,21,146.05,17,0,21,2.9,0,2,1,0
3844,19,Spain,7,11,143.29,21,0,5,3.7,0,0,1,0
3845,53,France,54,21,151.65,9,2,6,2.4,0,1,1,0
3846,33,Portugal,25,10,165.29,1,0,15,2.7,0,3,2,0
3847,49,United Kingdom,47,22,88.07,32,0,8,2.3,0,2,3,0
3848,25,Portugal,59,24,95.07,12,2,17,2.2,0,9,3,1
3849,57,Portugal,14,6,160.7,22,1,15,2.7,0,2,0,0
3850,40,France,57,5,181.71,12,2,17,3.2,1,4,2,1
3851,22,Senegal,56,34,204.11,22,1,21,4.9,0,9,1,0
3852,36,Senegal,35,31,97.46,30,2,12,1.7,0,5,2,1
3853,51,Germany,22,1,143.7,33,2,0,4.3,0,4,1,0
3854,44,France,11,28,50.7,24,2,14,3.8,0,4,3,1
3855,31,Spain,39,29,103.79,16,0,18,1.0,0,6,0,1
3856,46,United Kingdom,22,11,164.95,12,2,13,2.5,0,4,3,1
3857,34,Senegal,45,18,96.79,26,1,8,2.6,0,0,2,0
3858,26,Spain,35,26,176.34,26,0,17,3.7,0,9,2,0
3859,41,Portugal,2,21,100.4,33,1,14,4.3,0,6,0,0
3860,49,Germany,28,12,68.68,42,0,5,3.3,0,0,1,0
3861,20,Spain,45,16,164.13,32,1,14,3.8,1,1,1,0
3862,45,Senegal,3,0,82.35,30,1,18,3.6,0,0,3,0
3863,21,Spain,57,13,170.66,39,1,12,4.6,1,0,2,0
3864,56,Senegal,53,21,149.08,14,1,10,3.7,0,0,1,1
3865,27,Portugal,30,36,101.69,17,1,10,3.5,1,3,1,0
3866,31,Senegal,12,12,81.74,13,0,4,3.0,0,3,1,1
3867,39,United Kingdom,4,14,80.0,1,0,5,2.4,0,1,1,1
3868,29,Germany,37,3,142.74,41,1,22,4.0,1,2,4,0
3869,49,Germany,49,26,175.69,42,2,17,3.7,0,6,1,0
3870,57,France,34,6,87.55,32,1,4,3.7,0,2,2,0
3871,20,Senegal,16,11,89.23,1,1,8,2.7,0,6,3,1
3872,51,Germany,50,8,75.83,12,1,12,4.6,1,0,1,0
3873,48,Portugal,59,32,149.88,11,2,4,4.1,0,3,1,0
3874,26,Germany,3,16,112.37,6,0,6,4.0,1,0,2,0
3875,57,Portugal,8,21,244.3,32,1,21,3.1,1,0,4,0
3876,46,Portugal,45,10,211.4,23,2,11,3.8,1,5,3,0
3877,50,United Kingdom,37,19,67.18,14,0,15,2.5,0,5,0,1
3878,36,United Kingdom,37,9,47.18,1,2,9,3.5,1,0,0,1
3879,46,United Kingdom,38,28,151.86,17,1,14,3.4,0,7,0,0
3880,56,Portugal,37,8,190.32,20,0,4,3.4,0,4,2,0
3881,57,Spain,52,7,90.51,13,2,4,4.6,0,5,4,0
3882,36,Spain,42,15,181.56,8,0,8,3.3,0,3,2,0
3883,64,Portugal,44,18,80.2,19,2,11,4.3,0,0,1,0
3884,23,Spain,19,9,44.63,8,1,11,2.9,1,0,0,0
3885,55,Germany,41,12,140.67,20,2,23,3.3,0,1,1,1
3886,39,Spain,7,21,99.24,17,1,1,3.8,0,2,2,0
3887,37,Spain,40,18,79.6,1,0,14,2.4,0,5,4,0
3888,29,France,7,18,47.08,22,2,10,3.0,1,3,1,0
3889,32,United Kingdom,50,17,207.15,20,1,21,2.7,1,5,1,0
3890,43,Spain,36,8,175.29,32,3,7,2.7,0,0,1,1
3891,57,Portugal,2,7,166.69,28,0,0,3.0,0,2,3,0
3892,43,Portugal,8,11,84.23,20,1,11,3.4,0,7,0,0
3893,19,Portugal,29,15,149.88,36,0,20,3.8,1,0,1,0
3894,53,Portugal,15,35,85.06,26,1,9,3.2,0,5,2,0
3895,60,Portugal,39,19,40.36,2,2,16,2.7,0,8,2,0
3896,51,France,43,5,83.33,1,0,11,2.9,0,3,1,0
3897,36,Senegal,58,0,129.16,12,1,12,1.7,0,0,2,1
3898,60,Senegal,10,21,62.53,20,1,10,3.5,0,6,2,0
3899,45,United Kingdom,2,14,87.45,23,1,10,2.8,0,5,3,0
3900,27,Germany,38,25,93.9,15,1,9,4.7,0,2,2,0
3901,27,Germany,43,24,158.75,13,1,4,2.0,0,0,0,0
3902,42,Spain,25,28,84.97,1,0,7,3.5,0,1,1,0
3903,31,Senegal,36,11,146.21,27,0,1,3.6,0,0,1,0
3904,61,Portugal,57,24,86.13,27,1,5,2.7,1,0,1,0
3905,51,United Kingdom,37,37,44.75,42,2,0,2.5,0,2,1,0
3906,25,United Kingdom,54,9,180.48,20,4,17,3.5,1,0,1,1
3907,52,France,16,8,156.22,3,0,6,3.3,0,1,0,0
3908,50,United Kingdom,41,14,111.54,9,0,5,3.7,0,5,7,0
3909,28,Germany,49,8,43.74,9,1,21,3.3,1,4,0,1
3910,50,Germany,39,13,141.69,16,1,17,2.8,0,2,1,0
3911,22,Senegal,8,21,113.39,15,1,5,2.8,0,7,2,0
3912,50,France,5,25,137.89,14,1,17,2.1,1,0,1,1
3913,57,United Kingdom,53,10,90.41,17,3,7,3.3,0,0,3,0
3914,21,Senegal,25,3,108.83,31,1,11,3.7,0,0,2,0
3915,35,Senegal,19,35,165.4,28,1,3,3.2,0,4,1,1
3916,65,United Kingdom,4,11,134.64,9,0,9,5.0,0,0,0,0
3917,58,Spain,13,25,123.08,28,1,12,3.0,0,2,1,0
3918,59,Germany,41,11,221.14,25,2,11,3.1,1,2,1,0
3919,32,Portugal,18,34,155.78,38,1,2,4.9,0,4,1,0
3920,46,Germany,39,21,102.09,12,0,9,3.3,0,2,1,1
3921,63,Germany,57,27,106.61,46,0,6,4.3,1,0,0,0
3922,44,Portugal,9,15,263.74,24,1,5,3.7,0,6,4,1
3923,53,Senegal,48,23,150.83,19,2,1,3.2,0,0,3,0
3924,48,Germany,60,24,120.91,31,2,11,4.1,1,2,1,0
3925,62,Spain,5,16,89.87,28,1,20,2.4,0,2,3,1
3926,43,Spain,44,18,352.47,24,1,0,2.9,0,1,1,1
3927,30,France,13,19,130.79,9,1,17,3.8,0,0,1,1
3928,26,United Kingdom,23,12,100.91,30,1,15,2.7,0,5,3,1
3929,40,Germany,7,18,141.55,22,3,4,1.9,0,4,0,0
3930,47,Senegal,14,13,50.98,27,0,15,1.6,0,7,2,0
3931,28,Portugal,7,21,83.4,22,1,12,3.8,1,6,1,1
3932,42,Senegal,15,17,53.19,25,2,14,2.2,0,4,1,1
3933,50,Portugal,21,19,108.17,29,0,17,3.5,1,9,2,0
3934,54,United Kingdom,25,15,56.98,11,2,12,4.6,1,5,1,1
3935,22,Portugal,35,7,88.92,23,3,19,3.2,0,2,1,1
3936,21,Portugal,11,9,120.83,12,4,12,3.0,0,6,2,1
3937,27,Germany,19,8,176.19,3,1,2,4.3,0,2,0,0
3938,24,Germany,18,36,70.97,22,0,13,4.0,0,1,1,1
3939,46,France,44,33,95.43,16,1,1,2.5,0,0,3,1
3940,48,Spain,7,7,183.4,5,1,11,2.8,0,5,1,0
3941,65,Germany,43,22,46.36,11,1,25,2.7,0,3,1,0
3942,22,Senegal,54,34,120.81,4,0,14,3.4,1,1,1,1
3943,49,Spain,35,12,203.35,35,2,21,3.6,0,2,2,1
3944,30,United Kingdom,34,21,62.7,11,1,3,1.7,0,4,1,0
3945,54,Spain,22,18,101.03,13,1,22,3.9,0,1,0,0
3946,64,Portugal,39,29,63.83,2,0,23,4.4,0,7,2,0
3947,32,Spain,16,29,160.35,37,2,5,2.7,0,0,1,0
3948,29,Spain,44,0,131.28,38,0,15,4.3,0,0,1,0
3949,39,France,37,20,114.6,26,1,16,2.3,0,0,1,0
3950,19,Germany,51,6,45.26,21,2,0,4.6,0,6,1,0
3951,58,Germany,26,19,206.54,15,3,6,3.6,0,2,1,0
3952,47,Germany,45,11,70.86,25,0,20,5.0,1,6,2,0
3953,49,France,58,22,87.03,35,2,19,4.3,0,4,4,0
3954,27,Senegal,24,7,134.12,34,3,10,3.0,0,1,5,1
3955,27,Senegal,43,28,128.03,28,3,9,4.6,0,2,2,0
3956,58,United Kingdom,21,19,97.24,12,2,27,4.6,0,3,0,1
3957,43,Portugal,56,19,57.54,11,1,12,5.0,0,1,2,1
3958,39,Spain,29,22,245.55,21,1,19,3.3,0,6,2,0
3959,43,Spain,10,7,95.92,2,0,5,3.8,0,1,1,0
3960,29,Senegal,37,0,90.61,5,0,5,5.0,1,1,1,0
3961,47,Spain,3,12,143.84,24,2,24,3.7,0,4,2,0
3962,61,United Kingdom,16,1,121.04,31,2,15,4.0,0,5,3,0
3963,36,Spain,56,11,123.78,30,0,21,2.5,1,3,0,0
3964,20,United Kingdom,52,17,64.26,31,2,1,3.2,1,5,1,0
3965,64,France,43,17,68.04,26,3,14,3.8,0,4,0,0
3966,64,Spain,46,11,248.8,32,3,13,3.2,0,4,3,0
3967,36,Portugal,9,10,76.94,1,1,14,3.9,0,3,1,0
3968,65,Spain,33,11,57.7,27,1,3,3.0,0,0,1,1
3969,23,United Kingdom,23,29,52.02,5,1,18,3.1,0,3,2,0
3970,47,Senegal,45,15,61.4,31,0,17,4.4,0,0,3,1
3971,29,France,58,25,109.93,13,1,30,2.8,0,3,3,0
3972,48,France,35,17,221.08,20,2,18,3.3,0,6,1,0
3973,19,Spain,29,17,48.0,31,3,10,2.1,0,2,1,0
3974,57,Senegal,47,20,116.37,10,2,21,5.0,0,2,2,0
3975,49,Spain,35,31,210.08,14,1,4,2.8,0,5,0,0
3976,57,Spain,59,13,209.44,17,0,10,1.8,0,0,2,0
3977,27,France,21,10,64.32,44,1,9,4.3,0,4,1,0
3978,65,Senegal,51,3,117.03,37,0,7,4.0,0,6,0,0
3979,51,Senegal,26,41,140.41,17,2,9,4.3,0,7,3,0
3980,33,United Kingdom,4,12,223.07,26,3,16,4.0,0,0,2,0
3981,60,United Kingdom,49,6,139.76,1,2,18,3.6,0,1,2,1
3982,57,United Kingdom,44,21,122.02,26,0,5,4.0,0,0,0,1
3983,61,Senegal,11,14,84.82,18,2,12,3.7,0,1,2,0
3984,65,United Kingdom,55,24,68.54,17,0,4,3.6,0,6,3,0
3985,51,Germany,30,3,236.24,1,0,14,1.7,0,4,4,1
3986,40,Spain,19,29,176.18,9,1,14,3.9,1,8,1,0
3987,26,Portugal,35,14,35.02,21,0,9,2.7,0,0,0,0
3988,43,France,56,33,32.8,6,1,28,4.4,0,3,0,0
3989,54,Senegal,22,44,104.69,14,2,6,4.2,0,5,1,0
3990,61,Portugal,59,5,196.1,5,0,16,3.9,0,2,3,0
3991,39,Portugal,60,4,185.62,35,0,14,4.6,0,9,0,0
3992,39,Germany,11,25,272.79,17,3,13,2.9,0,2,1,1
3993,55,France,56,12,73.27,39,2,12,4.8,0,5,1,0
3994,56,Portugal,24,28,61.18,42,0,11,3.3,1,3,1,0
3995,50,Senegal,36,9,165.44,23,0,13,4.3,0,6,3,0
3996,19,Portugal,32,24,171.57,1,2,18,4.8,0,1,2,0
3997,53,United Kingdom,2,15,252.81,25,0,25,4.0,0,2,2,0
3998,61,United Kingdom,53,11,192.37,5,0,25,3.0,0,4,3,1
3999,37,Portugal,40,33,56.78,27,0,7,5.0,1,6,0,0
4000,50,Spain,5,11,95.07,44,1,12,4.3,0,0,1,1
4001,48,Spain,31,3,80.29,24,2,11,3.3,1,0,2,1
4002,63,United Kingdom,38,25,215.09,24,2,21,3.3,1,0,1,0
4003,23,United Kingdom,14,17,224.96,17,2,19,2.9,0,2,4,1
4004,36,Germany,7,33,93.87,8,1,3,3.3,0,4,0,0
4005,24,France,47,10,173.19,27,0,27,3.7,1,0,2,0
4006,31,Germany,31,21,49.05,14,2,13,2.8,0,0,2,0
4007,24,France,52,9,207.3,25,1,6,3.6,0,2,1,0
4008,20,Senegal,40,21,118.4,23,1,2,4.0,0,4,1,0
4009,62,Portugal,52,14,197.49,13,3,8,3.1,1,3,0,0
4010,23,Senegal,50,28,104.84,20,2,21,2.6,0,0,1,0
4011,57,Spain,8,10,61.72,18,0,0,3.9,0,4,1,0
4012,53,Senegal,39,21,119.89,28,3,5,4.2,0,0,1,1
4013,48,Senegal,18,25,65.32,27,0,22,2.9,0,0,0,0
4014,50,Spain,36,27,173.33,31,0,0,4.5,0,2,1,0
4015,28,France,60,22,163.11,44,0,8,5.0,0,5,1,0
4016,45,Germany,4,23,101.83,29,0,8,3.2,0,3,1,0
4017,55,Spain,27,18,54.99,9,1,7,3.4,0,0,1,0
4018,46,United Kingdom,20,24,60.55,32,4,15,5.0,0,4,2,1
4019,63,United Kingdom,33,12,195.76,21,1,30,3.9,0,5,3,0
4020,60,United Kingdom,35,27,96.38,23,0,12,3.8,0,4,2,0
4021,45,United Kingdom,51,0,171.67,42,1,13,2.8,0,3,0,0
4022,57,United Kingdom,12,32,85.75,24,1,21,2.9,0,3,1,0
4023,57,Senegal,6,6,136.66,4,0,11,2.6,0,6,2,1
4024,39,Senegal,9,24,48.77,19,3,17,2.2,0,2,1,1
4025,20,Senegal,10,36,64.87,35,0,18,3.8,0,0,3,0
4026,32,Spain,42,18,98.79,28,0,10,3.5,0,0,1,1
4027,33,France,42,9,90.07,19,2,21,4.3,0,7,1,0
4028,25,United Kingdom,56,23,56.47,15,1,11,3.3,0,4,2,0
4029,38,United Kingdom,31,10,94.85,1,1,5,3.5,1,5,1,1
4030,58,Germany,36,0,165.66,37,1,16,2.7,0,4,1,0
4031,36,United Kingdom,19,19,45.51,36,2,4,4.2,0,4,1,0
4032,42,Germany,38,8,96.91,1,1,11,3.3,0,0,4,0
4033,27,Germany,55,35,176.94,1,1,8,3.4,0,1,1,0
4034,45,Germany,58,7,160.5,9,1,6,4.4,0,6,1,0
4035,36,Portugal,27,18,91.07,25,2,19,4.3,1,0,2,1
4036,41,Spain,48,42,224.59,22,1,13,3.7,0,0,3,0
4037,36,France,5,6,105.12,24,1,23,3.1,0,0,1,0
4038,29,Portugal,35,19,232.04,5,2,11,3.7,0,0,1,1
4039,26,France,54,17,128.69,34,0,22,2.8,1,6,2,0
4040,27,Portugal,1,31,75.96,45,0,16,2.9,0,6,1,0
4041,21,Germany,48,29,60.04,29,2,9,3.6,1,1,1,0
4042,33,Germany,17,29,176.43,57,0,9,5.0,0,1,2,0
4043,53,Germany,23,25,86.93,38,1,15,1.7,1,0,1,0
4044,48,Germany,34,15,118.4,23,1,11,3.8,0,0,0,0
4045,29,France,58,27,111.73,33,5,9,2.9,0,4,1,0
4046,34,Portugal,24,17,117.62,21,1,7,5.0,0,3,1,0
4047,26,Germany,10,18,63.27,1,0,0,4.4,0,3,0,0
4048,38,France,40,24,67.1,23,1,9,1.9,1,0,4,0
4049,60,Portugal,30,24,230.32,15,3,8,2.0,0,0,1,0
4050,33,Portugal,7,23,59.33,20,0,11,3.6,0,0,1,0
4051,29,Portugal,29,15,102.05,20,0,14,2.4,0,5,1,0
4052,29,Senegal,30,30,170.47,28,1,11,3.3,0,2,1,0
4053,63,Portugal,14,6,220.47,23,3,18,3.7,0,1,2,0
4054,29,Senegal,21,8,77.48,18,2,15,3.4,1,2,1,1
4055,54,Spain,14,17,103.51,12,1,9,4.4,0,8,1,0
4056,24,Portugal,28,22,94.38,16,0,15,3.3,0,3,2,0
4057,55,Senegal,41,15,186.24,16,0,21,2.8,0,4,2,0
4058,27,France,58,23,92.79,32,0,9,4.4,1,2,0,0
4059,62,France,51,23,97.49,40,3,16,2.7,0,4,2,0
4060,31,United Kingdom,36,0,188.86,21,1,6,4.6,0,3,1,1
4061,25,Germany,47,31,150.58,21,0,18,4.3,0,5,2,0
4062,49,France,11,23,79.88,21,2,17,2.6,0,4,6,1
4063,19,Spain,22,16,152.92,6,1,12,3.4,0,2,1,1
4064,49,Spain,46,9,179.27,11,0,16,3.1,0,6,0,1
4065,46,Spain,53,14,70.63,18,0,14,3.4,0,6,0,0
4066,18,France,37,12,114.66,44,2,1,3.3,1,0,1,1
4067,21,United Kingdom,16,21,107.24,23,0,17,4.8,0,3,0,0
4068,51,Germany,47,12,106.05,18,1,10,5.0,1,3,1,0
4069,38,France,38,25,396.78,38,2,8,3.2,0,5,1,0
4070,51,France,9,25,76.9,21,0,12,4.6,1,4,0,0
4071,24,France,51,25,118.82,17,2,12,2.5,0,0,1,0
4072,64,Senegal,36,26,200.17,40,0,7,4.0,1,7,1,1
4073,20,United Kingdom,49,16,323.51,1,0,10,1.8,0,0,2,0
4074,61,Germany,34,17,49.82,39,2,25,1.7,0,7,2,0
4075,46,United Kingdom,44,15,105.35,22,1,12,2.5,1,3,1,0
4076,63,United Kingdom,43,10,120.01,24,1,6,3.6,0,2,0,1
4077,58,Spain,26,32,187.45,16,0,20,3.3,0,6,4,0
4078,20,France,2,28,190.79,53,2,15,3.3,0,3,0,0
4079,42,Portugal,6,15,69.52,26,1,18,2.6,0,6,0,0
4080,54,United Kingdom,8,14,128.78,14,2,4,3.4,0,6,1,1
4081,28,France,56,31,258.5,34,0,19,4.0,0,2,1,0
4082,23,Senegal,50,13,145.75,3,2,7,4.0,1,3,2,0
4083,64,Spain,48,16,105.35,18,1,13,1.8,0,1,5,1
4084,37,France,31,1,117.94,37,1,15,4.7,0,4,0,0
4085,50,France,4,23,129.08,21,0,13,5.0,0,0,5,1
4086,18,Spain,27,25,98.32,18,0,25,3.8,0,0,1,1
4087,61,Spain,32,22,71.4,11,0,8,5.0,1,2,3,0
4088,27,Germany,4,27,199.72,29,0,4,5.0,0,5,5,0
4089,25,France,11,14,104.42,15,2,2,4.6,1,0,3,0
4090,62,Germany,27,21,111.36,34,1,26,3.1,0,5,1,0
4091,21,Senegal,39,24,80.36,16,3,10,4.8,0,0,5,0
4092,25,Senegal,25,29,191.97,22,0,1,3.2,0,5,3,1
4093,29,Senegal,8,11,140.72,9,3,11,4.6,0,2,1,1
4094,26,Portugal,22,24,46.64,28,1,5,4.7,0,3,1,0
4095,46,France,13,13,120.09,21,2,15,3.4,0,2,3,0
4096,31,Senegal,19,11,115.27,45,2,17,3.4,0,5,3,0
4097,39,France,35,14,76.22,37,1,14,4.0,1,0,5,1
4098,59,Portugal,52,31,107.76,23,1,13,3.9,0,3,4,0
4099,27,United Kingdom,12,0,35.16,13,0,14,3.2,1,4,2,1
4100,53,Portugal,26,14,185.15,23,2,23,2.8,0,5,1,1
4101,39,Senegal,37,20,51.57,12,2,6,3.1,0,5,1,0
4102,27,Spain,19,21,42.0,15,0,6,4.8,0,4,4,1
4103,55,France,45,13,97.75,19,2,20,5.0,0,0,2,0
4104,40,Portugal,25,20,58.51,33,2,12,3.1,0,2,2,1
4105,65,Portugal,42,20,145.31,6,0,22,4.3,1,5,1,0
4106,63,Portugal,37,34,123.35,33,2,20,4.8,0,7,0,0
4107,62,Spain,32,36,73.25,29,1,14,4.8,0,7,1,0
4108,32,Germany,8,12,88.42,17,0,14,4.1,1,0,0,1
4109,40,Spain,21,17,98.63,11,1,0,5.0,0,2,2,0
4110,26,France,55,12,119.01,39,2,17,3.7,1,4,3,0
4111,65,France,2,16,114.52,30,0,11,3.6,1,1,1,0
4112,21,Germany,8,36,192.3,26,3,0,4.3,0,2,2,1
4113,32,Spain,32,35,84.67,25,0,19,3.7,0,5,0,0
4114,57,Senegal,29,36,94.34,34,1,11,3.6,0,0,0,0
4115,45,Germany,56,10,72.53,9,0,10,3.4,0,4,1,0
4116,26,France,56,43,127.51,1,3,2,3.0,0,9,2,0
4117,24,United Kingdom,21,25,139.71,19,2,8,3.9,0,3,2,0
4118,61,Portugal,42,8,102.31,38,2,8,3.5,1,7,0,0
4119,36,Senegal,16,30,109.73,24,2,11,4.0,1,10,2,1
4120,41,Germany,32,37,139.8,17,1,21,2.4,0,3,4,0
4121,46,United Kingdom,28,16,143.76,23,1,9,3.7,0,4,2,0
4122,22,United Kingdom,29,19,90.38,34,0,4,4.0,0,0,2,0
4123,40,United Kingdom,19,20,116.21,40,2,17,4.4,0,2,1,0
4124,33,United Kingdom,31,31,168.65,21,1,10,2.4,0,3,2,1
4125,34,Germany,28,10,117.85,30,1,14,4.0,1,6,0,1
4126,21,Senegal,52,27,63.0,1,0,4,5.0,0,1,0,0
4127,31,Senegal,52,0,119.24,17,1,26,1.8,0,1,2,0
4128,53,France,7,30,107.6,25,1,7,4.6,0,6,3,0
4129,23,Germany,11,10,113.54,31,1,9,2.7,0,0,1,1
4130,18,Spain,7,18,127.72,23,3,10,4.7,0,5,3,0
4131,46,Senegal,10,32,155.47,29,3,10,2.6,0,4,2,0
4132,24,United Kingdom,46,37,44.35,28,0,12,3.2,1,6,1,0
4133,50,Senegal,27,18,148.06,19,2,9,3.0,0,3,3,1
4134,47,Portugal,15,14,266.48,16,0,7,5.0,0,0,1,0
4135,36,United Kingdom,34,36,38.64,23,1,2,2.5,0,3,3,0
4136,30,Germany,12,31,231.45,3,0,6,4.1,1,0,2,0
4137,19,Spain,28,17,101.78,13,0,4,4.6,1,7,2,0
4138,51,Portugal,23,10,141.79,12,0,12,2.6,0,2,1,0
4139,56,United Kingdom,32,10,184.17,40,0,11,3.9,1,4,2,0
4140,18,United Kingdom,13,14,117.15,20,1,10,2.3,0,5,2,0
4141,30,Spain,26,10,79.87,20,4,3,4.6,1,4,3,0
4142,46,United Kingdom,54,23,145.85,21,1,0,2.8,0,0,2,0
4143,27,Senegal,23,12,152.26,11,3,15,5.0,0,1,1,0
4144,26,Portugal,55,20,69.16,16,1,22,5.0,0,1,0,1
4145,35,Germany,27,18,99.85,10,1,15,3.2,0,5,1,1
4146,39,Portugal,38,11,79.31,24,1,18,4.2,1,0,1,1
4147,25,Senegal,29,17,162.83,14,2,5,3.6,0,4,1,0
4148,25,United Kingdom,3,7,228.28,18,1,10,2.9,1,3,2,0
4149,55,France,35,0,155.52,22,1,10,3.6,0,0,1,0
4150,63,Spain,49,26,154.96,10,1,12,4.2,0,0,1,0
4151,62,United Kingdom,37,37,137.35,28,3,9,3.7,1,3,1,0
4152,63,Senegal,21,30,117.41,24,0,13,5.0,0,0,2,1
4153,57,Spain,33,32,266.42,34,0,23,3.2,1,4,1,0
4154,59,Spain,53,25,125.78,27,0,17,3.7,0,4,0,0
4155,56,Spain,32,17,183.61,31,4,8,3.2,0,5,3,0
4156,30,Germany,38,23,283.25,28,1,16,3.2,0,5,0,1
4157,44,Germany,39,15,55.58,39,2,18,4.0,0,5,2,0
4158,44,Germany,7,3,178.21,19,2,19,3.3,1,7,0,0
4159,21,Germany,31,22,161.87,23,1,5,4.7,0,1,2,0
4160,29,United Kingdom,28,35,112.4,25,2,4,3.9,1,0,2,0
4161,50,Portugal,38,20,112.9,33,0,0,3.6,0,4,1,0
4162,25,Spain,29,21,103.75,23,0,3,3.8,0,7,0,1
4163,34,France,57,21,133.74,27,3,14,4.3,0,4,0,0
4164,60,France,2,7,64.33,26,2,15,3.2,1,4,1,1
4165,47,Spain,55,30,108.7,6,1,12,2.7,1,3,3,1
4166,21,France,43,20,205.09,20,0,15,2.2,0,6,0,1
4167,60,Portugal,17,30,77.49,19,0,7,3.6,1,1,2,0
4168,52,Senegal,16,27,73.34,14,0,10,3.3,0,0,0,0
4169,57,Spain,33,17,52.26,26,0,12,2.4,0,6,1,0
4170,55,Germany,58,13,82.42,19,2,9,3.1,1,5,2,1
4171,46,Senegal,47,20,157.95,34,1,14,4.5,0,5,1,0
4172,55,United Kingdom,60,21,103.14,20,1,1,3.0,0,0,2,1
4173,22,Spain,60,8,255.34,26,0,17,4.7,0,2,2,0
4174,52,France,11,17,82.06,25,3,7,4.5,0,2,2,0
4175,40,Spain,33,36,70.75,15,1,31,3.3,0,3,4,0
4176,46,Spain,24,10,68.99,41,0,10,4.5,0,0,0,1
4177,29,Senegal,52,18,76.29,38,1,21,3.9,1,1,0,0
4178,44,Germany,21,0,74.53,13,1,17,3.7,0,0,2,1
4179,29,France,25,29,82.09,32,1,19,3.6,0,3,2,0
4180,43,Senegal,49,21,147.77,30,0,20,2.9,0,2,2,1
4181,28,Spain,58,24,142.53,34,1,16,2.6,0,0,1,0
4182,35,France,39,19,267.44,32,0,8,3.2,0,0,3,0
4183,50,France,30,16,97.82,33,1,7,3.6,0,3,2,0
4184,60,Germany,43,15,74.26,34,0,10,4.6,0,4,1,0
4185,55,United Kingdom,15,30,165.25,28,0,18,2.1,0,0,2,0
4186,23,Spain,28,26,143.11,25,1,21,2.8,1,0,0,0
4187,49,Spain,42,7,91.72,14,1,23,3.3,1,2,0,0
4188,61,Portugal,36,2,137.98,16,1,10,2.4,0,0,2,1
4189,42,United Kingdom,7,26,228.98,19,2,8,3.7,0,2,0,0
4190,60,Portugal,42,16,72.16,26,0,11,2.2,0,2,2,0
4191,20,Spain,60,25,46.59,1,1,8,3.5,0,7,1,0
4192,57,Germany,25,15,74.2,17,0,3,3.7,0,6,2,0
4193,57,Germany,2,17,185.1,24,1,10,3.3,0,5,1,0
4194,27,Senegal,29,13,172.68,33,2,11,4.4,1,2,4,0
4195,24,Germany,10,18,90.28,34,1,18,3.8,1,6,2,0
4196,55,France,53,0,94.42,44,1,15,3.1,0,6,1,0
4197,52,France,1,25,301.58,28,0,3,5.0,0,2,2,0
4198,32,United Kingdom,35,11,54.72,41,2,13,3.1,0,0,1,0
4199,32,Spain,3,18,200.93,27,2,10,3.6,0,4,1,1
4200,34,Germany,31,5,145.59,18,0,8,3.1,1,1,3,0
4201,51,Germany,39,0,228.96,22,2,12,3.6,0,4,1,0
4202,57,Senegal,6,3,91.95,23,2,24,4.8,0,6,1,1
4203,25,Spain,58,32,52.93,26,1,8,2.8,0,4,4,0
4204,40,Portugal,49,4,161.55,25,1,0,4.0,0,7,5,0
4205,28,France,46,26,181.68,36,1,18,5.0,0,6,3,0
4206,48,Portugal,27,31,74.0,21,1,9,2.9,0,6,3,0
4207,33,Senegal,59,10,179.63,14,1,12,3.3,0,3,2,0
4208,24,Germany,22,12,130.29,16,1,24,3.4,0,2,6,0
4209,28,United Kingdom,59,29,112.74,6,3,11,2.8,0,0,0,0
4210,49,France,17,10,99.0,19,0,12,3.2,1,4,0,1
4211,38,Portugal,3,24,86.48,41,0,23,2.0,0,2,1,0
4212,35,Senegal,51,16,120.34,8,1,7,2.4,0,3,1,0
4213,22,Germany,49,10,165.41,3,2,21,3.2,0,4,0,0
4214,65,Senegal,50,10,142.78,17,1,6,2.4,0,0,2,0
4215,56,Spain,37,24,195.35,10,4,0,3.5,0,3,0,0
4216,52,Spain,59,2,111.35,20,0,0,2.7,0,0,1,0
4217,47,Spain,10,12,205.76,14,1,22,2.6,1,8,3,1
4218,35,Germany,34,22,59.75,1,1,2,4.5,0,0,1,1
4219,32,United Kingdom,40,18,84.18,36,0,12,3.9,1,2,0,0
4220,42,United Kingdom,35,19,334.96,42,0,12,3.9,0,8,2,0
4221,57,France,45,39,47.27,1,3,5,3.5,0,3,2,0
4222,57,Spain,29,48,224.4,20,1,21,4.0,0,5,1,0
4223,54,United Kingdom,45,26,38.65,18,0,5,2.4,0,4,1,1
4224,39,Spain,17,31,117.53,31,3,5,3.1,0,3,1,0
4225,21,Senegal,8,4,65.52,14,3,15,4.6,0,3,2,0
4226,61,France,4,15,58.66,28,1,13,3.8,0,0,0,0
4227,41,France,45,26,87.6,54,1,6,4.1,0,5,1,0
4228,20,United Kingdom,8,21,58.58,34,1,18,4.4,1,2,2,1
4229,61,Portugal,4,21,125.35,18,0,1,3.5,1,0,4,0
4230,53,Germany,14,12,76.2,14,1,13,3.2,0,0,4,1
4231,63,Portugal,9,8,275.54,23,1,4,2.6,1,5,4,0
4232,38,United Kingdom,39,2,40.19,32,2,1,2.6,1,6,0,0
4233,21,Senegal,39,9,189.32,13,2,15,2.9,0,4,1,0
4234,26,United Kingdom,34,20,71.42,24,0,8,2.5,0,0,0,0
4235,21,United Kingdom,59,23,59.52,23,1,14,3.6,0,0,1,0
4236,35,Portugal,56,38,147.99,7,0,4,2.5,0,4,3,0
4237,49,Germany,4,17,163.39,21,3,6,2.8,0,4,0,0
4238,28,Senegal,53,10,101.64,20,4,20,2.6,0,1,2,1
4239,45,United Kingdom,32,16,73.52,36,2,22,3.9,0,3,0,0
4240,19,Spain,29,0,128.18,20,2,5,2.2,0,4,1,1
4241,38,France,13,6,52.55,37,2,15,3.3,0,5,0,0
4242,19,Germany,9,28,229.82,6,1,29,3.6,1,3,3,0
4243,34,Germany,57,21,81.13,27,1,12,3.5,0,0,1,0
4244,58,France,50,28,136.56,27,0,6,3.7,0,3,1,0
4245,21,Senegal,26,19,81.49,12,1,4,2.7,0,0,3,0
4246,40,France,60,18,73.81,17,0,3,3.2,1,5,6,0
4247,61,Germany,11,17,172.09,26,3,8,4.3,0,0,1,1
4248,27,United Kingdom,12,14,95.08,12,0,13,2.5,0,3,2,0
4249,45,Germany,45,25,93.07,28,1,1,2.3,0,0,3,0
4250,26,United Kingdom,40,31,93.58,6,4,14,3.3,1,4,0,1
4251,23,France,18,22,56.91,13,1,26,3.1,0,2,1,1
4252,41,Spain,53,12,44.07,5,0,12,3.3,0,0,4,0
4253,51,Portugal,25,23,141.45,29,3,15,4.0,0,4,3,1
4254,52,Senegal,7,6,55.62,1,2,10,4.2,0,6,1,1
4255,43,Germany,46,15,171.52,39,3,2,3.1,0,2,0,0
4256,30,Senegal,12,18,92.46,21,1,14,4.6,0,7,1,0
4257,40,Germany,60,25,273.73,24,1,12,3.2,0,7,2,1
4258,35,Germany,9,14,55.46,23,1,9,5.0,0,0,0,0
4259,34,France,41,20,250.85,39,1,17,4.0,0,6,1,1
4260,64,Senegal,59,23,87.45,37,2,0,3.1,1,2,2,0
4261,34,France,48,10,167.86,19,1,19,1.6,0,3,0,0
4262,32,Germany,23,22,83.95,16,0,12,5.0,0,1,0,0
4263,52,Senegal,30,11,145.0,29,1,21,2.8,0,0,0,0
4264,58,France,24,9,99.59,20,0,11,4.2,0,0,1,0
4265,29,United Kingdom,9,25,99.35,32,2,17,4.3,1,5,0,0
4266,32,Spain,21,31,208.38,20,3,7,2.5,0,1,4,1
4267,35,Senegal,3,16,189.12,41,1,0,5.0,0,0,0,0
4268,37,Portugal,24,37,260.07,3,1,9,2.3,0,1,0,0
4269,65,France,56,20,134.59,13,0,6,4.0,1,7,0,0
4270,25,France,13,18,90.03,34,2,15,2.1,1,6,0,0
4271,46,United Kingdom,50,30,148.86,21,1,2,2.8,0,0,1,0
4272,64,Germany,44,9,115.91,17,0,12,5.0,0,3,1,0
4273,23,Germany,29,0,140.62,8,5,18,3.5,0,1,2,1
4274,31,France,43,15,114.88,2,0,10,4.3,0,0,1,0
4275,65,France,32,32,86.52,17,1,2,3.5,1,3,2,0
4276,53,Spain,25,28,122.76,29,0,4,5.0,0,1,0,0
4277,48,United Kingdom,46,32,56.78,19,0,4,3.5,1,1,2,0
4278,22,Spain,51,17,64.61,39,1,5,4.0,0,2,2,0
4279,20,United Kingdom,22,8,138.0,32,0,16,3.4,0,0,3,1
4280,42,Spain,51,45,120.93,42,2,11,3.1,0,0,0,0
4281,52,Spain,54,10,118.44,26,0,4,5.0,1,6,1,0
4282,32,United Kingdom,55,24,94.37,26,0,3,4.4,1,2,2,0
4283,20,Portugal,51,19,149.57,19,0,16,1.9,0,0,1,1
4284,22,Portugal,56,20,73.45,32,1,10,3.5,0,5,1,0
4285,36,Spain,58,10,219.92,6,2,27,3.8,1,0,2,0
4286,29,United Kingdom,17,17,124.86,33,2,18,3.4,0,1,2,0
4287,41,United Kingdom,17,17,51.73,30,0,15,3.5,0,2,2,0
4288,31,Spain,57,0,111.47,21,1,11,3.2,0,6,2,1
4289,56,Spain,14,4,119.15,24,1,10,3.4,0,5,2,0
4290,24,Senegal,42,15,62.46,15,0,5,3.5,0,1,5,0
4291,64,Portugal,21,19,197.78,18,0,26,2.6,1,0,1,0
4292,27,Spain,30,19,52.38,19,0,17,4.3,0,1,3,0
4293,34,Spain,48,13,80.15,20,1,15,3.2,0,3,0,0
4294,55,Germany,38,6,270.74,31,2,13,4.7,0,3,2,0
4295,62,Spain,4,28,111.81,19,4,11,5.0,0,3,2,0
4296,48,Spain,45,26,144.88,32,3,6,5.0,1,5,0,0
4297,35,Germany,44,13,115.5,26,4,3,3.7,1,0,1,0
4298,20,Senegal,56,25,83.32,12,1,16,3.2,0,0,3,0
4299,65,Germany,46,25,223.3,25,0,8,3.5,0,0,0,0
4300,31,Spain,42,17,41.63,1,3,0,4.3,1,0,1,0
4301,51,France,16,18,166.72,35,0,7,2.7,0,3,0,1
4302,25,Portugal,43,18,82.65,15,1,2,3.8,0,3,1,1
4303,28,Spain,14,3,39.83,21,2,3,4.8,0,0,1,0
4304,50,Senegal,46,18,135.61,26,1,7,4.6,0,5,2,0
4305,28,France,8,30,72.52,20,0,4,4.6,1,0,1,0
4306,29,France,12,8,109.5,33,2,9,3.8,0,1,1,1
4307,62,Spain,25,30,90.77,39,0,8,3.3,0,8,2,0
4308,20,Senegal,33,0,98.36,15,0,12,4.0,0,0,1,0
4309,53,Portugal,31,36,81.33,31,2,30,3.1,0,0,3,1
4310,53,Senegal,53,7,109.03,3,3,8,4.0,0,3,0,1
4311,23,United Kingdom,4,35,203.74,28,0,1,4.4,0,0,1,0
4312,53,United Kingdom,60,9,73.23,15,3,6,3.2,0,2,0,1
4313,23,Spain,33,17,210.28,36,2,7,3.0,0,0,1,0
4314,35,Germany,51,28,97.09,5,2,18,3.7,0,3,2,0
4315,59,France,13,7,166.14,7,1,21,2.8,0,0,3,1
4316,55,United Kingdom,54,7,224.37,38,3,10,2.0,0,8,0,1
4317,18,France,47,17,122.55,31,2,23,4.3,0,4,0,1
4318,43,France,1,19,72.88,16,1,18,3.4,0,0,0,0
4319,39,Portugal,38,6,81.55,26,1,11,4.8,0,6,3,0
4320,39,Senegal,58,15,63.17,1,1,0,5.0,0,6,1,0
4321,60,Germany,28,6,96.66,11,3,16,4.0,0,6,0,1
4322,59,Germany,59,15,48.45,24,0,8,4.7,0,6,3,0
4323,63,Senegal,46,9,135.61,35,3,11,3.4,0,2,4,0
4324,32,United Kingdom,1,40,139.28,33,1,7,3.1,0,0,2,0
4325,24,Germany,40,20,59.01,33,2,16,4.0,0,7,0,0
4326,35,Spain,31,12,103.81,3,0,9,5.0,1,0,1,0
4327,41,Spain,49,21,106.95,18,0,5,3.6,1,2,2,0
4328,30,United Kingdom,36,23,146.13,4,2,18,2.8,1,1,0,0
4329,54,Spain,40,14,92.24,42,1,0,3.5,0,5,2,0
4330,47,Senegal,34,38,189.82,38,1,3,2.4,1,1,3,0
4331,53,Spain,58,19,99.27,15,1,11,3.8,0,2,0,1
4332,51,Portugal,43,27,99.64,37,2,22,2.7,0,0,3,0
4333,22,United Kingdom,2,11,166.84,14,0,14,2.9,0,3,0,0
4334,29,United Kingdom,30,7,273.76,26,2,12,2.8,0,3,0,0
4335,42,Senegal,45,36,151.49,6,2,0,3.2,0,2,1,1
4336,23,France,28,17,75.59,24,3,15,5.0,0,0,2,0
4337,40,Germany,55,15,65.94,37,1,11,3.8,0,0,1,0
4338,53,France,25,24,124.27,15,1,7,2.8,1,6,3,0
4339,53,Senegal,49,14,92.27,24,2,21,2.9,0,0,2,0
4340,41,France,5,23,138.88,27,1,0,4.2,0,3,2,0
4341,50,United Kingdom,8,15,103.67,45,2,0,2.6,0,0,0,0
4342,63,Senegal,43,20,145.49,25,1,8,4.8,0,1,3,0
4343,42,Spain,12,8,183.14,26,2,4,4.4,0,0,4,1
4344,61,Portugal,36,17,183.18,25,0,19,2.5,1,1,1,1
4345,63,Spain,26,31,117.48,19,0,5,3.5,0,6,1,0
4346,29,France,10,23,108.9,16,2,4,3.7,0,1,2,0
4347,50,Spain,5,3,98.82,5,0,11,3.3,0,2,1,0
4348,34,Portugal,47,21,107.68,10,1,15,3.8,0,2,0,0
4349,24,Spain,23,6,91.28,10,1,4,3.6,0,8,4,1
4350,20,United Kingdom,28,33,107.42,33,2,13,3.4,0,0,0,0
4351,54,France,9,0,167.45,29,0,25,3.9,0,0,0,0
4352,18,Portugal,37,13,75.85,26,0,19,2.3,1,8,2,0
4353,22,Portugal,26,11,174.34,10,1,7,4.7,1,2,2,0
4354,39,Germany,18,25,118.51,31,3,3,3.4,0,1,2,0
4355,31,France,18,38,53.58,19,0,8,3.8,0,0,2,0
4356,29,Spain,11,25,47.56,28,0,11,3.2,0,0,0,0
4357,64,United Kingdom,1,20,116.3,19,0,9,1.0,1,4,3,0
4358,59,Spain,12,14,181.12,20,1,9,3.8,1,7,1,0
4359,46,France,6,7,142.0,32,1,20,4.3,1,0,3,0
4360,42,Spain,60,23,106.03,53,0,25,1.2,0,8,2,0
4361,18,Germany,5,15,149.66,34,1,1,2.7,1,0,3,0
4362,53,Portugal,45,29,68.78,1,0,16,4.1,0,2,2,1
4363,25,Spain,24,9,37.53,25,0,23,3.9,0,0,2,0
4364,47,Senegal,53,20,210.64,20,1,13,3.9,0,2,1,0
4365,45,Senegal,48,12,141.03,22,3,15,3.1,0,3,1,0
4366,32,Germany,4,20,153.06,32,1,15,3.7,0,3,0,1
4367,20,Senegal,30,28,272.59,28,1,11,2.4,1,0,2,0
4368,38,Portugal,1,21,214.66,25,3,13,4.6,1,1,2,0
4369,62,Portugal,6,28,201.87,15,2,18,4.5,0,0,2,0
4370,37,Spain,46,33,96.83,1,3,11,3.4,0,3,0,0
4371,59,France,52,29,44.48,33,0,4,4.1,0,5,0,0
4372,55,Spain,37,27,83.57,29,2,15,3.5,1,0,1,0
4373,40,France,39,20,130.44,8,2,0,3.6,0,0,2,0
4374,25,Germany,54,13,315.3,1,0,15,3.0,0,3,0,0
4375,64,Spain,60,10,83.43,4,0,2,4.5,1,1,1,0
4376,37,Spain,6,0,103.55,14,0,5,2.9,1,5,0,0
4377,22,Senegal,17,8,73.44,5,1,0,3.4,0,7,0,1
4378,53,Portugal,40,9,231.26,15,2,5,1.6,0,0,4,0
4379,22,Germany,58,16,79.82,21,2,24,3.3,0,4,0,0
4380,64,United Kingdom,29,24,144.26,22,1,19,4.1,0,0,2,0
4381,33,United Kingdom,56,18,145.1,13,1,0,3.9,0,6,2,0
4382,21,Germany,56,28,263.62,36,2,21,4.0,0,4,0,0
4383,20,Portugal,28,30,101.8,17,0,1,2.7,0,0,0,0
4384,32,Portugal,17,30,91.64,27,2,1,3.8,0,2,2,0
4385,50,France,36,14,96.15,11,2,3,3.7,0,1,1,1
4386,32,Germany,59,34,82.78,19,0,0,1.8,0,0,1,0
4387,37,Germany,59,12,94.63,7,2,7,4.0,1,2,4,1
4388,39,Senegal,29,28,340.78,9,1,6,4.9,0,5,1,0
4389,63,Senegal,26,21,128.21,45,2,19,2.9,0,8,0,0
4390,40,Senegal,24,32,108.08,29,1,28,3.3,0,6,0,0
4391,54,France,47,23,129.45,1,3,4,4.6,0,4,2,0
4392,52,United Kingdom,58,6,86.84,23,2,7,1.7,0,5,4,1
4393,49,Portugal,45,30,91.1,30,0,10,2.7,0,0,1,1
4394,56,Senegal,57,14,144.32,1,4,0,3.5,1,0,4,0
4395,24,Germany,50,37,85.54,20,0,5,3.9,0,0,3,0
4396,56,Portugal,2,9,87.2,22,2,17,4.1,1,4,1,0
4397,63,Germany,44,14,52.53,39,2,30,2.6,0,0,2,0
4398,29,France,41,49,79.42,11,2,3,5.0,1,6,3,0
4399,41,France,21,31,87.0,16,1,16,3.9,0,5,0,0
4400,62,Senegal,44,19,317.14,27,0,9,5.0,1,0,1,1
4401,23,Portugal,9,12,147.66,30,0,22,3.0,1,0,3,0
4402,54,United Kingdom,56,26,151.16,27,1,8,3.9,0,5,0,1
4403,44,Portugal,59,10,105.47,3,0,11,4.0,1,5,3,0
4404,39,France,56,25,163.07,12,0,1,3.7,0,10,1,0
4405,40,Portugal,44,17,98.99,25,1,18,4.4,0,0,0,0
4406,58,Spain,22,6,59.66,1,1,11,3.3,1,2,2,1
4407,49,Senegal,49,5,98.02,23,1,0,3.3,0,2,1,1
4408,26,Germany,39,35,128.18,13,1,9,3.4,0,5,1,0
4409,63,Portugal,38,28,201.77,32,1,10,3.5,0,4,0,0
4410,32,Portugal,49,31,54.38,49,1,13,4.5,0,0,1,0
4411,43,United Kingdom,44,22,100.55,26,0,17,3.4,0,3,3,0
4412,64,Senegal,14,28,139.47,41,0,16,4.2,0,7,2,0
4413,18,United Kingdom,23,5,130.61,13,1,11,2.1,1,0,3,1
4414,31,Germany,3,16,88.98,26,1,14,5.0,0,3,3,0
4415,36,Senegal,5,22,194.54,48,2,15,4.2,0,2,1,0
4416,24,France,42,8,162.48,16,1,0,4.0,0,4,1,0
4417,29,Spain,23,12,93.49,10,0,11,3.5,0,4,2,0
4418,41,Portugal,37,14,117.2,32,1,11,2.4,0,3,3,1
4419,42,Senegal,3,25,80.99,1,1,6,2.8,1,0,1,0
4420,54,Spain,1,12,116.75,17,0,9,3.2,0,1,2,1
4421,45,Spain,4,13,118.52,35,1,16,4.4,1,1,1,0
4422,46,Germany,17,19,143.54,15,1,0,5.0,1,2,2,0
4423,33,Germany,33,6,105.46,7,2,16,1.4,0,4,3,1
4424,63,France,43,4,210.3,34,1,2,4.1,1,2,2,0
4425,37,Spain,45,49,80.45,28,2,15,3.4,0,3,0,0
4426,32,Senegal,1,13,160.7,36,1,3,4.0,0,7,2,0
4427,28,United Kingdom,21,4,109.37,16,3,7,4.9,1,7,0,1
4428,40,Senegal,5,28,102.1,1,1,8,2.5,0,3,1,0
4429,38,United Kingdom,9,3,105.81,24,2,8,2.9,0,2,1,1
4430,24,Germany,35,27,74.07,29,1,12,3.5,0,1,3,0
4431,58,France,43,25,140.29,18,2,20,4.4,0,0,1,0
4432,27,France,51,0,55.84,31,2,20,2.8,1,0,0,0
4433,24,Senegal,1,22,100.45,5,0,15,4.4,0,6,1,1
4434,20,Portugal,58,14,128.56,19,1,0,4.3,0,0,1,0
4435,20,United Kingdom,16,20,123.75,27,1,4,2.1,1,0,4,0
4436,52,Spain,59,18,141.0,35,0,11,3.9,0,1,1,0
4437,18,France,57,13,214.8,13,4,14,4.1,0,2,1,1
4438,43,Germany,15,16,87.73,11,0,11,4.9,0,0,0,0
4439,18,United Kingdom,58,3,123.31,29,0,12,5.0,0,3,2,0
4440,47,United Kingdom,49,17,97.09,2,0,14,3.0,0,4,3,0
4441,52,Germany,21,21,40.39,31,2,15,4.0,0,1,2,0
4442,23,France,38,26,175.06,23,2,25,3.6,0,3,3,0
4443,37,France,26,7,120.05,1,2,7,4.1,1,1,4,0
4444,33,Germany,43,16,70.84,15,1,6,3.2,0,4,2,1
4445,18,Portugal,10,20,68.76,17,1,1,3.3,0,5,1,0
4446,29,Senegal,17,17,89.48,11,1,19,2.7,0,0,2,0
4447,19,Portugal,39,33,117.06,12,1,21,5.0,1,5,1,0
4448,25,Senegal,52,23,159.12,9,1,23,3.5,0,3,3,1
4449,63,Spain,1,24,137.42,27,1,15,2.6,1,0,1,0
4450,28,Senegal,42,28,200.42,29,0,5,4.1,0,0,1,0
4451,28,Senegal,23,22,62.75,15,2,8,2.0,0,1,2,0
4452,25,Spain,37,21,108.65,31,2,10,3.9,0,2,3,0
4453,61,United Kingdom,37,0,150.63,10,2,0,2.7,1,7,0,1
4454,25,Spain,28,17,80.14,36,2,21,3.3,1,5,3,0
4455,53,Spain,6,19,150.46,21,1,12,3.1,0,5,2,0
4456,54,Portugal,30,15,88.3,21,2,11,3.1,0,1,2,0
4457,63,Portugal,7,20,93.86,16,1,16,4.2,0,0,1,0
4458,63,Senegal,49,18,113.78,1,0,6,3.1,0,3,0,0
4459,33,Germany,35,15,91.57,33,2,14,2.9,0,1,0,0
4460,31,Senegal,36,26,117.32,34,1,16,3.6,0,3,1,0
4461,27,Spain,59,18,61.72,37,0,17,2.3,0,2,4,0
4462,50,United Kingdom,22,31,187.32,34,1,20,3.1,0,0,1,0
4463,21,Portugal,7,13,202.82,7,2,13,5.0,0,4,1,1
4464,64,Germany,11,19,76.5,29,0,23,2.9,1,1,0,0
4465,31,Spain,19,6,98.06,22,0,12,3.8,0,5,1,0
4466,32,France,43,18,116.5,20,1,10,3.1,0,2,4,1
4467,23,United Kingdom,18,3,243.75,1,0,22,2.6,0,7,1,1
4468,31,Portugal,9,18,59.89,27,2,14,3.2,0,2,2,0
4469,65,Senegal,5,15,96.53,15,2,12,3.0,0,5,0,0
4470,41,Spain,39,26,140.23,37,1,12,2.2,0,2,1,0
4471,61,France,48,19,104.12,18,3,9,2.1,0,3,3,1
4472,20,Portugal,14,9,64.63,3,4,16,4.0,0,5,1,1
4473,63,Portugal,10,32,107.15,25,1,18,4.1,1,7,0,0
4474,63,Germany,32,18,147.06,23,1,22,3.1,0,3,0,0
4475,62,Senegal,16,15,49.03,20,3,21,3.3,0,1,1,1
4476,26,Spain,6,2,54.54,32,2,13,4.5,0,6,2,0
4477,44,United Kingdom,26,0,65.18,13,2,16,1.5,1,7,4,1
4478,21,United Kingdom,46,13,116.28,5,1,0,2.5,0,4,4,1
4479,46,Germany,30,20,156.97,59,1,20,4.5,0,1,0,0
4480,24,Spain,35,6,237.14,27,2,3,2.8,1,4,1,0
4481,61,Senegal,42,5,232.54,21,3,11,3.6,1,6,2,0
4482,44,Portugal,57,32,124.29,19,1,8,5.0,0,3,1,0
4483,22,Germany,20,19,116.8,10,1,1,3.2,0,5,4,0
4484,28,Spain,48,30,227.88,1,1,0,3.1,0,3,3,1
4485,19,United Kingdom,16,17,110.79,15,1,13,2.7,0,4,0,0
4486,35,Senegal,40,12,56.18,18,1,10,3.9,0,3,1,1
4487,54,Senegal,52,10,234.48,28,1,13,4.2,0,5,1,0
4488,44,Germany,1,17,118.66,17,1,17,2.4,0,0,5,1
4489,53,United Kingdom,54,34,110.19,29,0,14,3.3,0,0,1,0
4490,43,Germany,49,9,88.62,30,1,18,2.0,0,0,1,1
4491,32,Portugal,26,16,62.78,11,0,14,4.3,0,4,0,1
4492,50,Germany,24,45,100.96,20,1,20,4.5,0,4,2,0
4493,36,United Kingdom,20,24,65.87,51,0,15,2.1,0,0,3,0
4494,45,Germany,13,19,89.65,25,1,8,2.8,0,2,2,0
4495,30,Portugal,15,40,89.73,1,0,10,4.7,0,5,1,0
4496,37,Portugal,39,22,116.12,1,1,0,4.6,0,3,1,0
4497,26,France,25,31,116.44,30,1,8,3.8,1,5,2,0
4498,25,Senegal,19,12,97.79,12,0,5,3.2,0,1,1,1
4499,44,Portugal,9,29,484.27,26,2,19,4.9,0,0,1,0
4500,59,Spain,45,5,169.97,19,3,17,3.7,0,6,2,0
4501,24,Portugal,33,0,69.47,7,0,21,2.5,0,1,3,0
4502,20,Spain,48,38,126.58,39,1,17,4.0,0,0,1,0
4503,61,Spain,7,0,78.4,1,1,18,4.2,0,5,1,0
4504,27,Portugal,16,22,157.89,43,1,17,2.1,0,2,1,0
4505,63,Senegal,43,2,58.71,16,2,10,3.1,0,4,2,0
4506,34,France,13,20,181.44,36,0,15,2.8,0,3,1,0
4507,26,Portugal,19,29,121.84,26,0,8,2.9,0,0,1,0
4508,29,United Kingdom,43,0,78.59,33,0,14,1.6,1,5,0,0
4509,32,France,17,22,181.25,33,2,7,4.6,0,1,1,0
4510,20,Portugal,16,17,97.86,27,0,7,3.8,1,5,2,0
4511,41,Portugal,34,16,110.98,11,0,8,4.4,0,4,1,1
4512,64,United Kingdom,24,30,119.44,20,2,6,3.6,0,2,0,0
4513,42,Portugal,37,0,76.11,2,1,11,2.0,0,6,1,1
4514,47,Germany,38,17,74.85,28,2,24,3.3,0,3,4,0
4515,35,Portugal,50,24,113.79,21,0,3,4.2,0,0,0,0
4516,39,France,24,16,121.16,29,2,9,2.9,0,6,5,1
4517,54,Germany,55,12,116.24,6,2,4,3.6,0,6,0,0
4518,64,Spain,50,7,131.01,6,1,13,3.0,0,0,2,0
4519,22,Germany,14,15,135.29,22,1,11,2.4,0,2,2,1
4520,29,United Kingdom,19,32,97.77,13,2,16,2.4,0,6,0,0
4521,18,Spain,22,14,65.54,31,2,9,4.9,0,3,2,0
4522,37,Spain,6,27,158.37,14,3,28,3.7,0,4,1,1
4523,43,Spain,10,2,180.7,31,0,25,1.2,0,7,2,0
4524,54,Germany,26,27,190.36,11,3,15,4.5,0,0,3,0
4525,25,France,1,27,254.78,33,3,0,3.0,0,6,2,0
4526,26,France,24,30,101.41,1,2,1,3.9,0,5,0,0
4527,25,United Kingdom,12,28,201.96,20,0,12,2.9,0,6,2,0
4528,36,Senegal,43,19,260.14,16,2,9,4.0,0,3,2,0
4529,55,France,16,15,82.23,34,2,19,3.1,0,4,2,1
4530,44,Senegal,20,6,133.15,12,0,2,3.7,0,1,2,0
4531,31,Portugal,52,14,150.87,12,3,9,3.9,1,6,0,0
4532,32,Portugal,50,26,66.91,27,1,14,4.5,0,5,0,0
4533,61,Senegal,2,9,192.28,13,1,10,3.7,0,5,2,0
4534,25,Germany,34,20,77.98,5,3,6,3.0,0,0,2,0
4535,27,Senegal,6,18,149.09,24,2,9,4.4,0,1,0,0
4536,23,Spain,18,11,172.98,28,2,5,2.5,0,1,1,1
4537,60,United Kingdom,48,20,159.99,35,1,14,2.6,0,1,1,0
4538,50,Germany,17,7,135.98,26,1,17,3.8,0,3,0,0
4539,61,Germany,4,13,59.4,23,2,0,2.9,1,4,2,1
4540,28,Portugal,60,19,70.15,20,0,2,5.0,0,0,3,1
4541,51,Germany,51,25,60.03,24,1,10,2.6,0,6,1,0
4542,27,France,58,19,102.02,15,0,16,4.7,0,2,0,0
4543,54,Germany,26,11,114.78,15,0,9,3.6,0,0,1,0
4544,30,Germany,1,22,207.47,32,0,14,5.0,1,3,1,0
4545,59,Senegal,60,11,99.23,24,1,13,3.7,0,0,6,0
4546,27,Germany,60,13,223.08,23,0,12,3.9,0,6,1,1
4547,41,United Kingdom,42,10,66.19,27,0,11,3.1,0,1,1,0
4548,20,Senegal,59,18,137.67,28,3,16,3.5,1,5,1,0
4549,29,Portugal,9,16,48.84,1,2,8,4.1,1,2,0,1
4550,47,Portugal,55,0,155.83,13,1,15,2.9,0,1,0,1
4551,19,Spain,20,23,213.83,12,1,5,5.0,1,0,1,0
4552,25,France,49,7,70.74,14,2,17,4.2,0,4,2,0
4553,62,Senegal,32,10,71.62,18,1,4,4.0,0,4,1,0
4554,30,Senegal,13,22,89.91,14,0,20,2.1,0,8,4,1
4555,63,France,34,2,77.25,34,0,15,2.8,0,3,2,1
4556,64,Senegal,39,23,99.44,25,0,14,3.8,0,3,0,0
4557,58,Germany,51,31,199.56,6,0,0,3.0,1,0,2,1
4558,41,Spain,23,32,135.06,31,2,21,3.7,0,3,0,0
4559,61,France,59,2,206.36,40,1,9,2.5,1,2,0,0
4560,58,Portugal,50,28,249.78,12,1,11,3.3,0,10,2,0
4561,57,France,58,0,281.41,26,1,14,3.9,0,0,1,0
4562,18,United Kingdom,24,12,46.33,27,1,17,3.3,0,8,2,0
4563,32,United Kingdom,15,26,123.55,4,0,26,3.7,1,9,1,0
4564,23,Spain,23,21,120.61,43,0,21,5.0,0,4,0,0
4565,23,Senegal,36,10,165.25,13,1,22,4.1,0,0,2,1
4566,29,Germany,39,17,193.34,1,2,15,3.2,0,7,1,0
4567,50,France,54,8,46.41,13,0,16,3.2,0,3,0,0
4568,24,Senegal,32,23,128.78,24,0,24,3.4,1,3,1,0
4569,40,Portugal,55,18,254.38,22,1,21,3.2,0,7,1,0
4570,32,Spain,44,25,177.75,21,1,10,3.2,0,0,0,0
4571,63,Senegal,55,13,98.75,31,2,20,5.0,0,6,2,0
4572,58,Germany,60,24,53.09,38,0,18,2.8,0,3,0,0
4573,34,Germany,31,28,171.48,5,4,16,4.2,1,2,1,0
4574,34,France,10,20,64.61,15,2,10,3.4,1,6,2,0
4575,31,Portugal,10,5,239.19,1,0,9,2.0,1,0,5,1
4576,63,Spain,2,4,137.72,19,2,12,3.9,0,4,2,0
4577,36,United Kingdom,10,8,61.06,32,0,0,4.0,0,0,0,0
4578,65,Spain,10,15,65.71,13,0,25,4.9,0,0,3,0
4579,61,Portugal,56,4,146.28,22,0,2,3.7,1,3,1,0
4580,40,Germany,4,14,65.03,1,2,18,4.0,0,3,0,0
4581,57,United Kingdom,14,39,178.09,12,2,22,3.8,0,3,2,1
4582,42,France,54,18,69.22,23,0,9,5.0,0,1,1,0
4583,48,France,5,21,134.82,41,1,17,3.9,0,1,2,1
4584,21,United Kingdom,26,16,117.01,36,2,15,2.9,0,3,1,0
4585,24,France,1,18,148.24,33,3,19,2.3,0,0,2,1
4586,53,United Kingdom,50,13,129.37,15,0,22,2.8,1,4,4,0
4587,27,Senegal,57,8,82.86,36,3,12,2.6,0,10,0,1
4588,42,France,26,16,79.77,23,2,11,4.8,0,7,3,0
4589,36,Portugal,26,0,100.9,30,1,11,3.0,1,4,3,0
4590,48,Portugal,24,6,67.66,26,1,14,3.6,0,0,1,0
4591,35,Germany,3,19,88.98,1,2,7,3.7,0,1,2,1
4592,22,France,60,25,141.37,28,1,19,3.2,0,5,0,1
4593,23,Germany,47,20,105.51,15,0,15,4.3,0,8,0,1
4594,61,United Kingdom,22,18,130.76,33,1,14,3.9,0,3,0,1
4595,60,Senegal,37,22,216.87,25,0,14,2.8,0,1,2,0
4596,31,Spain,21,28,108.41,24,1,16,3.4,0,2,2,0
4597,29,Senegal,31,15,91.84,30,1,0,2.9,0,0,0,0
4598,19,United Kingdom,11,18,102.36,15,0,10,3.9,0,4,2,1
4599,18,Senegal,40,18,167.74,27,1,4,3.4,0,0,2,0
4600,26,Portugal,43,16,84.51,21,2,12,4.6,1,2,2,0
4601,30,Spain,16,14,106.16,37,2,16,5.0,0,0,0,0
4602,57,Germany,30,23,184.14,30,0,13,3.1,0,1,3,0
4603,43,Senegal,37,25,125.34,6,3,16,2.9,0,0,0,0
4604,22,France,28,5,101.76,14,1,11,3.0,0,2,0,0
4605,23,Spain,50,11,127.91,43,4,10,3.8,1,5,0,0
4606,42,Portugal,49,0,43.64,39,0,19,2.6,1,1,0,0
4607,62,Spain,34,23,150.87,11,1,11,3.3,0,3,3,0
4608,52,Germany,23,33,84.63,13,0,19,4.3,1,0,3,0
4609,31,Portugal,44,26,102.91,17,1,17,5.0,0,0,1,0
4610,62,United Kingdom,13,14,96.55,15,0,6,3.7,1,0,2,1
4611,42,United Kingdom,20,29,88.45,6,1,5,4.3,1,7,1,0
4612,61,Portugal,51,15,41.53,18,1,7,3.2,0,0,2,0
4613,32,Senegal,10,26,137.0,29,1,12,2.7,1,4,3,1
4614,22,United Kingdom,54,19,99.28,23,1,0,3.2,1,2,2,0
4615,42,United Kingdom,19,2,95.88,21,1,18,4.5,0,0,1,0
4616,36,Germany,1,26,157.28,21,0,2,2.5,0,0,4,1
4617,44,Spain,30,29,200.88,6,3,0,2.7,0,0,2,1
4618,60,Germany,32,16,125.57,29,0,3,4.6,0,1,0,0
4619,55,Germany,60,18,75.91,28,2,13,4.4,0,1,3,0
4620,44,France,25,10,88.07,17,2,5,4.4,0,4,2,0
4621,20,United Kingdom,55,10,130.28,31,3,0,2.7,0,4,2,1
4622,33,United Kingdom,21,8,61.25,7,0,16,2.9,0,2,3,1
4623,20,Spain,48,8,106.59,13,1,10,3.2,0,3,1,1
4624,45,Spain,12,18,157.96,18,0,6,2.6,0,3,1,0
4625,25,Portugal,37,16,226.21,17,2,22,5.0,0,1,0,1
4626,62,Germany,15,13,157.48,28,2,13,5.0,0,2,1,1
4627,41,Spain,30,8,132.2,21,3,6,3.0,0,1,1,1
4628,40,Senegal,11,11,128.44,35,1,7,4.1,0,4,0,0
4629,61,France,28,10,103.93,19,2,9,4.0,0,3,1,0
4630,38,Spain,19,22,95.23,15,1,25,3.9,0,0,1,0
4631,53,Spain,49,16,56.87,26,1,7,3.8,0,4,0,0
4632,36,Germany,43,0,77.13,29,2,18,3.8,0,1,0,0
4633,39,United Kingdom,56,29,167.77,34,2,15,5.0,0,10,1,0
4634,65,France,20,7,157.49,26,2,6,3.4,0,0,0,0
4635,37,Spain,8,35,83.38,30,0,7,3.3,0,0,0,0
4636,55,France,49,44,156.29,27,0,8,4.5,0,0,1,0
4637,34,United Kingdom,38,18,197.1,37,1,18,4.1,0,2,2,0
4638,35,Germany,17,20,159.15,10,1,10,4.7,1,8,3,0
4639,60,Portugal,36,7,142.31,25,3,0,2.2,1,0,2,1
4640,55,United Kingdom,33,28,110.22,33,2,18,2.5,0,1,1,0
4641,48,Portugal,60,16,136.3,2,2,11,3.6,1,0,0,0
4642,52,Portugal,50,14,240.49,23,1,14,3.5,0,4,3,0
4643,35,Senegal,16,22,102.65,32,3,15,3.0,1,5,3,0
4644,54,Germany,9,15,160.15,6,1,13,2.2,1,6,2,1
4645,48,Senegal,31,4,108.21,29,1,7,3.5,0,1,2,0
4646,51,United Kingdom,13,22,104.72,3,2,8,4.6,0,3,0,0
4647,44,United Kingdom,22,19,155.55,28,0,12,4.2,0,4,1,0
4648,26,Senegal,16,5,114.21,41,2,14,3.5,1,2,3,1
4649,54,Germany,55,18,49.74,26,1,12,2.3,0,0,1,0
4650,27,Portugal,40,6,70.05,22,0,15,4.3,1,1,3,1
4651,19,France,58,3,73.15,2,0,15,3.5,0,4,1,0
4652,26,Senegal,14,34,111.39,13,0,2,4.3,0,1,1,0
4653,43,United Kingdom,34,42,179.99,35,0,2,2.7,0,1,1,0
4654,39,Spain,22,8,109.22,25,1,7,4.2,0,0,0,0
4655,18,Spain,28,0,117.15,28,1,16,4.8,0,7,3,1
4656,54,Spain,14,18,208.65,1,0,6,3.7,0,3,3,1
4657,41,Spain,20,21,93.37,22,2,9,3.3,1,0,2,0
4658,43,Germany,15,23,106.52,8,0,12,3.6,1,4,3,1
4659,52,Spain,24,26,131.43,10,0,6,3.2,1,5,1,0
4660,29,France,54,32,130.9,29,0,20,4.0,0,8,4,0
4661,65,France,3,14,177.58,22,1,0,4.4,0,4,2,1
4662,47,United Kingdom,12,20,127.17,47,1,10,5.0,0,3,1,0
4663,24,Senegal,20,19,101.72,23,1,9,4.9,1,3,1,0
4664,55,Germany,33,20,68.18,24,0,20,3.4,0,3,4,0
4665,60,Germany,51,10,67.63,20,1,22,2.4,0,0,0,0
4666,20,Spain,51,17,61.3,29,2,0,3.3,0,1,1,0
4667,38,Portugal,46,22,240.43,13,2,21,4.5,0,3,0,0
4668,35,Germany,49,28,128.88,1,1,11,3.8,0,2,2,1
4669,59,Senegal,42,23,170.28,44,0,0,3.8,0,1,6,0
4670,36,Senegal,30,27,159.47,21,0,10,1.2,0,5,4,0
4671,37,France,54,30,94.77,37,0,19,3.8,0,2,1,0
4672,52,United Kingdom,4,11,429.14,6,5,0,4.0,1,0,3,0
4673,57,United Kingdom,28,26,48.55,27,2,10,3.5,0,0,3,1
4674,39,Portugal,56,13,151.97,1,0,10,1.9,0,0,2,0
4675,30,France,9,19,156.16,1,0,6,4.3,0,9,2,1
4676,32,Senegal,9,8,205.87,1,0,13,4.4,1,3,0,0
4677,54,Senegal,14,0,61.82,20,1,6,2.7,1,2,2,1
4678,19,France,13,13,178.54,13,1,6,3.6,0,1,2,0
4679,22,Portugal,45,21,99.95,16,2,13,2.4,1,1,2,0
4680,47,United Kingdom,60,29,196.1,22,1,8,3.2,0,5,0,0
4681,45,France,50,27,228.54,11,2,0,3.2,0,0,0,0
4682,38,France,58,10,102.64,24,1,16,3.1,0,0,1,1
4683,59,United Kingdom,14,9,138.66,2,1,22,3.2,1,7,1,0
4684,29,France,48,0,106.2,35,0,8,3.6,0,0,1,0
4685,49,France,16,0,132.68,19,2,23,4.2,1,4,2,1
4686,26,Senegal,9,11,194.77,9,3,10,3.7,0,1,1,1
4687,55,Portugal,52,10,98.64,34,0,10,2.2,0,0,1,0
4688,23,Germany,46,21,167.89,2,2,15,3.3,1,4,1,1
4689,26,United Kingdom,4,19,44.5,1,2,24,3.6,0,3,3,1
4690,64,Germany,59,9,167.02,31,5,28,4.1,0,0,1,0
4691,52,Germany,47,31,214.71,19,2,14,3.2,0,2,1,1
4692,48,Portugal,41,11,107.58,4,0,15,1.7,0,5,3,1
4693,34,Germany,7,21,55.82,23,2,13,3.9,0,0,1,0
4694,29,United Kingdom,4,10,81.05,21,1,16,3.5,0,3,3,0
4695,32,Spain,56,35,107.66,27,0,11,4.9,0,0,1,0
4696,61,Germany,41,27,99.62,1,2,15,2.9,1,2,2,0
4697,22,France,10,10,76.18,20,0,22,5.0,0,2,0,1
4698,55,Portugal,22,10,104.33,35,0,16,3.0,0,0,2,0
4699,36,Portugal,17,17,63.5,22,0,21,4.8,0,1,0,0
4700,27,France,32,22,114.05,16,1,11,3.7,1,2,3,1
4701,54,Senegal,51,10,105.59,12,1,21,3.6,1,0,0,1
4702,23,Senegal,8,3,206.85,13,0,13,3.8,0,0,0,0
4703,20,France,45,8,126.65,20,0,16,3.4,0,2,1,0
4704,44,Portugal,40,14,203.17,25,1,13,4.5,1,0,3,0
4705,22,Germany,55,30,51.63,21,3,7,3.8,1,5,0,0
4706,36,Portugal,3,13,38.5,12,1,9,2.8,0,2,3,0
4707,56,France,23,23,248.18,21,1,11,5.0,1,5,0,0
4708,57,United Kingdom,45,16,169.35,34,0,12,5.0,0,2,0,0
4709,65,Senegal,32,18,78.26,1,1,15,2.3,1,3,0,1
4710,49,Germany,48,27,34.82,18,0,22,2.0,0,7,1,0
4711,47,France,11,3,118.84,34,2,16,4.2,1,5,2,0
4712,27,France,8,7,92.93,38,1,6,4.5,0,7,3,0
4713,38,Portugal,52,29,90.5,28,1,3,3.2,0,2,2,0
4714,42,France,59,13,116.1,27,1,3,4.3,1,4,2,0
4715,62,Spain,53,28,152.48,13,1,9,2.1,1,2,1,0
4716,36,United Kingdom,29,21,149.13,4,1,12,4.6,0,1,2,0
4717,37,Spain,54,29,54.51,16,1,11,4.5,0,4,3,0
4718,55,United Kingdom,1,11,31.49,1,0,11,4.1,0,1,3,1
4719,28,Senegal,56,20,61.3,31,1,17,4.0,0,0,2,0
4720,50,Portugal,23,20,94.4,9,2,17,3.8,1,5,0,0
4721,38,France,51,26,129.3,29,0,17,3.7,0,0,3,0
4722,57,Portugal,58,19,79.55,25,2,9,4.1,1,10,4,0
4723,60,France,11,21,73.01,36,0,12,4.0,0,0,0,0
4724,38,Germany,15,27,126.84,16,1,6,2.8,0,5,2,0
4725,49,Germany,21,16,45.8,18,1,12,3.4,0,2,2,1
4726,40,Spain,10,11,95.19,18,0,0,4.0,1,3,0,1
4727,43,United Kingdom,35,11,108.57,46,0,11,2.1,1,4,0,0
4728,26,Senegal,42,12,173.75,15,1,16,1.3,0,2,0,0
4729,28,France,38,10,106.76,21,2,20,1.0,0,0,0,1
4730,44,France,3,9,76.13,33,1,2,3.1,1,7,1,0
4731,60,Portugal,38,25,73.14,42,0,9,3.8,0,7,3,0
4732,47,Portugal,47,25,136.76,7,1,14,3.4,0,1,0,0
4733,29,Spain,47,17,69.78,31,2,13,4.3,0,0,2,0
4734,29,Senegal,28,9,42.8,41,0,12,4.2,0,3,0,0
4735,34,Spain,33,6,53.72,39,1,0,2.4,1,2,2,0
4736,39,Senegal,13,16,145.72,25,0,8,4.0,1,3,2,1
4737,59,Spain,49,16,120.07,26,3,9,4.0,0,0,0,1
4738,54,Spain,55,23,65.35,23,1,13,3.4,0,3,0,0
4739,28,Senegal,53,13,61.93,21,3,7,3.5,0,2,1,1
4740,27,Senegal,54,25,72.06,33,2,6,3.3,1,0,2,1
4741,65,United Kingdom,33,12,195.16,17,0,13,4.4,0,0,1,0
4742,63,United Kingdom,35,17,169.54,23,2,12,3.4,1,4,1,0
4743,44,Spain,32,14,113.54,8,1,10,3.7,0,1,5,1
4744,18,Senegal,49,28,92.58,17,1,23,3.4,0,0,2,0
4745,34,Spain,35,9,88.98,34,1,6,4.2,1,1,0,0
4746,37,France,54,30,103.62,21,0,12,4.1,0,3,2,1
4747,42,France,37,27,123.2,5,1,7,2.7,0,2,2,0
4748,49,Germany,41,4,79.58,8,1,19,4.5,0,4,0,1
4749,38,Spain,21,7,123.54,17,1,12,3.6,0,2,2,0
4750,58,Germany,19,20,245.37,27,1,13,3.9,0,0,1,0
4751,37,Portugal,8,25,56.38,30,1,16,4.8,0,0,1,0
4752,31,United Kingdom,43,7,64.85,24,2,11,3.2,1,0,1,0
4753,63,Germany,52,12,141.14,40,3,12,4.5,1,1,0,1
4754,29,Senegal,20,26,111.37,24,0,13,2.4,0,6,3,1
4755,28,Spain,17,29,74.46,23,1,25,2.2,0,4,4,0
4756,25,United Kingdom,47,9,75.08,23,0,22,3.8,0,8,2,0
4757,54,Portugal,56,0,254.97,19,1,13,5.0,1,5,5,0
4758,57,Germany,10,9,52.35,7,1,19,3.4,0,4,0,1
4759,57,Spain,40,39,133.27,39,2,2,3.7,0,4,2,0
4760,24,Portugal,11,18,90.67,4,1,0,2.9,0,4,1,1
4761,65,Spain,2,23,108.63,1,1,18,4.6,1,2,0,0
4762,45,Germany,2,0,109.37,17,1,12,3.5,0,0,2,0
4763,63,Senegal,4,3,59.37,4,1,16,4.2,1,0,3,0
4764,65,France,35,19,80.63,31,1,6,4.7,0,3,1,0
4765,30,Senegal,1,25,92.1,26,0,0,2.0,0,4,1,1
4766,29,United Kingdom,16,10,97.94,29,0,12,3.5,0,2,2,0
4767,53,Portugal,1,12,191.82,17,2,9,4.5,0,0,4,0
4768,28,Germany,54,12,96.2,26,0,22,3.9,0,0,2,0
4769,54,Spain,4,5,107.72,31,1,20,4.6,1,3,2,0
4770,62,Germany,11,13,50.2,2,1,13,2.8,0,3,4,0
4771,33,France,12,31,120.15,39,1,7,2.9,0,0,1,0
4772,31,Spain,40,22,94.44,2,2,15,4.0,0,7,1,0
4773,31,France,53,11,76.87,21,1,6,3.9,0,5,3,0
4774,23,Spain,22,29,133.32,20,0,11,3.0,0,4,1,0
4775,52,Germany,12,8,66.9,12,1,18,4.4,0,3,0,1
4776,45,Spain,20,19,306.41,13,1,9,4.6,0,0,4,1
4777,22,France,10,15,110.8,15,1,17,3.1,0,6,7,0
4778,30,France,46,18,201.68,18,0,12,3.8,0,7,3,1
4779,52,Spain,47,10,123.16,28,1,28,3.1,0,1,2,0
4780,29,Germany,48,27,88.33,12,2,15,4.0,0,1,0,0
4781,51,Germany,21,23,50.44,24,0,19,3.8,0,6,1,0
4782,62,Senegal,26,29,184.85,28,2,14,4.3,0,0,3,0
4783,42,Senegal,42,12,111.86,18,1,15,3.4,1,0,2,0
4784,64,United Kingdom,53,23,112.46,21,3,13,4.9,0,3,0,1
4785,52,Spain,7,6,84.62,28,1,7,1.0,0,0,2,0
4786,33,Senegal,40,22,80.23,8,2,11,5.0,1,3,1,0
4787,44,Senegal,30,23,49.41,27,4,6,2.5,0,0,2,0
4788,40,Spain,27,24,317.02,32,0,28,2.2,0,3,0,0
4789,33,Spain,45,19,84.59,1,2,7,5.0,0,4,6,0
4790,29,Portugal,44,32,129.62,11,1,24,1.9,1,0,2,0
4791,64,France,45,21,167.39,15,4,11,4.1,0,0,0,0
4792,43,Spain,25,14,158.63,5,2,8,4.3,0,7,1,0
4793,40,Spain,54,11,229.99,22,0,24,3.3,1,0,2,0
4794,31,United Kingdom,40,0,123.55,22,1,25,4.1,0,4,0,0
4795,28,United Kingdom,21,17,108.72,30,3,18,3.0,1,6,0,0
4796,45,Portugal,41,7,85.26,17,0,5,3.0,1,3,2,0
4797,37,France,38,13,77.47,14,2,19,2.8,0,2,0,1
4798,35,Portugal,31,16,57.21,16,1,19,2.7,1,0,1,0
4799,45,Spain,20,26,124.56,43,1,5,3.2,1,1,0,0
4800,57,Germany,32,19,223.18,13,1,18,3.6,1,0,2,1
4801,56,Germany,20,0,41.71,17,2,2,5.0,0,5,1,0
4802,53,United Kingdom,44,14,249.34,33,1,8,3.6,0,5,3,0
4803,43,United Kingdom,5,27,92.15,1,1,11,2.4,0,8,1,1
4804,56,Spain,55,10,87.09,32,2,19,4.7,0,0,0,0
4805,33,United Kingdom,54,30,63.08,17,1,10,4.4,0,10,3,0
4806,39,France,26,0,148.05,26,1,12,2.6,0,6,2,0
4807,52,Senegal,25,23,62.6,34,1,12,3.1,0,0,2,0
4808,19,United Kingdom,19,15,179.09,29,1,18,4.1,0,0,3,0
4809,28,Portugal,41,17,88.23,1,0,13,3.9,0,2,0,0
4810,18,United Kingdom,11,13,138.88,1,2,20,4.9,1,0,1,0
4811,20,France,26,2,74.25,30,1,8,3.2,1,1,0,0
4812,43,Germany,19,31,109.42,14,2,8,5.0,0,3,2,0
4813,19,Spain,12,9,106.36,13,0,13,3.8,0,2,1,0
4814,40,Spain,7,28,65.78,30,2,16,3.8,0,8,3,1
4815,52,Spain,36,19,104.92,37,2,8,4.5,1,2,3,0
4816,20,United Kingdom,31,22,78.75,20,3,8,2.3,0,5,0,0
4817,53,France,40,22,92.84,48,0,3,3.9,0,0,1,0
4818,65,Senegal,36,17,117.44,1,0,9,3.0,0,4,2,0
4819,33,Senegal,10,17,94.52,32,0,9,4.2,0,0,0,0
4820,41,Senegal,4,14,183.85,1,1,18,3.8,1,2,1,1
4821,40,Portugal,25,25,122.6,24,0,11,3.0,0,5,0,0
4822,55,Spain,23,15,200.63,6,1,0,3.4,0,0,0,1
4823,40,Germany,19,28,136.3,19,1,24,3.6,1,5,1,0
4824,54,France,53,27,245.47,17,1,3,2.0,0,3,0,0
4825,36,Germany,29,32,80.0,30,3,6,5.0,0,8,3,0
4826,48,Portugal,59,21,79.83,12,2,7,3.1,1,1,4,1
4827,48,France,27,10,88.63,20,0,22,2.4,0,4,1,0
4828,19,Senegal,41,10,181.75,40,1,9,3.4,0,3,0,0
4829,62,Senegal,4,9,67.01,38,3,0,3.2,1,0,0,0
4830,37,United Kingdom,9,23,124.42,18,0,17,2.6,0,0,0,0
4831,43,Germany,18,14,90.73,32,2,22,2.5,0,5,4,0
4832,53,Germany,53,37,138.15,4,0,12,3.3,0,2,2,0
4833,20,Germany,10,30,95.79,4,2,7,4.1,0,5,0,1
4834,38,United Kingdom,40,8,70.78,28,1,23,3.7,0,1,0,0
4835,26,United Kingdom,60,34,90.06,17,3,18,3.4,0,1,3,1
4836,29,Senegal,39,8,275.37,25,1,14,4.6,1,0,0,0
4837,58,Portugal,43,14,51.95,12,1,9,3.2,0,1,0,0
4838,34,Germany,20,17,97.55,6,0,9,3.8,0,7,0,0
4839,52,United Kingdom,44,12,108.05,6,3,2,3.1,0,3,2,1
4840,32,Spain,28,6,70.75,16,4,14,2.3,0,0,0,1
4841,32,Spain,15,23,168.31,1,1,17,3.8,0,2,0,0
4842,23,France,19,25,166.54,14,0,10,2.6,0,3,1,0
4843,24,France,45,25,57.29,18,2,21,3.8,0,4,1,0
4844,21,Senegal,48,8,110.04,12,1,19,4.7,1,1,1,1
4845,29,Senegal,60,20,95.26,14,0,15,3.9,0,5,2,0
4846,48,France,60,9,110.14,15,1,20,2.9,0,7,1,1
4847,47,Germany,11,0,100.1,38,0,20,4.9,0,5,0,0
4848,59,Spain,47,28,142.04,33,1,16,2.7,1,0,1,0
4849,38,Portugal,44,3,71.9,20,1,0,2.4,0,5,0,1
4850,29,Spain,43,19,139.67,25,0,6,3.2,0,4,1,0
4851,40,France,46,26,116.03,16,1,10,4.1,0,7,2,1
4852,25,Spain,21,15,147.01,12,1,17,3.0,0,2,1,0
4853,46,Senegal,4,25,81.46,1,0,7,2.2,0,6,2,1
4854,58,Senegal,24,14,77.58,1,3,9,2.8,0,0,3,1
4855,46,Germany,20,8,65.17,29,1,24,3.8,0,4,0,0
4856,41,Portugal,14,24,41.68,1,1,5,2.0,0,2,0,1
4857,46,Spain,47,5,103.39,22,2,0,2.3,0,0,0,0
4858,25,Germany,8,15,100.01,46,2,13,3.5,0,3,0,0
4859,54,Germany,13,17,149.64,8,0,7,2.9,0,1,1,0
4860,56,France,3,7,156.77,25,0,14,4.0,0,4,1,0
4861,52,Senegal,15,32,96.23,10,0,3,2.8,1,2,1,0
4862,44,Senegal,56,13,97.35,35,1,12,4.1,0,1,1,0
4863,33,Portugal,34,10,136.34,26,2,3,4.2,0,0,1,0
4864,45,Senegal,33,19,113.14,1,0,0,3.5,0,0,4,0
4865,29,Spain,5,13,107.25,22,1,6,2.6,0,2,0,1
4866,52,Germany,13,14,112.48,2,3,18,1.7,1,0,1,0
4867,45,France,21,3,118.95,7,0,8,4.7,0,1,3,1
4868,25,Germany,45,0,114.54,27,3,8,3.2,0,7,0,1
4869,60,France,60,29,112.49,24,1,19,4.4,0,5,3,0
4870,50,Senegal,7,28,102.3,35,2,9,3.1,0,0,2,0
4871,40,Germany,44,26,90.12,30,1,11,4.3,0,2,1,0
4872,42,Germany,6,24,107.62,19,0,3,1.8,0,7,0,0
4873,42,France,38,14,174.6,1,1,10,3.0,0,6,1,0
4874,22,United Kingdom,15,26,112.55,6,0,9,3.1,1,4,2,0
4875,55,Spain,37,10,106.62,46,3,14,3.1,0,0,0,0
4876,45,United Kingdom,58,22,80.05,50,1,17,5.0,0,0,0,0
4877,54,Spain,51,13,172.59,4,0,11,2.7,1,1,1,1
4878,21,Spain,39,3,246.91,20,1,0,2.4,0,1,2,0
4879,54,Senegal,35,5,83.49,29,2,0,3.1,0,0,1,0
4880,61,Portugal,22,36,48.09,54,1,14,3.9,1,5,5,0
4881,52,Spain,27,18,142.79,13,1,7,3.4,0,1,4,1
4882,36,France,42,34,153.46,16,1,10,2.6,0,2,0,0
4883,50,Spain,20,21,164.89,8,1,24,5.0,0,0,0,0
4884,60,Spain,47,17,50.68,36,1,9,3.9,0,2,1,0
4885,28,Spain,59,13,99.21,7,3,19,4.0,0,1,2,0
4886,49,United Kingdom,41,17,163.21,23,2,3,4.6,0,3,0,0
4887,51,France,34,35,82.74,32,0,21,4.0,0,7,2,0
4888,21,France,10,7,130.88,31,0,19,5.0,1,1,1,0
4889,47,Portugal,35,12,158.34,25,0,10,3.0,0,0,4,0
4890,58,Senegal,53,9,138.26,34,1,11,1.1,1,6,1,0
4891,30,Portugal,39,1,181.1,16,0,15,5.0,0,2,1,0
4892,23,Germany,1,27,62.21,25,0,17,5.0,0,3,0,0
4893,51,United Kingdom,59,2,343.72,35,2,1,2.4,0,3,1,0
4894,24,United Kingdom,51,15,96.39,33,2,25,3.9,0,0,0,0
4895,28,Spain,26,5,95.53,30,1,19,4.6,0,6,0,1
4896,29,Portugal,14,12,97.85,9,0,16,3.5,0,0,0,1
4897,50,United Kingdom,49,19,85.92,19,1,8,1.2,0,7,2,0
4898,23,Spain,16,8,261.83,45,3,5,4.8,0,1,0,0
4899,52,Senegal,18,19,359.64,8,2,15,5.0,0,1,1,0
4900,18,Senegal,48,8,126.13,41,3,7,4.3,0,2,4,0
4901,64,Spain,41,23,247.18,22,4,22,3.9,0,2,3,0
4902,46,Germany,37,30,163.52,1,0,6,2.3,1,1,3,0
4903,53,Germany,60,15,66.52,2,0,21,3.4,0,0,0,1
4904,41,Senegal,41,23,93.32,26,0,0,2.6,0,7,1,0
4905,50,Spain,49,26,91.89,30,0,24,4.1,1,3,0,0
4906,65,Senegal,50,6,101.06,27,1,20,2.8,0,1,0,0
4907,26,Portugal,26,17,61.48,24,1,13,3.5,1,0,3,0
4908,25,Spain,16,30,40.99,44,1,12,2.3,0,0,1,1
4909,33,Spain,9,6,75.64,4,0,22,4.2,0,5,2,0
4910,37,France,42,13,150.02,9,2,15,3.7,0,2,0,0
4911,33,Portugal,28,23,98.73,29,1,26,3.4,1,2,1,1
4912,51,United Kingdom,53,22,36.88,15,1,8,4.3,0,0,1,1
4913,50,Portugal,8,14,130.51,22,3,25,3.1,1,1,2,1
4914,26,United Kingdom,14,15,281.04,8,3,22,3.2,0,5,0,1
4915,22,United Kingdom,60,17,229.4,40,1,9,2.1,0,6,1,0
4916,49,France,25,32,134.34,17,0,4,4.2,0,2,0,0
4917,46,Senegal,14,44,76.52,15,1,4,2.6,0,4,1,0
4918,56,Germany,37,13,94.91,38,1,8,3.9,1,5,2,0
4919,57,Senegal,46,11,92.17,36,1,20,4.3,1,1,1,0
4920,38,Germany,6,4,149.93,32,2,17,4.7,0,4,2,0
4921,46,Portugal,16,20,96.59,45,0,14,3.1,1,6,2,0
4922,42,Germany,16,20,171.58,44,0,10,3.1,0,0,1,0
4923,40,United Kingdom,51,3,79.83,29,0,13,3.9,0,0,2,1
4924,36,France,26,0,163.02,33,1,5,2.5,0,4,1,0
4925,60,France,54,36,69.91,29,1,18,3.8,0,4,1,0
4926,49,France,30,16,65.85,30,3,17,3.4,1,0,2,1
4927,56,Germany,50,25,195.28,22,1,15,3.2,0,5,5,0
4928,39,France,19,27,111.33,31,2,14,4.6,1,0,1,1
4929,34,United Kingdom,5,18,144.87,20,3,2,4.2,0,2,2,0
4930,22,Senegal,58,9,221.85,16,1,8,4.5,1,2,2,0
4931,47,United Kingdom,41,15,218.05,14,0,8,2.8,0,2,0,0
4932,58,United Kingdom,27,23,46.36,9,3,19,4.1,0,0,1,1
4933,41,Senegal,3,22,97.48,19,1,12,1.4,1,2,0,0
4934,18,France,32,2,74.85,7,1,9,4.3,0,2,1,1
4935,27,Germany,27,19,81.49,20,1,14,2.6,1,2,1,1
4936,50,Senegal,17,31,68.61,6,1,3,2.3,0,0,2,0
4937,47,Senegal,34,25,191.43,1,2,5,2.3,0,0,1,1
4938,38,France,60,18,79.11,6,0,10,3.1,1,0,1,0
4939,20,Germany,32,10,144.51,6,1,10,3.2,0,4,2,0
4940,60,Spain,41,14,179.11,31,1,21,3.6,0,5,0,0
4941,54,France,12,19,101.15,27,0,17,3.8,0,0,0,0
4942,35,Spain,33,32,58.63,11,1,1,4.5,0,5,1,0
4943,38,United Kingdom,8,19,164.78,32,1,11,3.4,0,0,5,1
4944,39,Spain,48,20,97.59,40,1,15,3.0,0,0,2,0
4945,49,Senegal,30,15,78.8,2,0,14,2.8,0,0,3,1
4946,59,Germany,52,4,155.17,7,0,16,4.9,0,6,0,0
4947,25,Senegal,49,23,203.07,24,0,11,2.4,0,3,1,0
4948,35,Portugal,50,8,233.69,20,1,13,3.1,0,4,1,1
4949,31,Spain,33,16,170.47,23,5,12,4.3,0,5,2,0
4950,50,Germany,14,7,169.21,26,3,27,3.8,0,5,0,0
4951,65,United Kingdom,33,15,148.21,15,3,5,3.6,1,0,2,1
4952,43,United Kingdom,49,7,105.66,16,0,14,5.0,0,4,2,1
4953,34,Senegal,15,20,184.67,33,3,23,4.0,0,1,0,0
4954,57,Senegal,23,38,120.51,37,2,20,4.4,1,3,3,0
4955,44,Senegal,12,0,56.94,34,2,18,3.2,0,4,2,1
4956,40,United Kingdom,51,10,101.67,14,0,16,2.9,1,0,2,1
4957,34,Senegal,42,9,197.43,9,1,11,2.5,0,8,0,0
4958,32,Senegal,40,22,247.48,5,1,9,2.9,1,2,1,0
4959,46,Germany,9,16,71.0,23,3,6,2.6,1,10,4,0
4960,22,Senegal,4,30,78.26,34,2,22,2.6,0,4,1,0
4961,55,Portugal,18,15,25.51,14,4,9,4.3,1,1,1,1
4962,35,United Kingdom,50,9,106.51,33,0,12,2.3,1,4,1,0
4963,22,Senegal,40,3,149.32,6,1,9,4.0,0,0,2,0
4964,24,Portugal,60,32,193.45,6,1,18,2.2,1,0,3,0
4965,52,Germany,2,7,153.26,22,1,15,5.0,0,3,2,0
4966,48,France,48,23,125.53,10,0,22,3.8,0,0,1,0
4967,54,Germany,14,14,123.61,13,2,9,2.0,1,2,1,1
4968,49,United Kingdom,51,16,91.75,34,1,5,2.8,1,3,1,0
4969,34,Portugal,42,8,70.62,29,1,11,3.2,0,0,0,1
4970,24,Senegal,35,18,100.96,29,1,18,2.5,0,1,3,1
4971,30,United Kingdom,25,4,122.69,11,2,22,3.6,0,0,1,1
4972,42,France,4,24,109.65,28,2,1,2.6,0,4,0,1
4973,43,Germany,45,11,165.42,56,4,4,3.1,0,3,1,1
4974,27,Senegal,3,11,96.82,20,0,7,3.3,0,0,0,0
4975,33,Germany,58,16,77.03,32,0,11,2.1,0,5,0,0
4976,22,Spain,24,4,46.12,37,1,7,3.2,1,0,3,0
4977,55,Senegal,1,23,205.9,6,0,17,5.0,0,5,4,0
4978,38,Senegal,4,21,67.21,25,1,10,3.8,1,0,1,0
4979,39,Spain,1,4,139.82,26,0,5,2.2,1,2,0,0
4980,57,Germany,6,20,186.81,8,0,6,5.0,1,4,1,0
4981,59,Germany,11,27,164.63,15,2,3,3.8,1,2,2,1
4982,52,Germany,37,21,184.1,16,0,4,4.2,1,5,1,0
4983,22,Portugal,25,12,107.83,10,0,9,4.4,0,2,1,1
4984,19,United Kingdom,21,12,76.18,1,0,12,4.6,0,1,0,0
4985,35,Portugal,27,28,146.81,25,0,28,4.0,0,2,3,0
4986,25,Spain,11,29,90.25,14,2,7,2.6,0,3,1,0
4987,22,Germany,54,18,52.25,30,0,12,3.8,1,2,0,0
4988,33,Germany,4,12,138.88,21,1,20,4.5,0,6,1,1
4989,32,United Kingdom,19,8,62.37,36,0,3,3.7,0,8,0,0
4990,26,France,24,15,101.2,49,2,5,4.2,1,5,0,0
4991,18,France,22,3,48.79,21,1,21,3.2,1,2,2,0
4992,35,Senegal,10,0,128.31,30,1,12,3.4,0,0,2,0
4993,60,Portugal,2,20,133.2,11,2,4,3.2,0,1,2,1
4994,46,Germany,57,11,192.43,21,0,2,4.3,1,4,1,0
4995,31,Portugal,12,11,70.58,11,1,8,2.4,0,0,3,0
4996,38,Senegal,15,26,155.17,20,2,5,3.4,0,0,1,0
4997,23,Portugal,30,20,105.97,29,2,17,2.4,0,3,3,1
4998,53,Senegal,44,11,54.03,23,2,12,4.0,1,4,1,0
4999,62,United Kingdom,38,14,121.21,26,6,11,3.7,0,10,3,1
5000,20,France,7,0,158.46,50,1,14,4.2,1,6,2,0
