transaction_amount,transaction_hour,customer_transaction_count,customer_average_amount,international_transaction,failed_transactions,amount_deviation,amount_ratio,high_amount_flag,night_transaction,failed_transaction_ratio,actual_fraud,fraud_probability,risk_score,risk_level
880.49,15,20,76.89,1,1,803.6,11.45129405644427,1,0,0.05,0,0.795,79.5,High Risk
1134.16,4,17,90.34,1,0,1043.8200000000002,12.55435023245517,1,1,0.0,1,0.775,77.5,High Risk
975.26,10,27,43.63,1,1,931.63,22.352968141187255,1,0,0.037037037037037035,1,0.775,77.5,High Risk
91.47,0,26,55.51,1,1,35.96,1.6478112051882543,0,1,0.038461538461538464,0,0.66,66.0,Medium Risk
620.95,9,32,118.22,1,2,502.73,5.252495347656911,1,0,0.0625,0,0.65,65.0,Medium Risk
815.92,11,11,191.14,0,2,624.78,4.268703568065293,1,0,0.18181818181818182,0,0.65,65.0,Medium Risk
69.49,0,25,129.78,0,1,-60.290000000000006,0.5354445985513946,0,1,0.04,0,0.645,64.5,Medium Risk
1662.25,2,36,68.86,0,3,1593.39,24.13955852454255,1,1,0.08333333333333333,1,0.645,64.5,Medium Risk
79.59,1,24,144.64,0,1,-65.04999999999998,0.5502627212389382,0,1,0.041666666666666664,0,0.64,64.0,Medium Risk
1389.55,3,16,37.55,0,1,1352.0,37.00532623169108,1,1,0.0625,1,0.635,63.5,Medium Risk
1171.49,9,13,281.91,0,4,889.5799999999999,4.155546096271859,1,0,0.3076923076923077,0,0.635,63.5,Medium Risk
742.52,2,14,84.77,1,1,657.75,8.759230859974048,1,1,0.07142857142857142,1,0.62,62.0,Medium Risk
1092.99,6,22,302.41,0,3,790.5799999999999,3.6142654012764126,1,0,0.13636363636363635,0,0.61,61.0,Medium Risk
508.33,10,13,99.23,1,2,409.09999999999997,5.122745137559206,1,0,0.15384615384615385,0,0.6,60.0,Medium Risk
848.78,5,33,121.17,1,0,727.61,7.004869192044235,1,1,0.0,0,0.6,60.0,Medium Risk
512.36,17,24,122.14,1,2,390.22,4.194858359259865,1,0,0.08333333333333333,0,0.565,56.49999999999999,Medium Risk
517.13,18,6,68.81,1,1,448.32,7.515332073826478,1,0,0.16666666666666666,0,0.56,56.00000000000001,Medium Risk
193.27,18,14,47.03,0,1,146.24,4.109504571550074,1,0,0.07142857142857142,0,0.545,54.50000000000001,Medium Risk
798.98,5,16,200.43,0,2,598.55,3.9863293918076135,1,1,0.125,0,0.545,54.50000000000001,Medium Risk
608.72,20,33,85.69,1,2,523.03,7.10374606138406,1,0,0.06060606060606061,0,0.54,54.0,Medium Risk
733.44,2,27,104.53,0,0,628.9100000000001,7.016550272649001,1,1,0.0,0,0.505,50.5,Medium Risk
533.5,4,17,141.65,1,1,391.85,3.766325450052947,1,1,0.058823529411764705,0,0.5,50.0,Medium Risk
1060.83,17,12,133.07,0,3,927.76,7.971969640039077,1,0,0.25,1,0.495,49.5,Medium Risk
705.18,2,27,93.35,1,2,611.8299999999999,7.554151044456347,1,1,0.07407407407407407,0,0.49,49.0,Medium Risk
12.01,15,21,86.14,1,1,-74.13,0.13942419317390295,0,0,0.047619047619047616,0,0.49,49.0,Medium Risk
853.02,5,6,104.45,1,2,748.5699999999999,8.166778362853039,1,1,0.3333333333333333,1,0.49,49.0,Medium Risk
755.2,11,15,147.36,0,2,607.84,5.12486427795874,1,0,0.13333333333333333,0,0.485,48.5,Medium Risk
1231.81,20,24,74.82,0,1,1156.99,16.463646083934776,1,0,0.041666666666666664,0,0.48,48.0,Medium Risk
111.81,3,24,70.46,1,0,41.35000000000001,1.5868577916548399,0,1,0.0,0,0.48,48.0,Medium Risk
417.73,12,8,122.13,1,2,295.6,3.420371735036437,1,0,0.25,0,0.475,47.5,Medium Risk
333.86,8,1,90.05,0,1,243.81,3.707495835646863,1,0,1.0,0,0.47,47.0,Medium Risk
534.64,5,19,106.68,1,6,427.96,5.011623547056617,1,1,0.3157894736842105,0,0.47,47.0,Medium Risk
418.18,15,11,96.79,0,2,321.39,4.320487653683232,1,0,0.18181818181818182,0,0.46,46.0,Medium Risk
284.97,11,14,24.76,0,4,260.21000000000004,11.50928917609047,1,0,0.2857142857142857,0,0.455,45.5,Medium Risk
532.38,1,16,122.0,1,3,410.38,4.363770491803279,1,1,0.1875,0,0.455,45.5,Medium Risk
517.6,5,1,54.55,0,1,463.05,9.488542621448213,1,1,1.0,0,0.455,45.5,Medium Risk
125.78,3,10,175.63,1,1,-49.849999999999994,0.7161646643511929,0,1,0.1,0,0.435,43.5,Medium Risk
680.88,10,15,68.19,0,2,612.69,9.985041794984602,1,0,0.13333333333333333,0,0.435,43.5,Medium Risk
520.41,23,21,58.52,0,1,461.89,8.892857142857142,1,1,0.047619047619047616,0,0.415,41.5,Medium Risk
820.88,8,27,180.47,0,1,640.41,4.5485676289688035,1,0,0.037037037037037035,0,0.415,41.5,Medium Risk
338.45,2,17,246.04,0,2,92.41,1.3755893350674686,0,1,0.11764705882352941,0,0.41,41.0,Medium Risk
87.59,2,22,149.39,1,0,-61.79999999999998,0.5863176919472523,0,1,0.0,0,0.405,40.5,Medium Risk
337.89,0,25,220.19,0,3,117.69999999999999,1.5345383532403833,0,1,0.12,0,0.405,40.5,Medium Risk
23.48,20,11,145.19,1,0,-121.71,0.1617191266616158,0,0,0.0,0,0.4,40.0,Medium Risk
77.6,3,9,128.19,0,2,-50.59,0.6053514314689133,0,1,0.2222222222222222,0,0.395,39.5,Medium Risk
535.69,2,18,137.48,0,2,398.21000000000004,3.896494035496073,1,1,0.1111111111111111,1,0.395,39.5,Medium Risk
350.39,13,16,97.89,0,2,252.5,3.5794258861987944,1,0,0.125,0,0.395,39.5,Medium Risk
44.09,1,24,101.5,0,1,-57.41,0.434384236453202,0,1,0.041666666666666664,0,0.385,38.5,Medium Risk
866.31,21,13,78.78,0,2,787.53,10.996572734196496,1,0,0.15384615384615385,1,0.385,38.5,Medium Risk
588.81,11,12,32.46,0,1,556.3499999999999,18.13955637707948,1,0,0.08333333333333333,0,0.385,38.5,Medium Risk
6.65,15,28,63.89,1,1,-57.24,0.10408514634528096,0,0,0.03571428571428571,0,0.38,38.0,Medium Risk
787.54,1,23,200.31,0,1,587.23,3.9316060106834403,1,1,0.043478260869565216,0,0.375,37.5,Medium Risk
935.19,6,36,179.15,0,2,756.0400000000001,5.220150711694111,1,0,0.05555555555555555,0,0.375,37.5,Medium Risk
791.07,10,20,38.68,0,0,752.3900000000001,20.451654601861428,1,0,0.0,0,0.375,37.5,Medium Risk
161.16,0,26,137.16,1,2,24.0,1.1749781277340332,0,1,0.07692307692307693,0,0.375,37.5,Medium Risk
112.6,1,10,88.82,1,2,23.78,1.2677324926818285,0,1,0.2,0,0.37,37.0,Medium Risk
114.49,0,14,98.62,0,2,15.86999999999999,1.1609207057392008,0,1,0.14285714285714285,0,0.37,37.0,Medium Risk
45.17,1,24,54.48,0,1,-9.309999999999995,0.8291116005873715,0,1,0.041666666666666664,0,0.37,37.0,Medium Risk
518.16,9,1,130.68,0,1,387.47999999999996,3.9651056014692374,1,0,1.0,0,0.37,37.0,Medium Risk
359.54,6,23,248.79,0,2,110.75000000000003,1.44515454801238,0,0,0.08695652173913043,0,0.365,36.5,Medium Risk
723.78,5,17,53.19,0,4,670.5899999999999,13.607445008460237,1,1,0.23529411764705882,0,0.36,36.0,Medium Risk
160.98,13,9,47.85,0,4,113.13,3.364263322884012,1,0,0.4444444444444444,0,0.36,36.0,Medium Risk
375.99,7,1,99.95,0,1,276.04,3.761780890445223,1,0,1.0,0,0.35,35.0,Medium Risk
322.2,21,1,173.44,0,0,148.76,1.8577029520295203,0,0,0.0,0,0.35,35.0,Medium Risk
291.23,7,20,88.56,1,2,202.67000000000002,3.2885049683830174,1,0,0.1,0,0.35,35.0,Medium Risk
45.47,0,25,49.47,0,1,-4.0,0.9191429148979179,0,1,0.04,0,0.345,34.5,Medium Risk
241.47,12,17,112.5,1,1,128.97,2.1464,1,0,0.058823529411764705,0,0.345,34.5,Medium Risk
116.01,0,12,98.34,0,2,17.67,1.1796827333740085,0,1,0.16666666666666666,0,0.345,34.5,Medium Risk
176.04,17,11,31.77,1,4,144.26999999999998,5.541076487252124,1,0,0.36363636363636365,0,0.345,34.5,Medium Risk
519.82,17,36,115.73,0,0,404.09000000000003,4.491661626198912,1,0,0.0,0,0.345,34.5,Medium Risk
523.67,5,16,32.08,0,2,491.59,16.323877805486283,1,1,0.125,0,0.345,34.5,Medium Risk
168.48,1,1,89.98,0,2,78.49999999999999,1.872416092464992,0,1,2.0,0,0.345,34.5,Medium Risk
41.28,17,5,248.55,0,0,-207.27,0.16608328304164152,0,0,0.0,0,0.34,34.0,Medium Risk
356.26,15,11,26.64,0,3,329.62,13.373123123123122,1,0,0.2727272727272727,0,0.335,33.5,Medium Risk
934.18,13,1,101.6,0,1,832.5799999999999,9.194685039370079,1,0,1.0,0,0.335,33.5,Medium Risk
361.14,2,20,195.21,0,3,165.92999999999998,1.85000768403258,0,1,0.15,0,0.33,33.0,Medium Risk
761.65,22,33,29.0,0,3,732.65,26.263793103448275,1,0,0.09090909090909091,0,0.33,33.0,Medium Risk
220.93,10,8,88.48,1,3,132.45,2.4969484629294754,1,0,0.375,0,0.325,32.5,Medium Risk
389.95,10,24,131.79,1,2,258.15999999999997,2.9588739661582824,1,0,0.08333333333333333,0,0.325,32.5,Medium Risk
328.74,3,20,91.32,0,0,237.42000000000002,3.599868593955322,1,1,0.0,0,0.325,32.5,Medium Risk
512.31,3,1,89.61,0,1,422.69999999999993,5.717107465684633,1,1,1.0,0,0.32,32.0,Medium Risk
61.79,0,25,113.21,0,1,-51.419999999999995,0.5457998410034449,0,1,0.04,0,0.32,32.0,Medium Risk
130.46,21,16,144.69,0,1,-14.22999999999999,0.9016518073121847,0,0,0.0625,0,0.315,31.5,Medium Risk
716.62,8,24,63.74,0,2,652.88,11.242861625352996,1,0,0.08333333333333333,0,0.315,31.5,Medium Risk
299.2,18,15,200.54,0,2,98.66,1.4919716764735216,0,0,0.13333333333333333,0,0.315,31.5,Medium Risk
1054.25,1,10,50.32,0,2,1003.93,20.950914149443562,1,1,0.2,1,0.31,31.0,Medium Risk
779.06,18,28,55.63,0,3,723.43,14.00431421894661,1,0,0.10714285714285714,0,0.305,30.5,Medium Risk
363.38,5,16,115.71,1,2,247.67000000000002,3.1404373001469192,1,1,0.125,0,0.305,30.5,Medium Risk
383.11,21,21,115.6,1,3,267.51,3.3141003460207616,1,0,0.14285714285714285,0,0.3,30.0,Low Risk
175.14,15,12,93.76,0,4,81.37999999999998,1.867960750853242,0,0,0.3333333333333333,0,0.3,30.0,Low Risk
444.66,10,36,106.31,1,1,338.35,4.182673313893331,1,0,0.027777777777777776,0,0.3,30.0,Low Risk
186.96,10,23,51.22,0,1,135.74,3.650136665365092,1,0,0.043478260869565216,0,0.295,29.5,Low Risk
49.6,1,25,330.68,1,3,-281.08,0.14999395185677997,0,1,0.12,0,0.295,29.5,Low Risk
178.23,7,26,95.73,0,1,82.49999999999999,1.8617988091507363,0,0,0.038461538461538464,0,0.295,29.5,Low Risk
904.25,23,14,102.3,0,1,801.95,8.83919843597263,1,1,0.07142857142857142,1,0.295,29.5,Low Risk
1099.47,14,1,253.13,0,2,846.34,4.343499387666417,1,0,2.0,1,0.29,28.999999999999996,Low Risk
499.96,0,23,47.27,1,1,452.69,10.576687116564417,1,1,0.043478260869565216,0,0.29,28.999999999999996,Low Risk
393.3,15,15,118.93,0,4,274.37,3.306987303455814,1,0,0.26666666666666666,0,0.29,28.999999999999996,Low Risk
298.01,13,12,163.83,0,4,134.17999999999998,1.8190197155588108,0,0,0.3333333333333333,0,0.29,28.999999999999996,Low Risk
71.71,11,18,120.89,0,3,-49.18000000000001,0.5931838861775167,0,0,0.16666666666666666,0,0.285,28.499999999999996,Low Risk
540.41,23,26,83.98,1,0,456.42999999999995,6.434984520123838,1,1,0.0,0,0.285,28.499999999999996,Low Risk
492.48,18,20,58.87,1,2,433.61,8.365551214540513,1,0,0.1,0,0.285,28.499999999999996,Low Risk
840.74,15,12,151.79,0,0,688.95,5.538836550497398,1,0,0.0,0,0.285,28.499999999999996,Low Risk
753.11,19,12,62.57,0,0,690.54,12.036279367108838,1,0,0.0,0,0.28,28.000000000000004,Low Risk
320.39,12,22,92.76,1,0,227.63,3.453967227253126,1,0,0.0,0,0.28,28.000000000000004,Low Risk
555.86,21,29,58.5,0,1,497.36,9.501880341880343,1,0,0.034482758620689655,0,0.28,28.000000000000004,Low Risk
47.79,3,24,74.42,1,2,-26.630000000000003,0.6421660843859177,0,1,0.08333333333333333,0,0.28,28.000000000000004,Low Risk
100.49,7,42,95.91,0,0,4.579999999999998,1.047753101866333,0,0,0.0,0,0.28,28.000000000000004,Low Risk
52.98,16,8,90.02,0,1,-37.04,0.5885358809153521,0,0,0.125,0,0.275,27.500000000000004,Low Risk
395.12,10,19,152.37,1,3,242.75,2.5931613834744374,1,0,0.15789473684210525,0,0.275,27.500000000000004,Low Risk
163.9,23,24,94.96,0,2,68.94000000000001,1.7259898904802025,0,1,0.08333333333333333,0,0.275,27.500000000000004,Low Risk
201.1,0,23,211.58,0,3,-10.480000000000018,0.95046790811986,0,1,0.13043478260869565,0,0.275,27.500000000000004,Low Risk
79.71,13,25,140.5,1,3,-60.790000000000006,0.5673309608540925,0,0,0.12,0,0.275,27.500000000000004,Low Risk
131.33,21,26,289.76,0,1,-158.42999999999998,0.45323716178906687,0,0,0.038461538461538464,0,0.275,27.500000000000004,Low Risk
533.49,8,17,44.36,0,3,489.13,12.026375112714158,1,0,0.17647058823529413,0,0.275,27.500000000000004,Low Risk
19.97,5,26,120.25,1,0,-100.28,0.16607068607068606,0,1,0.0,0,0.275,27.500000000000004,Low Risk
95.1,6,25,108.56,1,0,-13.460000000000008,0.8760132645541635,0,0,0.0,0,0.275,27.500000000000004,Low Risk
285.46,21,13,190.75,1,2,94.70999999999998,1.4965137614678898,0,0,0.15384615384615385,0,0.27,27.0,Low Risk
306.58,18,10,162.79,1,1,143.79,1.883285214079489,0,0,0.1,0,0.27,27.0,Low Risk
33.81,4,11,67.12,0,3,-33.31,0.5037246722288439,0,1,0.2727272727272727,0,0.265,26.5,Low Risk
249.89,2,15,280.11,0,2,-30.220000000000027,0.8921138124308307,0,1,0.13333333333333333,0,0.265,26.5,Low Risk
536.23,8,29,134.01,0,0,402.22,4.001417804641445,1,0,0.0,1,0.265,26.5,Low Risk
528.61,22,1,145.34,1,1,383.27,3.637057933122334,1,0,1.0,0,0.26,26.0,Low Risk
338.58,21,7,164.24,1,2,174.33999999999997,2.061495372625426,1,0,0.2857142857142857,1,0.255,25.5,Low Risk
32.29,15,10,179.94,1,0,-147.65,0.17944870512393019,0,0,0.0,1,0.255,25.5,Low Risk
453.15,13,16,90.11,0,1,363.03999999999996,5.02885362334924,1,0,0.0625,0,0.25,25.0,Low Risk
181.19,18,8,54.61,1,1,126.58,3.317890496246109,1,0,0.125,0,0.25,25.0,Low Risk
99.24,16,8,51.81,0,2,47.42999999999999,1.9154603358425013,0,0,0.25,0,0.25,25.0,Low Risk
156.45,3,13,113.63,1,1,42.81999999999999,1.376837102877761,0,1,0.07692307692307693,0,0.25,25.0,Low Risk
391.48,7,30,136.79,1,3,254.69000000000003,2.8619051100226627,1,0,0.1,0,0.245,24.5,Low Risk
720.82,16,34,84.27,0,2,636.5500000000001,8.55369645188086,1,0,0.058823529411764705,0,0.245,24.5,Low Risk
355.74,12,10,25.95,0,2,329.79,13.708670520231214,1,0,0.2,0,0.24,24.0,Low Risk
32.83,16,8,243.98,0,0,-211.14999999999998,0.13456020985326667,0,0,0.0,0,0.24,24.0,Low Risk
474.89,8,17,107.19,0,0,367.7,4.430357309450509,1,0,0.0,0,0.24,24.0,Low Risk
392.88,20,9,94.52,0,2,298.36,4.156580617858654,1,0,0.2222222222222222,0,0.24,24.0,Low Risk
91.66,4,38,109.62,0,1,-17.960000000000008,0.8361612844371464,0,1,0.02631578947368421,0,0.24,24.0,Low Risk
26.38,1,29,41.46,0,1,-15.080000000000002,0.6362759286058851,0,1,0.034482758620689655,0,0.24,24.0,Low Risk
81.38,6,7,143.04,1,3,-61.66,0.5689317673378076,0,0,0.42857142857142855,0,0.24,24.0,Low Risk
14.96,13,20,91.28,1,0,-76.32,0.16389132340052587,0,0,0.0,0,0.235,23.5,Low Risk
86.38,8,15,153.6,1,2,-67.22,0.5623697916666667,0,0,0.13333333333333333,0,0.235,23.5,Low Risk
205.63,7,5,75.13,0,0,130.5,2.7369892186876084,1,0,0.0,0,0.235,23.5,Low Risk
410.13,1,33,185.78,0,3,224.35,2.207611152976639,1,1,0.09090909090909091,0,0.23,23.0,Low Risk
57.51,2,25,132.4,0,1,-74.89000000000001,0.43436555891238665,0,1,0.04,0,0.23,23.0,Low Risk
531.99,9,23,102.5,0,1,429.49,5.190146341463414,1,0,0.043478260869565216,0,0.23,23.0,Low Risk
130.97,0,21,190.69,0,1,-59.72,0.6868215428181866,0,1,0.047619047619047616,0,0.23,23.0,Low Risk
880.11,11,21,58.5,0,0,821.61,15.044615384615385,1,0,0.0,0,0.225,22.5,Low Risk
522.04,11,4,136.23,0,5,385.80999999999995,3.832048741099611,1,0,1.25,0,0.225,22.5,Low Risk
337.74,6,26,199.88,1,2,137.86,1.6897138282969784,0,0,0.07692307692307693,0,0.225,22.5,Low Risk
64.68,21,9,115.76,0,2,-51.08,0.5587422252937112,0,0,0.2222222222222222,0,0.225,22.5,Low Risk
133.31,6,24,51.98,0,1,81.33000000000001,2.5646402462485574,1,0,0.041666666666666664,0,0.22,22.0,Low Risk
75.15,14,16,89.58,0,4,-14.429999999999993,0.8389149363697255,0,0,0.25,0,0.22,22.0,Low Risk
80.63,2,21,146.9,1,2,-66.27000000000001,0.5488767869298842,0,1,0.09523809523809523,0,0.22,22.0,Low Risk
128.38,2,20,234.15,0,1,-105.77000000000001,0.5482810164424514,0,1,0.05,0,0.22,22.0,Low Risk
78.6,0,36,124.96,0,1,-46.36,0.6290012804097311,0,1,0.027777777777777776,1,0.22,22.0,Low Risk
174.86,18,15,75.63,1,0,99.23000000000002,2.31204548459606,1,0,0.0,0,0.22,22.0,Low Risk
515.02,23,20,121.62,0,3,393.4,4.23466535109357,1,1,0.15,0,0.22,22.0,Low Risk
288.55,4,29,53.27,0,1,235.28,5.416744884550403,1,1,0.034482758620689655,0,0.22,22.0,Low Risk
117.72,3,17,59.78,0,4,57.94,1.969220475075276,0,1,0.23529411764705882,0,0.215,21.5,Low Risk
163.45,11,21,42.59,1,0,120.85999999999999,3.83775534162949,1,0,0.0,0,0.215,21.5,Low Risk
199.76,6,17,58.32,0,2,141.44,3.4252400548696844,1,0,0.11764705882352941,0,0.215,21.5,Low Risk
652.21,18,21,104.78,0,1,547.4300000000001,6.2245657568238215,1,0,0.047619047619047616,0,0.215,21.5,Low Risk
193.47,7,31,51.33,0,2,142.14,3.7691408533021624,1,0,0.06451612903225806,0,0.21,21.0,Low Risk
305.58,2,4,84.69,1,1,220.89,3.6082182075805878,1,1,0.25,0,0.21,21.0,Low Risk
164.02,1,23,117.94,1,2,46.08000000000001,1.390707139223334,0,1,0.08695652173913043,0,0.21,21.0,Low Risk
106.19,8,15,55.89,0,3,50.3,1.8999821077115762,0,0,0.2,0,0.21,21.0,Low Risk
372.22,11,29,113.95,1,4,258.27000000000004,3.2665204036858273,1,0,0.13793103448275862,0,0.21,21.0,Low Risk
683.89,1,1,81.26,0,1,602.63,8.416071868077774,1,1,1.0,0,0.21,21.0,Low Risk
116.35,2,9,149.9,0,1,-33.55000000000001,0.7761841227484989,0,1,0.1111111111111111,0,0.205,20.5,Low Risk
508.62,10,22,89.02,0,2,419.6,5.7135475174118175,1,0,0.09090909090909091,0,0.205,20.5,Low Risk
62.22,3,27,71.65,1,1,-9.430000000000007,0.8683879972086531,0,1,0.037037037037037035,0,0.205,20.5,Low Risk
204.23,17,18,68.97,0,0,135.26,2.961142525735827,1,0,0.0,0,0.205,20.5,Low Risk
318.48,6,36,169.7,0,1,148.78000000000003,1.87672362993518,0,0,0.027777777777777776,0,0.205,20.5,Low Risk
316.24,7,9,146.96,1,1,169.28,2.151878062057703,1,0,0.1111111111111111,0,0.205,20.5,Low Risk
191.3,7,29,101.87,0,3,89.43,1.8778835771080788,0,0,0.10344827586206896,0,0.205,20.5,Low Risk
490.73,3,44,125.25,0,1,365.48,3.918003992015968,1,1,0.022727272727272728,1,0.2,20.0,Low Risk
223.21,16,30,103.84,1,0,119.37,2.1495570107858244,1,0,0.0,1,0.2,20.0,Low Risk
489.0,13,8,135.17,0,0,353.83000000000004,3.6176666420063626,1,0,0.0,0,0.2,20.0,Low Risk
731.61,4,20,227.0,0,0,504.61,3.2229515418502204,1,1,0.0,1,0.2,20.0,Low Risk
168.19,7,19,136.05,0,3,32.139999999999986,1.2362366776920248,0,0,0.15789473684210525,0,0.2,20.0,Low Risk
135.77,22,26,146.54,0,3,-10.769999999999982,0.9265047086119832,0,0,0.11538461538461539,0,0.2,20.0,Low Risk
499.58,14,2,46.75,0,2,452.83,10.68620320855615,1,0,1.0,0,0.2,20.0,Low Risk
154.8,0,28,94.22,0,1,60.58000000000001,1.6429632774357887,0,1,0.03571428571428571,0,0.2,20.0,Low Risk
98.68,3,11,120.99,1,2,-22.309999999999988,0.8156045954211093,0,1,0.18181818181818182,0,0.2,20.0,Low Risk
64.51,0,23,33.59,1,0,30.92,1.920512057159869,0,1,0.0,0,0.195,19.5,Low Risk
214.11,19,18,96.35,0,4,117.76000000000002,2.2222106901920085,1,0,0.2222222222222222,0,0.195,19.5,Low Risk
437.59,5,27,91.72,0,0,345.87,4.770933275185347,1,1,0.0,0,0.195,19.5,Low Risk
535.33,17,4,111.82,0,1,423.51000000000005,4.787426220711859,1,0,0.25,0,0.195,19.5,Low Risk
85.5,13,5,86.73,0,3,-1.230000000000004,0.9858180560359736,0,0,0.6,0,0.195,19.5,Low Risk
286.39,11,6,102.83,1,4,183.56,2.7850821744627052,1,0,0.6666666666666666,0,0.195,19.5,Low Risk
24.12,12,21,99.83,0,3,-75.71,0.24161073825503357,0,0,0.14285714285714285,0,0.195,19.5,Low Risk
170.5,17,30,295.07,0,1,-124.57,0.5778289897312502,0,0,0.03333333333333333,0,0.195,19.5,Low Risk
162.3,1,22,117.77,1,0,44.530000000000015,1.3781098751804366,0,1,0.0,0,0.195,19.5,Low Risk
85.22,21,29,177.59,0,0,-92.37,0.4798693620136269,0,0,0.0,0,0.19,19.0,Low Risk
506.39,17,33,151.62,1,0,354.77,3.339862814932067,1,0,0.0,0,0.19,19.0,Low Risk
365.69,2,21,270.42,0,2,95.26999999999998,1.3523038236816802,0,1,0.09523809523809523,0,0.19,19.0,Low Risk
358.59,2,24,215.66,1,1,142.92999999999998,1.6627561902995456,0,1,0.041666666666666664,0,0.19,19.0,Low Risk
126.89,0,12,108.61,0,2,18.28,1.1683086271982321,0,1,0.16666666666666666,0,0.19,19.0,Low Risk
337.27,16,12,205.85,0,0,131.42,1.6384260383774594,0,0,0.0,0,0.19,19.0,Low Risk
182.88,6,22,95.08,1,2,87.8,1.9234328986116953,0,0,0.09090909090909091,0,0.19,19.0,Low Risk
162.89,3,16,303.99,0,2,-141.10000000000002,0.5358399947366689,0,1,0.125,0,0.19,19.0,Low Risk
651.24,11,1,79.06,0,2,572.1800000000001,8.23728813559322,1,0,2.0,0,0.19,19.0,Low Risk
360.48,16,17,165.36,1,4,195.12,2.1799709724238023,1,0,0.23529411764705882,1,0.19,19.0,Low Risk
416.84,0,33,221.31,0,2,195.52999999999997,1.883511816004699,0,1,0.06060606060606061,0,0.185,18.5,Low Risk
154.93,3,29,101.9,0,0,53.03,1.5204121687929342,0,1,0.0,0,0.185,18.5,Low Risk
128.75,21,28,138.66,0,2,-9.909999999999997,0.9285302177989326,0,0,0.07142857142857142,0,0.185,18.5,Low Risk
238.21,1,1,241.65,0,1,-3.4399999999999977,0.9857645354852059,0,1,1.0,0,0.185,18.5,Low Risk
76.18,22,22,166.41,0,1,-90.22999999999999,0.45778498888287966,0,0,0.045454545454545456,0,0.18,18.0,Low Risk
351.13,4,16,109.66,0,3,241.47,3.201987962794091,1,1,0.1875,0,0.18,18.0,Low Risk
224.37,6,21,100.34,0,0,124.03,2.236097269284433,1,0,0.0,0,0.18,18.0,Low Risk
154.16,3,16,183.9,1,1,-29.74000000000001,0.8382816748232734,0,1,0.0625,0,0.18,18.0,Low Risk
640.95,5,20,185.88,0,3,455.07000000000005,3.4481923821820533,1,1,0.15,0,0.18,18.0,Low Risk
319.2,18,14,282.65,0,1,36.55000000000001,1.1293118698036442,0,0,0.07142857142857142,0,0.18,18.0,Low Risk
28.18,3,27,51.99,0,3,-23.810000000000002,0.542027312944797,0,1,0.1111111111111111,0,0.18,18.0,Low Risk
37.76,0,8,54.08,0,3,-16.32,0.6982248520710059,0,1,0.375,0,0.18,18.0,Low Risk
111.57,20,31,217.66,0,0,-106.09,0.5125884406873105,0,0,0.0,0,0.18,18.0,Low Risk
653.94,5,19,175.78,0,2,478.1600000000001,3.7202184548867905,1,1,0.10526315789473684,1,0.18,18.0,Low Risk
331.49,19,11,253.74,0,3,77.75,1.3064160163947347,0,0,0.2727272727272727,0,0.18,18.0,Low Risk
200.25,17,1,43.14,1,4,157.11,4.641863699582753,1,0,4.0,0,0.175,17.5,Low Risk
164.07,9,18,129.67,0,3,34.400000000000006,1.265288810056297,0,0,0.16666666666666666,0,0.175,17.5,Low Risk
297.47,4,18,159.12,0,1,138.35000000000002,1.8694695827048768,0,1,0.05555555555555555,1,0.175,17.5,Low Risk
398.77,23,1,96.31,0,1,302.46,4.140483854220745,1,1,1.0,0,0.175,17.5,Low Risk
75.97,4,25,50.01,1,0,25.96,1.5190961807638472,0,1,0.0,0,0.175,17.5,Low Risk
194.62,3,16,113.95,1,1,80.67,1.7079420798595875,0,1,0.0625,0,0.175,17.5,Low Risk
495.04,12,13,87.93,0,2,407.11,5.629932901171387,1,0,0.15384615384615385,0,0.175,17.5,Low Risk
378.21,3,19,102.01,0,0,276.2,3.707577688461915,1,1,0.0,0,0.175,17.5,Low Risk
56.0,4,14,87.11,0,2,-31.11,0.6428653426701871,0,1,0.14285714285714285,0,0.175,17.5,Low Risk
425.02,15,4,246.89,1,4,178.13,1.7214954028109686,0,0,1.0,0,0.175,17.5,Low Risk
339.88,22,4,60.25,1,2,279.63,5.641161825726141,1,0,0.5,0,0.175,17.5,Low Risk
182.29,20,19,47.6,0,1,134.69,3.8296218487394955,1,0,0.05263157894736842,0,0.175,17.5,Low Risk
47.62,3,22,67.08,1,3,-19.46,0.7098986285032797,0,1,0.13636363636363635,0,0.175,17.5,Low Risk
49.21,12,5,82.3,0,4,-33.089999999999996,0.5979343863912515,0,0,0.8,0,0.175,17.5,Low Risk
253.19,11,16,159.1,0,2,94.09,1.5913890634820869,0,0,0.125,0,0.17,17.0,Low Risk
267.73,4,25,52.48,0,0,215.25000000000003,5.101562500000001,1,1,0.0,0,0.17,17.0,Low Risk
340.49,2,15,128.56,0,2,211.93,2.648490976975731,1,1,0.13333333333333333,0,0.17,17.0,Low Risk
266.78,23,12,33.81,1,3,232.96999999999997,7.890564921620821,1,1,0.25,0,0.17,17.0,Low Risk
122.04,7,20,232.76,0,1,-110.71999999999998,0.5243168929369308,0,0,0.05,0,0.17,17.0,Low Risk
176.99,6,11,100.31,0,0,76.68,1.764430266174858,0,0,0.0,0,0.17,17.0,Low Risk
21.09,4,25,162.98,1,0,-141.89,0.1294023806602037,0,1,0.0,0,0.17,17.0,Low Risk
134.08,1,23,170.01,0,2,-35.92999999999998,0.7886594906181991,0,1,0.08695652173913043,0,0.17,17.0,Low Risk
164.38,23,16,267.78,0,2,-103.39999999999998,0.6138621256255136,0,1,0.125,0,0.17,17.0,Low Risk
247.16,20,4,121.62,0,2,125.53999999999999,2.032231540864989,1,0,0.5,0,0.17,17.0,Low Risk
177.91,23,17,184.57,1,1,-6.659999999999997,0.9639161293818064,0,1,0.058823529411764705,0,0.17,17.0,Low Risk
74.05,17,8,199.85,0,1,-125.8,0.37052789592194146,0,0,0.125,0,0.165,16.5,Low Risk
449.46,17,24,150.21,0,4,299.25,2.992210904733373,1,0,0.16666666666666666,0,0.165,16.5,Low Risk
480.37,11,6,101.09,0,3,379.28,4.751904243743199,1,0,0.5,0,0.165,16.5,Low Risk
284.25,6,2,148.83,1,0,135.42,1.909897198145535,0,0,0.0,0,0.165,16.5,Low Risk
252.19,4,11,247.97,1,2,4.219999999999999,1.017018187683994,0,1,0.18181818181818182,0,0.165,16.5,Low Risk
663.24,4,6,106.94,0,0,556.3,6.201982420048625,1,1,0.0,0,0.165,16.5,Low Risk
168.16,12,34,281.79,0,1,-113.63000000000002,0.5967564498385322,0,0,0.029411764705882353,0,0.165,16.5,Low Risk
45.93,2,20,83.72,1,2,-37.79,0.5486144290492116,0,1,0.1,0,0.165,16.5,Low Risk
590.29,1,37,196.9,0,3,393.39,2.997917724733367,1,1,0.08108108108108109,1,0.165,16.5,Low Risk
217.4,18,21,59.45,0,5,157.95,3.6568544995794783,1,0,0.23809523809523808,0,0.165,16.5,Low Risk
375.38,6,28,145.29,1,3,230.09,2.5836602656755456,1,0,0.10714285714285714,0,0.165,16.5,Low Risk
182.94,4,22,103.98,0,0,78.96,1.7593768032313906,0,1,0.0,0,0.165,16.5,Low Risk
294.38,20,27,103.11,0,3,191.26999999999998,2.855009213461352,1,0,0.1111111111111111,0,0.16,16.0,Low Risk
744.06,13,25,240.08,1,2,503.9799999999999,3.0992169276907693,1,0,0.08,0,0.16,16.0,Low Risk
479.73,16,7,114.79,0,0,364.94,4.179196794145831,1,0,0.0,1,0.16,16.0,Low Risk
50.8,12,18,272.82,0,0,-222.01999999999998,0.18620335752510814,0,0,0.0,0,0.16,16.0,Low Risk
97.83,11,40,53.39,0,1,44.44,1.8323656115377411,0,0,0.025,0,0.16,16.0,Low Risk
323.99,11,15,146.76,1,2,177.23000000000002,2.207617879531208,1,0,0.13333333333333333,0,0.16,16.0,Low Risk
26.13,10,16,104.08,0,2,-77.95,0.2510568793235972,0,0,0.125,0,0.16,16.0,Low Risk
425.12,23,25,117.99,1,2,307.13,3.603017204847869,1,1,0.08,0,0.16,16.0,Low Risk
266.51,22,1,24.5,1,3,242.01,10.877959183673468,1,0,3.0,0,0.16,16.0,Low Risk
299.15,8,2,149.21,1,0,149.93999999999997,2.0048924334830103,1,0,0.0,0,0.16,16.0,Low Risk
181.79,13,17,63.4,1,1,118.38999999999999,2.8673501577287066,1,0,0.058823529411764705,0,0.16,16.0,Low Risk
533.19,10,35,119.43,0,1,413.76000000000005,4.464456166792264,1,0,0.02857142857142857,0,0.16,16.0,Low Risk
424.91,5,24,88.89,0,0,336.02000000000004,4.780177747778153,1,1,0.0,0,0.16,16.0,Low Risk
550.83,1,20,141.98,0,0,408.85,3.8796309339343575,1,1,0.0,0,0.155,15.5,Low Risk
181.64,18,32,44.88,0,2,136.76,4.047237076648841,1,0,0.0625,0,0.155,15.5,Low Risk
618.95,9,17,133.37,0,3,485.58000000000004,4.640848766589188,1,0,0.17647058823529413,0,0.155,15.5,Low Risk
431.36,15,24,118.95,0,2,312.41,3.626397646069777,1,0,0.08333333333333333,0,0.155,15.5,Low Risk
169.23,15,19,181.64,1,2,-12.409999999999997,0.9316780444835939,0,0,0.10526315789473684,0,0.155,15.5,Low Risk
257.17,3,28,53.74,0,1,203.43,4.78544845552661,1,1,0.03571428571428571,0,0.155,15.5,Low Risk
176.88,11,16,41.1,0,3,135.78,4.303649635036496,1,0,0.1875,0,0.155,15.5,Low Risk
501.05,22,21,68.5,0,0,432.55,7.314598540145986,1,0,0.0,0,0.155,15.5,Low Risk
24.76,2,22,113.9,0,2,-89.14,0.2173836698858648,0,1,0.09090909090909091,0,0.155,15.5,Low Risk
111.72,3,2,178.93,0,3,-67.21000000000001,0.624378248477058,0,1,1.5,0,0.155,15.5,Low Risk
54.26,18,17,127.36,0,1,-73.1,0.426036432160804,0,0,0.058823529411764705,0,0.155,15.5,Low Risk
399.33,19,24,145.94,0,2,253.39,2.7362614773194465,1,0,0.08333333333333333,0,0.155,15.5,Low Risk
148.29,9,41,87.5,0,0,60.78999999999999,1.694742857142857,0,0,0.0,0,0.155,15.5,Low Risk
397.79,6,33,67.8,0,1,329.99,5.867109144542773,1,0,0.030303030303030304,0,0.15,15.0,Low Risk
184.03,0,22,206.47,1,0,-22.439999999999998,0.8913159296750133,0,1,0.0,0,0.15,15.0,Low Risk
556.36,10,31,60.44,0,0,495.92,9.205162144275315,1,0,0.0,0,0.15,15.0,Low Risk
132.97,13,28,85.38,0,6,47.59,1.5573904895760131,0,0,0.21428571428571427,0,0.15,15.0,Low Risk
240.28,20,17,149.82,0,2,90.46000000000001,1.603791216126018,0,0,0.11764705882352941,0,0.15,15.0,Low Risk
89.48,2,10,143.4,0,2,-53.92,0.6239888423988842,0,1,0.2,0,0.15,15.0,Low Risk
134.42,2,1,214.49,0,1,-80.07000000000002,0.6266958832579607,0,1,1.0,0,0.15,15.0,Low Risk
235.7,8,28,147.71,1,2,87.98999999999998,1.5956942657910769,0,0,0.07142857142857142,0,0.15,15.0,Low Risk
294.11,23,8,138.14,0,4,155.97000000000003,2.1290719559866806,1,1,0.5,0,0.15,15.0,Low Risk
285.56,12,15,132.88,0,2,152.68,2.1490066225165565,1,0,0.13333333333333333,0,0.15,15.0,Low Risk
83.24,3,31,148.42,1,1,-65.17999999999999,0.5608408570273549,0,1,0.03225806451612903,0,0.145,14.499999999999998,Low Risk
221.1,5,16,273.61,0,2,-52.51000000000002,0.8080844998355322,0,1,0.125,0,0.145,14.499999999999998,Low Risk
124.66,2,12,144.89,0,2,-20.22999999999999,0.8603768376009387,0,1,0.16666666666666666,0,0.145,14.499999999999998,Low Risk
164.99,17,9,133.97,0,1,31.02000000000001,1.2315443756064792,0,0,0.1111111111111111,0,0.145,14.499999999999998,Low Risk
141.89,21,18,35.77,0,4,106.11999999999998,3.9667318982387467,1,0,0.2222222222222222,0,0.145,14.499999999999998,Low Risk
232.81,3,20,52.14,1,4,180.67000000000002,4.465093977752206,1,1,0.2,0,0.145,14.499999999999998,Low Risk
155.61,0,13,110.28,1,1,45.33000000000001,1.411044613710555,0,1,0.07692307692307693,0,0.145,14.499999999999998,Low Risk
580.7,2,32,103.39,0,0,477.31000000000006,5.6165973498404105,1,1,0.0,0,0.145,14.499999999999998,Low Risk
521.49,6,24,151.96,0,0,369.53,3.43175835746249,1,0,0.0,0,0.145,14.499999999999998,Low Risk
286.67,12,11,196.21,0,2,90.46000000000001,1.4610366444115999,0,0,0.18181818181818182,0,0.145,14.499999999999998,Low Risk
187.2,10,23,46.3,0,1,140.89999999999998,4.043196544276458,1,0,0.043478260869565216,0,0.145,14.499999999999998,Low Risk
592.62,9,31,61.54,0,0,531.08,9.629834254143647,1,0,0.0,0,0.145,14.499999999999998,Low Risk
270.19,16,12,108.32,1,0,161.87,2.4943685376661744,1,0,0.0,0,0.145,14.499999999999998,Low Risk
350.6,13,5,156.5,1,4,194.10000000000002,2.2402555910543134,1,0,0.8,0,0.145,14.499999999999998,Low Risk
176.19,10,22,142.89,0,5,33.30000000000001,1.2330463993281546,0,0,0.22727272727272727,0,0.145,14.499999999999998,Low Risk
645.03,0,34,84.64,0,2,560.39,7.62086483931947,1,1,0.058823529411764705,1,0.145,14.499999999999998,Low Risk
29.09,6,26,115.77,0,3,-86.67999999999999,0.2512740779131036,0,0,0.11538461538461539,0,0.14,14.000000000000002,Low Risk
186.16,1,38,95.68,0,1,90.47999999999999,1.9456521739130432,0,1,0.02631578947368421,0,0.14,14.000000000000002,Low Risk
100.74,22,13,107.39,0,1,-6.650000000000006,0.9380761709656392,0,0,0.07692307692307693,0,0.14,14.000000000000002,Low Risk
318.46,6,11,89.45,0,1,229.01,3.560201229737283,1,0,0.09090909090909091,0,0.14,14.000000000000002,Low Risk
383.88,11,13,293.53,0,0,90.35000000000002,1.3078049943787688,0,0,0.0,0,0.14,14.000000000000002,Low Risk
89.9,3,1,98.06,1,0,-8.159999999999997,0.9167856414440139,0,1,0.0,0,0.14,14.000000000000002,Low Risk
608.95,1,15,205.66,1,1,403.2900000000001,2.9609549742293106,1,1,0.06666666666666667,0,0.14,14.000000000000002,Low Risk
170.77,3,13,89.72,0,0,81.05000000000001,1.9033660276415516,0,1,0.0,0,0.14,14.000000000000002,Low Risk
638.75,5,33,103.42,0,1,535.33,6.176271514213885,1,1,0.030303030303030304,0,0.14,14.000000000000002,Low Risk
77.47,3,13,65.37,1,1,12.099999999999994,1.1851001988679821,0,1,0.07692307692307693,0,0.14,14.000000000000002,Low Risk
58.22,1,13,104.66,0,3,-46.44,0.5562774699025416,0,1,0.23076923076923078,0,0.14,14.000000000000002,Low Risk
155.16,5,7,110.21,0,0,44.95,1.4078577261591507,0,1,0.0,0,0.14,14.000000000000002,Low Risk
215.08,5,28,57.91,1,0,157.17000000000002,3.7140390260749445,1,1,0.0,0,0.14,14.000000000000002,Low Risk
157.6,6,22,52.36,0,1,105.24,3.0099312452253626,1,0,0.045454545454545456,0,0.135,13.5,Low Risk
298.6,2,24,133.19,0,0,165.41000000000003,2.2419100533073055,1,1,0.0,0,0.135,13.5,Low Risk
40.25,2,24,186.14,0,1,-145.89,0.2162350918663372,0,1,0.041666666666666664,0,0.135,13.5,Low Risk
85.3,12,15,99.02,0,3,-13.719999999999999,0.861442132902444,0,0,0.2,0,0.135,13.5,Low Risk
95.59,3,12,144.4,0,1,-48.81,0.6619806094182825,0,1,0.08333333333333333,0,0.135,13.5,Low Risk
239.72,4,32,65.73,0,0,173.99,3.647040924996196,1,1,0.0,0,0.135,13.5,Low Risk
287.69,18,11,40.39,1,1,247.3,7.12280267392919,1,0,0.09090909090909091,0,0.135,13.5,Low Risk
57.25,16,28,322.99,0,1,-265.74,0.17725006966159942,0,0,0.03571428571428571,0,0.135,13.5,Low Risk
426.91,5,21,444.21,0,1,-17.299999999999955,0.9610544562256591,0,1,0.047619047619047616,0,0.135,13.5,Low Risk
166.53,2,11,211.37,0,3,-44.84,0.7878601504470834,0,1,0.2727272727272727,0,0.135,13.5,Low Risk
144.11,20,4,42.5,0,2,101.61000000000001,3.3908235294117652,1,0,0.5,0,0.135,13.5,Low Risk
475.88,0,31,298.12,1,1,177.76,1.596269958406011,0,1,0.03225806451612903,0,0.135,13.5,Low Risk
98.77,22,29,204.21,0,0,-105.44000000000001,0.48366877234219674,0,0,0.0,0,0.135,13.5,Low Risk
24.76,4,15,82.4,0,2,-57.64,0.3004854368932039,0,1,0.13333333333333333,0,0.135,13.5,Low Risk
184.92,10,4,90.76,0,4,94.15999999999998,2.03746143675628,1,0,1.0,0,0.135,13.5,Low Risk
180.43,1,24,283.84,0,2,-103.40999999999997,0.635675028184893,0,1,0.08333333333333333,0,0.135,13.5,Low Risk
255.15,5,9,95.38,0,0,159.77,2.6750891172153493,1,1,0.0,0,0.135,13.5,Low Risk
23.03,4,26,117.67,0,1,-94.64,0.19571683521713268,0,1,0.038461538461538464,0,0.135,13.5,Low Risk
172.34,6,30,59.54,0,2,112.80000000000001,2.894524689284515,1,0,0.06666666666666667,0,0.135,13.5,Low Risk
644.47,8,23,65.8,0,1,578.6700000000001,9.794376899696049,1,0,0.043478260869565216,1,0.135,13.5,Low Risk
243.07,14,15,145.59,0,0,97.47999999999999,1.6695514801840785,0,0,0.0,0,0.135,13.5,Low Risk
244.69,11,15,92.05,0,0,152.64,2.6582292232482345,1,0,0.0,0,0.13,13.0,Low Risk
563.58,22,22,152.14,0,4,411.44000000000005,3.7043512554226377,1,0,0.18181818181818182,0,0.13,13.0,Low Risk
443.31,14,37,627.51,0,3,-184.2,0.7064588612133671,0,0,0.08108108108108109,0,0.13,13.0,Low Risk
62.31,0,22,120.55,0,1,-58.239999999999995,0.5168809622563252,0,1,0.045454545454545456,0,0.13,13.0,Low Risk
17.85,5,14,210.81,0,3,-192.96,0.08467340259000997,0,1,0.21428571428571427,0,0.13,13.0,Low Risk
151.88,13,17,627.4,0,1,-475.52,0.2420784188715333,0,0,0.058823529411764705,0,0.13,13.0,Low Risk
252.84,10,2,160.28,0,1,92.56,1.5774893935612677,0,0,0.5,0,0.13,13.0,Low Risk
239.35,23,31,142.88,1,1,96.47,1.6751819708846585,0,1,0.03225806451612903,0,0.13,13.0,Low Risk
136.07,21,18,157.2,0,0,-21.129999999999995,0.86558524173028,0,0,0.0,0,0.13,13.0,Low Risk
22.02,2,35,52.02,0,2,-30.000000000000004,0.42329873125720874,0,1,0.05714285714285714,0,0.13,13.0,Low Risk
406.12,10,45,76.8,0,0,329.32,5.288020833333333,1,0,0.0,0,0.13,13.0,Low Risk
429.96,4,8,104.6,1,1,325.36,4.110516252390058,1,1,0.125,0,0.13,13.0,Low Risk
319.45,17,24,88.61,0,2,230.83999999999997,3.605123575217244,1,0,0.08333333333333333,0,0.13,13.0,Low Risk
622.45,17,19,143.89,0,1,478.56000000000006,4.325873931475433,1,0,0.05263157894736842,0,0.13,13.0,Low Risk
284.91,18,32,53.62,0,3,231.29000000000002,5.313502424468482,1,0,0.09375,0,0.13,13.0,Low Risk
139.09,13,22,28.73,0,4,110.36,4.841280891054646,1,0,0.18181818181818182,0,0.13,13.0,Low Risk
45.76,6,24,51.48,0,0,-5.719999999999999,0.888888888888889,0,0,0.0,0,0.125,12.5,Low Risk
292.0,8,14,116.04,1,2,175.95999999999998,2.5163736642537056,1,0,0.14285714285714285,0,0.125,12.5,Low Risk
299.64,8,12,206.9,1,1,92.73999999999998,1.4482358627356209,0,0,0.08333333333333333,1,0.125,12.5,Low Risk
272.06,12,39,72.79,1,1,199.26999999999998,3.737601318862481,1,0,0.02564102564102564,0,0.125,12.5,Low Risk
303.35,1,16,210.49,0,1,92.86000000000001,1.4411611002898,0,1,0.0625,0,0.125,12.5,Low Risk
244.89,16,17,206.97,1,1,37.91999999999999,1.1832149586896652,0,0,0.058823529411764705,1,0.125,12.5,Low Risk
34.98,2,12,69.18,0,1,-34.20000000000001,0.5056374674761491,0,1,0.08333333333333333,0,0.125,12.5,Low Risk
49.47,20,16,259.51,0,0,-210.04,0.19062849215829833,0,0,0.0,0,0.125,12.5,Low Risk
126.91,22,32,326.9,0,1,-199.98999999999998,0.3882226980728052,0,0,0.03125,0,0.125,12.5,Low Risk
186.99,14,11,100.54,1,4,86.45,1.859856773423513,0,0,0.36363636363636365,0,0.125,12.5,Low Risk
522.4,10,21,194.75,0,1,327.65,2.682413350449294,1,0,0.047619047619047616,0,0.125,12.5,Low Risk
64.7,0,22,357.14,1,1,-292.44,0.18116144929159433,0,1,0.045454545454545456,0,0.125,12.5,Low Risk
21.79,21,9,91.05,0,1,-69.25999999999999,0.23931905546403076,0,0,0.1111111111111111,0,0.125,12.5,Low Risk
61.95,4,30,63.8,0,1,-1.8499999999999943,0.9710031347962383,0,1,0.03333333333333333,0,0.125,12.5,Low Risk
154.12,22,13,152.89,0,1,1.2300000000000182,1.0080449996729677,0,0,0.07692307692307693,0,0.125,12.5,Low Risk
65.52,2,26,57.82,0,2,7.699999999999996,1.1331719128329296,0,1,0.07692307692307693,0,0.125,12.5,Low Risk
133.52,20,18,151.91,0,1,-18.389999999999986,0.8789414785070108,0,0,0.05555555555555555,0,0.125,12.5,Low Risk
99.74,7,5,22.97,0,0,76.77,4.342185459294733,1,0,0.0,0,0.125,12.5,Low Risk
95.3,6,20,74.75,0,0,20.549999999999997,1.2749163879598662,0,0,0.0,0,0.125,12.5,Low Risk
104.89,12,4,79.45,1,2,25.439999999999998,1.3202013845185652,0,0,0.5,0,0.125,12.5,Low Risk
303.62,2,29,97.94,1,0,205.68,3.100061261997141,1,1,0.0,0,0.125,12.5,Low Risk
606.19,12,11,158.25,0,1,447.94000000000005,3.830584518167457,1,0,0.09090909090909091,0,0.125,12.5,Low Risk
70.1,6,10,84.43,0,2,-14.330000000000013,0.8302735994314816,0,0,0.2,0,0.125,12.5,Low Risk
204.25,18,31,65.88,1,2,138.37,3.100333940497875,1,0,0.06451612903225806,0,0.125,12.5,Low Risk
238.65,12,48,125.72,1,1,112.93,1.8982659879096406,0,0,0.020833333333333332,0,0.125,12.5,Low Risk
235.87,10,9,76.13,1,2,159.74,3.0982529883094707,1,0,0.2222222222222222,0,0.125,12.5,Low Risk
164.02,23,12,48.67,1,1,115.35000000000001,3.3700431477296076,1,1,0.08333333333333333,0,0.12,12.0,Low Risk
189.11,23,24,89.21,0,2,99.90000000000002,2.119829615513956,1,1,0.08333333333333333,0,0.12,12.0,Low Risk
330.55,4,18,151.68,0,0,178.87,2.179258966244726,1,1,0.0,0,0.12,12.0,Low Risk
196.18,7,26,70.77,1,4,125.41000000000001,2.772078564363431,1,0,0.15384615384615385,0,0.12,12.0,Low Risk
286.5,0,40,148.9,1,1,137.6,1.9241101410342512,0,1,0.025,0,0.12,12.0,Low Risk
159.82,1,6,171.92,0,2,-12.099999999999994,0.9296184271754304,0,1,0.3333333333333333,0,0.12,12.0,Low Risk
171.2,22,2,228.47,1,0,-57.27000000000001,0.7493325163041099,0,0,0.0,0,0.12,12.0,Low Risk
160.63,2,21,59.7,0,1,100.92999999999999,2.6906197654941373,1,1,0.047619047619047616,0,0.12,12.0,Low Risk
178.68,17,29,104.83,1,0,73.85000000000001,1.704473910140227,0,0,0.0,0,0.12,12.0,Low Risk
300.03,14,26,155.54,1,1,144.48999999999998,1.928957181432429,0,0,0.038461538461538464,0,0.12,12.0,Low Risk
110.4,1,21,81.97,0,1,28.430000000000007,1.3468342076369404,0,1,0.047619047619047616,0,0.12,12.0,Low Risk
60.27,12,19,80.76,0,1,-20.490000000000002,0.7462852897473997,0,0,0.05263157894736842,0,0.12,12.0,Low Risk
113.34,15,15,297.32,0,2,-183.98,0.3812054352213104,0,0,0.13333333333333333,0,0.12,12.0,Low Risk
547.64,2,33,285.98,0,3,261.65999999999997,1.914959088048115,0,1,0.09090909090909091,0,0.12,12.0,Low Risk
212.32,5,25,156.25,0,0,56.06999999999999,1.358848,0,1,0.0,0,0.12,12.0,Low Risk
55.85,3,6,75.49,1,0,-19.639999999999993,0.7398330904755598,0,1,0.0,0,0.12,12.0,Low Risk
489.75,20,14,84.1,1,1,405.65,5.8234244946492275,1,0,0.07142857142857142,1,0.115,11.5,Low Risk
176.13,6,19,209.54,1,3,-33.41,0.84055550252935,0,0,0.15789473684210525,0,0.115,11.5,Low Risk
58.33,2,22,92.6,1,1,-34.269999999999996,0.6299136069114472,0,1,0.045454545454545456,0,0.115,11.5,Low Risk
180.86,2,12,87.51,1,3,93.35000000000001,2.066735230259399,1,1,0.25,0,0.115,11.5,Low Risk
136.11,4,24,99.76,0,1,36.35000000000001,1.3643744987971131,0,1,0.041666666666666664,0,0.115,11.5,Low Risk
626.66,13,22,143.25,0,3,483.40999999999997,4.374589877835951,1,0,0.13636363636363635,1,0.115,11.5,Low Risk
313.79,6,7,145.8,1,1,167.99,2.1521947873799725,1,0,0.14285714285714285,0,0.115,11.5,Low Risk
118.2,0,25,82.56,0,1,35.64,1.431686046511628,0,1,0.04,0,0.115,11.5,Low Risk
212.44,3,14,83.8,1,1,128.64,2.5350835322195704,1,1,0.07142857142857142,0,0.115,11.5,Low Risk
9.4,16,18,76.25,0,0,-66.85,0.12327868852459017,0,0,0.0,0,0.115,11.5,Low Risk
482.08,21,1,166.27,0,1,315.80999999999995,2.899380525651049,1,0,1.0,0,0.115,11.5,Low Risk
31.7,10,9,73.29,0,1,-41.59,0.4325283121844726,0,0,0.1111111111111111,0,0.115,11.5,Low Risk
383.82,2,20,84.57,0,0,299.25,4.538488825824761,1,1,0.0,0,0.115,11.5,Low Risk
536.13,22,39,176.35,1,2,359.78,3.040147434079955,1,0,0.05128205128205128,0,0.115,11.5,Low Risk
113.74,10,1,55.79,1,3,57.949999999999996,2.038716615880982,1,0,3.0,0,0.115,11.5,Low Risk
306.7,6,32,99.55,0,0,207.14999999999998,3.0808638874937215,1,0,0.0,0,0.115,11.5,Low Risk
194.25,0,27,112.71,0,1,81.54,1.723449560819803,0,1,0.037037037037037035,0,0.115,11.5,Low Risk
302.87,6,11,64.49,0,3,238.38,4.696387036749885,1,0,0.2727272727272727,0,0.115,11.5,Low Risk
5.27,0,22,46.77,0,3,-41.5,0.11267906777849047,0,1,0.13636363636363635,0,0.115,11.5,Low Risk
228.52,18,5,56.07,0,1,172.45000000000002,4.075619761013019,1,0,0.2,0,0.115,11.5,Low Risk
196.08,19,32,63.46,1,1,132.62,3.0898203592814375,1,0,0.03125,0,0.115,11.5,Low Risk
83.99,17,17,263.14,0,1,-179.14999999999998,0.3191837044919055,0,0,0.058823529411764705,0,0.115,11.5,Low Risk
89.25,11,21,199.86,0,1,-110.61000000000001,0.4465625938156709,0,0,0.047619047619047616,0,0.115,11.5,Low Risk
168.04,10,1,135.63,0,2,32.41,1.2389589323895893,0,0,2.0,1,0.115,11.5,Low Risk
42.08,11,32,40.46,0,2,1.6199999999999974,1.0400395452298565,0,0,0.0625,0,0.115,11.5,Low Risk
112.46,1,15,128.62,0,2,-16.16000000000001,0.8743585756491992,0,1,0.13333333333333333,0,0.115,11.5,Low Risk
46.92,0,26,95.46,0,2,-48.53999999999999,0.4915147705845381,0,1,0.07692307692307693,0,0.115,11.5,Low Risk
295.1,20,26,117.88,0,3,177.22000000000003,2.5033932813030204,1,0,0.11538461538461539,0,0.115,11.5,Low Risk
76.8,6,12,57.24,0,0,19.559999999999995,1.341719077568134,0,0,0.0,0,0.11,11.0,Low Risk
508.57,16,34,174.87,1,1,333.7,2.908274718362212,1,0,0.029411764705882353,0,0.11,11.0,Low Risk
166.98,7,5,82.4,0,2,84.57999999999998,2.0264563106796114,1,0,0.4,0,0.11,11.0,Low Risk
128.25,1,24,89.28,0,2,38.97,1.436491935483871,0,1,0.08333333333333333,0,0.11,11.0,Low Risk
301.48,8,24,62.67,1,3,238.81,4.810595181107388,1,0,0.125,0,0.11,11.0,Low Risk
300.19,1,27,82.73,1,3,217.45999999999998,3.6285507071195453,1,1,0.1111111111111111,0,0.11,11.0,Low Risk
86.0,9,43,47.04,0,3,38.96,1.8282312925170068,0,0,0.06976744186046512,0,0.11,11.0,Low Risk
212.59,19,17,69.98,0,2,142.61,3.0378679622749356,1,0,0.11764705882352941,0,0.11,11.0,Low Risk
110.96,14,16,56.85,1,3,54.10999999999999,1.9518029903254177,0,0,0.1875,0,0.11,11.0,Low Risk
520.85,7,32,160.49,0,2,360.36,3.2453735435229607,1,0,0.0625,0,0.11,11.0,Low Risk
250.55,3,14,119.44,0,0,131.11,2.097705961152043,1,1,0.0,0,0.11,11.0,Low Risk
84.05,2,1,113.93,0,3,-29.88000000000001,0.737733696129202,0,1,3.0,0,0.11,11.0,Low Risk
445.78,6,11,117.28,0,6,328.5,3.800989085948158,1,0,0.5454545454545454,0,0.11,11.0,Low Risk
59.95,19,23,193.93,0,3,-133.98000000000002,0.3091321610890528,0,0,0.13043478260869565,0,0.11,11.0,Low Risk
571.43,14,12,173.22,1,0,398.2099999999999,3.298868490936381,1,0,0.0,0,0.11,11.0,Low Risk
156.83,16,1,194.33,1,0,-37.5,0.8070292800905676,0,0,0.0,0,0.11,11.0,Low Risk
268.54,15,30,57.23,0,0,211.31000000000003,4.692294251266818,1,0,0.0,0,0.11,11.0,Low Risk
193.46,21,27,158.57,0,2,34.890000000000015,1.2200290092703538,0,0,0.07407407407407407,0,0.11,11.0,Low Risk
141.04,6,13,40.91,0,1,100.13,3.4475678318259595,1,0,0.07692307692307693,0,0.11,11.0,Low Risk
145.93,6,7,54.58,0,0,91.35000000000001,2.6736899963356544,1,0,0.0,0,0.11,11.0,Low Risk
62.7,0,28,159.35,0,1,-96.64999999999999,0.3934734860370254,0,1,0.03571428571428571,0,0.11,11.0,Low Risk
183.56,23,15,44.77,0,2,138.79,4.100067009157918,1,1,0.13333333333333333,1,0.11,11.0,Low Risk
228.77,22,25,139.8,1,2,88.97,1.6364091559370528,0,0,0.08,0,0.11,11.0,Low Risk
261.5,2,1,151.46,0,3,110.03999999999999,1.7265284563581142,0,1,3.0,0,0.11,11.0,Low Risk
75.76,0,25,182.17,0,3,-106.40999999999998,0.4158752813306253,0,1,0.12,0,0.11,11.0,Low Risk
27.49,4,5,73.59,0,2,-46.10000000000001,0.3735561896996874,0,1,0.4,0,0.11,11.0,Low Risk
443.88,4,12,107.97,0,1,335.90999999999997,4.111141983884412,1,1,0.08333333333333333,0,0.11,11.0,Low Risk
73.18,2,25,49.43,0,0,23.750000000000007,1.4804774428484728,0,1,0.0,0,0.105,10.5,Low Risk
191.64,11,21,113.19,0,0,78.44999999999999,1.6930824277763052,0,0,0.0,0,0.105,10.5,Low Risk
114.63,3,1,172.99,0,3,-58.360000000000014,0.6626394589282617,0,1,3.0,0,0.105,10.5,Low Risk
84.53,14,3,137.58,0,2,-53.05000000000001,0.6144061636865823,0,0,0.6666666666666666,0,0.105,10.5,Low Risk
98.09,8,25,208.61,0,1,-110.52000000000001,0.47020756435453714,0,0,0.04,0,0.105,10.5,Low Risk
335.11,10,13,131.27,1,1,203.84,2.552830044945532,1,0,0.07692307692307693,0,0.105,10.5,Low Risk
78.66,1,24,113.41,0,2,-34.75,0.6935896305440438,0,1,0.08333333333333333,0,0.105,10.5,Low Risk
189.4,17,28,107.75,0,2,81.65,1.757772621809745,0,0,0.07142857142857142,0,0.105,10.5,Low Risk
184.66,0,23,122.9,1,2,61.75999999999999,1.5025223759153783,0,1,0.08695652173913043,0,0.105,10.5,Low Risk
74.39,4,6,76.19,0,3,-1.7999999999999972,0.9763748523428272,0,1,0.5,0,0.105,10.5,Low Risk
98.42,0,23,132.91,0,1,-34.489999999999995,0.7405010909638101,0,1,0.043478260869565216,0,0.105,10.5,Low Risk
713.9,14,26,92.21,0,3,621.6899999999999,7.742110400173517,1,0,0.11538461538461539,0,0.105,10.5,Low Risk
209.07,14,22,78.56,0,2,130.51,2.6612780040733197,1,0,0.09090909090909091,0,0.105,10.5,Low Risk
453.18,14,17,72.71,1,4,380.47,6.232705267501032,1,0,0.23529411764705882,0,0.105,10.5,Low Risk
119.87,13,13,220.19,0,4,-100.32,0.5443934783595985,0,0,0.3076923076923077,0,0.105,10.5,Low Risk
291.1,17,5,144.59,0,1,146.51000000000002,2.013278926620098,1,0,0.2,0,0.105,10.5,Low Risk
26.38,23,26,123.5,0,4,-97.12,0.21360323886639676,0,1,0.15384615384615385,0,0.105,10.5,Low Risk
141.52,22,15,135.44,1,1,6.0800000000000125,1.0448907265209688,0,0,0.06666666666666667,0,0.105,10.5,Low Risk
207.06,11,27,89.43,0,3,117.63,2.315330426031533,1,0,0.1111111111111111,0,0.105,10.5,Low Risk
311.43,2,11,129.96,0,1,181.47,2.396352723915051,1,1,0.09090909090909091,0,0.105,10.5,Low Risk
430.69,13,14,107.42,0,1,323.27,4.009402345931856,1,0,0.07142857142857142,0,0.105,10.5,Low Risk
92.45,12,12,46.38,0,3,46.07,1.9933160845191893,0,0,0.25,0,0.105,10.5,Low Risk
186.81,9,19,68.97,0,5,117.84,2.7085689430187037,1,0,0.2631578947368421,0,0.105,10.5,Low Risk
208.91,7,12,109.23,1,1,99.67999999999999,1.9125698068296255,0,0,0.08333333333333333,0,0.105,10.5,Low Risk
140.78,1,42,66.97,1,0,73.81,2.1021352844557266,1,1,0.0,0,0.1,10.0,Low Risk
223.58,16,1,28.36,0,1,195.22000000000003,7.883638928067701,1,0,1.0,0,0.1,10.0,Low Risk
217.04,0,25,74.82,1,5,142.22,2.9008286554397222,1,1,0.2,0,0.1,10.0,Low Risk
437.07,10,11,271.09,0,2,165.98000000000002,1.612268988158914,0,0,0.18181818181818182,0,0.1,10.0,Low Risk
80.72,8,20,211.98,0,2,-131.26,0.3807906406264742,0,0,0.1,0,0.1,10.0,Low Risk
35.42,15,17,114.66,0,1,-79.24,0.3089133089133089,0,0,0.058823529411764705,0,0.1,10.0,Low Risk
169.92,20,17,158.31,0,2,11.609999999999985,1.0733371233655484,0,0,0.11764705882352941,0,0.1,10.0,Low Risk
112.38,5,13,238.44,0,2,-126.06,0.47131353799698034,0,1,0.15384615384615385,0,0.1,10.0,Low Risk
177.56,14,24,48.07,0,0,129.49,3.6937799043062203,1,0,0.0,0,0.1,10.0,Low Risk
349.34,4,5,304.84,0,1,44.5,1.1459782180816167,0,1,0.2,0,0.1,10.0,Low Risk
217.39,20,6,71.55,0,3,145.83999999999997,3.038294898672257,1,0,0.5,0,0.1,10.0,Low Risk
68.96,0,20,64.17,1,1,4.789999999999992,1.0746454729624433,0,1,0.05,0,0.1,10.0,Low Risk
140.78,12,15,43.25,0,3,97.53,3.255028901734104,1,0,0.2,0,0.1,10.0,Low Risk
568.14,5,20,194.44,0,0,373.7,2.921929644106151,1,1,0.0,0,0.1,10.0,Low Risk
65.87,22,25,156.68,0,1,-90.81,0.42041102884860865,0,0,0.04,0,0.1,10.0,Low Risk
434.63,11,9,108.14,0,1,326.49,4.01914185315332,1,0,0.1111111111111111,0,0.1,10.0,Low Risk
156.51,3,26,89.57,0,0,66.94,1.7473484425588925,0,1,0.0,0,0.1,10.0,Low Risk
289.48,7,30,177.97,0,1,111.51000000000002,1.626566275214924,0,0,0.03333333333333333,0,0.1,10.0,Low Risk
74.8,2,1,139.47,1,0,-64.67,0.5363160536316054,0,1,0.0,0,0.095,9.5,Low Risk
306.49,15,30,152.14,0,1,154.35000000000002,2.014526094386749,1,0,0.03333333333333333,0,0.095,9.5,Low Risk
82.79,2,26,47.38,0,1,35.410000000000004,1.7473617560151964,0,1,0.038461538461538464,0,0.095,9.5,Low Risk
203.16,11,1,98.78,0,4,104.38,2.0566916379833975,1,0,4.0,0,0.095,9.5,Low Risk
340.07,3,9,162.48,0,2,177.59,2.092996061053668,1,1,0.2222222222222222,0,0.095,9.5,Low Risk
325.33,6,25,124.18,0,0,201.14999999999998,2.61982605894669,1,0,0.0,0,0.095,9.5,Low Risk
185.2,5,14,144.61,0,2,40.589999999999975,1.280685982988728,0,1,0.14285714285714285,0,0.095,9.5,Low Risk
200.99,6,36,172.43,1,0,28.560000000000002,1.1656324305515282,0,0,0.0,0,0.095,9.5,Low Risk
62.89,5,24,82.26,1,2,-19.370000000000005,0.7645271091660588,0,1,0.08333333333333333,1,0.095,9.5,Low Risk
632.76,22,18,129.22,0,1,503.53999999999996,4.896765206624361,1,0,0.05555555555555555,0,0.095,9.5,Low Risk
171.87,2,33,50.8,0,3,121.07000000000001,3.3832677165354332,1,1,0.09090909090909091,0,0.095,9.5,Low Risk
177.36,7,12,52.45,0,3,124.91000000000001,3.3815061963775026,1,0,0.25,0,0.095,9.5,Low Risk
575.29,19,28,64.89,0,0,510.4,8.865618739405146,1,0,0.0,0,0.095,9.5,Low Risk
44.1,12,24,305.19,0,2,-261.09,0.14450014744913006,0,0,0.08333333333333333,0,0.095,9.5,Low Risk
173.61,1,18,75.81,1,0,97.80000000000001,2.290067273446775,1,1,0.0,0,0.095,9.5,Low Risk
65.41,22,22,171.16,0,4,-105.75,0.3821570460387941,0,0,0.18181818181818182,0,0.095,9.5,Low Risk
114.8,1,1,111.67,0,1,3.1299999999999955,1.0280290140592818,0,1,1.0,0,0.095,9.5,Low Risk
166.3,6,20,83.56,0,1,82.74000000000001,1.9901866921972236,0,0,0.05,0,0.095,9.5,Low Risk
261.79,20,7,31.11,0,3,230.68,8.414979106396657,1,0,0.42857142857142855,0,0.095,9.5,Low Risk
218.07,5,25,168.92,0,0,49.150000000000006,1.290966137816718,0,1,0.0,0,0.095,9.5,Low Risk
337.78,2,30,56.59,0,1,281.18999999999994,5.968899098780702,1,1,0.03333333333333333,0,0.095,9.5,Low Risk
112.51,9,18,175.49,1,3,-62.980000000000004,0.6411191520884381,0,0,0.16666666666666666,0,0.095,9.5,Low Risk
53.53,0,16,63.96,1,0,-10.43,0.8369293308317699,0,1,0.0,0,0.095,9.5,Low Risk
69.86,16,27,56.53,0,2,13.329999999999998,1.2358039978772333,0,0,0.07407407407407407,0,0.095,9.5,Low Risk
601.5,16,12,240.16,0,3,361.34000000000003,2.5045802798134575,1,0,0.25,0,0.095,9.5,Low Risk
22.87,8,8,86.09,0,0,-63.22,0.26565222441630854,0,0,0.0,0,0.095,9.5,Low Risk
7.88,17,17,59.78,0,1,-51.9,0.13181666109066578,0,0,0.058823529411764705,0,0.095,9.5,Low Risk
190.12,3,21,64.23,1,2,125.89,2.959987544761015,1,1,0.09523809523809523,0,0.095,9.5,Low Risk
164.92,17,20,88.0,0,2,76.91999999999999,1.874090909090909,0,0,0.1,0,0.095,9.5,Low Risk
164.3,15,10,58.28,0,3,106.02000000000001,2.819148936170213,1,0,0.3,0,0.095,9.5,Low Risk
379.2,3,24,118.06,0,2,261.14,3.211926139251228,1,1,0.08333333333333333,0,0.095,9.5,Low Risk
230.38,23,37,149.34,1,0,81.03999999999999,1.5426543457881343,0,1,0.0,0,0.095,9.5,Low Risk
20.69,3,26,70.41,0,2,-49.72,0.2938503053543531,0,1,0.07692307692307693,0,0.095,9.5,Low Risk
561.84,6,18,119.1,0,0,442.74,4.717380352644836,1,0,0.0,0,0.095,9.5,Low Risk
226.38,12,30,184.67,1,3,41.71000000000001,1.2258623490550713,0,0,0.1,0,0.095,9.5,Low Risk
110.94,1,29,152.37,0,2,-41.43000000000001,0.7280960819058869,0,1,0.06896551724137931,0,0.095,9.5,Low Risk
113.3,14,25,194.37,0,2,-81.07000000000001,0.5829088851160158,0,0,0.08,0,0.095,9.5,Low Risk
194.36,16,8,38.13,0,1,156.23000000000002,5.097298714922633,1,0,0.125,0,0.095,9.5,Low Risk
172.07,21,33,103.26,1,0,68.80999999999999,1.6663761379043192,0,0,0.0,0,0.095,9.5,Low Risk
635.81,21,26,53.02,0,0,582.79,11.991889852885702,1,0,0.0,0,0.095,9.5,Low Risk
194.81,3,45,114.55,0,1,80.26,1.7006547359231776,0,1,0.022222222222222223,0,0.09,9.0,Low Risk
61.2,1,23,60.69,0,1,0.5100000000000051,1.008403361344538,0,1,0.043478260869565216,0,0.09,9.0,Low Risk
224.87,16,25,99.43,1,3,125.44,2.261591069093835,1,0,0.12,0,0.09,9.0,Low Risk
75.17,3,29,130.92,0,1,-55.749999999999986,0.5741674304919036,0,1,0.034482758620689655,0,0.09,9.0,Low Risk
212.55,3,22,109.88,0,0,102.67000000000002,1.9343829632326175,0,1,0.0,0,0.09,9.0,Low Risk
266.58,2,12,129.17,0,1,137.41,2.063791902144461,1,1,0.08333333333333333,0,0.09,9.0,Low Risk
120.69,6,29,128.78,1,0,-8.090000000000003,0.9371796862866905,0,0,0.0,1,0.09,9.0,Low Risk
144.61,1,14,158.34,0,2,-13.72999999999999,0.9132878615637237,0,1,0.14285714285714285,0,0.09,9.0,Low Risk
592.45,5,32,222.59,0,1,369.86,2.6616200188687724,1,1,0.03125,0,0.09,9.0,Low Risk
27.35,6,11,74.11,1,1,-46.76,0.36904601268384835,0,0,0.09090909090909091,0,0.09,9.0,Low Risk
226.46,21,14,81.14,0,1,145.32,2.790978555582943,1,0,0.07142857142857142,0,0.09,9.0,Low Risk
204.97,3,26,73.17,0,0,131.8,2.801284679513462,1,1,0.0,0,0.09,9.0,Low Risk
73.63,21,20,195.01,0,0,-121.38,0.37757038100610224,0,0,0.0,0,0.09,9.0,Low Risk
150.93,4,23,120.19,0,1,30.74000000000001,1.255761710624844,0,1,0.043478260869565216,0,0.09,9.0,Low Risk
444.37,2,21,126.44,0,2,317.93,3.5144732679531794,1,1,0.09523809523809523,0,0.09,9.0,Low Risk
130.6,3,1,181.94,1,1,-51.34,0.7178190612289765,0,1,1.0,0,0.09,9.0,Low Risk
209.7,21,12,131.17,1,0,78.53,1.5986887245559198,0,0,0.0,0,0.09,9.0,Low Risk
53.0,6,51,98.51,0,0,-45.510000000000005,0.5380164450309612,0,0,0.0,0,0.09,9.0,Low Risk
511.49,20,10,323.46,0,0,188.03000000000003,1.581308353428554,0,0,0.0,0,0.09,9.0,Low Risk
38.03,17,16,126.46,0,2,-88.42999999999999,0.30072750276767357,0,0,0.125,0,0.09,9.0,Low Risk
280.71,9,12,81.79,1,0,198.91999999999996,3.432082161633451,1,0,0.0,0,0.09,9.0,Low Risk
221.09,9,18,208.82,1,0,12.27000000000001,1.058758739584331,0,0,0.0,0,0.09,9.0,Low Risk
132.72,14,19,29.74,0,1,102.98,4.462676529926026,1,0,0.05263157894736842,0,0.09,9.0,Low Risk
383.46,15,17,179.94,0,4,203.51999999999998,2.1310436812270757,1,0,0.23529411764705882,0,0.09,9.0,Low Risk
248.03,5,14,172.33,1,3,75.69999999999999,1.4392734869146404,0,1,0.21428571428571427,0,0.09,9.0,Low Risk
156.21,0,17,214.14,0,2,-57.92999999999998,0.7294760437097227,0,1,0.11764705882352941,0,0.09,9.0,Low Risk
422.26,17,9,103.36,0,0,318.9,4.085332817337461,1,0,0.0,0,0.09,9.0,Low Risk
127.61,21,29,148.5,1,1,-20.89,0.8593265993265993,0,0,0.034482758620689655,0,0.09,9.0,Low Risk
196.9,20,9,114.98,0,3,81.92,1.712471734214646,0,0,0.3333333333333333,0,0.09,9.0,Low Risk
50.17,21,7,267.28,0,0,-217.10999999999996,0.18770577671355884,0,0,0.0,0,0.09,9.0,Low Risk
395.28,0,24,72.35,0,1,322.92999999999995,5.463441603317208,1,1,0.041666666666666664,0,0.09,9.0,Low Risk
549.76,9,10,159.19,0,1,390.57,3.453483258998681,1,0,0.1,0,0.09,9.0,Low Risk
207.74,10,16,71.02,1,3,136.72000000000003,2.9250915235145034,1,0,0.1875,0,0.09,9.0,Low Risk
81.18,11,19,90.4,0,3,-9.219999999999999,0.8980088495575221,0,0,0.15789473684210525,0,0.09,9.0,Low Risk
109.36,1,42,36.59,0,1,72.77,2.988794752664662,1,1,0.023809523809523808,0,0.09,9.0,Low Risk
491.6,8,19,147.31,0,1,344.29,3.3371800963953566,1,0,0.05263157894736842,0,0.09,9.0,Low Risk
474.25,2,6,83.57,0,3,390.68,5.6748833313389975,1,1,0.5,0,0.085,8.5,Low Risk
150.85,7,26,50.17,0,2,100.67999999999999,3.0067769583416384,1,0,0.07692307692307693,0,0.085,8.5,Low Risk
170.11,7,26,106.93,0,1,63.18000000000001,1.590853829608155,0,0,0.038461538461538464,0,0.085,8.5,Low Risk
197.32,11,18,35.05,0,3,162.26999999999998,5.629671897289587,1,0,0.16666666666666666,0,0.085,8.5,Low Risk
399.57,5,27,147.07,1,1,252.5,2.7168695179166384,1,1,0.037037037037037035,0,0.085,8.5,Low Risk
94.31,7,27,60.37,0,2,33.940000000000005,1.562199768096737,0,0,0.07407407407407407,0,0.085,8.5,Low Risk
232.83,20,14,494.61,1,1,-261.78,0.4707345181051738,0,0,0.07142857142857142,0,0.085,8.5,Low Risk
64.07,5,11,53.12,0,0,10.949999999999996,1.2061370481927711,0,1,0.0,0,0.085,8.5,Low Risk
479.66,18,24,419.26,0,1,60.400000000000034,1.1440633497113963,0,0,0.041666666666666664,0,0.085,8.5,Low Risk
115.96,0,15,61.84,1,1,54.11999999999999,1.8751617076326001,0,1,0.06666666666666667,0,0.085,8.5,Low Risk
92.38,4,23,97.19,0,1,-4.810000000000002,0.9505093116575779,0,1,0.043478260869565216,0,0.085,8.5,Low Risk
286.35,14,4,33.81,0,1,252.54000000000002,8.46938775510204,1,0,0.25,0,0.085,8.5,Low Risk
115.17,9,31,232.57,0,1,-117.39999999999999,0.49520574450703014,0,0,0.03225806451612903,0,0.085,8.5,Low Risk
79.18,14,19,53.14,0,3,26.040000000000006,1.4900263455024465,0,0,0.15789473684210525,0,0.085,8.5,Low Risk
731.29,21,19,222.73,0,2,508.55999999999995,3.2833026534368965,1,0,0.10526315789473684,0,0.085,8.5,Low Risk
310.15,23,12,174.93,0,0,135.21999999999997,1.7729949122506143,0,1,0.0,0,0.085,8.5,Low Risk
91.06,1,25,131.33,0,2,-40.27000000000001,0.6933678519759384,0,1,0.08,0,0.085,8.5,Low Risk
139.85,21,31,153.08,0,3,-13.230000000000018,0.9135746015155474,0,0,0.0967741935483871,0,0.085,8.5,Low Risk
314.98,22,1,192.6,0,0,122.38000000000002,1.635410176531672,0,0,0.0,0,0.085,8.5,Low Risk
171.06,9,19,126.26,0,2,44.8,1.3548233803263108,0,0,0.10526315789473684,0,0.085,8.5,Low Risk
79.01,13,1,250.88,0,0,-171.87,0.3149314413265306,0,0,0.0,0,0.085,8.5,Low Risk
54.9,3,12,242.83,0,1,-187.93,0.22608409175143102,0,1,0.08333333333333333,0,0.085,8.5,Low Risk
283.85,7,19,244.23,1,2,39.62000000000003,1.1622241329893954,0,0,0.10526315789473684,0,0.085,8.5,Low Risk
46.59,9,8,158.82,0,1,-112.22999999999999,0.29335096335474126,0,0,0.125,0,0.085,8.5,Low Risk
48.83,22,21,162.05,0,0,-113.22000000000001,0.3013267510027769,0,0,0.0,0,0.085,8.5,Low Risk
264.61,19,17,68.98,0,4,195.63,3.836039431719339,1,0,0.23529411764705882,0,0.085,8.5,Low Risk
302.44,6,13,84.8,0,3,217.64,3.5665094339622643,1,0,0.23076923076923078,0,0.085,8.5,Low Risk
202.65,2,15,77.64,1,0,125.01,2.6101236476043277,1,1,0.0,0,0.085,8.5,Low Risk
44.03,3,24,75.9,0,1,-31.870000000000005,0.5801054018445323,0,1,0.041666666666666664,1,0.085,8.5,Low Risk
171.81,23,16,99.72,0,1,72.09,1.7229241877256318,0,1,0.0625,0,0.085,8.5,Low Risk
36.99,8,6,92.16,0,1,-55.169999999999995,0.40136718750000006,0,0,0.16666666666666666,0,0.085,8.5,Low Risk
247.6,13,37,58.59,0,1,189.01,4.225977129202935,1,0,0.02702702702702703,0,0.085,8.5,Low Risk
506.59,1,24,159.99,0,1,346.59999999999997,3.1663853990874427,1,1,0.041666666666666664,0,0.08,8.0,Low Risk
171.85,19,9,114.48,1,4,57.36999999999999,1.5011355695317958,0,0,0.4444444444444444,0,0.08,8.0,Low Risk
174.63,14,20,51.62,0,2,123.00999999999999,3.3829910887253005,1,0,0.1,0,0.08,8.0,Low Risk
140.12,23,15,76.55,0,2,63.57000000000001,1.8304376224689747,0,1,0.13333333333333333,0,0.08,8.0,Low Risk
118.3,4,23,106.89,0,1,11.409999999999997,1.1067452521283563,0,1,0.043478260869565216,0,0.08,8.0,Low Risk
221.21,12,7,134.13,0,2,87.08000000000001,1.649220905092075,0,0,0.2857142857142857,0,0.08,8.0,Low Risk
94.7,1,7,98.83,0,2,-4.1299999999999955,0.9582110695133057,0,1,0.2857142857142857,1,0.08,8.0,Low Risk
174.62,0,4,83.77,1,1,90.85000000000001,2.0845171302375554,1,1,0.25,0,0.08,8.0,Low Risk
123.2,2,23,320.35,0,2,-197.15000000000003,0.3845793663180896,0,1,0.08695652173913043,0,0.08,8.0,Low Risk
36.97,16,20,232.38,0,2,-195.41,0.15909286513469317,0,0,0.1,0,0.08,8.0,Low Risk
232.59,15,6,32.78,0,1,199.81,7.095485051860891,1,0,0.16666666666666666,0,0.08,8.0,Low Risk
122.86,1,12,92.82,0,1,30.040000000000006,1.3236371471665591,0,1,0.08333333333333333,0,0.08,8.0,Low Risk
129.73,15,19,190.84,1,3,-61.110000000000014,0.6797841123454201,0,0,0.15789473684210525,0,0.08,8.0,Low Risk
158.65,12,18,68.08,1,0,90.57000000000001,2.330346650998825,1,0,0.0,0,0.08,8.0,Low Risk
271.78,13,10,161.95,0,1,109.82999999999998,1.67817227539364,0,0,0.1,0,0.08,8.0,Low Risk
389.79,23,27,92.53,0,5,297.26,4.212579703879823,1,1,0.18518518518518517,0,0.08,8.0,Low Risk
56.01,21,23,113.53,1,3,-57.52,0.4933497753897648,0,0,0.13043478260869565,0,0.08,8.0,Low Risk
96.38,7,25,65.56,0,2,30.819999999999993,1.470103721781574,0,0,0.08,0,0.08,8.0,Low Risk
51.74,6,18,81.17,0,1,-29.43,0.637427621042257,0,0,0.05555555555555555,0,0.08,8.0,Low Risk
65.37,2,26,72.43,0,1,-7.060000000000002,0.9025265773850614,0,1,0.038461538461538464,0,0.08,8.0,Low Risk
294.08,20,33,108.45,0,2,185.63,2.7116643614568923,1,0,0.06060606060606061,0,0.08,8.0,Low Risk
4.7,4,8,37.82,0,4,-33.12,0.12427287149656267,0,1,0.5,0,0.08,8.0,Low Risk
188.15,6,27,134.36,1,2,53.78999999999999,1.4003423637987495,0,0,0.07407407407407407,0,0.08,8.0,Low Risk
254.1,10,18,203.21,0,5,50.889999999999986,1.2504305890458145,0,0,0.2777777777777778,0,0.08,8.0,Low Risk
174.92,17,11,37.42,0,1,137.5,4.674505611972207,1,0,0.09090909090909091,0,0.08,8.0,Low Risk
130.14,1,14,102.21,0,1,27.929999999999993,1.2732609333724685,0,1,0.07142857142857142,0,0.08,8.0,Low Risk
130.77,15,21,49.26,1,4,81.51000000000002,2.65468940316687,1,0,0.19047619047619047,0,0.08,8.0,Low Risk
81.09,15,19,157.51,0,2,-76.41999999999999,0.5148244555901214,0,0,0.10526315789473684,0,0.08,8.0,Low Risk
381.19,21,25,107.11,0,4,274.08,3.5588647185136777,1,0,0.16,0,0.08,8.0,Low Risk
422.8,8,16,139.71,0,1,283.09000000000003,3.0262686994488583,1,0,0.0625,0,0.08,8.0,Low Risk
128.79,8,21,47.88,0,2,80.91,2.68984962406015,1,0,0.09523809523809523,0,0.08,8.0,Low Risk
158.08,12,16,29.41,1,1,128.67000000000002,5.375042502550153,1,0,0.0625,0,0.08,8.0,Low Risk
310.3,19,8,153.15,0,0,157.15,2.0261181847861574,1,0,0.0,0,0.08,8.0,Low Risk
168.72,3,25,119.83,0,1,48.89,1.4079946591003922,0,1,0.04,0,0.08,8.0,Low Risk
220.89,22,6,704.83,1,3,-483.94000000000005,0.31339471929401413,0,0,0.5,0,0.08,8.0,Low Risk
167.86,5,36,107.4,0,1,60.46000000000001,1.5629422718808195,0,1,0.027777777777777776,0,0.08,8.0,Low Risk
34.77,6,27,58.35,0,1,-23.58,0.5958868894601543,0,0,0.037037037037037035,0,0.08,8.0,Low Risk
231.88,5,8,179.04,1,3,52.84,1.295129579982127,0,1,0.375,0,0.08,8.0,Low Risk
251.15,20,14,103.46,0,2,147.69,2.4275082157355503,1,0,0.14285714285714285,0,0.08,8.0,Low Risk
25.01,11,27,103.02,0,4,-78.00999999999999,0.2427683944865075,0,0,0.14814814814814814,0,0.08,8.0,Low Risk
80.97,6,15,84.64,0,2,-3.6700000000000017,0.9566398865784499,0,0,0.13333333333333333,0,0.08,8.0,Low Risk
434.94,15,13,101.41,0,0,333.53,4.288926141406173,1,0,0.0,0,0.08,8.0,Low Risk
92.37,10,11,99.81,0,2,-7.439999999999998,0.9254583709047189,0,0,0.18181818181818182,0,0.08,8.0,Low Risk
204.74,6,11,41.84,0,2,162.9,4.8934034416826,1,0,0.18181818181818182,0,0.08,8.0,Low Risk
44.54,20,16,173.41,0,2,-128.87,0.2568479326451762,0,0,0.125,0,0.08,8.0,Low Risk
489.53,22,27,209.83,0,2,279.69999999999993,2.332983844064242,1,0,0.07407407407407407,0,0.075,7.5,Low Risk
154.87,2,39,149.61,0,2,5.259999999999991,1.035158077668605,0,1,0.05128205128205128,0,0.075,7.5,Low Risk
249.34,21,29,86.22,0,3,163.12,2.89190443052656,1,0,0.10344827586206896,0,0.075,7.5,Low Risk
345.8,5,21,117.47,0,3,228.33,2.943730314122755,1,1,0.14285714285714285,0,0.075,7.5,Low Risk
498.81,12,8,82.28,0,1,416.53,6.062348079727759,1,0,0.125,0,0.075,7.5,Low Risk
94.16,13,9,102.1,0,3,-7.939999999999998,0.9222331047992165,0,0,0.3333333333333333,0,0.075,7.5,Low Risk
569.41,19,13,110.75,0,0,458.65999999999997,5.141399548532731,1,0,0.0,0,0.075,7.5,Low Risk
88.4,3,38,194.72,1,0,-106.32,0.4539852095316352,0,1,0.0,0,0.075,7.5,Low Risk
293.37,1,24,123.73,0,2,169.64,2.3710498666451145,1,1,0.08333333333333333,0,0.075,7.5,Low Risk
439.43,16,9,102.89,0,0,336.54,4.27087180484012,1,0,0.0,0,0.075,7.5,Low Risk
396.68,5,13,112.79,0,0,283.89,3.5169784555368384,1,1,0.0,0,0.075,7.5,Low Risk
111.18,12,36,52.89,0,1,58.290000000000006,2.1020986954055587,1,0,0.027777777777777776,0,0.075,7.5,Low Risk
38.81,4,42,78.04,1,2,-39.230000000000004,0.4973090722706304,0,1,0.047619047619047616,0,0.075,7.5,Low Risk
74.48,4,1,136.53,0,3,-62.05,0.5455211308869846,0,1,3.0,0,0.075,7.5,Low Risk
154.95,2,10,305.36,0,0,-150.41000000000003,0.507433848572177,0,1,0.0,0,0.075,7.5,Low Risk
44.84,3,23,51.8,0,1,-6.959999999999994,0.8656370656370658,0,1,0.043478260869565216,0,0.075,7.5,Low Risk
211.71,11,24,187.47,0,2,24.24000000000001,1.1293006881100978,0,0,0.08333333333333333,0,0.075,7.5,Low Risk
92.98,22,13,160.79,1,1,-67.80999999999999,0.5782697928975683,0,0,0.07692307692307693,0,0.075,7.5,Low Risk
101.27,4,35,162.45,1,0,-61.17999999999999,0.623391812865497,0,1,0.0,0,0.075,7.5,Low Risk
190.23,1,35,41.45,1,2,148.77999999999997,4.589384800965018,1,1,0.05714285714285714,0,0.075,7.5,Low Risk
90.17,7,39,77.42,1,0,12.75,1.1646861276156033,0,0,0.0,0,0.075,7.5,Low Risk
153.94,19,16,45.12,1,3,108.82,3.411790780141844,1,0,0.1875,0,0.075,7.5,Low Risk
120.29,1,25,72.62,0,0,47.67,1.6564307353346186,0,1,0.0,0,0.075,7.5,Low Risk
211.93,19,14,47.55,0,3,164.38,4.456992639327025,1,0,0.21428571428571427,0,0.075,7.5,Low Risk
88.18,14,16,75.36,1,0,12.820000000000007,1.1701167728237793,0,0,0.0,0,0.075,7.5,Low Risk
68.74,0,26,100.58,1,2,-31.840000000000003,0.6834360707894214,0,1,0.07692307692307693,0,0.075,7.5,Low Risk
27.52,15,24,51.22,1,1,-23.7,0.5372901210464662,0,0,0.041666666666666664,0,0.075,7.5,Low Risk
163.78,11,34,132.84,0,4,30.939999999999998,1.23291177356218,0,0,0.11764705882352941,0,0.075,7.5,Low Risk
32.83,17,15,255.19,0,2,-222.36,0.12864924174144754,0,0,0.13333333333333333,0,0.075,7.5,Low Risk
168.58,21,1,120.48,1,2,48.10000000000001,1.3992363877822045,0,0,2.0,0,0.075,7.5,Low Risk
46.41,15,18,51.91,0,1,-5.5,0.8940473897129647,0,0,0.05555555555555555,0,0.075,7.5,Low Risk
404.3,4,28,157.77,0,0,246.53,2.562591113646447,1,1,0.0,0,0.075,7.5,Low Risk
192.02,8,17,143.26,1,1,48.76000000000002,1.3403601842803297,0,0,0.058823529411764705,0,0.075,7.5,Low Risk
162.28,4,13,136.57,0,2,25.710000000000008,1.1882551072709966,0,1,0.15384615384615385,0,0.075,7.5,Low Risk
227.29,10,29,52.85,1,5,174.44,4.300662251655629,1,0,0.1724137931034483,0,0.075,7.5,Low Risk
18.65,0,5,299.46,1,1,-280.81,0.06227876844987645,0,1,0.2,0,0.075,7.5,Low Risk
314.04,19,33,89.7,0,5,224.34000000000003,3.5010033444816053,1,0,0.15151515151515152,0,0.075,7.5,Low Risk
66.99,12,42,71.67,0,1,-4.680000000000007,0.9347007115948095,0,0,0.023809523809523808,0,0.075,7.5,Low Risk
44.78,4,18,83.15,1,3,-38.370000000000005,0.538544798556825,0,1,0.16666666666666666,0,0.075,7.5,Low Risk
103.25,15,22,91.59,0,5,11.659999999999997,1.1273064745059505,0,0,0.22727272727272727,0,0.075,7.5,Low Risk
130.47,15,29,217.57,0,0,-87.1,0.5996690720227973,0,0,0.0,0,0.075,7.5,Low Risk
282.13,7,33,61.78,0,0,220.35,4.56668824862415,1,0,0.0,0,0.075,7.5,Low Risk
388.38,15,25,68.34,0,1,320.03999999999996,5.68305531167691,1,0,0.04,0,0.075,7.5,Low Risk
178.04,5,26,51.58,0,0,126.46,3.4517254749903064,1,1,0.0,0,0.075,7.5,Low Risk
149.14,7,6,36.17,1,1,112.96999999999998,4.123306607685927,1,0,0.16666666666666666,0,0.075,7.5,Low Risk
23.37,4,6,146.44,1,3,-123.07,0.15958754438677958,0,1,0.5,0,0.075,7.5,Low Risk
77.07,21,24,86.8,1,2,-9.730000000000004,0.8879032258064515,0,0,0.08333333333333333,0,0.075,7.5,Low Risk
97.52,13,19,162.98,0,2,-65.46,0.5983556264572341,0,0,0.10526315789473684,0,0.07,7.000000000000001,Low Risk
120.34,5,1,144.96,0,1,-24.620000000000005,0.8301600441501104,0,1,1.0,0,0.07,7.000000000000001,Low Risk
125.57,16,19,64.95,0,3,60.61999999999999,1.9333333333333331,0,0,0.15789473684210525,0,0.07,7.000000000000001,Low Risk
141.15,5,11,218.85,0,2,-77.69999999999999,0.6449623029472241,0,1,0.18181818181818182,0,0.07,7.000000000000001,Low Risk
347.48,2,17,102.17,0,3,245.31,3.4009983361064893,1,1,0.17647058823529413,0,0.07,7.000000000000001,Low Risk
411.98,20,27,266.96,0,2,145.02000000000004,1.5432274498052145,0,0,0.07407407407407407,0,0.07,7.000000000000001,Low Risk
420.21,14,41,172.34,1,1,247.86999999999998,2.4382615759545083,1,0,0.024390243902439025,0,0.07,7.000000000000001,Low Risk
123.86,3,17,106.0,0,1,17.86,1.1684905660377358,0,1,0.058823529411764705,0,0.07,7.000000000000001,Low Risk
165.37,2,43,108.65,0,4,56.72,1.5220432581684307,0,1,0.09302325581395349,0,0.07,7.000000000000001,Low Risk
489.03,7,21,47.38,0,1,441.65,10.321443647108483,1,0,0.047619047619047616,0,0.07,7.000000000000001,Low Risk
55.27,20,12,85.27,0,1,-29.999999999999993,0.648176380907705,0,0,0.08333333333333333,0,0.07,7.000000000000001,Low Risk
238.66,15,31,76.51,1,0,162.14999999999998,3.119330806430532,1,0,0.0,0,0.07,7.000000000000001,Low Risk
306.72,10,31,164.19,0,3,142.53000000000003,1.8680796638041295,0,0,0.0967741935483871,0,0.07,7.000000000000001,Low Risk
46.98,12,9,80.8,1,1,-33.82,0.5814356435643564,0,0,0.1111111111111111,0,0.07,7.000000000000001,Low Risk
33.58,7,24,21.47,0,0,12.11,1.5640428504890544,0,0,0.0,0,0.07,7.000000000000001,Low Risk
41.4,16,11,82.62,0,4,-41.220000000000006,0.5010893246187363,0,0,0.36363636363636365,0,0.07,7.000000000000001,Low Risk
60.47,16,21,288.54,0,1,-228.07000000000002,0.20957232965966588,0,0,0.047619047619047616,0,0.07,7.000000000000001,Low Risk
278.42,21,22,214.94,0,6,63.48000000000002,1.2953382339257469,0,0,0.2727272727272727,0,0.07,7.000000000000001,Low Risk
278.23,23,23,95.97,1,2,182.26000000000002,2.899135146399917,1,1,0.08695652173913043,0,0.07,7.000000000000001,Low Risk
248.94,22,19,62.21,0,4,186.73,4.001607458607941,1,0,0.21052631578947367,0,0.07,7.000000000000001,Low Risk
32.12,12,2,86.54,0,0,-54.42000000000001,0.3711578460827363,0,0,0.0,0,0.07,7.000000000000001,Low Risk
160.4,1,20,154.81,0,1,5.590000000000003,1.0361087785026808,0,1,0.05,0,0.07,7.000000000000001,Low Risk
96.96,3,20,94.83,0,1,2.1299999999999955,1.0224612464409997,0,1,0.05,0,0.07,7.000000000000001,Low Risk
77.93,8,18,78.15,0,3,-0.21999999999999886,0.9971849008317338,0,0,0.16666666666666666,0,0.07,7.000000000000001,Low Risk
42.58,3,16,94.42,0,3,-51.84,0.4509637788604109,0,1,0.1875,0,0.07,7.000000000000001,Low Risk
205.85,16,14,99.0,0,3,106.85,2.0792929292929294,1,0,0.21428571428571427,0,0.07,7.000000000000001,Low Risk
287.03,4,27,101.97,0,2,185.05999999999997,2.814847504167892,1,1,0.07407407407407407,0,0.07,7.000000000000001,Low Risk
355.04,11,13,161.08,0,4,193.96,2.2041221753166127,1,0,0.3076923076923077,0,0.07,7.000000000000001,Low Risk
141.87,6,2,75.36,0,2,66.51,1.882563694267516,0,0,1.0,0,0.07,7.000000000000001,Low Risk
120.16,2,27,65.95,0,0,54.209999999999994,1.8219863532979528,0,1,0.0,0,0.07,7.000000000000001,Low Risk
153.01,8,39,113.16,0,3,39.849999999999994,1.3521562389536939,0,0,0.07692307692307693,0,0.07,7.000000000000001,Low Risk
111.21,8,4,365.42,0,4,-254.21000000000004,0.3043347381095725,0,0,1.0,0,0.07,7.000000000000001,Low Risk
199.82,21,32,195.64,1,3,4.180000000000007,1.021365773870374,0,0,0.09375,0,0.07,7.000000000000001,Low Risk
211.91,4,30,133.66,1,0,78.25,1.5854406703576238,0,1,0.0,0,0.07,7.000000000000001,Low Risk
204.27,1,2,105.66,0,0,98.61000000000001,1.933276547416241,0,1,0.0,0,0.07,7.000000000000001,Low Risk
50.78,16,9,171.0,0,1,-120.22,0.29695906432748537,0,0,0.1111111111111111,0,0.07,7.000000000000001,Low Risk
220.86,15,26,97.71,1,1,123.15000000000002,2.260362296591956,1,0,0.038461538461538464,0,0.07,7.000000000000001,Low Risk
32.83,12,29,82.49,0,5,-49.66,0.39798763486483213,0,0,0.1724137931034483,0,0.07,7.000000000000001,Low Risk
45.23,9,16,98.47,0,3,-53.24,0.459327714024576,0,0,0.1875,0,0.07,7.000000000000001,Low Risk
322.16,2,15,157.12,0,1,165.04000000000002,2.0504073319755602,1,1,0.06666666666666667,0,0.07,7.000000000000001,Low Risk
106.35,21,21,140.18,0,1,-33.83000000000001,0.7586674275930945,0,0,0.047619047619047616,0,0.07,7.000000000000001,Low Risk
93.72,15,22,89.57,1,0,4.150000000000006,1.046332477391984,0,0,0.0,0,0.07,7.000000000000001,Low Risk
119.37,21,23,174.08,0,1,-54.71000000000001,0.6857192095588235,0,0,0.043478260869565216,0,0.07,7.000000000000001,Low Risk
43.79,6,14,83.68,0,0,-39.89000000000001,0.5233030592734225,0,0,0.0,0,0.07,7.000000000000001,Low Risk
171.58,10,25,111.5,0,4,60.08000000000001,1.538834080717489,0,0,0.16,0,0.065,6.5,Low Risk
23.35,5,25,123.68,1,3,-100.33000000000001,0.18879366106080206,0,1,0.12,0,0.065,6.5,Low Risk
68.11,6,38,73.55,0,0,-5.439999999999998,0.926036709721278,0,0,0.0,0,0.065,6.5,Low Risk
152.54,2,51,44.31,0,0,108.22999999999999,3.4425637553599637,1,1,0.0,0,0.065,6.5,Low Risk
141.29,13,1,94.64,0,7,46.64999999999999,1.492920540997464,0,0,7.0,0,0.065,6.5,Low Risk
181.91,21,29,42.97,0,0,138.94,4.233418664184315,1,0,0.0,0,0.065,6.5,Low Risk
436.44,21,27,110.53,0,0,325.90999999999997,3.948611236768298,1,0,0.0,0,0.065,6.5,Low Risk
7.2,14,12,37.55,1,2,-30.349999999999998,0.19174434087882825,0,0,0.16666666666666666,0,0.065,6.5,Low Risk
34.01,19,11,165.02,0,2,-131.01000000000002,0.20609623075990788,0,0,0.18181818181818182,0,0.065,6.5,Low Risk
289.89,20,29,120.78,0,4,169.10999999999999,2.4001490312965723,1,0,0.13793103448275862,0,0.065,6.5,Low Risk
216.83,23,12,75.66,0,1,141.17000000000002,2.8658472112080364,1,1,0.08333333333333333,0,0.065,6.5,Low Risk
167.06,8,4,104.21,0,4,62.85000000000001,1.6031091066116496,0,0,1.0,0,0.065,6.5,Low Risk
120.32,0,28,93.9,0,2,26.419999999999987,1.2813631522896698,0,1,0.07142857142857142,0,0.065,6.5,Low Risk
123.38,21,23,226.09,0,1,-102.71000000000001,0.5457118846477066,0,0,0.043478260869565216,0,0.065,6.5,Low Risk
93.22,0,13,119.56,0,4,-26.340000000000003,0.7796922047507527,0,1,0.3076923076923077,0,0.065,6.5,Low Risk
269.09,2,22,119.55,0,0,149.53999999999996,2.250857381848599,1,1,0.0,0,0.065,6.5,Low Risk
62.73,12,17,86.13,0,1,-23.4,0.7283176593521421,0,0,0.058823529411764705,0,0.065,6.5,Low Risk
190.53,9,25,38.9,0,2,151.63,4.897943444730077,1,0,0.08,0,0.065,6.5,Low Risk
167.42,2,41,63.65,0,0,103.76999999999998,2.6303220738413198,1,1,0.0,0,0.065,6.5,Low Risk
196.27,7,1,87.28,0,3,108.99000000000001,2.2487396883593034,1,0,3.0,0,0.065,6.5,Low Risk
52.49,3,26,74.86,0,1,-22.369999999999997,0.7011755276516164,0,1,0.038461538461538464,0,0.065,6.5,Low Risk
55.48,0,12,68.95,0,2,-13.470000000000006,0.8046410442349528,0,1,0.16666666666666666,0,0.065,6.5,Low Risk
199.76,11,23,80.6,0,3,119.16,2.4784119106699753,1,0,0.13043478260869565,0,0.065,6.5,Low Risk
448.31,3,5,132.45,0,3,315.86,3.384748961872405,1,1,0.6,0,0.065,6.5,Low Risk
111.23,18,27,27.57,0,2,83.66,4.0344577439245555,1,0,0.07407407407407407,0,0.065,6.5,Low Risk
41.58,10,17,113.89,0,2,-72.31,0.3650891210817455,0,0,0.11764705882352941,0,0.065,6.5,Low Risk
229.55,18,33,94.8,0,0,134.75,2.4214135021097047,1,0,0.0,0,0.065,6.5,Low Risk
146.88,5,1,183.23,1,2,-36.349999999999994,0.8016154559842821,0,1,2.0,0,0.065,6.5,Low Risk
81.61,22,25,168.76,0,5,-87.14999999999999,0.4835861578573122,0,0,0.2,0,0.065,6.5,Low Risk
73.33,15,32,69.51,0,2,3.819999999999993,1.054956121421378,0,0,0.0625,0,0.065,6.5,Low Risk
190.78,16,25,140.97,0,2,49.81,1.353337589558062,0,0,0.08,0,0.065,6.5,Low Risk
188.21,11,32,157.62,0,6,30.590000000000003,1.194074356046187,0,0,0.1875,0,0.065,6.5,Low Risk
227.65,3,8,220.56,0,1,7.090000000000003,1.032145447950671,0,1,0.125,0,0.065,6.5,Low Risk
583.44,22,21,99.72,0,1,483.72,5.850782190132371,1,0,0.047619047619047616,0,0.065,6.5,Low Risk
468.94,13,18,135.08,0,3,333.86,3.4715724015398277,1,0,0.16666666666666666,0,0.065,6.5,Low Risk
607.38,20,8,76.27,0,2,531.11,7.963550544119576,1,0,0.25,0,0.065,6.5,Low Risk
147.61,14,33,53.6,0,3,94.01000000000002,2.7539179104477616,1,0,0.09090909090909091,0,0.065,6.5,Low Risk
84.87,6,4,102.38,1,2,-17.50999999999999,0.828970502051182,0,0,0.5,0,0.065,6.5,Low Risk
35.19,7,24,75.13,0,1,-39.94,0.46838812724610673,0,0,0.041666666666666664,0,0.065,6.5,Low Risk
144.48,21,16,140.17,0,0,4.310000000000002,1.0307483769708212,0,0,0.0,0,0.065,6.5,Low Risk
222.48,2,22,104.69,0,0,117.78999999999999,2.125131340147101,1,1,0.0,0,0.065,6.5,Low Risk
179.06,7,32,146.99,0,1,32.06999999999999,1.2181781073542417,0,0,0.03125,0,0.065,6.5,Low Risk
78.11,14,17,76.44,1,3,1.6700000000000017,1.021847200418629,0,0,0.17647058823529413,0,0.065,6.5,Low Risk
155.6,2,24,72.46,0,0,83.14,2.1473916643665474,1,1,0.0,0,0.065,6.5,Low Risk
15.87,4,14,61.49,0,0,-45.620000000000005,0.25809074646283947,0,1,0.0,0,0.065,6.5,Low Risk
221.51,16,32,82.08,0,2,139.43,2.6987085769980506,1,0,0.0625,0,0.065,6.5,Low Risk
337.99,13,34,275.67,0,0,62.31999999999999,1.226067399426851,0,0,0.0,0,0.065,6.5,Low Risk
208.56,19,17,319.74,0,1,-111.18,0.6522799774817039,0,0,0.058823529411764705,0,0.065,6.5,Low Risk
183.17,3,10,47.49,1,0,135.67999999999998,3.85702253105917,1,1,0.0,0,0.065,6.5,Low Risk
219.33,6,22,71.46,0,1,147.87,3.06926952141058,1,0,0.045454545454545456,0,0.065,6.5,Low Risk
242.7,21,19,111.32,0,3,131.38,2.180201221703198,1,0,0.15789473684210525,0,0.06,6.0,Low Risk
157.08,4,34,298.19,0,1,-141.10999999999999,0.5267782286461652,0,1,0.029411764705882353,0,0.06,6.0,Low Risk
53.45,17,16,80.35,0,2,-26.89999999999999,0.6652146857498445,0,0,0.125,0,0.06,6.0,Low Risk
24.54,0,30,100.07,0,2,-75.53,0.2452283401618867,0,1,0.06666666666666667,0,0.06,6.0,Low Risk
312.17,5,12,60.06,0,1,252.11,5.197635697635698,1,1,0.08333333333333333,0,0.06,6.0,Low Risk
490.75,13,31,54.86,0,0,435.89,8.945497630331754,1,0,0.0,0,0.06,6.0,Low Risk
56.92,8,23,89.67,0,3,-32.75,0.6347719415635107,0,0,0.13043478260869565,0,0.06,6.0,Low Risk
272.76,11,29,150.26,0,1,122.5,1.8152535604951419,0,0,0.034482758620689655,0,0.06,6.0,Low Risk
161.16,6,12,49.47,0,1,111.69,3.2577319587628866,1,0,0.08333333333333333,0,0.06,6.0,Low Risk
206.49,1,32,137.81,0,1,68.68,1.498367317320949,0,1,0.03125,0,0.06,6.0,Low Risk
57.43,1,27,233.39,0,2,-175.95999999999998,0.24606881185997687,0,1,0.07407407407407407,0,0.06,6.0,Low Risk
350.08,7,21,117.15,1,0,232.92999999999998,2.9883055911224923,1,0,0.0,0,0.06,6.0,Low Risk
221.43,17,26,42.0,0,1,179.43,5.272142857142858,1,0,0.038461538461538464,0,0.06,6.0,Low Risk
371.91,10,22,67.63,0,1,304.28000000000003,5.499186751441669,1,0,0.045454545454545456,0,0.06,6.0,Low Risk
54.85,13,22,82.92,0,0,-28.07,0.6614809454896285,0,0,0.0,0,0.06,6.0,Low Risk
112.52,18,25,270.89,0,0,-158.37,0.4153715530289047,0,0,0.0,0,0.06,6.0,Low Risk
260.04,4,19,147.42,0,2,112.62000000000003,1.7639397639397643,0,1,0.10526315789473684,1,0.06,6.0,Low Risk
337.98,20,36,192.43,0,0,145.55,1.756378942992257,0,0,0.0,0,0.06,6.0,Low Risk
121.44,3,20,191.97,0,1,-70.53,0.6325988435693077,0,1,0.05,0,0.06,6.0,Low Risk
180.41,18,1,65.75,0,0,114.66,2.7438783269961977,1,0,0.0,0,0.06,6.0,Low Risk
70.04,2,15,150.67,1,0,-80.62999999999998,0.4648569721908808,0,1,0.0,0,0.06,6.0,Low Risk
479.9,6,31,314.7,0,4,165.2,1.5249443914839529,0,0,0.12903225806451613,0,0.06,6.0,Low Risk
285.34,5,34,56.89,1,4,228.45,5.015644225698717,1,1,0.11764705882352941,0,0.06,6.0,Low Risk
259.74,22,39,129.83,1,1,129.91,2.0006161904028343,1,0,0.02564102564102564,0,0.06,6.0,Low Risk
397.73,6,37,204.34,0,2,193.39000000000001,1.94641284134286,0,0,0.05405405405405406,0,0.06,6.0,Low Risk
180.15,18,35,140.68,1,3,39.47,1.2805658231447257,0,0,0.08571428571428572,0,0.06,6.0,Low Risk
182.99,3,31,65.1,0,0,117.89000000000001,2.8109062980030726,1,1,0.0,0,0.06,6.0,Low Risk
109.14,6,48,162.61,0,0,-53.47000000000001,0.6711764344136276,0,0,0.0,0,0.06,6.0,Low Risk
235.37,9,1,167.88,1,3,67.49000000000001,1.4020133428639505,0,0,3.0,0,0.06,6.0,Low Risk
90.15,20,17,234.63,0,1,-144.48,0.38422196650044754,0,0,0.058823529411764705,0,0.06,6.0,Low Risk
45.4,2,24,56.57,0,0,-11.170000000000002,0.8025455188262329,0,1,0.0,0,0.06,6.0,Low Risk
77.61,14,11,398.25,0,1,-320.64,0.19487758945386063,0,0,0.09090909090909091,0,0.06,6.0,Low Risk
428.61,6,27,195.13,1,4,233.48000000000002,2.1965356429047302,1,0,0.14814814814814814,0,0.06,6.0,Low Risk
74.95,7,3,79.88,0,1,-4.929999999999993,0.9382824236354532,0,0,0.3333333333333333,0,0.06,6.0,Low Risk
80.47,6,11,200.82,0,3,-120.35,0.4007071008863659,0,0,0.2727272727272727,0,0.06,6.0,Low Risk
232.93,13,13,35.95,1,1,196.98000000000002,6.479276773296244,1,0,0.07692307692307693,0,0.06,6.0,Low Risk
31.51,8,28,304.56,0,1,-273.05,0.10346073023377989,0,0,0.03571428571428571,0,0.06,6.0,Low Risk
103.34,21,20,162.11,0,2,-58.77000000000001,0.6374683856640553,0,0,0.1,0,0.06,6.0,Low Risk
38.29,17,26,147.19,1,3,-108.9,0.26013995515999727,0,0,0.11538461538461539,0,0.06,6.0,Low Risk
93.58,2,20,206.06,1,1,-112.48,0.4541395709987382,0,1,0.05,0,0.06,6.0,Low Risk
124.21,5,10,208.93,0,2,-84.72000000000001,0.5945053367156463,0,1,0.2,0,0.06,6.0,Low Risk
108.64,0,25,60.77,0,0,47.87,1.7877242060227085,0,1,0.0,0,0.06,6.0,Low Risk
23.47,0,39,48.46,0,4,-24.990000000000002,0.4843169624432521,0,1,0.10256410256410256,0,0.06,6.0,Low Risk
512.8,15,21,274.06,0,4,238.73999999999995,1.8711231117273588,0,0,0.19047619047619047,0,0.06,6.0,Low Risk
308.82,19,21,101.43,0,3,207.39,3.0446613427979883,1,0,0.14285714285714285,0,0.055,5.5,Low Risk
91.2,9,8,123.28,0,4,-32.08,0.7397793640493187,0,0,0.5,0,0.055,5.5,Low Risk
117.47,0,10,67.98,1,3,49.489999999999995,1.7280082377169754,0,1,0.3,0,0.055,5.5,Low Risk
219.07,13,26,75.37,0,0,143.7,2.9065941355977176,1,0,0.0,0,0.055,5.5,Low Risk
55.46,4,36,101.08,1,1,-45.62,0.5486743173723784,0,1,0.027777777777777776,0,0.055,5.5,Low Risk
200.69,13,13,86.85,0,0,113.84,2.3107656879677605,1,0,0.0,0,0.055,5.5,Low Risk
26.0,13,26,133.44,1,2,-107.44,0.19484412470023982,0,0,0.07692307692307693,0,0.055,5.5,Low Risk
372.62,20,23,65.88,0,1,306.74,5.656041287188828,1,0,0.043478260869565216,0,0.055,5.5,Low Risk
45.25,9,1,120.04,0,0,-74.79,0.3769576807730756,0,0,0.0,0,0.055,5.5,Low Risk
53.74,8,4,128.18,0,0,-74.44,0.41925417381806834,0,0,0.0,0,0.055,5.5,Low Risk
49.52,6,3,75.45,0,2,-25.93,0.6563286944996687,0,0,0.6666666666666666,0,0.055,5.5,Low Risk
80.55,2,24,62.21,0,2,18.339999999999996,1.294807908696351,0,1,0.08333333333333333,0,0.055,5.5,Low Risk
186.0,4,24,170.09,0,1,15.909999999999997,1.093538714798048,0,1,0.041666666666666664,0,0.055,5.5,Low Risk
443.03,10,12,218.33,1,1,224.69999999999996,2.029176017954472,1,0,0.08333333333333333,0,0.055,5.5,Low Risk
92.14,15,12,114.53,0,6,-22.39,0.8045053697721121,0,0,0.5,0,0.055,5.5,Low Risk
101.44,2,14,171.56,0,6,-70.12,0.5912800186523665,0,1,0.42857142857142855,0,0.055,5.5,Low Risk
171.14,9,15,31.82,1,0,139.32,5.378378378378378,1,0,0.0,0,0.055,5.5,Low Risk
112.11,12,18,29.35,0,3,82.75999999999999,3.819761499148211,1,0,0.16666666666666666,0,0.055,5.5,Low Risk
53.86,19,18,214.62,0,2,-160.76,0.25095517659118444,0,0,0.1111111111111111,0,0.055,5.5,Low Risk
30.42,7,17,96.8,0,2,-66.38,0.31425619834710744,0,0,0.11764705882352941,0,0.055,5.5,Low Risk
105.95,4,13,75.53,0,6,30.42,1.4027538726333908,0,1,0.46153846153846156,0,0.055,5.5,Low Risk
128.67,14,1,480.6,0,0,-351.93000000000006,0.26772784019975027,0,0,0.0,0,0.055,5.5,Low Risk
86.04,22,15,166.83,0,2,-80.79,0.5157345801114908,0,0,0.13333333333333333,0,0.055,5.5,Low Risk
262.59,4,25,103.96,0,1,158.63,2.525875336667949,1,1,0.04,0,0.055,5.5,Low Risk
62.27,21,21,267.89,0,0,-205.61999999999998,0.23244615327186535,0,0,0.0,0,0.055,5.5,Low Risk
228.12,3,33,66.02,1,0,162.10000000000002,3.455316570736141,1,1,0.0,0,0.055,5.5,Low Risk
50.01,11,23,43.44,1,2,6.57,1.151243093922652,0,0,0.08695652173913043,0,0.055,5.5,Low Risk
183.87,0,13,68.87,1,2,115.0,2.6698126905764483,1,1,0.15384615384615385,0,0.055,5.5,Low Risk
131.57,3,17,91.16,0,0,40.41,1.4432865291794648,0,1,0.0,0,0.055,5.5,Low Risk
127.72,2,27,114.06,0,2,13.659999999999997,1.1197615290198142,0,1,0.07407407407407407,0,0.055,5.5,Low Risk
211.2,17,6,51.36,0,1,159.83999999999997,4.11214953271028,1,0,0.16666666666666666,0,0.055,5.5,Low Risk
54.6,14,41,40.1,0,3,14.5,1.3615960099750624,0,0,0.07317073170731707,0,0.055,5.5,Low Risk
37.94,6,25,297.84,1,1,-259.9,0.12738383024442654,0,0,0.04,0,0.055,5.5,Low Risk
103.25,8,13,211.42,0,0,-108.16999999999999,0.4883643931510737,0,0,0.0,0,0.055,5.5,Low Risk
269.9,14,26,165.81,0,0,104.08999999999997,1.6277667209456606,0,0,0.0,0,0.055,5.5,Low Risk
458.88,4,18,201.11,0,1,257.77,2.2817363631843266,1,1,0.05555555555555555,0,0.055,5.5,Low Risk
148.2,13,22,61.05,1,4,87.14999999999999,2.4275184275184274,1,0,0.18181818181818182,0,0.055,5.5,Low Risk
110.67,9,34,73.33,0,3,37.34,1.5092049638619938,0,0,0.08823529411764706,0,0.055,5.5,Low Risk
360.21,18,30,158.17,0,2,202.04,2.277359802743883,1,0,0.06666666666666667,0,0.055,5.5,Low Risk
77.31,0,15,73.87,0,3,3.4399999999999977,1.0465682956545281,0,1,0.2,0,0.055,5.5,Low Risk
20.72,6,7,68.95,0,1,-48.230000000000004,0.30050761421319794,0,0,0.14285714285714285,0,0.055,5.5,Low Risk
71.9,7,24,124.11,0,3,-52.209999999999994,0.5793247925227621,0,0,0.125,0,0.055,5.5,Low Risk
306.36,18,16,58.13,0,2,248.23000000000002,5.270256322036814,1,0,0.125,0,0.055,5.5,Low Risk
308.51,18,22,82.68,0,4,225.82999999999998,3.7313739719400094,1,0,0.18181818181818182,0,0.055,5.5,Low Risk
56.14,6,9,115.38,1,2,-59.239999999999995,0.4865661293118392,0,0,0.2222222222222222,0,0.055,5.5,Low Risk
141.81,15,28,268.38,0,0,-126.57,0.5283925776883523,0,0,0.0,0,0.055,5.5,Low Risk
193.99,23,30,119.74,0,1,74.25000000000001,1.6200935359946553,0,1,0.03333333333333333,0,0.055,5.5,Low Risk
42.62,19,24,267.4,0,3,-224.77999999999997,0.1593866866118175,0,0,0.125,0,0.055,5.5,Low Risk
119.5,15,16,191.55,1,1,-72.05000000000001,0.6238580005220569,0,0,0.0625,0,0.055,5.5,Low Risk
419.17,1,26,118.35,1,1,300.82000000000005,3.54178284748627,1,1,0.038461538461538464,0,0.055,5.5,Low Risk
52.82,20,8,83.2,0,3,-30.380000000000003,0.6348557692307693,0,0,0.375,0,0.055,5.5,Low Risk
149.45,11,16,421.37,0,1,-271.92,0.35467641265396205,0,0,0.0625,0,0.055,5.5,Low Risk
74.72,20,34,60.35,0,1,14.369999999999997,1.2381110190555096,0,0,0.029411764705882353,0,0.055,5.5,Low Risk
28.46,23,27,71.11,0,0,-42.65,0.40022500351567997,0,1,0.0,0,0.055,5.5,Low Risk
247.63,7,24,48.74,0,0,198.89,5.080631924497332,1,0,0.0,0,0.055,5.5,Low Risk
84.51,11,35,47.43,0,1,37.080000000000005,1.7817836812144214,0,0,0.02857142857142857,0,0.055,5.5,Low Risk
244.64,5,16,37.49,1,2,207.14999999999998,6.525473459589223,1,1,0.125,0,0.055,5.5,Low Risk
58.78,2,34,149.64,0,1,-90.85999999999999,0.392809409248864,0,1,0.029411764705882353,0,0.055,5.5,Low Risk
81.95,22,12,162.52,1,0,-80.57000000000001,0.504245631306916,0,0,0.0,0,0.055,5.5,Low Risk
140.9,18,16,202.1,1,2,-61.19999999999999,0.6971796140524493,0,0,0.125,0,0.055,5.5,Low Risk
70.32,23,26,48.03,0,0,22.289999999999992,1.4640849469081822,0,1,0.0,0,0.055,5.5,Low Risk
268.41,10,4,268.62,0,3,-0.20999999999997954,0.9992182264909538,0,0,0.75,0,0.055,5.5,Low Risk
420.65,6,21,75.72,0,0,344.92999999999995,5.555335446381405,1,0,0.0,0,0.055,5.5,Low Risk
121.94,6,12,30.63,0,3,91.31,3.981064316030036,1,0,0.25,0,0.055,5.5,Low Risk
379.79,8,31,86.76,0,0,293.03000000000003,4.377478100507146,1,0,0.0,0,0.055,5.5,Low Risk
301.95,21,31,70.83,0,4,231.12,4.263024142312579,1,0,0.12903225806451613,0,0.055,5.5,Low Risk
126.32,15,19,122.09,0,3,4.22999999999999,1.0346465722008353,0,0,0.15789473684210525,0,0.055,5.5,Low Risk
58.05,12,9,57.81,0,1,0.23999999999999488,1.0041515308770108,0,0,0.1111111111111111,0,0.055,5.5,Low Risk
204.85,8,28,105.11,0,0,99.74,1.9489106650176005,0,0,0.0,0,0.055,5.5,Low Risk
38.72,5,15,60.41,0,2,-21.689999999999998,0.6409534845224301,0,1,0.13333333333333333,0,0.055,5.5,Low Risk
171.57,5,18,213.67,0,1,-42.099999999999994,0.8029671923994945,0,1,0.05555555555555555,0,0.05,5.0,Low Risk
471.68,10,15,62.06,0,1,409.62,7.600386722526587,1,0,0.06666666666666667,0,0.05,5.0,Low Risk
80.85,0,32,33.33,0,1,47.519999999999996,2.4257425742574257,1,1,0.03125,0,0.05,5.0,Low Risk
355.96,9,2,672.26,0,3,-316.3,0.5294975158420849,0,0,1.5,0,0.05,5.0,Low Risk
38.41,13,16,96.78,1,1,-58.370000000000005,0.3968795205620996,0,0,0.0625,0,0.05,5.0,Low Risk
68.73,10,37,46.09,0,3,22.64,1.4912128444348014,0,0,0.08108108108108109,0,0.05,5.0,Low Risk
35.38,5,21,45.57,0,0,-10.189999999999998,0.7763879745446566,0,1,0.0,0,0.05,5.0,Low Risk
159.29,12,1,239.94,0,0,-80.65,0.6638743019088105,0,0,0.0,0,0.05,5.0,Low Risk
47.73,2,20,116.29,0,1,-68.56,0.4104394186946427,0,1,0.05,0,0.05,5.0,Low Risk
25.75,5,22,112.36,0,0,-86.61,0.2291740833036668,0,1,0.0,0,0.05,5.0,Low Risk
62.09,10,16,134.12,0,1,-72.03,0.4629436325678497,0,0,0.0625,0,0.05,5.0,Low Risk
43.83,10,23,307.57,1,1,-263.74,0.14250414539779563,0,0,0.043478260869565216,0,0.05,5.0,Low Risk
87.12,0,7,144.1,1,5,-56.97999999999999,0.6045801526717558,0,1,0.7142857142857143,0,0.05,5.0,Low Risk
277.49,23,3,20.17,0,3,257.32,13.757560733763013,1,1,1.0,0,0.05,5.0,Low Risk
316.33,21,16,119.5,0,2,196.82999999999998,2.647112970711297,1,0,0.125,0,0.05,5.0,Low Risk
156.82,8,3,173.37,0,3,-16.55000000000001,0.9045394243525408,0,0,1.0,0,0.05,5.0,Low Risk
214.11,8,28,96.89,0,5,117.22000000000001,2.2098255753947775,1,0,0.17857142857142858,0,0.05,5.0,Low Risk
106.54,11,16,56.29,0,1,50.25000000000001,1.892698525492983,0,0,0.0625,0,0.05,5.0,Low Risk
86.36,4,26,71.45,0,2,14.909999999999997,1.2086773967809656,0,1,0.07692307692307693,0,0.05,5.0,Low Risk
143.25,18,25,161.65,0,1,-18.400000000000006,0.8861738323538508,0,0,0.04,0,0.05,5.0,Low Risk
108.93,4,1,124.46,0,1,-15.529999999999987,0.8752209545235418,0,1,1.0,0,0.05,5.0,Low Risk
73.12,15,43,328.72,0,0,-255.60000000000002,0.22243854952543196,0,0,0.0,0,0.05,5.0,Low Risk
189.26,13,32,204.46,1,1,-15.200000000000017,0.9256578303824708,0,0,0.03125,0,0.05,5.0,Low Risk
282.82,5,3,321.48,0,0,-38.660000000000025,0.8797436854547717,0,1,0.0,0,0.05,5.0,Low Risk
42.62,9,25,66.56,0,2,-23.940000000000005,0.6403245192307692,0,0,0.08,0,0.05,5.0,Low Risk
70.76,16,14,67.54,0,1,3.219999999999999,1.0476754515842464,0,0,0.07142857142857142,0,0.05,5.0,Low Risk
98.84,3,26,87.35,0,0,11.490000000000009,1.1315397824842588,0,1,0.0,0,0.05,5.0,Low Risk
475.99,18,1,143.59,0,0,332.4,3.3149244376349327,1,0,0.0,0,0.05,5.0,Low Risk
280.19,0,7,84.64,0,0,195.55,3.310373345935728,1,1,0.0,0,0.05,5.0,Low Risk
177.69,20,19,293.1,0,1,-115.41000000000003,0.606243602865916,0,0,0.05263157894736842,0,0.05,5.0,Low Risk
192.14,10,23,320.71,0,2,-128.57,0.5991082286177544,0,0,0.08695652173913043,0,0.05,5.0,Low Risk
302.96,9,16,177.52,0,0,125.43999999999997,1.7066246056782333,0,0,0.0,0,0.05,5.0,Low Risk
168.48,23,23,115.18,0,1,53.29999999999998,1.4627539503386002,0,1,0.043478260869565216,0,0.05,5.0,Low Risk
106.89,15,22,45.61,0,2,61.28,2.3435650076737558,1,0,0.09090909090909091,0,0.05,5.0,Low Risk
211.96,17,24,71.7,0,1,140.26,2.9562064156206413,1,0,0.041666666666666664,0,0.05,5.0,Low Risk
132.25,3,23,114.16,0,1,18.090000000000003,1.1584618079887876,0,1,0.043478260869565216,0,0.05,5.0,Low Risk
129.75,13,6,88.49,0,3,41.260000000000005,1.4662673748446153,0,0,0.5,0,0.05,5.0,Low Risk
178.29,8,2,144.36,0,3,33.92999999999998,1.2350374064837903,0,0,1.5,0,0.05,5.0,Low Risk
82.34,0,15,365.68,0,1,-283.34000000000003,0.22516954714504486,0,1,0.06666666666666667,0,0.05,5.0,Low Risk
321.69,21,36,154.17,1,1,167.52,2.0865927223195175,1,0,0.027777777777777776,0,0.05,5.0,Low Risk
293.26,14,27,443.55,1,2,-150.29000000000002,0.6611655957614699,0,0,0.07407407407407407,0,0.05,5.0,Low Risk
164.67,13,10,142.52,0,2,22.149999999999977,1.1554167836093179,0,0,0.2,0,0.05,5.0,Low Risk
48.96,13,17,204.87,0,2,-155.91,0.23898081710352906,0,0,0.11764705882352941,0,0.05,5.0,Low Risk
133.48,10,27,105.42,0,2,28.059999999999988,1.2661734016315689,0,0,0.07407407407407407,0,0.05,5.0,Low Risk
215.59,23,19,153.08,1,2,62.50999999999999,1.4083485759080219,0,1,0.10526315789473684,0,0.05,5.0,Low Risk
78.79,1,21,48.82,0,0,29.970000000000006,1.6138877509217535,0,1,0.0,0,0.05,5.0,Low Risk
34.31,21,41,46.8,0,1,-12.489999999999995,0.7331196581196582,0,0,0.024390243902439025,0,0.05,5.0,Low Risk
176.44,23,17,61.74,0,2,114.69999999999999,2.8577907353417555,1,1,0.11764705882352941,0,0.05,5.0,Low Risk
118.1,17,12,224.3,0,3,-106.20000000000002,0.52652697280428,0,0,0.25,0,0.05,5.0,Low Risk
331.65,9,32,39.94,0,1,291.71,8.303705558337507,1,0,0.03125,0,0.05,5.0,Low Risk
203.87,14,41,168.58,0,1,35.28999999999999,1.2093368133823703,0,0,0.024390243902439025,1,0.05,5.0,Low Risk
68.02,5,18,51.57,0,2,16.449999999999996,1.31898390537134,0,1,0.1111111111111111,0,0.05,5.0,Low Risk
485.32,10,8,299.73,0,0,185.58999999999997,1.6191906048777231,0,0,0.0,0,0.05,5.0,Low Risk
90.37,14,35,44.39,0,2,45.980000000000004,2.035818878125704,1,0,0.05714285714285714,0,0.05,5.0,Low Risk
39.48,23,25,58.82,0,1,-19.340000000000003,0.6712002720163209,0,1,0.04,0,0.05,5.0,Low Risk
76.43,16,17,89.38,1,1,-12.949999999999989,0.8551130006712913,0,0,0.058823529411764705,0,0.05,5.0,Low Risk
142.88,0,31,67.0,0,1,75.88,2.132537313432836,1,1,0.03225806451612903,0,0.05,5.0,Low Risk
127.13,9,20,89.1,0,3,38.03,1.4268237934904602,0,0,0.15,0,0.05,5.0,Low Risk
113.36,3,10,124.64,0,2,-11.280000000000001,0.9094993581514762,0,1,0.2,0,0.05,5.0,Low Risk
128.4,3,18,222.78,0,1,-94.38,0.5763533530837598,0,1,0.05555555555555555,0,0.05,5.0,Low Risk
59.62,2,18,87.42,0,5,-27.800000000000004,0.681994966826813,0,1,0.2777777777777778,0,0.05,5.0,Low Risk
83.78,11,40,140.59,0,1,-56.81,0.595917206060175,0,0,0.025,0,0.05,5.0,Low Risk
149.86,12,16,40.92,0,3,108.94000000000001,3.662267839687195,1,0,0.1875,0,0.05,5.0,Low Risk
39.49,18,18,117.19,0,3,-77.69999999999999,0.3369741445515829,0,0,0.16666666666666666,0,0.05,5.0,Low Risk
182.82,0,7,96.97,0,1,85.85,1.885325358358255,0,1,0.14285714285714285,0,0.05,5.0,Low Risk
138.12,6,10,71.42,0,2,66.7,1.9339120694483338,0,0,0.2,0,0.05,5.0,Low Risk
46.85,1,14,121.57,0,2,-74.72,0.3853746812535988,0,1,0.14285714285714285,0,0.05,5.0,Low Risk
143.81,2,25,74.74,0,1,69.07000000000001,1.9241370082954243,0,1,0.04,0,0.05,5.0,Low Risk
40.99,12,24,54.02,0,2,-13.030000000000001,0.7587930396149574,0,0,0.08333333333333333,0,0.05,5.0,Low Risk
145.16,9,4,143.21,0,3,1.9499999999999886,1.0136163675720968,0,0,0.75,0,0.05,5.0,Low Risk
97.53,6,1,33.14,1,6,64.39,2.942969221484611,1,0,6.0,0,0.05,5.0,Low Risk
88.54,6,28,140.08,1,0,-51.540000000000006,0.6320673900628212,0,0,0.0,0,0.05,5.0,Low Risk
162.93,17,14,88.02,0,0,74.91000000000001,1.8510565780504433,0,0,0.0,0,0.05,5.0,Low Risk
186.77,1,21,107.38,0,4,79.39000000000001,1.7393369342521887,0,1,0.19047619047619047,0,0.05,5.0,Low Risk
148.52,11,27,727.41,0,1,-578.89,0.2041764616928555,0,0,0.037037037037037035,0,0.05,5.0,Low Risk
81.4,11,29,74.37,0,2,7.030000000000001,1.0945273631840795,0,0,0.06896551724137931,0,0.05,5.0,Low Risk
257.32,3,21,68.12,0,2,189.2,3.77745155607751,1,1,0.09523809523809523,0,0.05,5.0,Low Risk
90.69,17,25,150.34,0,3,-59.650000000000006,0.6032326726087535,0,0,0.12,0,0.045,4.5,Low Risk
106.86,23,24,223.34,0,1,-116.48,0.47846332945285214,0,1,0.041666666666666664,0,0.045,4.5,Low Risk
198.33,6,26,80.97,0,2,117.36000000000001,2.4494257132271215,1,0,0.07692307692307693,0,0.045,4.5,Low Risk
47.82,1,8,216.49,0,1,-168.67000000000002,0.22088780082220888,0,1,0.125,0,0.045,4.5,Low Risk
56.14,15,11,150.88,0,1,-94.74,0.37208377518557795,0,0,0.09090909090909091,0,0.045,4.5,Low Risk
219.72,12,26,131.22,0,0,88.5,1.674439871970736,0,0,0.0,0,0.045,4.5,Low Risk
255.19,20,10,151.6,0,1,103.59,1.6833113456464381,0,0,0.1,0,0.045,4.5,Low Risk
45.34,23,20,164.9,1,2,-119.56,0.2749545178896301,0,1,0.1,0,0.045,4.5,Low Risk
193.92,4,24,95.71,0,2,98.21,2.0261205725629505,1,1,0.08333333333333333,0,0.045,4.5,Low Risk
92.26,6,31,203.85,1,0,-111.58999999999999,0.45258768702477314,0,0,0.0,0,0.045,4.5,Low Risk
87.96,17,16,100.4,0,2,-12.440000000000012,0.8760956175298804,0,0,0.125,0,0.045,4.5,Low Risk
19.84,7,15,105.13,0,0,-85.28999999999999,0.18871872919242844,0,0,0.0,0,0.045,4.5,Low Risk
82.87,5,15,44.48,0,0,38.39000000000001,1.863084532374101,0,1,0.0,0,0.045,4.5,Low Risk
219.13,2,35,386.7,0,1,-167.57,0.5666666666666667,0,1,0.02857142857142857,0,0.045,4.5,Low Risk
184.4,3,11,55.72,0,3,128.68,3.3094041636755205,1,1,0.2727272727272727,0,0.045,4.5,Low Risk
225.58,10,15,51.66,0,2,173.92000000000002,4.366627951993806,1,0,0.13333333333333333,0,0.045,4.5,Low Risk
177.5,9,35,183.53,0,4,-6.030000000000001,0.9671443360758459,0,0,0.11428571428571428,0,0.045,4.5,Low Risk
291.72,5,23,353.06,0,1,-61.339999999999975,0.8262618251855209,0,1,0.043478260869565216,0,0.045,4.5,Low Risk
113.1,6,10,212.79,1,2,-99.69,0.5315099393768504,0,0,0.2,0,0.045,4.5,Low Risk
268.18,9,26,61.78,0,3,206.4,4.340887018452574,1,0,0.11538461538461539,0,0.045,4.5,Low Risk
97.06,17,19,205.78,0,0,-108.72,0.47166877247545924,0,0,0.0,0,0.045,4.5,Low Risk
143.88,7,33,101.06,0,2,42.81999999999999,1.4237086879081733,0,0,0.06060606060606061,0,0.045,4.5,Low Risk
81.21,21,26,61.74,0,1,19.46999999999999,1.3153547133138968,0,0,0.038461538461538464,0,0.045,4.5,Low Risk
55.83,3,16,157.73,1,4,-101.89999999999999,0.3539592975337602,0,1,0.25,0,0.045,4.5,Low Risk
30.04,15,12,101.81,0,2,-71.77000000000001,0.29505942441803357,0,0,0.16666666666666666,0,0.045,4.5,Low Risk
132.83,4,12,156.25,0,3,-23.419999999999987,0.8501120000000001,0,1,0.25,0,0.045,4.5,Low Risk
408.43,8,31,56.41,1,2,352.02,7.240382910831413,1,0,0.06451612903225806,0,0.045,4.5,Low Risk
183.69,22,10,76.14,0,2,107.55,2.412529550827423,1,0,0.2,0,0.045,4.5,Low Risk
138.61,11,18,130.75,0,4,7.860000000000014,1.0601147227533463,0,0,0.2222222222222222,0,0.045,4.5,Low Risk
231.95,9,24,136.15,0,2,95.79999999999998,1.7036356959236134,0,0,0.08333333333333333,0,0.045,4.5,Low Risk
351.98,13,1,137.97,0,2,214.01000000000002,2.5511343045589623,1,0,2.0,0,0.045,4.5,Low Risk
58.53,13,9,81.96,0,1,-23.429999999999993,0.7141288433382138,0,0,0.1111111111111111,0,0.045,4.5,Low Risk
53.82,17,10,257.67,0,1,-203.85000000000002,0.20887181278379321,0,0,0.1,0,0.045,4.5,Low Risk
82.35,16,25,61.99,1,1,20.359999999999992,1.3284400709791901,0,0,0.04,0,0.045,4.5,Low Risk
327.61,18,36,24.36,1,1,303.25,13.448686371100164,1,0,0.027777777777777776,0,0.045,4.5,Low Risk
152.23,0,30,135.51,0,5,16.72,1.1233857279905541,0,1,0.16666666666666666,0,0.045,4.5,Low Risk
169.02,17,16,406.71,0,0,-237.68999999999997,0.4155786678468688,0,0,0.0,0,0.045,4.5,Low Risk
149.63,13,16,132.91,1,2,16.72,1.125799413136709,0,0,0.125,1,0.045,4.5,Low Risk
195.72,6,36,209.31,1,1,-13.590000000000003,0.935072380679375,0,0,0.027777777777777776,0,0.045,4.5,Low Risk
404.62,22,1,188.24,0,4,216.38,2.149490012749681,1,0,4.0,0,0.045,4.5,Low Risk
101.99,7,18,38.66,0,1,63.33,2.6381272633212625,1,0,0.05555555555555555,1,0.045,4.5,Low Risk
237.98,10,22,134.64,0,0,103.34,1.7675282234105765,0,0,0.0,0,0.045,4.5,Low Risk
143.76,8,36,97.12,0,3,46.639999999999986,1.4802306425041185,0,0,0.08333333333333333,0,0.045,4.5,Low Risk
107.99,20,4,200.22,0,1,-92.23,0.5393567076216162,0,0,0.25,0,0.045,4.5,Low Risk
39.01,2,37,114.33,0,3,-75.32,0.34120528295285574,0,1,0.08108108108108109,0,0.045,4.5,Low Risk
48.27,2,19,58.19,0,1,-9.919999999999995,0.82952397319127,0,1,0.05263157894736842,0,0.045,4.5,Low Risk
169.88,16,16,350.16,0,0,-180.28000000000003,0.4851496458761708,0,0,0.0,0,0.045,4.5,Low Risk
263.44,3,15,202.95,0,2,60.49000000000001,1.2980537078098053,0,1,0.13333333333333333,0,0.045,4.5,Low Risk
112.85,13,11,63.73,1,2,49.12,1.7707516083477168,0,0,0.18181818181818182,0,0.045,4.5,Low Risk
86.11,18,4,94.6,0,3,-8.489999999999995,0.9102536997885835,0,0,0.75,0,0.045,4.5,Low Risk
132.74,14,21,45.32,0,2,87.42000000000002,2.9289496910856134,1,0,0.09523809523809523,0,0.045,4.5,Low Risk
159.27,20,46,201.04,0,1,-41.76999999999998,0.7922304019100678,0,0,0.021739130434782608,0,0.045,4.5,Low Risk
38.65,13,48,40.76,0,2,-2.1099999999999994,0.9482335623159961,0,0,0.041666666666666664,0,0.045,4.5,Low Risk
26.93,2,33,54.8,0,0,-27.869999999999997,0.4914233576642336,0,1,0.0,0,0.045,4.5,Low Risk
182.45,23,45,68.12,0,1,114.32999999999998,2.678361714621256,1,1,0.022222222222222223,0,0.045,4.5,Low Risk
93.32,2,32,82.89,0,3,10.429999999999993,1.1258294124743635,0,1,0.09375,0,0.045,4.5,Low Risk
84.55,4,34,133.76,0,0,-49.209999999999994,0.6321022727272727,0,1,0.0,0,0.045,4.5,Low Risk
123.64,20,19,165.67,0,2,-42.02999999999999,0.7463028912899138,0,0,0.10526315789473684,0,0.045,4.5,Low Risk
63.55,16,34,303.65,0,2,-240.09999999999997,0.20928700806849992,0,0,0.058823529411764705,0,0.045,4.5,Low Risk
49.56,8,2,206.75,0,0,-157.19,0.23970979443772675,0,0,0.0,0,0.045,4.5,Low Risk
40.75,4,6,42.15,0,3,-1.3999999999999986,0.966785290628707,0,1,0.5,0,0.045,4.5,Low Risk
481.97,5,27,65.12,0,0,416.85,7.4012592137592135,1,1,0.0,0,0.045,4.5,Low Risk
105.67,7,35,89.61,0,3,16.060000000000002,1.1792210690771119,0,0,0.08571428571428572,0,0.045,4.5,Low Risk
91.72,12,19,81.69,0,1,10.030000000000001,1.1227812461745623,0,0,0.05263157894736842,0,0.045,4.5,Low Risk
74.99,15,21,112.58,1,7,-37.59,0.6661041037484455,0,0,0.3333333333333333,0,0.045,4.5,Low Risk
197.51,2,19,198.79,0,2,-1.2800000000000011,0.9935610443181246,0,1,0.10526315789473684,0,0.045,4.5,Low Risk
179.2,17,27,92.0,0,1,87.19999999999999,1.9478260869565216,0,0,0.037037037037037035,0,0.045,4.5,Low Risk
125.3,9,26,62.49,1,0,62.809999999999995,2.005120819331093,1,0,0.0,0,0.045,4.5,Low Risk
117.85,18,1,39.73,0,3,78.12,2.9662723382834133,1,0,3.0,0,0.045,4.5,Low Risk
187.48,14,35,44.78,0,1,142.7,4.1866904868244745,1,0,0.02857142857142857,0,0.045,4.5,Low Risk
250.08,12,22,145.37,0,1,104.71000000000001,1.7202999243310175,0,0,0.045454545454545456,0,0.045,4.5,Low Risk
107.28,10,23,325.0,0,0,-217.72,0.3300923076923077,0,0,0.0,0,0.045,4.5,Low Risk
420.72,11,5,62.51,0,1,358.21000000000004,6.730443129099345,1,0,0.2,0,0.045,4.5,Low Risk
68.3,17,20,87.51,0,4,-19.210000000000008,0.7804822306022168,0,0,0.2,0,0.045,4.5,Low Risk
87.03,12,26,57.44,1,3,29.590000000000003,1.5151462395543176,0,0,0.11538461538461539,0,0.045,4.5,Low Risk
413.29,7,26,63.13,0,1,350.16,6.546649770315223,1,0,0.038461538461538464,0,0.045,4.5,Low Risk
105.25,15,12,196.53,0,2,-91.28,0.5355416475856103,0,0,0.16666666666666666,0,0.045,4.5,Low Risk
215.9,12,5,61.29,0,2,154.61,3.522597487355197,1,0,0.4,0,0.045,4.5,Low Risk
28.02,0,24,97.79,0,3,-69.77000000000001,0.28653236527252274,0,1,0.125,0,0.045,4.5,Low Risk
102.92,7,33,90.09,0,1,12.829999999999998,1.1424131424131423,0,0,0.030303030303030304,0,0.045,4.5,Low Risk
265.09,17,15,153.38,0,1,111.70999999999998,1.7283218150997521,0,0,0.06666666666666667,0,0.045,4.5,Low Risk
122.25,1,19,220.92,0,2,-98.66999999999999,0.5533677349266704,0,1,0.10526315789473684,0,0.045,4.5,Low Risk
182.22,19,28,292.26,0,1,-110.03999999999999,0.623485937179224,0,0,0.03571428571428571,0,0.045,4.5,Low Risk
170.29,13,19,145.7,0,2,24.590000000000003,1.1687714481811942,0,0,0.10526315789473684,0,0.045,4.5,Low Risk
351.06,5,23,52.75,0,4,298.31,6.655165876777251,1,1,0.17391304347826086,0,0.045,4.5,Low Risk
124.34,19,15,134.01,0,2,-9.669999999999987,0.9278412058801583,0,0,0.13333333333333333,0,0.045,4.5,Low Risk
78.45,7,28,188.61,0,0,-110.16000000000001,0.415937649117226,0,0,0.0,0,0.045,4.5,Low Risk
30.74,11,15,87.34,0,4,-56.60000000000001,0.3519578658117701,0,0,0.26666666666666666,1,0.045,4.5,Low Risk
146.12,6,1,113.76,0,2,32.36,1.2844585091420535,0,0,2.0,0,0.045,4.5,Low Risk
81.74,15,27,46.55,0,3,35.19,1.7559613319011815,0,0,0.1111111111111111,0,0.045,4.5,Low Risk
153.92,17,28,44.38,0,3,109.53999999999999,3.468228931951329,1,0,0.10714285714285714,0,0.045,4.5,Low Risk
33.16,13,9,210.62,0,2,-177.46,0.15743993922704394,0,0,0.2222222222222222,0,0.045,4.5,Low Risk
175.28,16,1,58.17,0,3,117.11,3.01323706377858,1,0,3.0,0,0.045,4.5,Low Risk
142.75,5,16,58.47,0,3,84.28,2.4414229519411665,1,1,0.1875,0,0.045,4.5,Low Risk
80.1,9,21,81.95,1,1,-1.8500000000000085,0.9774252593044538,0,0,0.047619047619047616,0,0.045,4.5,Low Risk
251.19,4,17,95.07,0,1,156.12,2.642158409592932,1,1,0.058823529411764705,0,0.045,4.5,Low Risk
60.38,16,19,116.76,0,2,-56.38,0.5171291538198013,0,0,0.10526315789473684,0,0.045,4.5,Low Risk
262.63,21,26,35.31,1,0,227.32,7.437836306995185,1,0,0.0,0,0.045,4.5,Low Risk
180.4,16,14,55.72,0,3,124.68,3.237616654702082,1,0,0.21428571428571427,0,0.045,4.5,Low Risk
73.28,8,16,176.03,0,1,-102.75,0.41629267738453674,0,0,0.0625,0,0.045,4.5,Low Risk
111.86,13,9,153.05,0,3,-41.19000000000001,0.7308722639660241,0,0,0.3333333333333333,0,0.045,4.5,Low Risk
178.29,18,5,137.17,0,1,41.120000000000005,1.299774003061894,0,0,0.2,0,0.045,4.5,Low Risk
288.95,9,20,69.32,0,1,219.63,4.168349682631275,1,0,0.05,0,0.045,4.5,Low Risk
100.04,3,28,67.66,0,1,32.38000000000001,1.478569317174106,0,1,0.03571428571428571,0,0.045,4.5,Low Risk
235.0,16,22,55.27,1,2,179.73,4.251854532296001,1,0,0.09090909090909091,1,0.045,4.5,Low Risk
278.36,8,27,66.79,0,0,211.57,4.1676897739182515,1,0,0.0,0,0.045,4.5,Low Risk
130.83,0,16,19.16,0,3,111.67000000000002,6.828288100208769,1,1,0.1875,0,0.04,4.0,Low Risk
208.22,16,28,130.41,0,0,77.81,1.5966566981059735,0,0,0.0,0,0.04,4.0,Low Risk
58.01,5,24,35.44,0,2,22.57,1.6368510158013545,0,1,0.08333333333333333,0,0.04,4.0,Low Risk
178.51,15,37,106.34,0,1,72.16999999999999,1.678672183562159,0,0,0.02702702702702703,0,0.04,4.0,Low Risk
47.62,16,19,99.03,0,1,-51.410000000000004,0.4808643845299404,0,0,0.05263157894736842,0,0.04,4.0,Low Risk
67.06,1,16,94.42,0,3,-27.36,0.7102308832874391,0,1,0.1875,0,0.04,4.0,Low Risk
94.46,13,27,62.8,1,3,31.659999999999997,1.504140127388535,0,0,0.1111111111111111,0,0.04,4.0,Low Risk
177.06,21,16,292.95,0,2,-115.88999999999999,0.6044034818228367,0,0,0.125,0,0.04,4.0,Low Risk
93.29,16,23,98.31,0,1,-5.019999999999996,0.9489370359068254,0,0,0.043478260869565216,0,0.04,4.0,Low Risk
87.15,17,26,195.56,0,1,-108.41,0.44564328083452653,0,0,0.038461538461538464,0,0.04,4.0,Low Risk
228.55,11,42,151.37,0,0,77.18,1.509876461650261,0,0,0.0,0,0.04,4.0,Low Risk
41.18,3,5,134.84,1,0,-93.66,0.3053989913972115,0,1,0.0,0,0.04,4.0,Low Risk
378.78,21,5,176.52,0,1,202.25999999999996,2.1458191706322225,1,0,0.2,0,0.04,4.0,Low Risk
47.55,1,16,167.22,1,0,-119.67,0.28435593828489414,0,1,0.0,0,0.04,4.0,Low Risk
474.24,0,31,86.33,0,1,387.91,5.493339511178038,1,1,0.03225806451612903,0,0.04,4.0,Low Risk
94.6,2,18,25.46,0,0,69.13999999999999,3.7156323644933225,1,1,0.0,0,0.04,4.0,Low Risk
25.21,9,19,111.1,0,1,-85.88999999999999,0.22691269126912694,0,0,0.05263157894736842,0,0.04,4.0,Low Risk
294.09,9,24,158.91,0,0,135.17999999999998,1.8506701906739662,0,0,0.0,0,0.04,4.0,Low Risk
30.63,23,17,144.04,0,2,-113.41,0.21264926409330742,0,1,0.11764705882352941,0,0.04,4.0,Low Risk
29.11,23,23,111.91,0,1,-82.8,0.26011973907604324,0,1,0.043478260869565216,0,0.04,4.0,Low Risk
129.15,16,25,244.92,0,0,-115.76999999999998,0.5273150416462519,0,0,0.0,0,0.04,4.0,Low Risk
167.23,0,24,143.98,0,1,23.25,1.1614807612168356,0,1,0.041666666666666664,0,0.04,4.0,Low Risk
293.5,5,19,203.1,0,1,90.4,1.445100935499754,0,1,0.05263157894736842,0,0.04,4.0,Low Risk
76.19,17,12,261.75,0,1,-185.56,0.2910792741165234,0,0,0.08333333333333333,0,0.04,4.0,Low Risk
52.99,4,18,59.71,0,1,-6.719999999999999,0.8874560375146542,0,1,0.05555555555555555,0,0.04,4.0,Low Risk
215.04,0,6,87.34,0,4,127.69999999999999,2.4621021296084264,1,1,0.6666666666666666,0,0.04,4.0,Low Risk
115.17,13,6,112.96,0,3,2.210000000000008,1.019564447592068,0,0,0.5,0,0.04,4.0,Low Risk
46.64,21,25,142.41,0,1,-95.77,0.3275050909346254,0,0,0.04,0,0.04,4.0,Low Risk
71.28,22,38,140.08,0,6,-68.80000000000001,0.5088520845231296,0,0,0.15789473684210525,0,0.04,4.0,Low Risk
113.84,10,13,200.89,0,0,-87.04999999999998,0.5666782816466723,0,0,0.0,0,0.04,4.0,Low Risk
69.41,14,17,51.69,0,2,17.72,1.342812923195976,0,0,0.11764705882352941,0,0.04,4.0,Low Risk
181.23,3,31,163.79,0,3,17.439999999999998,1.106477806947921,0,1,0.0967741935483871,0,0.04,4.0,Low Risk
40.57,17,6,208.6,0,0,-168.03,0.1944870565675935,0,0,0.0,0,0.04,4.0,Low Risk
83.36,13,16,476.24,0,2,-392.88,0.1750377960692088,0,0,0.125,0,0.04,4.0,Low Risk
194.43,4,12,83.08,0,4,111.35000000000001,2.3402744342802118,1,1,0.3333333333333333,0,0.04,4.0,Low Risk
262.34,12,34,59.3,1,2,203.03999999999996,4.423946037099494,1,0,0.058823529411764705,0,0.04,4.0,Low Risk
160.19,2,15,91.22,0,1,68.97,1.756084192063144,0,1,0.06666666666666667,0,0.04,4.0,Low Risk
45.72,10,18,206.29,1,2,-160.57,0.22162974453439332,0,0,0.1111111111111111,0,0.04,4.0,Low Risk
102.13,23,1,152.83,0,3,-50.70000000000002,0.6682588497022836,0,1,3.0,0,0.04,4.0,Low Risk
79.48,15,38,25.48,0,4,54.0,3.119309262166405,1,0,0.10526315789473684,0,0.04,4.0,Low Risk
219.23,18,16,103.6,0,2,115.63,2.116119691119691,1,0,0.125,0,0.04,4.0,Low Risk
308.76,1,29,55.19,0,1,253.57,5.594491755752854,1,1,0.034482758620689655,0,0.04,4.0,Low Risk
104.16,6,38,115.57,0,0,-11.409999999999997,0.9012719563900666,0,0,0.0,0,0.04,4.0,Low Risk
67.75,23,25,170.89,0,0,-103.13999999999999,0.3964538592076775,0,1,0.0,0,0.04,4.0,Low Risk
211.47,14,23,47.9,0,2,163.57,4.41482254697286,1,0,0.08695652173913043,0,0.04,4.0,Low Risk
38.41,22,20,109.03,1,4,-70.62,0.3522883610015592,0,0,0.2,0,0.04,4.0,Low Risk
145.99,13,38,172.55,1,3,-26.560000000000002,0.846073601854535,0,0,0.07894736842105263,0,0.04,4.0,Low Risk
76.47,4,40,87.28,0,0,-10.810000000000002,0.8761457378551787,0,1,0.0,0,0.04,4.0,Low Risk
122.38,14,25,27.95,0,3,94.42999999999999,4.378533094812164,1,0,0.12,0,0.04,4.0,Low Risk
181.27,20,6,160.89,0,0,20.380000000000024,1.1266703959226803,0,0,0.0,0,0.04,4.0,Low Risk
110.45,22,23,101.76,1,0,8.689999999999998,1.0853970125786163,0,0,0.0,0,0.04,4.0,Low Risk
117.91,5,46,214.87,0,0,-96.96000000000001,0.548750407222972,0,1,0.0,0,0.04,4.0,Low Risk
55.24,7,25,89.8,0,2,-34.559999999999995,0.6151447661469933,0,0,0.08,0,0.04,4.0,Low Risk
94.36,21,4,154.29,0,2,-59.92999999999999,0.6115756043813598,0,0,0.5,0,0.04,4.0,Low Risk
181.18,17,26,156.65,0,1,24.53,1.1565911267156082,0,0,0.038461538461538464,0,0.04,4.0,Low Risk
88.01,6,12,104.4,0,1,-16.39,0.8430076628352491,0,0,0.08333333333333333,0,0.04,4.0,Low Risk
99.16,22,25,94.11,0,1,5.049999999999997,1.0536606099245562,0,0,0.04,0,0.04,4.0,Low Risk
98.55,11,25,100.66,0,1,-2.1099999999999994,0.9790383469103914,0,0,0.04,0,0.04,4.0,Low Risk
48.67,7,21,107.78,0,1,-59.11,0.45156800890703286,0,0,0.047619047619047616,0,0.04,4.0,Low Risk
232.73,3,19,46.25,0,1,186.48,5.032,1,1,0.05263157894736842,0,0.04,4.0,Low Risk
24.77,10,12,68.04,1,0,-43.27000000000001,0.3640505584950029,0,0,0.0,0,0.04,4.0,Low Risk
135.55,3,31,139.13,0,1,-3.579999999999984,0.9742686695895926,0,1,0.03225806451612903,0,0.04,4.0,Low Risk
59.81,7,34,81.67,0,1,-21.86,0.7323374556140566,0,0,0.029411764705882353,0,0.04,4.0,Low Risk
19.28,14,17,98.23,0,4,-78.95,0.19627405069734297,0,0,0.23529411764705882,0,0.04,4.0,Low Risk
355.48,9,32,54.69,1,0,300.79,6.499908575607972,1,0,0.0,0,0.04,4.0,Low Risk
76.34,11,20,171.97,0,1,-95.63,0.4439146362737687,0,0,0.05,0,0.04,4.0,Low Risk
91.05,8,17,219.59,0,3,-128.54000000000002,0.41463636777631036,0,0,0.17647058823529413,0,0.04,4.0,Low Risk
105.36,6,8,99.25,0,2,6.109999999999999,1.0615617128463477,0,0,0.25,0,0.04,4.0,Low Risk
269.21,19,11,156.03,0,1,113.17999999999998,1.7253733256425046,0,0,0.09090909090909091,0,0.04,4.0,Low Risk
74.68,1,19,92.78,0,3,-18.099999999999994,0.8049148523388662,0,1,0.15789473684210525,0,0.04,4.0,Low Risk
23.93,11,23,100.23,0,2,-76.30000000000001,0.2387508729921181,0,0,0.08695652173913043,0,0.04,4.0,Low Risk
83.3,21,16,180.83,0,1,-97.53000000000002,0.46065365260189123,0,0,0.0625,0,0.04,4.0,Low Risk
98.97,15,28,227.24,0,0,-128.27,0.43553071642316493,0,0,0.0,0,0.04,4.0,Low Risk
589.51,20,14,95.07,0,4,494.44,6.200799410960346,1,0,0.2857142857142857,0,0.04,4.0,Low Risk
91.18,12,21,213.52,0,1,-122.34,0.42703259647808167,0,0,0.047619047619047616,0,0.04,4.0,Low Risk
52.46,21,20,86.32,0,2,-33.85999999999999,0.6077386468952735,0,0,0.1,0,0.04,4.0,Low Risk
124.7,4,25,32.6,0,1,92.1,3.8251533742331287,1,1,0.04,0,0.04,4.0,Low Risk
105.87,11,3,227.68,0,0,-121.81,0.4649947294448349,0,0,0.0,0,0.04,4.0,Low Risk
140.65,18,19,51.05,0,2,89.60000000000001,2.755142017629775,1,0,0.10526315789473684,0,0.04,4.0,Low Risk
97.07,2,33,118.69,0,1,-21.620000000000005,0.817844805796613,0,1,0.030303030303030304,0,0.04,4.0,Low Risk
113.73,17,22,194.57,0,0,-80.83999999999999,0.5845197101300303,0,0,0.0,0,0.04,4.0,Low Risk
100.04,7,28,87.09,0,3,12.950000000000003,1.148696750488001,0,0,0.10714285714285714,0,0.04,4.0,Low Risk
30.59,0,15,75.01,0,1,-44.42,0.4078122916944407,0,1,0.06666666666666667,0,0.04,4.0,Low Risk
62.16,9,29,185.4,0,0,-123.24000000000001,0.3352750809061488,0,0,0.0,0,0.04,4.0,Low Risk
140.91,14,24,125.63,0,1,15.280000000000001,1.1216269999204012,0,0,0.041666666666666664,0,0.04,4.0,Low Risk
151.5,5,25,70.33,0,4,81.17,2.154130527513152,1,1,0.16,0,0.04,4.0,Low Risk
71.51,18,25,69.55,0,1,1.960000000000008,1.028181164629763,0,0,0.04,0,0.04,4.0,Low Risk
101.26,11,22,67.45,0,6,33.81,1.5012601927353595,0,0,0.2727272727272727,0,0.04,4.0,Low Risk
432.16,6,9,38.24,0,3,393.92,11.301255230125523,1,0,0.3333333333333333,0,0.04,4.0,Low Risk
81.52,2,29,81.25,0,2,0.269999999999996,1.003323076923077,0,1,0.06896551724137931,0,0.04,4.0,Low Risk
112.67,21,19,179.04,0,0,-66.36999999999999,0.6293007149240394,0,0,0.0,0,0.04,4.0,Low Risk
113.42,18,21,33.72,0,4,79.7,3.3635824436536184,1,0,0.19047619047619047,0,0.04,4.0,Low Risk
128.48,11,7,46.21,0,0,82.26999999999998,2.780350573468946,1,0,0.0,0,0.04,4.0,Low Risk
92.03,4,30,79.2,0,1,12.829999999999998,1.1619949494949495,0,1,0.03333333333333333,0,0.04,4.0,Low Risk
85.1,20,13,220.7,0,1,-135.6,0.3855913004077934,0,0,0.07692307692307693,0,0.04,4.0,Low Risk
226.42,11,5,85.37,0,0,141.04999999999998,2.652219749326461,1,0,0.0,0,0.04,4.0,Low Risk
136.09,1,20,64.17,1,3,71.92,2.1207729468599035,1,1,0.15,0,0.04,4.0,Low Risk
80.67,2,38,25.63,0,2,55.040000000000006,3.147483417869684,1,1,0.05263157894736842,0,0.04,4.0,Low Risk
157.07,3,18,173.82,0,2,-16.75,0.9036359452306985,0,1,0.1111111111111111,0,0.04,4.0,Low Risk
173.84,5,15,77.17,0,0,96.67,2.252688868731372,1,1,0.0,0,0.04,4.0,Low Risk
133.37,4,31,182.64,0,2,-49.26999999999998,0.730234340779676,0,1,0.06451612903225806,0,0.04,4.0,Low Risk
214.83,7,16,139.08,0,0,75.75,1.5446505608283,0,0,0.0,0,0.035,3.5000000000000004,Low Risk
148.17,23,26,95.43,0,3,52.73999999999998,1.5526563973593208,0,1,0.11538461538461539,0,0.035,3.5000000000000004,Low Risk
305.92,3,13,112.16,0,1,193.76000000000002,2.72753209700428,1,1,0.07692307692307693,0,0.035,3.5000000000000004,Low Risk
266.13,6,21,551.58,0,1,-285.45000000000005,0.4824866746437506,0,0,0.047619047619047616,0,0.035,3.5000000000000004,Low Risk
177.82,5,29,81.84,0,0,95.97999999999999,2.1727761485826,1,1,0.0,0,0.035,3.5000000000000004,Low Risk
122.15,15,15,228.86,0,0,-106.71000000000001,0.5337324128288037,0,0,0.0,0,0.035,3.5000000000000004,Low Risk
241.99,9,33,198.63,0,1,43.360000000000014,1.2182953229622917,0,0,0.030303030303030304,0,0.035,3.5000000000000004,Low Risk
62.53,11,20,85.6,0,2,-23.069999999999993,0.7304906542056075,0,0,0.1,0,0.035,3.5000000000000004,Low Risk
137.85,6,29,92.04,0,1,45.80999999999999,1.4977183833116035,0,0,0.034482758620689655,0,0.035,3.5000000000000004,Low Risk
329.33,16,8,26.08,1,1,303.25,12.627684049079754,1,0,0.125,0,0.035,3.5000000000000004,Low Risk
30.88,19,14,74.14,0,0,-43.260000000000005,0.41650930671702185,0,0,0.0,0,0.035,3.5000000000000004,Low Risk
180.52,18,20,140.42,0,1,40.10000000000002,1.2855718558609885,0,0,0.05,1,0.035,3.5000000000000004,Low Risk
211.68,6,16,69.96,0,2,141.72000000000003,3.0257289879931393,1,0,0.125,0,0.035,3.5000000000000004,Low Risk
63.99,12,9,88.72,0,1,-24.729999999999997,0.721257889990983,0,0,0.1111111111111111,0,0.035,3.5000000000000004,Low Risk
169.04,7,22,99.36,0,4,69.67999999999999,1.7012882447665056,0,0,0.18181818181818182,0,0.035,3.5000000000000004,Low Risk
158.33,13,36,32.77,1,2,125.56,4.831553249923711,1,0,0.05555555555555555,0,0.035,3.5000000000000004,Low Risk
66.04,13,24,44.24,0,2,21.800000000000004,1.4927667269439422,0,0,0.08333333333333333,0,0.035,3.5000000000000004,Low Risk
167.4,1,21,104.96,0,2,62.44000000000001,1.594893292682927,0,1,0.09523809523809523,0,0.035,3.5000000000000004,Low Risk
75.7,17,39,83.7,0,2,-8.0,0.9044205495818399,0,0,0.05128205128205128,0,0.035,3.5000000000000004,Low Risk
437.96,15,5,81.25,0,2,356.71,5.3902769230769225,1,0,0.4,0,0.035,3.5000000000000004,Low Risk
36.18,23,26,117.3,0,0,-81.12,0.30843989769820973,0,1,0.0,0,0.035,3.5000000000000004,Low Risk
104.25,12,13,176.39,0,2,-72.13999999999999,0.59101989908725,0,0,0.15384615384615385,0,0.035,3.5000000000000004,Low Risk
309.47,8,33,78.12,0,3,231.35000000000002,3.9614695340501793,1,0,0.09090909090909091,0,0.035,3.5000000000000004,Low Risk
167.16,6,40,141.43,0,1,25.72999999999999,1.1819274552782295,0,0,0.025,0,0.035,3.5000000000000004,Low Risk
126.91,11,27,44.21,0,3,82.69999999999999,2.870617507351278,1,0,0.1111111111111111,0,0.035,3.5000000000000004,Low Risk
138.58,4,12,136.79,0,3,1.7900000000000205,1.0130857518824476,0,1,0.25,0,0.035,3.5000000000000004,Low Risk
169.43,13,19,39.85,0,2,129.58,4.251693851944793,1,0,0.10526315789473684,0,0.035,3.5000000000000004,Low Risk
26.8,6,23,95.91,0,0,-69.11,0.2794286310082369,0,0,0.0,0,0.035,3.5000000000000004,Low Risk
63.87,2,32,66.67,0,0,-2.8000000000000043,0.9580020998950052,0,1,0.0,0,0.035,3.5000000000000004,Low Risk
90.94,0,15,306.73,1,3,-215.79000000000002,0.2964822482313435,0,1,0.2,0,0.035,3.5000000000000004,Low Risk
99.82,20,20,48.3,0,3,51.519999999999996,2.0666666666666664,1,0,0.15,0,0.035,3.5000000000000004,Low Risk
138.68,6,25,65.05,0,4,73.63000000000001,2.131898539584935,1,0,0.16,0,0.035,3.5000000000000004,Low Risk
51.76,3,20,77.01,0,1,-25.250000000000007,0.6721205038306712,0,1,0.05,1,0.035,3.5000000000000004,Low Risk
130.47,2,11,89.44,0,0,41.03,1.4587432915921288,0,1,0.0,0,0.035,3.5000000000000004,Low Risk
220.57,19,18,262.93,0,1,-42.360000000000014,0.8388924808884494,0,0,0.05555555555555555,0,0.035,3.5000000000000004,Low Risk
216.42,10,27,191.27,0,1,25.149999999999977,1.131489517436085,0,0,0.037037037037037035,0,0.035,3.5000000000000004,Low Risk
88.1,18,11,134.91,0,3,-46.81,0.6530279445556296,0,0,0.2727272727272727,0,0.035,3.5000000000000004,Low Risk
29.86,5,46,116.55,0,1,-86.69,0.2561990561990562,0,1,0.021739130434782608,0,0.035,3.5000000000000004,Low Risk
51.71,11,21,158.69,0,3,-106.97999999999999,0.32585544142668094,0,0,0.14285714285714285,0,0.035,3.5000000000000004,Low Risk
327.51,19,25,125.48,1,0,202.02999999999997,2.6100573796620976,1,0,0.0,0,0.035,3.5000000000000004,Low Risk
47.74,17,12,168.04,1,0,-120.29999999999998,0.2840990240418948,0,0,0.0,0,0.035,3.5000000000000004,Low Risk
90.7,14,16,237.2,0,0,-146.5,0.3823777403035413,0,0,0.0,0,0.035,3.5000000000000004,Low Risk
44.15,6,4,99.41,0,2,-55.26,0.4441203098279851,0,0,0.5,0,0.035,3.5000000000000004,Low Risk
96.0,4,16,182.16,0,2,-86.16,0.5270092226613966,0,1,0.125,0,0.035,3.5000000000000004,Low Risk
140.09,17,23,123.42,0,2,16.67,1.1350672500405121,0,0,0.08695652173913043,0,0.035,3.5000000000000004,Low Risk
22.11,12,23,227.45,1,2,-205.33999999999997,0.09720817762145527,0,0,0.08695652173913043,0,0.035,3.5000000000000004,Low Risk
123.68,11,13,109.39,0,3,14.290000000000006,1.130633513118201,0,0,0.23076923076923078,0,0.035,3.5000000000000004,Low Risk
171.36,14,32,105.86,0,3,65.50000000000001,1.618741734366144,0,0,0.09375,0,0.035,3.5000000000000004,Low Risk
42.12,21,25,140.49,0,0,-98.37,0.2998078155028827,0,0,0.0,0,0.035,3.5000000000000004,Low Risk
91.98,2,1,98.15,1,2,-6.170000000000002,0.9371370351502801,0,1,2.0,0,0.035,3.5000000000000004,Low Risk
35.85,9,22,138.57,0,0,-102.72,0.25871400736090067,0,0,0.0,0,0.035,3.5000000000000004,Low Risk
112.5,5,19,39.16,0,2,73.34,2.872829417773238,1,1,0.10526315789473684,0,0.035,3.5000000000000004,Low Risk
93.7,4,14,287.33,0,3,-193.63,0.32610587129781093,0,1,0.21428571428571427,0,0.035,3.5000000000000004,Low Risk
211.62,19,23,94.08,0,1,117.54,2.2493622448979593,1,0,0.043478260869565216,0,0.035,3.5000000000000004,Low Risk
41.46,7,12,176.33,1,2,-134.87,0.2351273180967504,0,0,0.16666666666666666,0,0.035,3.5000000000000004,Low Risk
194.19,16,33,142.76,0,1,51.43000000000001,1.3602549733818998,0,0,0.030303030303030304,0,0.035,3.5000000000000004,Low Risk
71.92,19,24,95.9,0,1,-23.980000000000004,0.7499478623566215,0,0,0.041666666666666664,0,0.035,3.5000000000000004,Low Risk
206.1,16,34,37.31,1,3,168.79,5.5239882069150354,1,0,0.08823529411764706,0,0.035,3.5000000000000004,Low Risk
94.22,0,22,167.49,0,2,-73.27000000000001,0.5625410472267001,0,1,0.09090909090909091,0,0.035,3.5000000000000004,Low Risk
258.92,3,26,113.36,0,1,145.56,2.2840508115737475,1,1,0.038461538461538464,0,0.035,3.5000000000000004,Low Risk
324.26,10,18,97.3,0,1,226.95999999999998,3.332579650565262,1,0,0.05555555555555555,0,0.035,3.5000000000000004,Low Risk
93.77,18,12,145.75,0,3,-51.980000000000004,0.6433619210977701,0,0,0.25,0,0.035,3.5000000000000004,Low Risk
147.72,12,30,48.61,0,3,99.11,3.0388808887060277,1,0,0.1,0,0.035,3.5000000000000004,Low Risk
53.47,7,12,116.83,0,2,-63.36,0.4576735427544295,0,0,0.16666666666666666,0,0.035,3.5000000000000004,Low Risk
68.86,16,30,81.82,0,2,-12.959999999999994,0.8416035199217796,0,0,0.06666666666666667,0,0.035,3.5000000000000004,Low Risk
81.47,11,17,166.68,0,3,-85.21000000000001,0.4887808975281977,0,0,0.17647058823529413,0,0.035,3.5000000000000004,Low Risk
205.67,7,42,167.51,0,0,38.16,1.2278072950868604,0,0,0.0,0,0.035,3.5000000000000004,Low Risk
61.82,1,16,372.02,0,1,-310.2,0.166173861620343,0,1,0.0625,0,0.035,3.5000000000000004,Low Risk
120.46,11,21,174.86,0,4,-54.40000000000002,0.6888939723207136,0,0,0.19047619047619047,0,0.035,3.5000000000000004,Low Risk
94.73,19,36,99.71,0,0,-4.97999999999999,0.9500551599638954,0,0,0.0,0,0.035,3.5000000000000004,Low Risk
140.96,22,9,50.9,0,1,90.06,2.769351669941061,1,0,0.1111111111111111,0,0.035,3.5000000000000004,Low Risk
102.07,20,22,227.34,0,2,-125.27000000000001,0.4489751033694026,0,0,0.09090909090909091,0,0.035,3.5000000000000004,Low Risk
145.04,23,41,132.5,0,0,12.539999999999992,1.094641509433962,0,1,0.0,0,0.035,3.5000000000000004,Low Risk
83.75,17,19,109.47,0,1,-25.72,0.765049785329314,0,0,0.05263157894736842,0,0.035,3.5000000000000004,Low Risk
232.99,17,11,53.96,0,2,179.03,4.3178280207561155,1,0,0.18181818181818182,0,0.035,3.5000000000000004,Low Risk
53.53,0,1,94.31,0,1,-40.78,0.5675962252147174,0,1,1.0,0,0.035,3.5000000000000004,Low Risk
143.11,8,27,49.78,0,2,93.33000000000001,2.874849337083166,1,0,0.07407407407407407,0,0.035,3.5000000000000004,Low Risk
120.81,0,32,93.43,0,3,27.379999999999995,1.293053623033287,0,1,0.09375,0,0.035,3.5000000000000004,Low Risk
366.42,3,25,48.03,0,0,318.39,7.62898188632105,1,1,0.0,0,0.035,3.5000000000000004,Low Risk
175.41,15,23,61.42,0,0,113.99,2.855910126994464,1,0,0.0,0,0.035,3.5000000000000004,Low Risk
33.43,7,31,310.0,0,2,-276.57,0.10783870967741935,0,0,0.06451612903225806,0,0.035,3.5000000000000004,Low Risk
118.79,21,34,150.26,0,0,-31.469999999999985,0.7905630240915746,0,0,0.0,0,0.035,3.5000000000000004,Low Risk
101.37,22,9,80.36,1,1,21.010000000000005,1.261448481831757,0,0,0.1111111111111111,0,0.035,3.5000000000000004,Low Risk
159.44,2,8,146.09,0,1,13.349999999999994,1.0913820247792456,0,1,0.125,0,0.035,3.5000000000000004,Low Risk
33.17,18,7,212.4,0,2,-179.23000000000002,0.15616760828625237,0,0,0.2857142857142857,0,0.035,3.5000000000000004,Low Risk
382.03,1,26,52.49,1,2,329.53999999999996,7.278148218708324,1,1,0.07692307692307693,0,0.035,3.5000000000000004,Low Risk
84.94,0,11,140.33,0,1,-55.390000000000015,0.6052875365210575,0,1,0.09090909090909091,0,0.035,3.5000000000000004,Low Risk
153.23,1,21,65.11,0,3,88.11999999999999,2.353401935186607,1,1,0.14285714285714285,0,0.035,3.5000000000000004,Low Risk
72.37,4,7,70.63,1,1,1.740000000000009,1.024635424040776,0,1,0.14285714285714285,0,0.035,3.5000000000000004,Low Risk
122.22,5,16,86.58,0,1,35.64,1.4116424116424116,0,1,0.0625,0,0.035,3.5000000000000004,Low Risk
52.78,0,8,272.11,0,5,-219.33,0.1939656756458785,0,1,0.625,0,0.035,3.5000000000000004,Low Risk
273.52,17,25,295.56,0,0,-22.04000000000002,0.9254296927865746,0,0,0.0,0,0.035,3.5000000000000004,Low Risk
85.75,18,22,328.85,1,0,-243.10000000000002,0.26075718412650145,0,0,0.0,0,0.035,3.5000000000000004,Low Risk
228.06,10,18,61.67,0,3,166.39,3.698070374574347,1,0,0.16666666666666666,0,0.035,3.5000000000000004,Low Risk
84.6,18,14,104.26,1,0,-19.66000000000001,0.81143295607136,0,0,0.0,0,0.035,3.5000000000000004,Low Risk
37.64,4,25,192.66,0,1,-155.01999999999998,0.19537008200975814,0,1,0.04,0,0.035,3.5000000000000004,Low Risk
385.61,3,9,73.75,0,4,311.86,5.2286101694915255,1,1,0.4444444444444444,0,0.035,3.5000000000000004,Low Risk
90.46,4,11,102.72,0,1,-12.260000000000005,0.8806464174454828,0,1,0.09090909090909091,0,0.035,3.5000000000000004,Low Risk
63.87,10,27,48.97,0,1,14.899999999999999,1.3042679191341637,0,0,0.037037037037037035,0,0.035,3.5000000000000004,Low Risk
52.64,11,26,51.62,1,0,1.0200000000000031,1.0197597830298335,0,0,0.0,0,0.035,3.5000000000000004,Low Risk
131.7,1,23,67.29,0,1,64.40999999999998,1.9572001783325899,0,1,0.043478260869565216,0,0.035,3.5000000000000004,Low Risk
89.61,3,32,143.05,0,0,-53.44000000000001,0.6264243271583362,0,1,0.0,0,0.035,3.5000000000000004,Low Risk
72.24,16,26,63.63,1,2,8.609999999999992,1.1353135313531353,0,0,0.07692307692307693,0,0.035,3.5000000000000004,Low Risk
166.88,23,22,83.4,0,2,83.47999999999999,2.0009592326139085,1,1,0.09090909090909091,0,0.035,3.5000000000000004,Low Risk
56.12,10,18,133.53,0,1,-77.41,0.42028008687186397,0,0,0.05555555555555555,0,0.035,3.5000000000000004,Low Risk
263.7,0,1,227.02,0,0,36.67999999999998,1.161571667694476,0,1,0.0,0,0.035,3.5000000000000004,Low Risk
33.8,5,20,51.56,0,2,-17.760000000000005,0.6555469356089991,0,1,0.1,0,0.035,3.5000000000000004,Low Risk
210.93,17,10,172.06,1,2,38.870000000000005,1.225909566430315,0,0,0.2,0,0.035,3.5000000000000004,Low Risk
157.33,22,20,102.76,0,3,54.57000000000001,1.5310432074737252,0,0,0.15,0,0.035,3.5000000000000004,Low Risk
186.74,18,22,79.57,1,1,107.17000000000002,2.346864396129195,1,0,0.045454545454545456,0,0.035,3.5000000000000004,Low Risk
86.33,6,6,148.08,0,1,-61.750000000000014,0.5829956780118855,0,0,0.16666666666666666,0,0.03,3.0,Low Risk
114.74,23,25,160.67,0,1,-45.92999999999999,0.7141345615236199,0,1,0.04,0,0.03,3.0,Low Risk
74.54,9,38,104.61,0,3,-30.069999999999993,0.7125513813210975,0,0,0.07894736842105263,0,0.03,3.0,Low Risk
313.64,9,33,193.17,0,0,120.47,1.623647564321582,0,0,0.0,0,0.03,3.0,Low Risk
274.66,15,12,135.2,0,2,139.46000000000004,2.0315088757396453,1,0,0.16666666666666666,0,0.03,3.0,Low Risk
237.75,7,36,60.05,0,8,177.7,3.959200666111574,1,0,0.2222222222222222,0,0.03,3.0,Low Risk
117.42,5,20,63.63,1,1,53.79,1.8453559641678454,0,1,0.05,0,0.03,3.0,Low Risk
265.07,1,19,67.01,0,1,198.06,3.95567825697657,1,1,0.05263157894736842,0,0.03,3.0,Low Risk
143.67,23,20,161.5,0,0,-17.830000000000013,0.8895975232198141,0,1,0.0,0,0.03,3.0,Low Risk
310.07,3,30,15.6,0,3,294.46999999999997,19.87628205128205,1,1,0.1,0,0.03,3.0,Low Risk
56.04,5,4,52.86,0,2,3.1799999999999997,1.0601589103291713,0,1,0.5,0,0.03,3.0,Low Risk
154.1,6,30,327.6,0,2,-173.50000000000003,0.47039072039072033,0,0,0.06666666666666667,0,0.03,3.0,Low Risk
96.8,1,7,95.53,0,0,1.269999999999996,1.0132942531142048,0,1,0.0,0,0.03,3.0,Low Risk
360.57,18,26,167.15,0,0,193.42,2.1571642237511215,1,0,0.0,0,0.03,3.0,Low Risk
41.64,0,11,65.99,1,1,-24.349999999999994,0.6310046976814669,0,1,0.09090909090909091,0,0.03,3.0,Low Risk
51.19,5,1,59.94,0,1,-8.75,0.8540206873540207,0,1,1.0,0,0.03,3.0,Low Risk
67.96,6,9,104.2,0,1,-36.24000000000001,0.6522072936660268,0,0,0.1111111111111111,0,0.03,3.0,Low Risk
135.21,20,26,68.17,0,4,67.04,1.9834237934575327,0,0,0.15384615384615385,0,0.03,3.0,Low Risk
216.07,15,14,173.94,0,2,42.129999999999995,1.2422099574565941,0,0,0.14285714285714285,0,0.03,3.0,Low Risk
84.52,8,43,192.16,0,1,-107.64,0.43984179850124894,0,0,0.023255813953488372,0,0.03,3.0,Low Risk
73.16,6,6,231.56,0,2,-158.4,0.3159440317844187,0,0,0.3333333333333333,0,0.03,3.0,Low Risk
50.6,15,24,51.9,0,2,-1.2999999999999972,0.97495183044316,0,0,0.08333333333333333,0,0.03,3.0,Low Risk
25.54,9,19,81.49,0,1,-55.949999999999996,0.3134126886734569,0,0,0.05263157894736842,0,0.03,3.0,Low Risk
61.72,18,11,98.05,0,4,-36.33,0.6294747577766445,0,0,0.36363636363636365,0,0.03,3.0,Low Risk
97.72,5,32,67.83,0,1,29.89,1.4406604747162024,0,1,0.03125,0,0.03,3.0,Low Risk
127.06,1,19,293.13,0,0,-166.07,0.4334595571930543,0,1,0.0,0,0.03,3.0,Low Risk
57.03,22,36,224.43,0,5,-167.4,0.25411041304638415,0,0,0.1388888888888889,0,0.03,3.0,Low Risk
222.43,5,39,76.91,0,1,145.52,2.89208165388116,1,1,0.02564102564102564,0,0.03,3.0,Low Risk
28.27,17,5,87.92,0,0,-59.650000000000006,0.3215423111919927,0,0,0.0,0,0.03,3.0,Low Risk
144.36,20,17,138.73,0,1,5.630000000000024,1.0405824262956824,0,0,0.058823529411764705,0,0.03,3.0,Low Risk
30.42,13,17,72.44,0,0,-42.019999999999996,0.4199337382661513,0,0,0.0,0,0.03,3.0,Low Risk
138.27,15,5,280.71,0,3,-142.43999999999997,0.4925724056855831,0,0,0.6,0,0.03,3.0,Low Risk
22.98,22,16,316.06,0,0,-293.08,0.07270771372524204,0,0,0.0,0,0.03,3.0,Low Risk
111.16,3,19,132.72,0,2,-21.560000000000002,0.8375527426160337,0,1,0.10526315789473684,0,0.03,3.0,Low Risk
69.2,17,20,213.02,0,2,-143.82,0.3248521265608863,0,0,0.1,1,0.03,3.0,Low Risk
353.9,9,10,77.21,1,1,276.69,4.583603160212408,1,0,0.1,0,0.03,3.0,Low Risk
174.42,16,18,115.34,0,1,59.079999999999984,1.512224726894399,0,0,0.05555555555555555,0,0.03,3.0,Low Risk
186.06,6,28,69.0,0,1,117.06,2.696521739130435,1,0,0.03571428571428571,0,0.03,3.0,Low Risk
57.49,9,18,147.79,1,2,-90.29999999999998,0.3889979024291224,0,0,0.1111111111111111,0,0.03,3.0,Low Risk
58.11,14,20,184.98,0,3,-126.86999999999999,0.3141420694129095,0,0,0.15,0,0.03,3.0,Low Risk
163.01,21,21,154.02,0,4,8.98999999999998,1.0583690429814308,0,0,0.19047619047619047,0,0.03,3.0,Low Risk
461.58,14,9,43.82,0,0,417.76,10.533546325878595,1,0,0.0,1,0.03,3.0,Low Risk
81.1,22,24,83.34,1,1,-2.240000000000009,0.9731221502279817,0,0,0.041666666666666664,0,0.03,3.0,Low Risk
244.27,2,13,99.44,0,1,144.83,2.456456154465004,1,1,0.07692307692307693,0,0.03,3.0,Low Risk
405.22,7,25,142.15,0,0,263.07000000000005,2.850650721069293,1,0,0.0,0,0.03,3.0,Low Risk
215.58,22,11,407.33,0,4,-191.74999999999997,0.5292514668696143,0,0,0.36363636363636365,0,0.03,3.0,Low Risk
250.44,5,14,68.44,0,0,182.0,3.659263588544711,1,1,0.0,0,0.03,3.0,Low Risk
157.95,5,29,59.84,0,1,98.10999999999999,2.6395387700534756,1,1,0.034482758620689655,0,0.03,3.0,Low Risk
71.55,2,30,58.9,0,2,12.649999999999999,1.2147707979626485,0,1,0.06666666666666667,0,0.03,3.0,Low Risk
141.43,3,29,72.51,0,1,68.92,1.9504895876430837,0,1,0.034482758620689655,1,0.03,3.0,Low Risk
39.3,14,19,89.09,0,0,-49.790000000000006,0.44112695027500276,0,0,0.0,0,0.03,3.0,Low Risk
102.44,5,22,114.83,1,2,-12.39,0.8921013672385265,0,1,0.09090909090909091,0,0.03,3.0,Low Risk
84.21,15,20,440.91,0,2,-356.70000000000005,0.19099135878070353,0,0,0.1,0,0.03,3.0,Low Risk
79.39,3,11,211.51,0,2,-132.12,0.3753486832773864,0,1,0.18181818181818182,0,0.03,3.0,Low Risk
214.52,6,31,37.95,0,0,176.57,5.652700922266139,1,0,0.0,0,0.03,3.0,Low Risk
106.56,16,17,138.4,0,1,-31.840000000000003,0.7699421965317919,0,0,0.058823529411764705,0,0.03,3.0,Low Risk
30.14,12,13,135.97,0,2,-105.83,0.22166654409060824,0,0,0.15384615384615385,0,0.03,3.0,Low Risk
162.58,5,18,148.88,0,0,13.700000000000017,1.0920204191295004,0,1,0.0,0,0.03,3.0,Low Risk
210.79,23,21,184.71,0,1,26.079999999999984,1.1411943045855664,0,1,0.047619047619047616,0,0.03,3.0,Low Risk
142.98,11,19,133.39,1,2,9.590000000000003,1.0718944448609342,0,0,0.10526315789473684,0,0.03,3.0,Low Risk
119.55,9,19,78.97,0,4,40.58,1.5138660250728124,0,0,0.21052631578947367,0,0.03,3.0,Low Risk
236.15,10,37,195.89,0,2,40.26000000000002,1.2055235080912758,0,0,0.05405405405405406,0,0.03,3.0,Low Risk
95.01,3,1,243.43,0,1,-148.42000000000002,0.3902970052992647,0,1,1.0,0,0.03,3.0,Low Risk
61.26,3,27,80.93,0,2,-19.67000000000001,0.7569504510070431,0,1,0.07407407407407407,0,0.03,3.0,Low Risk
174.91,0,24,329.05,0,0,-154.14000000000001,0.5315605531074304,0,1,0.0,0,0.03,3.0,Low Risk
242.24,4,14,183.82,1,0,58.420000000000016,1.3178109019693178,0,1,0.0,0,0.03,3.0,Low Risk
42.69,4,2,180.53,0,2,-137.84,0.2364703927325098,0,1,1.0,0,0.03,3.0,Low Risk
165.69,8,32,52.09,0,2,113.6,3.1808408523708964,1,0,0.0625,0,0.03,3.0,Low Risk
69.47,0,19,112.97,0,4,-43.5,0.6149420200053112,0,1,0.21052631578947367,0,0.03,3.0,Low Risk
175.84,23,34,178.31,0,2,-2.469999999999999,0.9861477202624642,0,1,0.058823529411764705,0,0.03,3.0,Low Risk
136.24,7,18,100.7,0,1,35.540000000000006,1.3529294935451837,0,0,0.05555555555555555,0,0.03,3.0,Low Risk
169.93,11,18,64.24,0,1,105.69000000000001,2.6452366127023663,1,0,0.05555555555555555,0,0.03,3.0,Low Risk
123.02,23,31,256.13,0,1,-133.11,0.4803029711474642,0,1,0.03225806451612903,0,0.03,3.0,Low Risk
88.37,3,10,92.07,0,0,-3.6999999999999886,0.9598131856196374,0,1,0.0,0,0.03,3.0,Low Risk
222.61,23,26,59.74,1,0,162.87,3.7263140274522932,1,1,0.0,0,0.03,3.0,Low Risk
26.89,2,17,41.94,1,1,-15.049999999999997,0.6411540295660468,0,1,0.058823529411764705,0,0.03,3.0,Low Risk
31.95,10,37,52.2,0,2,-20.250000000000004,0.6120689655172413,0,0,0.05405405405405406,0,0.03,3.0,Low Risk
281.31,20,23,68.31,0,3,213.0,4.118137900746596,1,0,0.13043478260869565,0,0.03,3.0,Low Risk
300.99,1,21,65.65,1,0,235.34,4.584767707539984,1,1,0.0,0,0.03,3.0,Low Risk
135.53,6,35,106.74,0,1,28.790000000000006,1.269720816938355,0,0,0.02857142857142857,0,0.03,3.0,Low Risk
104.14,22,9,111.31,0,1,-7.170000000000002,0.9355853023088672,0,0,0.1111111111111111,0,0.03,3.0,Low Risk
57.01,0,15,86.32,1,1,-29.309999999999995,0.6604494902687674,0,1,0.06666666666666667,0,0.03,3.0,Low Risk
328.38,10,28,146.36,0,1,182.01999999999998,2.243645804864717,1,0,0.03571428571428571,0,0.03,3.0,Low Risk
144.66,5,10,104.29,0,0,40.36999999999999,1.3870936810815993,0,1,0.0,0,0.03,3.0,Low Risk
439.0,10,1,226.67,0,1,212.33,1.9367362244672874,0,0,1.0,0,0.03,3.0,Low Risk
168.69,10,5,92.85,0,1,75.84,1.8168012924071084,0,0,0.2,0,0.03,3.0,Low Risk
209.64,20,43,187.64,0,0,22.0,1.117245789810275,0,0,0.0,0,0.03,3.0,Low Risk
57.51,10,14,86.49,1,2,-28.979999999999997,0.6649323621227887,0,0,0.14285714285714285,0,0.03,3.0,Low Risk
75.39,5,14,90.05,0,1,-14.659999999999997,0.8372015546918379,0,1,0.07142857142857142,0,0.03,3.0,Low Risk
93.58,5,19,226.32,0,3,-132.74,0.413485330505479,0,1,0.15789473684210525,0,0.03,3.0,Low Risk
102.05,5,23,88.06,0,0,13.989999999999995,1.1588689529866,0,1,0.0,0,0.03,3.0,Low Risk
85.88,1,16,84.96,0,1,0.9200000000000017,1.0108286252354048,0,1,0.0625,0,0.03,3.0,Low Risk
170.08,16,28,329.62,0,1,-159.54,0.5159881075177477,0,0,0.03571428571428571,0,0.03,3.0,Low Risk
81.7,12,22,211.02,0,2,-129.32,0.3871670931665245,0,0,0.09090909090909091,0,0.03,3.0,Low Risk
441.04,0,24,144.4,0,1,296.64,3.0542936288088645,1,1,0.041666666666666664,0,0.03,3.0,Low Risk
329.16,17,33,145.22,0,1,183.94000000000003,2.266629940779507,1,0,0.030303030303030304,0,0.03,3.0,Low Risk
161.44,10,24,51.76,1,2,109.68,3.119010819165379,1,0,0.08333333333333333,0,0.03,3.0,Low Risk
187.64,22,21,149.81,0,4,37.829999999999984,1.2525198584874173,0,0,0.19047619047619047,0,0.03,3.0,Low Risk
78.79,21,33,86.28,0,2,-7.489999999999995,0.9131896152063051,0,0,0.06060606060606061,0,0.03,3.0,Low Risk
591.65,23,27,323.28,0,0,268.37,1.8301472407819848,0,1,0.0,0,0.03,3.0,Low Risk
147.5,22,13,184.2,1,2,-36.69999999999999,0.8007600434310532,0,0,0.15384615384615385,0,0.03,3.0,Low Risk
29.66,14,31,49.82,0,4,-20.16,0.595343235648334,0,0,0.12903225806451613,0,0.03,3.0,Low Risk
87.53,7,10,22.96,0,2,64.57,3.812282229965157,1,0,0.2,0,0.03,3.0,Low Risk
157.0,20,17,461.05,1,1,-304.05,0.3405270578028413,0,0,0.058823529411764705,0,0.03,3.0,Low Risk
46.37,15,1,222.06,1,1,-175.69,0.208817436728812,0,0,1.0,0,0.03,3.0,Low Risk
69.89,16,17,191.42,1,1,-121.52999999999999,0.3651133632849232,0,0,0.058823529411764705,0,0.03,3.0,Low Risk
190.07,4,19,152.51,0,0,37.56,1.2462789325290144,0,1,0.0,0,0.03,3.0,Low Risk
46.86,16,7,130.2,1,1,-83.33999999999999,0.3599078341013825,0,0,0.14285714285714285,0,0.03,3.0,Low Risk
92.96,0,27,78.45,0,2,14.509999999999991,1.1849585723390694,0,1,0.07407407407407407,0,0.03,3.0,Low Risk
150.66,2,25,69.55,0,0,81.11,2.1662113587347234,1,1,0.0,0,0.03,3.0,Low Risk
161.95,5,28,122.53,0,1,39.41999999999999,1.3217171304986532,0,1,0.03571428571428571,0,0.03,3.0,Low Risk
72.34,9,18,164.56,0,1,-92.22,0.4395964997569276,0,0,0.05555555555555555,0,0.03,3.0,Low Risk
533.76,20,23,297.48,0,0,236.27999999999997,1.7942718838241225,0,0,0.0,0,0.03,3.0,Low Risk
218.19,9,20,79.85,0,1,138.34,2.732498434564809,1,0,0.05,0,0.03,3.0,Low Risk
183.99,23,10,94.56,0,1,89.43,1.945748730964467,0,1,0.1,1,0.03,3.0,Low Risk
23.3,18,31,236.92,0,6,-213.61999999999998,0.09834543305757218,0,0,0.1935483870967742,0,0.03,3.0,Low Risk
168.77,16,8,81.81,0,2,86.96000000000001,2.062950739518396,1,0,0.25,0,0.03,3.0,Low Risk
220.17,2,25,91.47,0,2,128.7,2.407018694653985,1,1,0.08,0,0.025,2.5,Low Risk
159.56,11,7,65.58,0,2,93.98,2.4330588594083564,1,0,0.2857142857142857,1,0.025,2.5,Low Risk
96.54,2,17,101.22,0,2,-4.679999999999993,0.9537640782454061,0,1,0.11764705882352941,0,0.025,2.5,Low Risk
212.76,0,1,81.37,0,3,131.39,2.6147228708369177,1,1,3.0,0,0.025,2.5,Low Risk
92.1,5,13,142.73,0,1,-50.629999999999995,0.6452742941217684,0,1,0.07692307692307693,0,0.025,2.5,Low Risk
43.66,1,3,86.88,0,3,-43.22,0.5025322283609577,0,1,1.0,0,0.025,2.5,Low Risk
39.96,10,12,76.98,0,0,-37.02,0.5190958690568979,0,0,0.0,0,0.025,2.5,Low Risk
192.18,4,6,234.83,1,0,-42.650000000000006,0.8183792530766938,0,1,0.0,0,0.025,2.5,Low Risk
42.47,21,15,287.56,0,1,-245.09,0.14769091667825845,0,0,0.06666666666666667,0,0.025,2.5,Low Risk
112.94,14,13,55.21,0,2,57.73,2.0456439050896575,1,0,0.15384615384615385,0,0.025,2.5,Low Risk
72.73,3,23,154.89,0,2,-82.15999999999998,0.4695590419007038,0,1,0.08695652173913043,0,0.025,2.5,Low Risk
116.63,15,27,389.1,0,1,-272.47,0.29974299665895654,0,0,0.037037037037037035,0,0.025,2.5,Low Risk
220.99,18,5,409.6,0,3,-188.61,0.5395263671875,0,0,0.6,0,0.025,2.5,Low Risk
343.89,7,15,123.11,0,0,220.77999999999997,2.7933555356997806,1,0,0.0,0,0.025,2.5,Low Risk
319.3,7,23,27.12,0,1,292.18,11.773598820058996,1,0,0.043478260869565216,0,0.025,2.5,Low Risk
171.1,0,8,74.32,0,2,96.78,2.302206673842842,1,1,0.25,0,0.025,2.5,Low Risk
65.06,7,22,418.16,0,0,-353.1,0.15558637841974363,0,0,0.0,0,0.025,2.5,Low Risk
141.81,17,26,383.12,0,0,-241.31,0.370145124243057,0,0,0.0,0,0.025,2.5,Low Risk
71.6,17,23,59.15,0,2,12.449999999999996,1.2104818258664412,0,0,0.08695652173913043,0,0.025,2.5,Low Risk
60.15,19,37,307.3,0,2,-247.15,0.1957370647575659,0,0,0.05405405405405406,0,0.025,2.5,Low Risk
14.35,11,10,77.61,0,3,-63.26,0.18489885324056177,0,0,0.3,0,0.025,2.5,Low Risk
148.58,8,19,325.0,0,1,-176.42,0.4571692307692308,0,0,0.05263157894736842,0,0.025,2.5,Low Risk
79.64,16,6,115.18,0,1,-35.540000000000006,0.6914394860218788,0,0,0.16666666666666666,0,0.025,2.5,Low Risk
136.96,14,20,142.82,0,0,-5.859999999999985,0.958969332026327,0,0,0.0,0,0.025,2.5,Low Risk
193.87,13,23,104.65,0,1,89.22,1.8525561395126613,0,0,0.043478260869565216,0,0.025,2.5,Low Risk
183.46,15,3,181.81,1,2,1.6500000000000057,1.0090754083933777,0,0,0.6666666666666666,0,0.025,2.5,Low Risk
77.39,11,25,77.25,0,1,0.14000000000000057,1.0018122977346278,0,0,0.04,0,0.025,2.5,Low Risk
215.02,8,4,375.85,0,1,-160.83,0.5720899294931489,0,0,0.25,0,0.025,2.5,Low Risk
30.26,13,1,155.66,0,1,-125.39999999999999,0.19439804702556857,0,0,1.0,0,0.025,2.5,Low Risk
79.26,3,16,187.53,0,2,-108.27,0.4226523756199008,0,1,0.125,0,0.025,2.5,Low Risk
407.44,15,19,137.36,0,0,270.08,2.966220151426907,1,0,0.0,0,0.025,2.5,Low Risk
73.49,12,21,359.49,0,3,-286.0,0.20442849592478232,0,0,0.14285714285714285,0,0.025,2.5,Low Risk
153.32,6,6,61.1,0,0,92.22,2.509328968903437,1,0,0.0,0,0.025,2.5,Low Risk
42.98,14,8,169.75,0,2,-126.77000000000001,0.25319587628865975,0,0,0.25,0,0.025,2.5,Low Risk
44.3,5,21,59.68,0,1,-15.380000000000003,0.7422922252010723,0,1,0.047619047619047616,0,0.025,2.5,Low Risk
343.78,14,29,37.47,1,1,306.30999999999995,9.174806511876167,1,0,0.034482758620689655,0,0.025,2.5,Low Risk
436.69,6,2,68.95,0,0,367.74,6.333430021754895,1,0,0.0,0,0.025,2.5,Low Risk
75.14,14,12,198.31,1,1,-123.17,0.37890171953002877,0,0,0.08333333333333333,0,0.025,2.5,Low Risk
148.07,10,50,61.22,1,2,86.85,2.4186540346292063,1,0,0.04,0,0.025,2.5,Low Risk
160.99,9,5,82.25,0,1,78.74000000000001,1.957325227963526,0,0,0.2,0,0.025,2.5,Low Risk
51.45,17,22,109.61,1,1,-58.16,0.4693914788796643,0,0,0.045454545454545456,0,0.025,2.5,Low Risk
270.49,17,32,95.4,0,1,175.09,2.8353249475890983,1,0,0.03125,0,0.025,2.5,Low Risk
231.17,11,20,138.23,0,0,92.94,1.6723576647616292,0,0,0.0,0,0.025,2.5,Low Risk
408.14,21,22,116.97,0,0,291.16999999999996,3.4892707531845772,1,0,0.0,0,0.025,2.5,Low Risk
228.56,21,28,169.75,0,1,58.81,1.3464506627393225,0,0,0.03571428571428571,0,0.025,2.5,Low Risk
107.7,7,6,106.8,0,2,0.9000000000000057,1.0084269662921348,0,0,0.3333333333333333,0,0.025,2.5,Low Risk
113.91,14,13,86.26,0,1,27.64999999999999,1.320542545791792,0,0,0.07692307692307693,0,0.025,2.5,Low Risk
153.21,1,11,106.95,1,7,46.260000000000005,1.432538569424965,0,1,0.6363636363636364,1,0.025,2.5,Low Risk
396.16,11,25,127.2,0,2,268.96000000000004,3.1144654088050316,1,0,0.08,0,0.025,2.5,Low Risk
86.85,19,10,216.61,0,0,-129.76000000000002,0.40095101795854293,0,0,0.0,0,0.025,2.5,Low Risk
172.33,10,34,154.72,0,0,17.610000000000014,1.1138185108583247,0,0,0.0,0,0.025,2.5,Low Risk
117.33,5,1,235.13,1,0,-117.8,0.4990005528856377,0,1,0.0,0,0.025,2.5,Low Risk
154.44,13,17,263.15,0,2,-108.70999999999998,0.5868896066882007,0,0,0.11764705882352941,0,0.025,2.5,Low Risk
138.77,8,34,141.79,0,0,-3.019999999999982,0.9787008956908105,0,0,0.0,0,0.025,2.5,Low Risk
66.22,7,20,211.73,0,3,-145.51,0.3127568129221178,0,0,0.15,0,0.025,2.5,Low Risk
47.35,21,3,80.26,0,1,-32.910000000000004,0.5899576376775479,0,0,0.3333333333333333,0,0.025,2.5,Low Risk
25.54,13,24,519.22,0,0,-493.68,0.04918916836793651,0,0,0.0,0,0.025,2.5,Low Risk
80.79,22,34,88.63,0,3,-7.839999999999989,0.9115423671443079,0,0,0.08823529411764706,0,0.025,2.5,Low Risk
45.26,16,26,179.61,1,0,-134.35000000000002,0.2519904236957853,0,0,0.0,0,0.025,2.5,Low Risk
264.19,11,31,67.42,0,2,196.76999999999998,3.9185701572233755,1,0,0.06451612903225806,0,0.025,2.5,Low Risk
135.83,14,6,142.85,0,2,-7.019999999999982,0.950857542877144,0,0,0.3333333333333333,0,0.025,2.5,Low Risk
171.3,2,10,136.25,0,3,35.05000000000001,1.2572477064220184,0,1,0.3,0,0.025,2.5,Low Risk
120.94,8,35,66.81,1,0,54.129999999999995,1.8102080526867235,0,0,0.0,0,0.025,2.5,Low Risk
159.72,16,38,194.47,0,1,-34.75,0.8213091993623696,0,0,0.02631578947368421,0,0.025,2.5,Low Risk
311.74,4,3,30.87,0,1,280.87,10.098477486232587,1,1,0.3333333333333333,0,0.025,2.5,Low Risk
65.57,23,28,63.46,1,2,2.1099999999999923,1.0332492908919002,0,1,0.07142857142857142,0,0.025,2.5,Low Risk
129.38,10,7,36.68,1,1,92.69999999999999,3.5272628135223556,1,0,0.14285714285714285,0,0.025,2.5,Low Risk
186.86,14,1,304.19,0,2,-117.32999999999998,0.6142871231795918,0,0,2.0,0,0.025,2.5,Low Risk
122.6,21,20,502.32,0,2,-379.72,0.2440675266762223,0,0,0.1,0,0.025,2.5,Low Risk
157.45,18,36,143.12,1,0,14.329999999999984,1.100125768585802,0,0,0.0,0,0.025,2.5,Low Risk
120.02,16,4,55.86,0,2,64.16,2.1485857500895094,1,0,0.5,0,0.025,2.5,Low Risk
138.99,7,26,145.51,0,4,-6.519999999999982,0.9551920830183493,0,0,0.15384615384615385,0,0.025,2.5,Low Risk
78.13,5,16,126.7,0,1,-48.57000000000001,0.6166535122336226,0,1,0.0625,0,0.025,2.5,Low Risk
142.81,17,4,142.72,0,1,0.09000000000000341,1.000630605381166,0,0,0.25,0,0.025,2.5,Low Risk
188.2,14,35,145.45,0,3,42.75,1.2939154348573394,0,0,0.08571428571428572,0,0.025,2.5,Low Risk
165.26,6,13,48.38,0,0,116.88,3.4158743282348074,1,0,0.0,0,0.025,2.5,Low Risk
125.24,7,17,93.09,0,2,32.14999999999999,1.3453647008271563,0,0,0.11764705882352941,0,0.025,2.5,Low Risk
159.19,9,24,57.7,0,0,101.49,2.7589254766031193,1,0,0.0,0,0.025,2.5,Low Risk
124.95,6,39,104.28,0,0,20.67,1.198216340621404,0,0,0.0,0,0.025,2.5,Low Risk
258.65,15,21,373.54,0,2,-114.89000000000004,0.6924291909835626,0,0,0.09523809523809523,0,0.025,2.5,Low Risk
337.34,5,30,71.99,0,2,265.34999999999997,4.68592860119461,1,1,0.06666666666666667,0,0.025,2.5,Low Risk
96.41,8,17,82.04,0,1,14.36999999999999,1.1751584592881519,0,0,0.058823529411764705,0,0.025,2.5,Low Risk
311.41,20,12,361.63,0,4,-50.21999999999997,0.8611287780327961,0,0,0.3333333333333333,0,0.025,2.5,Low Risk
47.82,6,26,80.97,0,1,-33.15,0.5905891070766951,0,0,0.038461538461538464,0,0.025,2.5,Low Risk
51.79,5,1,77.12,1,0,-25.330000000000005,0.6715508298755186,0,1,0.0,0,0.025,2.5,Low Risk
81.28,9,19,147.43,0,2,-66.15,0.5513124872820999,0,0,0.10526315789473684,0,0.025,2.5,Low Risk
66.43,20,15,86.99,0,3,-20.559999999999988,0.7636509943671688,0,0,0.2,0,0.025,2.5,Low Risk
16.04,3,11,137.09,0,1,-121.05000000000001,0.11700342840469763,0,1,0.09090909090909091,0,0.025,2.5,Low Risk
42.01,15,21,249.69,0,2,-207.68,0.16824862829909087,0,0,0.09523809523809523,0,0.025,2.5,Low Risk
175.62,17,32,58.42,0,1,117.2,3.0061622731941116,1,0,0.03125,0,0.025,2.5,Low Risk
112.98,16,37,45.88,0,1,67.1,2.4625108979947687,1,0,0.02702702702702703,0,0.025,2.5,Low Risk
41.04,0,28,93.65,0,0,-52.61000000000001,0.43822744260544577,0,1,0.0,0,0.025,2.5,Low Risk
108.91,18,15,81.77,0,3,27.14,1.331906567200685,0,0,0.2,0,0.025,2.5,Low Risk
88.51,4,17,145.66,0,3,-57.14999999999999,0.6076479472744749,0,1,0.17647058823529413,0,0.025,2.5,Low Risk
88.13,6,4,57.02,0,3,31.109999999999992,1.5455980357769201,0,0,0.75,0,0.025,2.5,Low Risk
153.54,7,10,60.06,0,2,93.47999999999999,2.5564435564435564,1,0,0.2,0,0.025,2.5,Low Risk
221.83,4,10,53.17,1,3,168.66000000000003,4.172089524167764,1,1,0.3,1,0.025,2.5,Low Risk
144.86,13,51,22.75,0,0,122.11000000000001,6.367472527472528,1,0,0.0,1,0.025,2.5,Low Risk
59.35,1,16,45.19,0,2,14.160000000000004,1.3133436601017925,0,1,0.125,0,0.025,2.5,Low Risk
100.98,0,14,265.77,1,1,-164.78999999999996,0.37995259058584496,0,1,0.07142857142857142,0,0.025,2.5,Low Risk
332.17,5,24,70.26,0,2,261.91,4.72772559066325,1,1,0.08333333333333333,0,0.025,2.5,Low Risk
236.21,13,20,121.72,0,0,114.49000000000001,1.9406013802168913,0,0,0.0,0,0.025,2.5,Low Risk
357.1,11,20,53.78,0,3,303.32000000000005,6.640014875418371,1,0,0.15,0,0.025,2.5,Low Risk
87.88,22,4,409.17,0,0,-321.29,0.21477625436859982,0,0,0.0,0,0.025,2.5,Low Risk
178.63,21,5,72.15,0,1,106.47999999999999,2.4758142758142756,1,0,0.2,0,0.025,2.5,Low Risk
105.54,3,36,101.83,0,1,3.710000000000008,1.0364332711381716,0,1,0.027777777777777776,0,0.025,2.5,Low Risk
272.66,3,19,251.41,0,0,21.25000000000003,1.0845232886520029,0,1,0.0,1,0.025,2.5,Low Risk
47.22,9,18,82.25,0,0,-35.03,0.5741033434650455,0,0,0.0,0,0.025,2.5,Low Risk
67.48,9,1,227.12,1,0,-159.64,0.29711165903487147,0,0,0.0,0,0.025,2.5,Low Risk
234.83,21,29,172.99,0,1,61.84,1.3574773108272153,0,0,0.034482758620689655,0,0.025,2.5,Low Risk
125.01,12,24,73.8,0,2,51.21000000000001,1.6939024390243904,0,0,0.08333333333333333,0,0.025,2.5,Low Risk
162.09,23,19,255.34,0,0,-93.25,0.6348006579462677,0,1,0.0,0,0.025,2.5,Low Risk
264.62,9,26,176.81,0,1,87.81,1.4966348057236583,0,0,0.038461538461538464,0,0.025,2.5,Low Risk
119.38,10,21,78.02,0,4,41.36,1.5301204819277108,0,0,0.19047619047619047,0,0.025,2.5,Low Risk
174.43,23,27,83.42,1,1,91.01,2.090985375209782,1,1,0.037037037037037035,0,0.025,2.5,Low Risk
133.44,4,9,74.42,0,1,59.019999999999996,1.7930663800053748,0,1,0.1111111111111111,0,0.025,2.5,Low Risk
31.87,5,18,82.39,0,2,-50.519999999999996,0.38681878868794756,0,1,0.1111111111111111,0,0.025,2.5,Low Risk
104.89,18,28,350.34,0,1,-245.45,0.2993948735514072,0,0,0.03571428571428571,0,0.025,2.5,Low Risk
48.15,17,21,70.35,1,2,-22.199999999999996,0.6844349680170576,0,0,0.09523809523809523,0,0.025,2.5,Low Risk
152.13,8,22,46.63,1,2,105.5,3.2624919579669736,1,0,0.09090909090909091,0,0.025,2.5,Low Risk
223.75,5,18,127.3,0,1,96.45,1.7576590730557737,0,1,0.05555555555555555,0,0.025,2.5,Low Risk
131.14,3,18,122.86,0,1,8.279999999999987,1.0673937815399641,0,1,0.05555555555555555,0,0.025,2.5,Low Risk
127.43,15,19,87.92,0,2,39.510000000000005,1.449385805277525,0,0,0.10526315789473684,0,0.025,2.5,Low Risk
100.1,20,14,239.87,0,2,-139.77,0.4173093759119523,0,0,0.14285714285714285,1,0.025,2.5,Low Risk
67.1,0,15,84.39,0,1,-17.290000000000006,0.7951179049650432,0,1,0.06666666666666667,0,0.025,2.5,Low Risk
201.29,10,19,85.0,0,2,116.28999999999999,2.368117647058823,1,0,0.10526315789473684,0,0.025,2.5,Low Risk
67.73,10,20,399.63,0,0,-331.9,0.16948177063784,0,0,0.0,0,0.025,2.5,Low Risk
115.72,7,12,115.59,1,1,0.12999999999999545,1.0011246647633878,0,0,0.08333333333333333,0,0.025,2.5,Low Risk
141.51,6,21,132.98,0,1,8.530000000000001,1.0641449842081516,0,0,0.047619047619047616,0,0.025,2.5,Low Risk
82.54,21,22,213.76,0,3,-131.21999999999997,0.3861339820359282,0,0,0.13636363636363635,0,0.025,2.5,Low Risk
241.17,5,32,232.36,0,1,8.809999999999974,1.0379153038388707,0,1,0.03125,0,0.025,2.5,Low Risk
133.1,7,6,72.91,1,1,60.19,1.8255383349334797,0,0,0.16666666666666666,0,0.025,2.5,Low Risk
71.25,15,39,98.99,0,1,-27.739999999999995,0.7197696737044146,0,0,0.02564102564102564,0,0.025,2.5,Low Risk
35.31,9,28,215.91,0,1,-180.6,0.16354036404057248,0,0,0.03571428571428571,0,0.025,2.5,Low Risk
163.29,3,29,65.86,1,3,97.42999999999999,2.4793501366535073,1,1,0.10344827586206896,0,0.025,2.5,Low Risk
217.48,23,20,170.64,0,1,46.84,1.274496015002344,0,1,0.05,0,0.025,2.5,Low Risk
69.97,4,11,168.02,0,1,-98.05000000000001,0.4164385192239019,0,1,0.09090909090909091,0,0.025,2.5,Low Risk
56.1,18,17,227.12,0,1,-171.02,0.2470059880239521,0,0,0.058823529411764705,0,0.025,2.5,Low Risk
432.89,2,14,55.62,0,0,377.27,7.782991729593672,1,1,0.0,0,0.025,2.5,Low Risk
76.32,8,2,102.32,0,1,-26.0,0.7458952306489445,0,0,0.5,0,0.025,2.5,Low Risk
152.49,12,19,96.3,0,0,56.19000000000001,1.583489096573209,0,0,0.0,0,0.025,2.5,Low Risk
175.64,3,19,82.69,0,1,92.94999999999999,2.1240778812431973,1,1,0.05263157894736842,0,0.025,2.5,Low Risk
93.02,3,31,78.94,0,1,14.079999999999998,1.1783633139092982,0,1,0.03225806451612903,0,0.025,2.5,Low Risk
262.06,9,13,128.68,0,3,133.38,2.0365247124650296,1,0,0.23076923076923078,0,0.025,2.5,Low Risk
359.74,7,17,56.69,0,1,303.05,6.345739989416123,1,0,0.058823529411764705,0,0.02,2.0,Low Risk
91.72,20,11,88.9,0,1,2.819999999999993,1.0317210348706412,0,0,0.09090909090909091,0,0.02,2.0,Low Risk
152.52,21,16,84.7,0,1,67.82000000000001,1.8007083825265644,0,0,0.0625,0,0.02,2.0,Low Risk
151.61,13,23,153.15,1,1,-1.539999999999992,0.9899444988573295,0,0,0.043478260869565216,0,0.02,2.0,Low Risk
90.74,18,22,244.26,0,0,-153.51999999999998,0.3714893965446655,0,0,0.0,0,0.02,2.0,Low Risk
82.45,0,29,261.24,0,2,-178.79000000000002,0.3156101668963405,0,1,0.06896551724137931,0,0.02,2.0,Low Risk
50.5,23,12,114.2,1,2,-63.7,0.4422066549912434,0,1,0.16666666666666666,0,0.02,2.0,Low Risk
78.84,17,10,187.83,0,2,-108.99000000000001,0.4197412553905127,0,0,0.2,0,0.02,2.0,Low Risk
35.68,15,21,108.07,0,1,-72.38999999999999,0.33015638012399373,0,0,0.047619047619047616,0,0.02,2.0,Low Risk
62.16,3,1,60.79,0,0,1.3699999999999974,1.0225366014147064,0,1,0.0,0,0.02,2.0,Low Risk
92.2,13,1,53.53,0,1,38.67,1.7223986549598356,0,0,1.0,0,0.02,2.0,Low Risk
158.51,23,39,124.62,0,5,33.889999999999986,1.2719467180227892,0,1,0.1282051282051282,0,0.02,2.0,Low Risk
246.62,14,31,357.9,0,1,-111.27999999999997,0.6890751606594021,0,0,0.03225806451612903,0,0.02,2.0,Low Risk
56.62,17,24,147.76,0,2,-91.13999999999999,0.38318895506226314,0,0,0.08333333333333333,0,0.02,2.0,Low Risk
43.46,21,16,63.65,1,1,-20.189999999999998,0.6827965435978005,0,0,0.0625,0,0.02,2.0,Low Risk
254.03,11,27,437.43,0,1,-183.4,0.5807329172667627,0,0,0.037037037037037035,0,0.02,2.0,Low Risk
62.03,21,26,115.41,1,3,-53.379999999999995,0.5374750888137944,0,0,0.11538461538461539,1,0.02,2.0,Low Risk
257.54,17,4,44.86,0,0,212.68,5.740971912617031,1,0,0.0,0,0.02,2.0,Low Risk
175.85,21,34,39.17,0,1,136.68,4.489405157007914,1,0,0.029411764705882353,1,0.02,2.0,Low Risk
159.9,12,23,100.8,0,2,59.10000000000001,1.586309523809524,0,0,0.08695652173913043,0,0.02,2.0,Low Risk
91.56,2,30,35.36,0,1,56.2,2.589366515837104,1,1,0.03333333333333333,0,0.02,2.0,Low Risk
28.7,9,16,103.95,1,4,-75.25,0.27609427609427606,0,0,0.25,0,0.02,2.0,Low Risk
216.44,0,21,159.22,0,2,57.22,1.359376962693129,0,1,0.09523809523809523,0,0.02,2.0,Low Risk
81.91,12,9,41.99,0,2,39.919999999999995,1.9507025482257678,0,0,0.2222222222222222,0,0.02,2.0,Low Risk
354.41,17,34,211.21,0,2,143.20000000000002,1.6779982008427632,0,0,0.058823529411764705,0,0.02,2.0,Low Risk
121.43,21,13,134.53,1,1,-13.099999999999994,0.9026239500483164,0,0,0.07692307692307693,0,0.02,2.0,Low Risk
416.77,1,16,54.4,0,0,362.37,7.661213235294118,1,1,0.0,0,0.02,2.0,Low Risk
198.53,18,16,185.02,0,1,13.509999999999991,1.0730191330666954,0,0,0.0625,0,0.02,2.0,Low Risk
138.91,3,18,121.56,0,4,17.349999999999994,1.1427278710102007,0,1,0.2222222222222222,0,0.02,2.0,Low Risk
160.35,5,45,36.45,0,1,123.89999999999999,4.39917695473251,1,1,0.022222222222222223,0,0.02,2.0,Low Risk
343.21,13,26,167.46,0,1,175.74999999999997,2.04950435924997,1,0,0.038461538461538464,0,0.02,2.0,Low Risk
76.41,14,28,244.75,0,0,-168.34,0.3121961184882533,0,0,0.0,0,0.02,2.0,Low Risk
345.71,23,27,205.67,0,2,140.04,1.6808965819030486,0,1,0.07407407407407407,1,0.02,2.0,Low Risk
55.62,7,29,107.59,0,0,-51.970000000000006,0.5169625429872664,0,0,0.0,0,0.02,2.0,Low Risk
32.84,20,14,58.44,0,3,-25.599999999999994,0.5619438740588639,0,0,0.21428571428571427,0,0.02,2.0,Low Risk
157.66,18,19,38.36,0,0,119.3,4.1100104275286755,1,0,0.0,0,0.02,2.0,Low Risk
329.26,13,21,57.3,0,3,271.96,5.7462478184991275,1,0,0.14285714285714285,0,0.02,2.0,Low Risk
62.96,5,14,160.75,0,2,-97.78999999999999,0.39166407465007774,0,1,0.14285714285714285,0,0.02,2.0,Low Risk
59.31,13,22,68.75,0,4,-9.439999999999998,0.8626909090909092,0,0,0.18181818181818182,0,0.02,2.0,Low Risk
198.15,17,22,157.69,0,2,40.46000000000001,1.256579364576067,0,0,0.09090909090909091,0,0.02,2.0,Low Risk
89.68,18,8,44.72,0,1,44.96000000000001,2.005366726296959,1,0,0.125,0,0.02,2.0,Low Risk
410.93,13,22,201.6,1,1,209.33,2.038343253968254,1,0,0.045454545454545456,0,0.02,2.0,Low Risk
60.67,21,14,67.14,0,2,-6.469999999999999,0.9036341971998809,0,0,0.14285714285714285,0,0.02,2.0,Low Risk
242.22,0,30,41.85,0,2,200.37,5.7878136200716845,1,1,0.06666666666666667,0,0.02,2.0,Low Risk
270.29,22,18,53.25,0,3,217.04000000000002,5.075868544600939,1,0,0.16666666666666666,0,0.02,2.0,Low Risk
156.55,23,15,114.19,0,2,42.360000000000014,1.3709606795691394,0,1,0.13333333333333333,0,0.02,2.0,Low Risk
88.59,7,23,130.91,0,1,-42.31999999999999,0.6767244671912,0,0,0.043478260869565216,0,0.02,2.0,Low Risk
188.88,1,16,243.18,0,0,-54.30000000000001,0.776708610905502,0,1,0.0,0,0.02,2.0,Low Risk
36.25,11,15,222.09,0,4,-185.84,0.16322211715971002,0,0,0.26666666666666666,0,0.02,2.0,Low Risk
68.87,3,25,125.47,0,3,-56.599999999999994,0.548896150474217,0,1,0.12,0,0.02,2.0,Low Risk
134.34,11,15,129.1,1,2,5.240000000000009,1.040588690937258,0,0,0.13333333333333333,0,0.02,2.0,Low Risk
58.64,23,9,124.24,1,1,-65.6,0.4719896973599485,0,1,0.1111111111111111,0,0.02,2.0,Low Risk
169.75,7,32,182.69,0,0,-12.939999999999998,0.9291696316163994,0,0,0.0,0,0.02,2.0,Low Risk
153.69,10,28,304.58,0,2,-150.89,0.504596493532077,0,0,0.07142857142857142,0,0.02,2.0,Low Risk
141.19,14,26,128.66,1,0,12.530000000000001,1.0973884657236126,0,0,0.0,0,0.02,2.0,Low Risk
142.93,22,7,170.54,0,4,-27.609999999999985,0.8381024979476956,0,0,0.5714285714285714,0,0.02,2.0,Low Risk
216.81,7,20,217.79,0,2,-0.9799999999999898,0.9955002525368475,0,0,0.1,0,0.02,2.0,Low Risk
111.25,21,37,62.66,0,1,48.59,1.7754548356208109,0,0,0.02702702702702703,0,0.02,2.0,Low Risk
82.66,5,22,96.23,0,2,-13.570000000000007,0.8589836849215421,0,1,0.09090909090909091,0,0.02,2.0,Low Risk
28.97,6,14,205.76,0,0,-176.79,0.14079510108864696,0,0,0.0,0,0.02,2.0,Low Risk
199.93,21,27,144.86,0,0,55.06999999999999,1.3801601546320585,0,0,0.0,0,0.02,2.0,Low Risk
318.16,21,19,78.14,0,3,240.02000000000004,4.071666240081904,1,0,0.15789473684210525,0,0.02,2.0,Low Risk
229.28,9,22,108.02,0,0,121.26,2.122569894463988,1,0,0.0,0,0.02,2.0,Low Risk
127.48,20,15,267.76,0,2,-140.27999999999997,0.4760979982073499,0,0,0.13333333333333333,0,0.02,2.0,Low Risk
66.67,23,9,246.39,1,0,-179.71999999999997,0.2705872803279354,0,1,0.0,0,0.02,2.0,Low Risk
14.59,6,11,136.74,0,2,-122.15,0.10669884452245136,0,0,0.18181818181818182,0,0.02,2.0,Low Risk
218.5,19,13,179.79,0,3,38.71000000000001,1.215306746760109,0,0,0.23076923076923078,0,0.02,2.0,Low Risk
113.17,5,32,56.18,0,0,56.99,2.014417942328231,1,1,0.0,0,0.02,2.0,Low Risk
23.33,1,22,79.22,0,4,-55.89,0.2944963393082555,0,1,0.18181818181818182,0,0.02,2.0,Low Risk
76.35,1,29,109.71,0,2,-33.36,0.6959256220946131,0,1,0.06896551724137931,0,0.02,2.0,Low Risk
17.39,5,11,119.8,0,3,-102.41,0.14515859766277128,0,1,0.2727272727272727,0,0.02,2.0,Low Risk
179.65,1,8,111.58,0,1,68.07000000000001,1.610055565513533,0,1,0.125,0,0.02,2.0,Low Risk
61.61,18,20,55.46,0,3,6.149999999999999,1.1108907320591417,0,0,0.15,0,0.02,2.0,Low Risk
160.47,8,27,54.89,1,2,105.58,2.9234833302969574,1,0,0.07407407407407407,0,0.02,2.0,Low Risk
314.94,19,30,133.17,0,1,181.77,2.3649470601486824,1,0,0.03333333333333333,0,0.02,2.0,Low Risk
173.36,7,17,28.1,0,0,145.26000000000002,6.169395017793595,1,0,0.0,0,0.02,2.0,Low Risk
55.42,3,33,74.8,0,3,-19.379999999999995,0.740909090909091,0,1,0.09090909090909091,0,0.02,2.0,Low Risk
63.39,9,9,73.74,0,0,-10.349999999999994,0.8596419853539463,0,0,0.0,0,0.02,2.0,Low Risk
138.44,14,9,102.57,1,1,35.870000000000005,1.3497123915374867,0,0,0.1111111111111111,0,0.02,2.0,Low Risk
97.7,23,16,167.52,1,2,-69.82000000000001,0.5832139446036294,0,1,0.125,0,0.02,2.0,Low Risk
96.58,18,15,86.5,0,1,10.079999999999998,1.1165317919075144,0,0,0.06666666666666667,0,0.02,2.0,Low Risk
130.39,9,30,102.93,1,3,27.45999999999998,1.2667832507529386,0,0,0.1,0,0.02,2.0,Low Risk
444.51,20,30,66.22,0,1,378.28999999999996,6.712624584717608,1,0,0.03333333333333333,0,0.02,2.0,Low Risk
301.97,13,23,87.2,0,1,214.77000000000004,3.4629587155963306,1,0,0.043478260869565216,0,0.02,2.0,Low Risk
67.11,19,17,114.5,1,2,-47.39,0.5861135371179039,0,0,0.11764705882352941,0,0.02,2.0,Low Risk
117.36,3,29,268.92,0,1,-151.56,0.4364123159303882,0,1,0.034482758620689655,0,0.02,2.0,Low Risk
45.63,3,18,277.32,0,1,-231.69,0.16453916053656428,0,1,0.05555555555555555,0,0.02,2.0,Low Risk
78.35,15,1,124.96,1,0,-46.61,0.6270006402048656,0,0,0.0,0,0.02,2.0,Low Risk
190.15,1,20,58.56,0,0,131.59,3.2470969945355193,1,1,0.0,0,0.02,2.0,Low Risk
23.85,22,19,225.9,0,1,-202.05,0.10557768924302789,0,0,0.05263157894736842,0,0.02,2.0,Low Risk
49.84,12,14,141.73,0,3,-91.88999999999999,0.3516545544344882,0,0,0.21428571428571427,1,0.02,2.0,Low Risk
66.9,7,17,134.04,0,1,-67.13999999999999,0.49910474485228296,0,0,0.058823529411764705,0,0.02,2.0,Low Risk
289.28,9,33,76.93,0,3,212.34999999999997,3.760301572858442,1,0,0.09090909090909091,0,0.02,2.0,Low Risk
81.38,13,11,158.56,0,3,-77.18,0.5132441977800202,0,0,0.2727272727272727,0,0.02,2.0,Low Risk
72.28,11,15,64.61,1,1,7.670000000000002,1.118712273641851,0,0,0.06666666666666667,0,0.02,2.0,Low Risk
9.19,10,1,50.24,0,2,-41.050000000000004,0.18292197452229297,0,0,2.0,0,0.02,2.0,Low Risk
265.07,22,16,36.23,0,1,228.84,7.316312448247309,1,0,0.0625,0,0.02,2.0,Low Risk
109.98,23,8,109.06,1,2,0.9200000000000017,1.008435723454979,0,1,0.25,0,0.02,2.0,Low Risk
72.43,17,15,109.05,1,0,-36.61999999999999,0.6641907381934893,0,0,0.0,0,0.02,2.0,Low Risk
154.35,18,14,132.92,0,2,21.430000000000007,1.161224796870298,0,0,0.14285714285714285,0,0.02,2.0,Low Risk
366.49,3,36,40.35,0,1,326.14,9.08277571251549,1,1,0.027777777777777776,0,0.02,2.0,Low Risk
83.14,21,28,210.55,1,1,-127.41000000000001,0.3948705770600807,0,0,0.03571428571428571,0,0.02,2.0,Low Risk
73.15,1,15,193.56,0,5,-120.41,0.37791899152717506,0,1,0.3333333333333333,0,0.02,2.0,Low Risk
138.55,21,22,187.9,0,3,-49.349999999999994,0.7373602980308676,0,0,0.13636363636363635,0,0.02,2.0,Low Risk
55.65,18,29,67.81,1,1,-12.160000000000004,0.8206754166052205,0,0,0.034482758620689655,0,0.02,2.0,Low Risk
44.62,5,22,62.35,0,0,-17.730000000000004,0.7156375300721731,0,1,0.0,0,0.02,2.0,Low Risk
101.42,23,24,125.32,0,2,-23.89999999999999,0.8092882221512927,0,1,0.08333333333333333,0,0.02,2.0,Low Risk
66.09,21,34,73.25,0,1,-7.159999999999997,0.9022525597269625,0,0,0.029411764705882353,0,0.02,2.0,Low Risk
52.97,23,1,86.43,0,0,-33.46000000000001,0.6128659030429249,0,1,0.0,0,0.02,2.0,Low Risk
213.11,0,29,153.77,0,1,59.34,1.3859010210053977,0,1,0.034482758620689655,0,0.02,2.0,Low Risk
42.96,15,24,78.25,0,1,-35.29,0.5490095846645368,0,0,0.041666666666666664,0,0.02,2.0,Low Risk
92.57,19,39,52.7,0,0,39.86999999999999,1.7565464895635672,0,0,0.0,0,0.02,2.0,Low Risk
212.62,8,14,166.52,0,0,46.099999999999994,1.276843622387701,0,0,0.0,0,0.02,2.0,Low Risk
97.29,21,11,51.55,1,1,45.74000000000001,1.8872938894277402,0,0,0.09090909090909091,0,0.02,2.0,Low Risk
344.44,13,7,63.69,0,0,280.75,5.408070340712828,1,0,0.0,0,0.02,2.0,Low Risk
154.91,23,15,179.73,0,2,-24.819999999999993,0.8619039670617037,0,1,0.13333333333333333,0,0.02,2.0,Low Risk
282.65,20,13,39.15,0,2,243.49999999999997,7.219667943805875,1,0,0.15384615384615385,0,0.02,2.0,Low Risk
62.06,15,32,52.6,0,3,9.46,1.1798479087452471,0,0,0.09375,0,0.02,2.0,Low Risk
159.4,4,33,41.99,0,0,117.41,3.7961419385567994,1,1,0.0,0,0.02,2.0,Low Risk
105.07,19,35,105.08,0,3,-0.010000000000005116,0.9999048344118766,0,0,0.08571428571428572,0,0.02,2.0,Low Risk
283.05,19,13,225.33,0,3,57.72,1.2561576354679802,0,0,0.23076923076923078,0,0.02,2.0,Low Risk
141.1,10,32,287.92,0,1,-146.82000000000002,0.4900666851903306,0,0,0.03125,0,0.02,2.0,Low Risk
119.94,17,1,118.73,0,1,1.2099999999999937,1.0101911900951739,0,0,1.0,0,0.02,2.0,Low Risk
130.07,16,8,83.51,0,2,46.55999999999999,1.5575380193988742,0,0,0.25,0,0.02,2.0,Low Risk
169.38,6,19,79.0,0,4,90.38,2.144050632911392,1,0,0.21052631578947367,0,0.02,2.0,Low Risk
128.74,18,33,167.84,0,2,-39.099999999999994,0.7670400381315539,0,0,0.06060606060606061,0,0.02,2.0,Low Risk
260.25,14,39,83.23,0,3,177.01999999999998,3.126877327886579,1,0,0.07692307692307693,0,0.02,2.0,Low Risk
146.97,16,12,154.34,0,1,-7.3700000000000045,0.952248283011533,0,0,0.08333333333333333,0,0.02,2.0,Low Risk
86.31,3,21,92.94,0,2,-6.6299999999999955,0.9286636539703035,0,1,0.09523809523809523,0,0.02,2.0,Low Risk
82.81,21,28,63.92,1,1,18.89,1.2955256570713392,0,0,0.03571428571428571,0,0.02,2.0,Low Risk
27.22,9,18,95.01,0,0,-67.79,0.2864961582991264,0,0,0.0,0,0.02,2.0,Low Risk
159.85,22,38,39.53,0,4,120.32,4.043764229698962,1,0,0.10526315789473684,0,0.02,2.0,Low Risk
125.05,20,37,147.13,0,1,-22.08,0.8499286345408822,0,0,0.02702702702702703,0,0.02,2.0,Low Risk
120.9,9,11,130.33,1,2,-9.430000000000007,0.9276452083173482,0,0,0.18181818181818182,0,0.02,2.0,Low Risk
259.24,11,18,85.01,0,0,174.23000000000002,3.049523585460534,1,0,0.0,0,0.02,2.0,Low Risk
460.26,8,27,69.04,0,1,391.21999999999997,6.666570104287369,1,0,0.037037037037037035,0,0.02,2.0,Low Risk
123.56,18,15,166.37,0,3,-42.81,0.7426819739135662,0,0,0.2,0,0.02,2.0,Low Risk
384.08,20,32,51.83,0,1,332.25,7.410380088751688,1,0,0.03125,0,0.02,2.0,Low Risk
19.59,7,27,58.4,0,4,-38.81,0.33544520547945206,0,0,0.14814814814814814,0,0.02,2.0,Low Risk
280.56,23,31,392.57,0,0,-112.00999999999999,0.7146750897929032,0,1,0.0,0,0.02,2.0,Low Risk
23.19,13,20,149.64,0,0,-126.44999999999999,0.15497193263833203,0,0,0.0,0,0.02,2.0,Low Risk
85.47,4,37,110.8,1,2,-25.33,0.7713898916967509,0,1,0.05405405405405406,0,0.02,2.0,Low Risk
101.47,7,26,101.9,0,1,-0.4300000000000068,0.9957801766437684,0,0,0.038461538461538464,0,0.02,2.0,Low Risk
319.94,5,9,117.46,0,1,202.48000000000002,2.7238208751915547,1,1,0.1111111111111111,0,0.02,2.0,Low Risk
29.57,12,20,66.41,0,2,-36.839999999999996,0.445264267429604,0,0,0.1,0,0.02,2.0,Low Risk
66.0,3,12,168.45,0,2,-102.44999999999999,0.39180765805877116,0,1,0.16666666666666666,0,0.02,2.0,Low Risk
62.1,11,17,159.11,0,3,-97.01000000000002,0.39029602162026267,0,0,0.17647058823529413,0,0.02,2.0,Low Risk
50.32,18,15,48.02,0,2,2.299999999999997,1.0478967097042897,0,0,0.13333333333333333,0,0.02,2.0,Low Risk
77.44,15,23,38.22,0,1,39.22,2.0261643118785977,1,0,0.043478260869565216,0,0.02,2.0,Low Risk
129.53,18,17,171.47,0,2,-41.94,0.7554091094652126,0,0,0.11764705882352941,0,0.02,2.0,Low Risk
100.29,16,7,196.98,0,3,-96.68999999999998,0.5091379835516296,0,0,0.42857142857142855,0,0.02,2.0,Low Risk
163.93,12,19,178.46,0,2,-14.530000000000001,0.9185811946654713,0,0,0.10526315789473684,0,0.02,2.0,Low Risk
59.49,21,7,127.92,0,0,-68.43,0.4650562851782364,0,0,0.0,0,0.02,2.0,Low Risk
118.74,2,33,133.08,0,2,-14.340000000000018,0.8922452660054102,0,1,0.06060606060606061,0,0.02,2.0,Low Risk
153.31,16,27,107.34,0,3,45.97,1.4282653251350848,0,0,0.1111111111111111,0,0.02,2.0,Low Risk
100.39,13,33,33.3,0,2,67.09,3.014714714714715,1,0,0.06060606060606061,0,0.02,2.0,Low Risk
37.91,23,1,66.45,0,2,-28.540000000000006,0.5705041384499623,0,1,2.0,0,0.02,2.0,Low Risk
105.32,0,21,56.0,0,0,49.31999999999999,1.8807142857142856,0,1,0.0,0,0.02,2.0,Low Risk
43.87,19,30,84.3,0,3,-40.43,0.5204033214709372,0,0,0.1,0,0.02,2.0,Low Risk
111.53,1,9,299.97,0,0,-188.44000000000003,0.37180384705137176,0,1,0.0,0,0.02,2.0,Low Risk
67.13,22,26,64.68,1,0,2.4499999999999886,1.0378787878787876,0,0,0.0,0,0.02,2.0,Low Risk
59.77,1,15,45.47,0,2,14.300000000000004,1.3144930723553994,0,1,0.13333333333333333,0,0.02,2.0,Low Risk
128.42,13,2,138.09,0,1,-9.670000000000016,0.9299732058802229,0,0,0.5,0,0.02,2.0,Low Risk
40.24,15,4,397.5,0,3,-357.26,0.10123270440251572,0,0,0.75,0,0.02,2.0,Low Risk
147.66,9,9,60.87,0,2,86.78999999999999,2.425825529817644,1,0,0.2222222222222222,0,0.02,2.0,Low Risk
291.04,7,42,127.14,0,1,163.90000000000003,2.2891300928110745,1,0,0.023809523809523808,1,0.02,2.0,Low Risk
139.93,20,4,140.17,0,1,-0.23999999999998067,0.9982877933937363,0,0,0.25,0,0.02,2.0,Low Risk
118.25,13,3,46.4,0,1,71.85,2.5484913793103448,1,0,0.3333333333333333,0,0.02,2.0,Low Risk
78.69,7,16,75.66,0,1,3.030000000000001,1.0400475812846948,0,0,0.0625,0,0.02,2.0,Low Risk
35.9,10,27,85.34,0,2,-49.440000000000005,0.42067026013592684,0,0,0.07407407407407407,0,0.02,2.0,Low Risk
52.96,6,12,135.96,0,2,-83.0,0.38952633127390407,0,0,0.16666666666666666,0,0.02,2.0,Low Risk
70.28,16,20,136.91,0,2,-66.63,0.5133299247680958,0,0,0.1,0,0.02,2.0,Low Risk
106.36,19,10,220.86,0,2,-114.50000000000001,0.4815720365842615,0,0,0.2,0,0.02,2.0,Low Risk
186.94,4,25,92.5,0,1,94.44,2.020972972972973,1,1,0.04,0,0.02,2.0,Low Risk
89.37,16,22,364.09,0,3,-274.71999999999997,0.2454612870444121,0,0,0.13636363636363635,0,0.02,2.0,Low Risk
149.2,7,27,247.73,0,2,-98.53,0.6022685988778105,0,0,0.07407407407407407,0,0.02,2.0,Low Risk
182.14,1,3,54.78,0,2,127.35999999999999,3.3249361080686377,1,1,0.6666666666666666,0,0.02,2.0,Low Risk
139.28,0,29,69.53,0,1,69.75,2.00316410182655,1,1,0.034482758620689655,0,0.02,2.0,Low Risk
269.83,21,15,445.48,0,0,-175.65000000000003,0.6057062045434138,0,0,0.0,0,0.02,2.0,Low Risk
43.05,23,17,104.13,0,4,-61.08,0.41342552578507635,0,1,0.23529411764705882,0,0.015,1.5,Low Risk
107.78,22,31,145.22,0,2,-37.44,0.7421842721388239,0,0,0.06451612903225806,0,0.015,1.5,Low Risk
33.98,1,10,119.28,0,2,-85.30000000000001,0.28487592219986585,0,1,0.2,0,0.015,1.5,Low Risk
124.27,15,1,113.55,0,3,10.719999999999999,1.0944077498899163,0,0,3.0,0,0.015,1.5,Low Risk
137.84,16,21,108.37,0,2,29.47,1.2719387284303774,0,0,0.09523809523809523,0,0.015,1.5,Low Risk
257.89,8,9,197.45,0,0,60.44,1.306102810838187,0,0,0.0,0,0.015,1.5,Low Risk
190.11,17,17,283.53,0,4,-93.41999999999996,0.6705110570310021,0,0,0.23529411764705882,0,0.015,1.5,Low Risk
36.24,5,17,164.73,0,3,-128.48999999999998,0.21999635767619743,0,1,0.17647058823529413,0,0.015,1.5,Low Risk
127.52,16,18,112.37,0,2,15.149999999999991,1.1348224615110794,0,0,0.1111111111111111,0,0.015,1.5,Low Risk
232.21,10,18,139.81,0,1,92.4,1.6608969315499607,0,0,0.05555555555555555,0,0.015,1.5,Low Risk
116.85,12,5,106.54,1,2,10.309999999999988,1.096771165759339,0,0,0.4,0,0.015,1.5,Low Risk
153.44,5,28,63.37,1,2,90.07,2.421335016569355,1,1,0.07142857142857142,0,0.015,1.5,Low Risk
105.1,23,12,153.12,0,3,-48.02000000000001,0.6863897596656217,0,1,0.25,0,0.015,1.5,Low Risk
49.32,15,28,25.94,0,1,23.38,1.9013107170393215,0,0,0.03571428571428571,0,0.015,1.5,Low Risk
282.28,6,12,118.21,0,1,164.07,2.3879536418238727,1,0,0.08333333333333333,0,0.015,1.5,Low Risk
112.91,5,25,122.67,0,0,-9.760000000000005,0.9204369446482432,0,1,0.0,0,0.015,1.5,Low Risk
125.55,7,36,129.17,0,3,-3.6199999999999903,0.9719749167763413,0,0,0.08333333333333333,0,0.015,1.5,Low Risk
234.17,19,32,203.67,0,1,30.5,1.1497520498846172,0,0,0.03125,0,0.015,1.5,Low Risk
100.79,8,26,281.4,0,2,-180.60999999999996,0.35817341862117985,0,0,0.07692307692307693,0,0.015,1.5,Low Risk
403.63,10,27,51.2,0,2,352.43,7.8833984374999995,1,0,0.07407407407407407,0,0.015,1.5,Low Risk
144.57,14,9,121.38,0,2,23.189999999999998,1.1910528917449332,0,0,0.2222222222222222,0,0.015,1.5,Low Risk
38.32,21,29,288.0,0,1,-249.68,0.13305555555555557,0,0,0.034482758620689655,0,0.015,1.5,Low Risk
57.2,21,38,595.29,0,1,-538.0899999999999,0.09608762115943491,0,0,0.02631578947368421,0,0.015,1.5,Low Risk
79.92,14,32,43.6,0,2,36.32,1.8330275229357798,0,0,0.0625,0,0.015,1.5,Low Risk
44.51,13,21,85.51,0,0,-41.00000000000001,0.5205239153315401,0,0,0.0,0,0.015,1.5,Low Risk
113.53,4,6,67.64,0,2,45.89,1.6784447072738025,0,1,0.3333333333333333,0,0.015,1.5,Low Risk
54.0,17,17,91.22,0,0,-37.22,0.591975443981583,0,0,0.0,0,0.015,1.5,Low Risk
276.64,1,9,87.12,0,5,189.51999999999998,3.175390266299357,1,1,0.5555555555555556,0,0.015,1.5,Low Risk
89.19,9,23,331.26,0,0,-242.07,0.2692447020467307,0,0,0.0,0,0.015,1.5,Low Risk
153.74,8,19,160.46,0,2,-6.719999999999999,0.958120403838963,0,0,0.10526315789473684,0,0.015,1.5,Low Risk
68.32,12,18,359.95,0,4,-291.63,0.18980413946381441,0,0,0.2222222222222222,0,0.015,1.5,Low Risk
51.32,12,27,193.21,0,1,-141.89000000000001,0.2656177216500181,0,0,0.037037037037037035,0,0.015,1.5,Low Risk
213.65,12,23,202.52,0,1,11.129999999999995,1.0549575350582658,0,0,0.043478260869565216,0,0.015,1.5,Low Risk
46.58,5,18,74.21,0,0,-27.629999999999995,0.6276782104837624,0,1,0.0,0,0.015,1.5,Low Risk
158.32,22,7,240.76,0,3,-82.44,0.6575843163316165,0,0,0.42857142857142855,0,0.015,1.5,Low Risk
84.5,0,1,225.84,0,2,-141.34,0.3741586964222458,0,1,2.0,0,0.015,1.5,Low Risk
73.34,11,41,100.25,0,1,-26.909999999999997,0.731571072319202,0,0,0.024390243902439025,0,0.015,1.5,Low Risk
116.93,7,14,87.7,0,3,29.230000000000004,1.3332953249714938,0,0,0.21428571428571427,0,0.015,1.5,Low Risk
147.36,13,21,176.59,0,2,-29.22999999999999,0.8344753383543803,0,0,0.09523809523809523,0,0.015,1.5,Low Risk
546.07,8,25,202.9,0,0,343.1700000000001,2.6913257762444553,1,0,0.0,0,0.015,1.5,Low Risk
155.73,12,20,63.97,0,3,91.75999999999999,2.4344223854931997,1,0,0.15,0,0.015,1.5,Low Risk
49.88,7,5,155.58,0,4,-105.70000000000002,0.32060676179457515,0,0,0.8,0,0.015,1.5,Low Risk
144.91,0,18,122.16,0,0,22.75,1.186231172233137,0,1,0.0,0,0.015,1.5,Low Risk
123.96,14,13,53.77,1,0,70.19,2.3053747442811976,1,0,0.0,0,0.015,1.5,Low Risk
42.14,15,47,122.71,0,1,-80.57,0.34341129492298916,0,0,0.02127659574468085,0,0.015,1.5,Low Risk
118.69,16,11,125.54,1,3,-6.8500000000000085,0.9454357176995379,0,0,0.2727272727272727,0,0.015,1.5,Low Risk
30.92,19,19,90.87,0,0,-59.95,0.34026631451524153,0,0,0.0,0,0.015,1.5,Low Risk
236.42,3,22,301.69,0,1,-65.27000000000001,0.7836520932082601,0,1,0.045454545454545456,0,0.015,1.5,Low Risk
68.5,14,21,190.32,0,3,-121.82,0.3599201345102985,0,0,0.14285714285714285,0,0.015,1.5,Low Risk
111.73,17,31,35.85,0,1,75.88,3.1165969316596933,1,0,0.03225806451612903,0,0.015,1.5,Low Risk
283.43,12,40,97.36,0,1,186.07,2.9111544782251437,1,0,0.025,0,0.015,1.5,Low Risk
158.45,23,27,190.9,0,0,-32.45000000000002,0.8300157150340491,0,1,0.0,0,0.015,1.5,Low Risk
96.99,8,9,69.36,0,0,27.629999999999995,1.398356401384083,0,0,0.0,0,0.015,1.5,Low Risk
163.18,8,1,613.17,0,1,-449.98999999999995,0.26612521812874085,0,0,1.0,0,0.015,1.5,Low Risk
413.36,22,25,187.26,0,1,226.10000000000002,2.2074121542240737,1,0,0.04,0,0.015,1.5,Low Risk
128.2,20,11,101.56,0,0,26.639999999999986,1.2623079952737297,0,0,0.0,0,0.015,1.5,Low Risk
325.75,3,26,55.24,0,3,270.51,5.896994931209268,1,1,0.11538461538461539,0,0.015,1.5,Low Risk
243.06,1,14,136.55,0,1,106.50999999999999,1.7800073233247893,0,1,0.07142857142857142,0,0.015,1.5,Low Risk
199.97,8,25,209.26,0,2,-9.289999999999992,0.9556054668833031,0,0,0.08,0,0.015,1.5,Low Risk
88.61,4,17,148.37,0,4,-59.760000000000005,0.5972231583204152,0,1,0.23529411764705882,0,0.015,1.5,Low Risk
141.25,11,12,93.35,0,2,47.900000000000006,1.5131226566684521,0,0,0.16666666666666666,0,0.015,1.5,Low Risk
415.64,13,18,49.28,0,0,366.36,8.434253246753247,1,0,0.0,0,0.015,1.5,Low Risk
81.53,5,9,125.23,0,0,-43.7,0.6510420825680747,0,1,0.0,0,0.015,1.5,Low Risk
98.71,7,12,399.05,0,2,-300.34000000000003,0.24736248590402202,0,0,0.16666666666666666,0,0.015,1.5,Low Risk
349.6,14,25,111.86,0,1,237.74,3.1253352404791706,1,0,0.04,0,0.015,1.5,Low Risk
127.0,3,12,14.26,0,1,112.74,8.906030855539973,1,1,0.08333333333333333,0,0.015,1.5,Low Risk
46.03,14,29,57.35,0,3,-11.32,0.802615518744551,0,0,0.10344827586206896,0,0.015,1.5,Low Risk
102.75,22,11,374.2,0,3,-271.45,0.2745857830037413,0,0,0.2727272727272727,0,0.015,1.5,Low Risk
38.36,0,8,147.32,0,2,-108.96,0.26038555525386914,0,1,0.25,0,0.015,1.5,Low Risk
20.79,7,9,50.03,0,2,-29.240000000000002,0.41555066959824105,0,0,0.2222222222222222,0,0.015,1.5,Low Risk
108.74,7,17,259.44,1,0,-150.7,0.41913351834720936,0,0,0.0,0,0.015,1.5,Low Risk
99.88,20,27,60.94,0,4,38.94,1.6389891696750902,0,0,0.14814814814814814,0,0.015,1.5,Low Risk
89.15,3,14,355.25,0,1,-266.1,0.2509500351864884,0,1,0.07142857142857142,0,0.015,1.5,Low Risk
248.33,10,33,76.65,0,0,171.68,3.239791258969341,1,0,0.0,0,0.015,1.5,Low Risk
80.07,9,17,145.72,0,2,-65.65,0.5494784518254185,0,0,0.11764705882352941,0,0.015,1.5,Low Risk
90.18,14,9,201.15,0,2,-110.97,0.44832214765100675,0,0,0.2222222222222222,0,0.015,1.5,Low Risk
119.56,13,31,315.83,0,1,-196.26999999999998,0.3785580850457525,0,0,0.03225806451612903,0,0.015,1.5,Low Risk
338.02,23,10,73.24,1,1,264.78,4.615237575095576,1,1,0.1,0,0.015,1.5,Low Risk
241.04,16,15,193.11,0,2,47.92999999999998,1.2482005074827818,0,0,0.13333333333333333,0,0.015,1.5,Low Risk
42.98,18,33,186.83,1,2,-143.85000000000002,0.23004870738104155,0,0,0.06060606060606061,0,0.015,1.5,Low Risk
130.28,1,28,117.89,0,1,12.39,1.1050979726864025,0,1,0.03571428571428571,0,0.015,1.5,Low Risk
208.76,6,25,172.44,0,1,36.31999999999999,1.2106239851542566,0,0,0.04,0,0.015,1.5,Low Risk
93.24,14,19,143.88,0,1,-50.64,0.6480400333611342,0,0,0.05263157894736842,0,0.015,1.5,Low Risk
72.54,7,23,221.25,0,2,-148.70999999999998,0.32786440677966106,0,0,0.08695652173913043,0,0.015,1.5,Low Risk
36.88,22,43,158.47,0,2,-121.59,0.23272543699122863,0,0,0.046511627906976744,0,0.015,1.5,Low Risk
58.19,17,8,623.11,0,1,-564.9200000000001,0.0933864004750365,0,0,0.125,0,0.015,1.5,Low Risk
75.43,3,23,149.23,0,0,-73.79999999999998,0.5054613683575689,0,1,0.0,0,0.015,1.5,Low Risk
60.98,6,18,210.36,0,1,-149.38000000000002,0.2898840083666096,0,0,0.05555555555555555,0,0.015,1.5,Low Risk
69.62,21,1,57.01,0,1,12.610000000000007,1.221189265041221,0,0,1.0,0,0.015,1.5,Low Risk
132.21,22,13,118.58,0,1,13.63000000000001,1.1149434980603812,0,0,0.07692307692307693,0,0.015,1.5,Low Risk
161.41,9,19,187.69,0,0,-26.28,0.8599818850231765,0,0,0.0,0,0.015,1.5,Low Risk
360.57,12,13,69.6,0,1,290.97,5.180603448275862,1,0,0.07692307692307693,0,0.015,1.5,Low Risk
125.45,14,25,101.16,0,0,24.290000000000006,1.2401146698299723,0,0,0.0,0,0.015,1.5,Low Risk
133.45,21,1,61.48,0,6,71.97,2.1706245933636956,1,0,6.0,0,0.015,1.5,Low Risk
124.75,5,16,102.53,0,3,22.22,1.2167170584219253,0,1,0.1875,0,0.015,1.5,Low Risk
46.82,12,20,254.97,0,4,-208.15,0.18362944660156097,0,0,0.2,0,0.015,1.5,Low Risk
74.46,19,31,73.06,0,2,1.3999999999999915,1.019162332329592,0,0,0.06451612903225806,0,0.015,1.5,Low Risk
220.9,13,12,177.99,0,2,42.91,1.241080959604472,0,0,0.16666666666666666,0,0.015,1.5,Low Risk
71.58,0,29,69.65,0,3,1.9299999999999926,1.0277099784637471,0,1,0.10344827586206896,0,0.015,1.5,Low Risk
52.58,2,7,149.75,0,1,-97.17,0.351118530884808,0,1,0.14285714285714285,0,0.015,1.5,Low Risk
43.64,0,17,62.05,0,1,-18.409999999999997,0.703303787268332,0,1,0.058823529411764705,0,0.015,1.5,Low Risk
184.53,13,34,69.53,0,2,115.0,2.653962318423702,1,0,0.058823529411764705,0,0.015,1.5,Low Risk
80.04,22,10,229.24,0,2,-149.2,0.3491537253533415,0,0,0.2,0,0.015,1.5,Low Risk
217.98,23,10,199.96,0,2,18.019999999999982,1.0901180236047208,0,1,0.2,0,0.015,1.5,Low Risk
137.68,23,7,82.66,0,2,55.02000000000001,1.6656181950157272,0,1,0.2857142857142857,0,0.015,1.5,Low Risk
86.16,23,25,69.69,0,4,16.47,1.2363323288850625,0,1,0.16,0,0.015,1.5,Low Risk
166.25,8,21,332.46,0,1,-166.20999999999998,0.500060157612946,0,0,0.047619047619047616,0,0.015,1.5,Low Risk
126.01,2,25,334.95,0,2,-208.94,0.3762054037916107,0,1,0.08,0,0.015,1.5,Low Risk
155.97,18,27,135.24,0,1,20.72999999999999,1.1532830523513753,0,0,0.037037037037037035,0,0.015,1.5,Low Risk
112.1,18,22,173.0,0,5,-60.900000000000006,0.6479768786127167,0,0,0.22727272727272727,0,0.015,1.5,Low Risk
50.39,17,19,191.88,0,1,-141.49,0.26261204919741504,0,0,0.05263157894736842,0,0.015,1.5,Low Risk
128.42,17,32,207.82,0,1,-79.4,0.6179386007121547,0,0,0.03125,0,0.015,1.5,Low Risk
52.82,18,31,49.1,0,2,3.719999999999999,1.075763747454175,0,0,0.06451612903225806,0,0.015,1.5,Low Risk
27.69,15,2,151.03,0,0,-123.34,0.18334105806793352,0,0,0.0,0,0.015,1.5,Low Risk
28.78,21,12,125.84,0,3,-97.06,0.22870311506675142,0,0,0.25,0,0.015,1.5,Low Risk
192.0,22,11,100.28,0,2,91.72,1.9146390107698443,0,0,0.18181818181818182,0,0.015,1.5,Low Risk
140.21,15,1,40.06,0,2,100.15,3.5,1,0,2.0,0,0.015,1.5,Low Risk
104.48,8,18,110.89,0,1,-6.409999999999997,0.9421949679862928,0,0,0.05555555555555555,0,0.015,1.5,Low Risk
61.45,4,19,97.59,0,2,-36.14,0.6296751716364382,0,1,0.10526315789473684,0,0.015,1.5,Low Risk
240.69,16,27,127.89,0,0,112.8,1.8820079756040347,0,0,0.0,0,0.015,1.5,Low Risk
168.34,20,26,53.15,0,0,115.19,3.1672624647224836,1,0,0.0,0,0.015,1.5,Low Risk
23.29,17,13,63.01,0,2,-39.72,0.3696238692271068,0,0,0.15384615384615385,0,0.015,1.5,Low Risk
50.11,18,19,119.05,0,0,-68.94,0.42091558168836624,0,0,0.0,1,0.015,1.5,Low Risk
79.29,13,23,78.52,0,1,0.7700000000000102,1.0098064187468163,0,0,0.043478260869565216,0,0.015,1.5,Low Risk
46.21,10,12,179.57,1,1,-133.35999999999999,0.25733697165450803,0,0,0.08333333333333333,0,0.015,1.5,Low Risk
65.17,21,25,121.76,0,1,-56.59,0.5352332457293035,0,0,0.04,0,0.015,1.5,Low Risk
81.4,7,34,41.78,1,3,39.620000000000005,1.9483006223073243,0,0,0.08823529411764706,0,0.015,1.5,Low Risk
82.8,7,30,197.59,0,3,-114.79,0.4190495470418543,0,0,0.1,0,0.015,1.5,Low Risk
95.15,19,5,373.98,0,1,-278.83000000000004,0.25442537034065993,0,0,0.2,0,0.015,1.5,Low Risk
98.86,7,4,163.95,0,0,-65.08999999999999,0.6029887160719732,0,0,0.0,0,0.015,1.5,Low Risk
111.37,11,3,190.25,0,0,-78.88,0.5853876478318003,0,0,0.0,0,0.015,1.5,Low Risk
71.85,16,18,50.33,0,1,21.519999999999996,1.4275779852970394,0,0,0.05555555555555555,0,0.015,1.5,Low Risk
53.59,11,21,111.17,0,4,-57.58,0.4820545111091122,0,0,0.19047619047619047,0,0.015,1.5,Low Risk
212.3,1,42,34.84,0,0,177.46,6.093570608495981,1,1,0.0,0,0.015,1.5,Low Risk
30.09,6,10,56.67,0,5,-26.580000000000002,0.5309687665431445,0,0,0.5,0,0.015,1.5,Low Risk
68.69,20,18,151.03,0,2,-82.34,0.4548103025888896,0,0,0.1111111111111111,0,0.015,1.5,Low Risk
120.67,22,21,74.04,1,0,46.629999999999995,1.6297947055645596,0,0,0.0,0,0.015,1.5,Low Risk
91.04,15,6,218.98,0,2,-127.93999999999998,0.4157457302036716,0,0,0.3333333333333333,0,0.015,1.5,Low Risk
189.51,17,23,119.64,1,1,69.86999999999999,1.5840020060180542,0,0,0.043478260869565216,0,0.015,1.5,Low Risk
43.57,10,28,84.03,0,1,-40.46,0.5185052957277163,0,0,0.03571428571428571,0,0.015,1.5,Low Risk
38.19,20,19,227.81,0,2,-189.62,0.16763969974979148,0,0,0.10526315789473684,0,0.015,1.5,Low Risk
261.02,20,20,235.83,0,2,25.18999999999997,1.1068142305898314,0,0,0.1,0,0.015,1.5,Low Risk
37.35,22,17,67.01,0,1,-29.660000000000004,0.557379495597672,0,0,0.058823529411764705,0,0.015,1.5,Low Risk
276.99,20,24,14.68,1,0,262.31,18.868528610354225,1,0,0.0,0,0.015,1.5,Low Risk
184.9,5,29,210.37,0,1,-25.47,0.8789276037457813,0,1,0.034482758620689655,0,0.015,1.5,Low Risk
96.5,1,17,32.17,0,1,64.33,2.999689151383276,1,1,0.058823529411764705,0,0.015,1.5,Low Risk
168.41,15,9,202.95,0,1,-34.53999999999999,0.829810298102981,0,0,0.1111111111111111,0,0.015,1.5,Low Risk
77.16,3,25,133.57,0,0,-56.41,0.5776746275361234,0,1,0.0,0,0.015,1.5,Low Risk
254.78,20,4,183.4,0,1,71.38,1.3892039258451472,0,0,0.25,0,0.015,1.5,Low Risk
108.34,0,25,187.76,0,4,-79.41999999999999,0.5770132083510865,0,1,0.16,0,0.015,1.5,Low Risk
98.96,14,14,236.86,0,3,-137.90000000000003,0.4177995440344507,0,0,0.21428571428571427,0,0.015,1.5,Low Risk
18.38,22,30,57.77,1,2,-39.39,0.31815821360567764,0,0,0.06666666666666667,0,0.015,1.5,Low Risk
76.58,9,26,52.39,1,2,24.189999999999998,1.4617293376598588,0,0,0.07692307692307693,0,0.015,1.5,Low Risk
100.48,9,16,97.53,0,1,2.950000000000003,1.030247103455347,0,0,0.0625,0,0.015,1.5,Low Risk
173.75,7,24,194.79,0,1,-21.039999999999992,0.891986241593511,0,0,0.041666666666666664,0,0.015,1.5,Low Risk
71.98,15,10,209.47,0,2,-137.49,0.343629159306822,0,0,0.2,0,0.015,1.5,Low Risk
150.45,4,37,65.14,0,0,85.30999999999999,2.3096407737181455,1,1,0.0,0,0.015,1.5,Low Risk
52.81,20,29,88.18,0,3,-35.370000000000005,0.5988886368791109,0,0,0.10344827586206896,0,0.015,1.5,Low Risk
46.33,22,24,237.03,0,2,-190.7,0.19546049023330378,0,0,0.08333333333333333,0,0.015,1.5,Low Risk
91.33,14,22,135.78,0,7,-44.45,0.6726321991456768,0,0,0.3181818181818182,0,0.015,1.5,Low Risk
183.94,14,12,203.79,0,3,-19.849999999999994,0.9025958094116493,0,0,0.25,1,0.015,1.5,Low Risk
45.88,14,25,47.98,0,2,-2.0999999999999943,0.9562317632346813,0,0,0.08,0,0.015,1.5,Low Risk
51.86,18,20,385.49,0,1,-333.63,0.13453007860126073,0,0,0.05,0,0.015,1.5,Low Risk
71.71,17,20,87.79,0,1,-16.080000000000013,0.8168356304818315,0,0,0.05,0,0.015,1.5,Low Risk
79.19,11,10,165.3,0,2,-86.11000000000001,0.47906836055656377,0,0,0.2,0,0.015,1.5,Low Risk
45.8,8,18,74.23,0,2,-28.430000000000007,0.6170012124477973,0,0,0.1111111111111111,0,0.015,1.5,Low Risk
79.47,15,20,199.33,0,4,-119.86000000000001,0.39868559674910947,0,0,0.2,0,0.015,1.5,Low Risk
126.17,16,2,206.06,1,0,-79.89,0.612297389109968,0,0,0.0,0,0.015,1.5,Low Risk
109.23,23,33,199.17,0,1,-89.93999999999998,0.5484259677662299,0,1,0.030303030303030304,0,0.015,1.5,Low Risk
130.66,11,32,138.23,0,1,-7.569999999999993,0.9452362005353397,0,0,0.03125,0,0.015,1.5,Low Risk
49.46,7,17,35.07,1,1,14.39,1.4103222127174224,0,0,0.058823529411764705,0,0.015,1.5,Low Risk
116.17,21,19,81.22,0,3,34.95,1.4303127308544694,0,0,0.15789473684210525,0,0.015,1.5,Low Risk
135.39,7,39,338.75,0,2,-203.36,0.3996752767527675,0,0,0.05128205128205128,0,0.015,1.5,Low Risk
21.64,8,31,123.72,0,0,-102.08,0.17491108955706436,0,0,0.0,0,0.015,1.5,Low Risk
58.91,18,26,81.46,0,2,-22.549999999999997,0.7231770193960226,0,0,0.07692307692307693,0,0.015,1.5,Low Risk
64.14,3,31,73.13,0,1,-8.989999999999995,0.8770682346506222,0,1,0.03225806451612903,0,0.015,1.5,Low Risk
156.4,10,19,127.82,0,1,28.580000000000013,1.2235956814270068,0,0,0.05263157894736842,0,0.015,1.5,Low Risk
32.18,20,5,264.83,0,2,-232.64999999999998,0.12151191330287354,0,0,0.4,0,0.015,1.5,Low Risk
24.73,6,22,39.7,0,1,-14.970000000000002,0.6229219143576826,0,0,0.045454545454545456,0,0.015,1.5,Low Risk
129.96,16,25,285.16,0,3,-155.20000000000002,0.455744143638659,0,0,0.12,0,0.015,1.5,Low Risk
67.82,23,14,71.92,0,0,-4.1000000000000085,0.9429922135706339,0,1,0.0,0,0.015,1.5,Low Risk
237.77,8,6,212.62,0,1,25.150000000000006,1.1182861442949863,0,0,0.16666666666666666,0,0.015,1.5,Low Risk
116.33,23,16,182.71,0,2,-66.38000000000001,0.6366920256143616,0,1,0.125,0,0.015,1.5,Low Risk
48.38,1,42,67.82,0,0,-19.43999999999999,0.7133588911825421,0,1,0.0,0,0.015,1.5,Low Risk
66.45,22,21,94.56,0,1,-28.11,0.7027284263959391,0,0,0.047619047619047616,0,0.015,1.5,Low Risk
74.86,18,23,144.58,0,1,-69.72000000000001,0.5177756259510305,0,0,0.043478260869565216,0,0.015,1.5,Low Risk
132.95,8,21,63.42,0,1,69.52999999999999,2.096341847997477,1,0,0.047619047619047616,0,0.015,1.5,Low Risk
142.99,20,5,136.18,0,1,6.810000000000002,1.050007343222206,0,0,0.2,0,0.015,1.5,Low Risk
86.85,1,13,123.91,0,0,-37.06,0.7009119522233879,0,1,0.0,0,0.015,1.5,Low Risk
53.39,21,20,36.84,0,0,16.549999999999997,1.4492399565689467,0,0,0.0,0,0.015,1.5,Low Risk
39.27,14,27,162.55,0,0,-123.28,0.24158720393725008,0,0,0.0,0,0.015,1.5,Low Risk
75.94,4,19,238.87,0,2,-162.93,0.3179135094402813,0,1,0.10526315789473684,0,0.015,1.5,Low Risk
26.84,9,27,355.24,0,4,-328.40000000000003,0.0755545546672672,0,0,0.14814814814814814,0,0.015,1.5,Low Risk
82.81,0,17,67.24,0,2,15.570000000000007,1.2315585960737658,0,1,0.11764705882352941,0,0.015,1.5,Low Risk
74.18,1,23,37.08,0,3,37.10000000000001,2.000539374325782,1,1,0.13043478260869565,1,0.015,1.5,Low Risk
96.31,23,19,97.21,1,0,-0.8999999999999915,0.9907416932414361,0,1,0.0,0,0.015,1.5,Low Risk
247.83,12,12,178.65,0,1,69.18,1.3872376154492023,0,0,0.08333333333333333,0,0.015,1.5,Low Risk
155.78,3,16,66.5,0,2,89.28,2.342556390977444,1,1,0.125,0,0.015,1.5,Low Risk
69.3,1,26,192.87,1,1,-123.57000000000001,0.3593093793747083,0,1,0.038461538461538464,0,0.015,1.5,Low Risk
126.42,18,17,149.18,0,0,-22.760000000000005,0.8474326317200697,0,0,0.0,0,0.015,1.5,Low Risk
155.59,10,4,115.45,0,0,40.14,1.347682979644868,0,0,0.0,0,0.015,1.5,Low Risk
77.6,1,19,171.8,0,0,-94.20000000000002,0.4516880093131548,0,1,0.0,0,0.015,1.5,Low Risk
117.9,21,24,122.64,1,3,-4.739999999999995,0.9613502935420744,0,0,0.125,0,0.015,1.5,Low Risk
142.96,17,18,123.64,0,2,19.320000000000007,1.1562601099967649,0,0,0.1111111111111111,0,0.015,1.5,Low Risk
231.43,23,1,41.66,0,0,189.77,5.555208833413347,1,1,0.0,0,0.015,1.5,Low Risk
21.88,4,31,354.79,0,1,-332.91,0.061670283829871185,0,1,0.03225806451612903,0,0.015,1.5,Low Risk
218.58,14,27,22.92,1,1,195.66000000000003,9.536649214659686,1,0,0.037037037037037035,0,0.015,1.5,Low Risk
253.59,20,24,229.01,0,2,24.580000000000013,1.1073315575739051,0,0,0.08333333333333333,0,0.015,1.5,Low Risk
40.42,14,21,121.02,0,0,-80.6,0.33399438109403407,0,0,0.0,0,0.015,1.5,Low Risk
225.7,18,19,125.21,0,1,100.49,1.8025716795783084,0,0,0.05263157894736842,0,0.015,1.5,Low Risk
48.66,23,20,128.74,0,1,-80.08000000000001,0.3779711045518098,0,1,0.05,0,0.015,1.5,Low Risk
144.26,18,7,203.14,0,3,-58.879999999999995,0.7101506350300285,0,0,0.42857142857142855,0,0.015,1.5,Low Risk
49.98,16,25,199.27,1,0,-149.29000000000002,0.2508154764891855,0,0,0.0,0,0.015,1.5,Low Risk
25.59,20,19,214.27,0,5,-188.68,0.11942875810892799,0,0,0.2631578947368421,0,0.015,1.5,Low Risk
86.19,11,22,61.52,0,3,24.669999999999995,1.4010078023407022,0,0,0.13636363636363635,0,0.015,1.5,Low Risk
72.2,19,14,99.88,0,2,-27.679999999999993,0.722867440929115,0,0,0.14285714285714285,0,0.015,1.5,Low Risk
229.64,21,20,258.81,0,1,-29.170000000000016,0.8872918357095938,0,0,0.05,0,0.015,1.5,Low Risk
98.76,4,42,111.22,0,5,-12.459999999999994,0.887969789606186,0,1,0.11904761904761904,0,0.015,1.5,Low Risk
68.37,23,8,109.49,0,1,-41.11999999999999,0.6244405881815691,0,1,0.125,0,0.015,1.5,Low Risk
93.6,10,12,80.23,0,1,13.36999999999999,1.1666458930574597,0,0,0.08333333333333333,0,0.015,1.5,Low Risk
71.81,2,32,176.42,1,2,-104.60999999999999,0.4070400181385331,0,1,0.0625,0,0.015,1.5,Low Risk
192.52,0,27,87.05,0,2,105.47000000000001,2.211602527283171,1,1,0.07407407407407407,0,0.015,1.5,Low Risk
55.94,22,12,120.25,0,0,-64.31,0.4651975051975052,0,0,0.0,0,0.015,1.5,Low Risk
377.52,17,26,120.61,0,0,256.90999999999997,3.1300887156952157,1,0,0.0,0,0.015,1.5,Low Risk
132.07,12,29,140.5,0,1,-8.430000000000007,0.94,0,0,0.034482758620689655,0,0.015,1.5,Low Risk
97.68,13,29,56.88,0,1,40.800000000000004,1.7172995780590719,0,0,0.034482758620689655,0,0.015,1.5,Low Risk
73.61,9,22,167.98,0,1,-94.36999999999999,0.43820692939635675,0,0,0.045454545454545456,0,0.015,1.5,Low Risk
50.6,23,10,109.69,1,5,-59.089999999999996,0.461300027349804,0,1,0.5,0,0.015,1.5,Low Risk
222.26,4,31,159.14,0,1,63.120000000000005,1.3966318964433833,0,1,0.03225806451612903,0,0.015,1.5,Low Risk
64.96,14,28,203.67,0,3,-138.70999999999998,0.31894731673786025,0,0,0.10714285714285714,0,0.015,1.5,Low Risk
108.46,22,11,230.88,0,2,-122.42,0.4697678447678448,0,0,0.18181818181818182,0,0.015,1.5,Low Risk
107.51,4,7,44.05,1,2,63.46000000000001,2.440635641316686,1,1,0.2857142857142857,0,0.015,1.5,Low Risk
209.44,11,26,288.82,0,1,-79.38,0.7251575375666505,0,0,0.038461538461538464,0,0.015,1.5,Low Risk
42.88,8,1,236.56,1,1,-193.68,0.181264795400744,0,0,1.0,0,0.015,1.5,Low Risk
65.4,12,37,298.0,0,3,-232.6,0.21946308724832217,0,0,0.08108108108108109,0,0.015,1.5,Low Risk
235.05,4,18,67.02,0,0,168.03000000000003,3.5071620411817372,1,1,0.0,0,0.015,1.5,Low Risk
300.7,11,27,302.24,0,4,-1.5400000000000205,0.9949047114875594,0,0,0.14814814814814814,0,0.015,1.5,Low Risk
27.51,8,6,143.24,0,1,-115.73,0.19205529181792796,0,0,0.16666666666666666,0,0.015,1.5,Low Risk
131.94,9,1,300.08,0,1,-168.14,0.439682751266329,0,0,1.0,0,0.015,1.5,Low Risk
222.39,13,11,368.8,0,3,-146.41000000000003,0.6030097613882863,0,0,0.2727272727272727,0,0.015,1.5,Low Risk
76.8,13,16,168.42,0,5,-91.61999999999999,0.45600285001781266,0,0,0.3125,0,0.015,1.5,Low Risk
184.77,3,18,84.41,0,1,100.36000000000001,2.1889586541878927,1,1,0.05555555555555555,0,0.015,1.5,Low Risk
22.41,8,17,261.71,1,1,-239.29999999999998,0.08562913148141073,0,0,0.058823529411764705,0,0.015,1.5,Low Risk
21.43,5,19,76.66,0,2,-55.23,0.27954604748238976,0,1,0.10526315789473684,0,0.015,1.5,Low Risk
89.33,7,12,161.95,0,2,-72.61999999999999,0.5515899969126273,0,0,0.16666666666666666,0,0.01,1.0,Low Risk
64.84,16,20,85.5,0,0,-20.659999999999997,0.7583625730994152,0,0,0.0,0,0.01,1.0,Low Risk
130.54,23,20,193.63,0,0,-63.09,0.674172390641946,0,1,0.0,0,0.01,1.0,Low Risk
45.25,18,12,117.09,0,3,-71.84,0.38645486377999827,0,0,0.25,0,0.01,1.0,Low Risk
36.34,2,15,149.35,1,1,-113.00999999999999,0.24332105791764316,0,1,0.06666666666666667,0,0.01,1.0,Low Risk
57.69,10,7,280.64,0,1,-222.95,0.2055658494868871,0,0,0.14285714285714285,0,0.01,1.0,Low Risk
64.73,17,11,86.08,1,1,-21.349999999999994,0.7519749070631971,0,0,0.09090909090909091,0,0.01,1.0,Low Risk
49.78,7,31,162.36,0,0,-112.58000000000001,0.30660261148066026,0,0,0.0,0,0.01,1.0,Low Risk
42.13,9,25,138.28,0,1,-96.15,0.3046716806479607,0,0,0.04,0,0.01,1.0,Low Risk
70.6,19,13,67.53,0,1,3.069999999999993,1.045461276469717,0,0,0.07692307692307693,0,0.01,1.0,Low Risk
219.85,14,21,96.23,0,2,123.61999999999999,2.2846305725865115,1,0,0.09523809523809523,0,0.01,1.0,Low Risk
57.54,14,28,36.07,0,2,21.47,1.5952314943166066,0,0,0.07142857142857142,0,0.01,1.0,Low Risk
91.29,2,17,66.53,0,2,24.760000000000005,1.3721629340147303,0,1,0.11764705882352941,0,0.01,1.0,Low Risk
70.97,19,10,68.89,0,4,2.0799999999999983,1.0301930614022354,0,0,0.4,0,0.01,1.0,Low Risk
416.37,16,3,165.77,0,0,250.6,2.51173312420824,1,0,0.0,0,0.01,1.0,Low Risk
182.1,17,41,97.81,0,1,84.28999999999999,1.861772824864533,0,0,0.024390243902439025,0,0.01,1.0,Low Risk
177.02,20,36,185.18,0,1,-8.159999999999997,0.9559347661734529,0,0,0.027777777777777776,0,0.01,1.0,Low Risk
132.73,0,20,126.31,0,2,6.4199999999999875,1.0508273295859392,0,1,0.1,0,0.01,1.0,Low Risk
206.64,14,37,464.0,0,3,-257.36,0.44534482758620686,0,0,0.08108108108108109,0,0.01,1.0,Low Risk
86.5,13,32,138.63,1,0,-52.129999999999995,0.623963067157181,0,0,0.0,0,0.01,1.0,Low Risk
40.86,3,17,105.17,0,2,-64.31,0.38851383474374823,0,1,0.11764705882352941,0,0.01,1.0,Low Risk
131.51,17,19,404.45,0,4,-272.94,0.32515762146124366,0,0,0.21052631578947367,0,0.01,1.0,Low Risk
74.69,18,25,140.58,0,2,-65.89000000000001,0.531298904538341,0,0,0.08,0,0.01,1.0,Low Risk
57.14,1,33,92.78,0,0,-35.64,0.6158654882517784,0,1,0.0,0,0.01,1.0,Low Risk
90.51,1,18,86.57,0,0,3.940000000000012,1.0455123021832045,0,1,0.0,0,0.01,1.0,Low Risk
59.5,2,31,141.8,0,2,-82.30000000000001,0.4196050775740479,0,1,0.06451612903225806,0,0.01,1.0,Low Risk
152.13,11,22,308.02,0,5,-155.89,0.493896500227258,0,0,0.22727272727272727,0,0.01,1.0,Low Risk
222.02,17,26,225.89,0,2,-3.869999999999976,0.9828677674974546,0,0,0.07692307692307693,0,0.01,1.0,Low Risk
82.34,8,13,82.59,0,1,-0.25,0.9969729991524398,0,0,0.07692307692307693,0,0.01,1.0,Low Risk
63.23,22,28,64.76,0,2,-1.5300000000000082,0.9763743051266213,0,0,0.07142857142857142,0,0.01,1.0,Low Risk
89.26,4,21,55.23,0,2,34.03000000000001,1.6161506427666126,0,1,0.09523809523809523,0,0.01,1.0,Low Risk
79.42,22,16,34.56,0,2,44.86,2.2980324074074074,1,0,0.125,0,0.01,1.0,Low Risk
31.26,23,14,95.72,0,0,-64.46,0.3265775177601337,0,1,0.0,0,0.01,1.0,Low Risk
103.38,23,8,84.18,0,1,19.19999999999999,1.2280826799714895,0,1,0.125,0,0.01,1.0,Low Risk
141.01,23,13,113.16,0,3,27.849999999999994,1.2461117002474371,0,1,0.23076923076923078,0,0.01,1.0,Low Risk
129.44,13,1,72.01,0,1,57.42999999999999,1.7975281210942924,0,0,1.0,0,0.01,1.0,Low Risk
116.71,4,31,38.71,0,0,78.0,3.0149832084732626,1,1,0.0,0,0.01,1.0,Low Risk
76.29,3,8,356.61,0,3,-280.32,0.21393118532851016,0,1,0.375,0,0.01,1.0,Low Risk
135.67,15,17,87.54,0,0,48.12999999999998,1.5498058030614574,0,0,0.0,0,0.01,1.0,Low Risk
381.77,8,31,151.88,0,1,229.89,2.513629180932315,1,0,0.03225806451612903,0,0.01,1.0,Low Risk
64.38,2,17,84.6,0,1,-20.22,0.7609929078014185,0,1,0.058823529411764705,0,0.01,1.0,Low Risk
33.99,22,18,84.14,1,2,-50.15,0.4039695745186594,0,0,0.1111111111111111,0,0.01,1.0,Low Risk
150.73,18,13,100.18,0,1,50.54999999999998,1.5045917348772209,0,0,0.07692307692307693,0,0.01,1.0,Low Risk
178.26,16,14,73.63,0,2,104.63,2.4210240391144913,1,0,0.14285714285714285,0,0.01,1.0,Low Risk
86.12,12,45,118.63,0,3,-32.50999999999999,0.7259546489083706,0,0,0.06666666666666667,0,0.01,1.0,Low Risk
34.18,18,36,98.35,1,1,-64.16999999999999,0.34753431621759023,0,0,0.027777777777777776,0,0.01,1.0,Low Risk
124.52,7,27,83.84,1,2,40.67999999999999,1.485209923664122,0,0,0.07407407407407407,0,0.01,1.0,Low Risk
29.06,21,6,103.71,1,1,-74.64999999999999,0.2802044161604474,0,0,0.16666666666666666,0,0.01,1.0,Low Risk
449.41,19,27,253.67,0,1,195.74000000000004,1.771632435841842,0,0,0.037037037037037035,0,0.01,1.0,Low Risk
124.25,17,9,59.33,0,2,64.92,2.094218776335749,1,0,0.2222222222222222,1,0.01,1.0,Low Risk
248.77,1,19,69.19,0,1,179.58,3.5954617719323605,1,1,0.05263157894736842,0,0.01,1.0,Low Risk
70.96,16,11,141.43,0,1,-70.47000000000001,0.5017323057342854,0,0,0.09090909090909091,0,0.01,1.0,Low Risk
97.52,21,39,127.52,0,3,-30.0,0.7647427854454203,0,0,0.07692307692307693,0,0.01,1.0,Low Risk
101.15,5,4,91.45,0,1,9.700000000000003,1.106068890103882,0,1,0.25,0,0.01,1.0,Low Risk
250.63,16,32,38.82,0,0,211.81,6.456208140133952,1,0,0.0,0,0.01,1.0,Low Risk
311.92,11,30,105.53,0,2,206.39000000000001,2.9557471808964277,1,0,0.06666666666666667,0,0.01,1.0,Low Risk
434.85,5,20,53.8,0,2,381.05,8.082713754646841,1,1,0.1,0,0.01,1.0,Low Risk
232.21,6,15,68.1,0,2,164.11,3.409838472834068,1,0,0.13333333333333333,0,0.01,1.0,Low Risk
103.01,6,26,67.63,0,7,35.38000000000001,1.5231406180689044,0,0,0.2692307692307692,0,0.01,1.0,Low Risk
180.43,20,32,163.88,0,1,16.55000000000001,1.1009885281913596,0,0,0.03125,0,0.01,1.0,Low Risk
54.95,16,14,55.18,0,2,-0.22999999999999687,0.9958318231243205,0,0,0.14285714285714285,0,0.01,1.0,Low Risk
63.41,11,11,212.89,0,3,-149.48,0.2978533514960778,0,0,0.2727272727272727,0,0.01,1.0,Low Risk
128.4,10,14,172.65,0,1,-44.25,0.7437011294526499,0,0,0.07142857142857142,0,0.01,1.0,Low Risk
150.47,4,28,139.61,0,0,10.859999999999985,1.077788124059881,0,1,0.0,0,0.01,1.0,Low Risk
98.46,16,11,93.24,0,4,5.219999999999999,1.055984555984556,0,0,0.36363636363636365,0,0.01,1.0,Low Risk
36.73,11,19,99.12,0,0,-62.39000000000001,0.3705609362389023,0,0,0.0,0,0.01,1.0,Low Risk
243.98,18,11,357.67,0,0,-113.69000000000003,0.6821371655436576,0,0,0.0,0,0.01,1.0,Low Risk
59.44,4,8,44.96,0,1,14.479999999999997,1.3220640569395017,0,1,0.125,0,0.01,1.0,Low Risk
159.98,3,27,96.06,0,3,63.91999999999999,1.6654174474286902,0,1,0.1111111111111111,0,0.01,1.0,Low Risk
150.66,18,28,220.61,0,0,-69.95000000000002,0.682924618104347,0,0,0.0,0,0.01,1.0,Low Risk
67.87,22,1,71.48,1,1,-3.6099999999999994,0.9494963626189143,0,0,1.0,0,0.01,1.0,Low Risk
73.12,2,15,189.51,0,3,-116.38999999999999,0.3858371589889716,0,1,0.2,1,0.01,1.0,Low Risk
149.15,17,31,160.46,1,3,-11.310000000000002,0.9295151439611118,0,0,0.0967741935483871,0,0.01,1.0,Low Risk
281.89,1,16,77.63,0,2,204.26,3.631199278629396,1,1,0.125,0,0.01,1.0,Low Risk
70.53,4,18,78.79,0,2,-8.260000000000005,0.8951643609595126,0,1,0.1111111111111111,0,0.01,1.0,Low Risk
152.81,5,27,213.91,0,2,-61.099999999999994,0.7143658547987471,0,1,0.07407407407407407,0,0.01,1.0,Low Risk
276.62,12,16,88.09,0,0,188.53,3.1401975252582583,1,0,0.0,0,0.01,1.0,Low Risk
88.26,4,32,174.06,0,0,-85.8,0.5070665287831783,0,1,0.0,0,0.01,1.0,Low Risk
128.1,19,27,190.53,0,0,-62.43000000000001,0.6723350653440403,0,0,0.0,0,0.01,1.0,Low Risk
131.55,5,15,128.18,0,2,3.3700000000000045,1.026291153066001,0,1,0.13333333333333333,0,0.01,1.0,Low Risk
287.22,16,26,90.2,0,1,197.02000000000004,3.184257206208426,1,0,0.038461538461538464,0,0.01,1.0,Low Risk
96.96,15,1,107.08,0,1,-10.120000000000005,0.9054912215166231,0,0,1.0,0,0.01,1.0,Low Risk
119.81,9,17,133.85,0,1,-14.039999999999992,0.8951064624579754,0,0,0.058823529411764705,0,0.01,1.0,Low Risk
94.51,17,28,101.42,1,5,-6.909999999999997,0.9318674817590219,0,0,0.17857142857142858,0,0.01,1.0,Low Risk
109.64,16,23,67.1,1,1,42.540000000000006,1.63397913561848,0,0,0.043478260869565216,0,0.01,1.0,Low Risk
40.63,9,13,97.5,0,4,-56.87,0.41671794871794876,0,0,0.3076923076923077,0,0.01,1.0,Low Risk
59.78,21,34,127.38,0,1,-67.6,0.46930444339770766,0,0,0.029411764705882353,0,0.01,1.0,Low Risk
56.01,11,14,124.03,0,3,-68.02000000000001,0.4515842941223897,0,0,0.21428571428571427,0,0.01,1.0,Low Risk
159.43,17,10,33.79,0,0,125.64000000000001,4.718259840189406,1,0,0.0,1,0.01,1.0,Low Risk
25.02,14,27,31.85,0,1,-6.830000000000002,0.785557299843014,0,0,0.037037037037037035,0,0.01,1.0,Low Risk
57.92,7,7,231.76,0,3,-173.83999999999997,0.2499137038315499,0,0,0.42857142857142855,0,0.01,1.0,Low Risk
77.52,12,24,22.76,0,3,54.75999999999999,3.4059753954305796,1,0,0.125,0,0.01,1.0,Low Risk
46.42,21,23,53.63,0,1,-7.210000000000001,0.8655603207160172,0,0,0.043478260869565216,0,0.01,1.0,Low Risk
22.35,3,33,121.26,0,0,-98.91,0.1843146956952004,0,1,0.0,0,0.01,1.0,Low Risk
239.99,11,14,219.53,0,0,20.460000000000008,1.0931991071835285,0,0,0.0,0,0.01,1.0,Low Risk
243.51,3,13,163.28,0,0,80.22999999999999,1.4913645271925526,0,1,0.0,0,0.01,1.0,Low Risk
232.08,21,18,114.34,0,2,117.74000000000001,2.029735875459157,1,0,0.1111111111111111,0,0.01,1.0,Low Risk
105.67,19,31,220.86,0,3,-115.19000000000001,0.47844788553835005,0,0,0.0967741935483871,0,0.01,1.0,Low Risk
41.46,6,9,103.05,1,3,-61.589999999999996,0.4023289665211063,0,0,0.3333333333333333,0,0.01,1.0,Low Risk
59.01,4,15,43.92,1,3,15.089999999999996,1.3435792349726774,0,1,0.2,0,0.01,1.0,Low Risk
47.58,3,16,49.01,0,2,-1.4299999999999997,0.9708222811671088,0,1,0.125,0,0.01,1.0,Low Risk
80.25,6,15,42.96,0,2,37.29,1.8680167597765363,0,0,0.13333333333333333,0,0.01,1.0,Low Risk
53.69,20,21,98.97,0,1,-45.28,0.5424876225118722,0,0,0.047619047619047616,0,0.01,1.0,Low Risk
289.42,7,14,327.03,0,1,-37.60999999999996,0.8849952603736662,0,0,0.07142857142857142,0,0.01,1.0,Low Risk
117.07,7,15,87.42,0,1,29.64999999999999,1.339167238618165,0,0,0.06666666666666667,0,0.01,1.0,Low Risk
164.12,4,24,33.9,0,2,130.22,4.8412979351032455,1,1,0.08333333333333333,0,0.01,1.0,Low Risk
72.99,1,1,520.21,0,1,-447.22,0.1403087214778647,0,1,1.0,0,0.01,1.0,Low Risk
60.23,9,32,70.41,0,3,-10.18,0.8554182644510723,0,0,0.09375,0,0.01,1.0,Low Risk
224.44,8,21,139.06,0,2,85.38,1.6139795771609378,0,0,0.09523809523809523,0,0.01,1.0,Low Risk
74.36,11,40,106.16,0,5,-31.799999999999997,0.7004521477015825,0,0,0.125,0,0.01,1.0,Low Risk
59.71,5,6,209.49,0,2,-149.78,0.28502553821184784,0,1,0.3333333333333333,0,0.01,1.0,Low Risk
98.22,0,20,42.44,0,0,55.78,2.314326107445806,1,1,0.0,0,0.01,1.0,Low Risk
167.0,18,9,29.76,0,0,137.24,5.611559139784946,1,0,0.0,0,0.01,1.0,Low Risk
125.12,5,30,83.73,0,1,41.39,1.4943270034635137,0,1,0.03333333333333333,0,0.01,1.0,Low Risk
152.7,10,39,112.18,0,2,40.51999999999998,1.3612052059190585,0,0,0.05128205128205128,0,0.01,1.0,Low Risk
30.17,0,1,242.53,0,2,-212.36,0.12439698181668248,0,1,2.0,0,0.01,1.0,Low Risk
52.89,13,19,198.11,1,1,-145.22000000000003,0.26697289384685274,0,0,0.05263157894736842,0,0.01,1.0,Low Risk
129.44,20,7,100.37,1,3,29.069999999999993,1.2896283750124538,0,0,0.42857142857142855,0,0.01,1.0,Low Risk
164.95,7,15,151.76,0,1,13.189999999999998,1.0869135477069056,0,0,0.06666666666666667,0,0.01,1.0,Low Risk
125.78,18,9,266.68,0,2,-140.9,0.4716514174291285,0,0,0.2222222222222222,0,0.01,1.0,Low Risk
36.35,9,34,241.93,0,3,-205.58,0.15025007233497292,0,0,0.08823529411764706,0,0.01,1.0,Low Risk
149.08,10,22,145.66,0,1,3.420000000000016,1.0234793354386928,0,0,0.045454545454545456,0,0.01,1.0,Low Risk
83.62,18,23,110.29,0,1,-26.67,0.7581829721642941,0,0,0.043478260869565216,0,0.01,1.0,Low Risk
317.22,18,19,44.63,0,2,272.59000000000003,7.107775039211293,1,0,0.10526315789473684,0,0.01,1.0,Low Risk
195.01,15,18,121.61,0,1,73.39999999999999,1.6035687854617218,0,0,0.05555555555555555,0,0.01,1.0,Low Risk
121.32,8,17,39.14,0,2,82.17999999999999,3.099642309657639,1,0,0.11764705882352941,0,0.01,1.0,Low Risk
157.85,10,21,147.93,0,4,9.919999999999987,1.0670587440005408,0,0,0.19047619047619047,0,0.01,1.0,Low Risk
14.83,10,40,124.11,0,1,-109.28,0.11949077431310934,0,0,0.025,0,0.01,1.0,Low Risk
127.52,7,14,140.02,0,1,-12.500000000000014,0.9107270389944293,0,0,0.07142857142857142,0,0.01,1.0,Low Risk
108.3,8,14,76.84,0,5,31.459999999999994,1.4094221759500258,0,0,0.35714285714285715,0,0.01,1.0,Low Risk
75.05,17,21,125.16,0,1,-50.11,0.5996324704378395,0,0,0.047619047619047616,0,0.01,1.0,Low Risk
65.61,16,16,33.6,0,2,32.01,1.9526785714285713,0,0,0.125,0,0.01,1.0,Low Risk
106.67,20,2,118.09,0,1,-11.420000000000002,0.9032940977220764,0,0,0.5,0,0.01,1.0,Low Risk
78.54,19,35,87.46,0,2,-8.919999999999987,0.8980105190944433,0,0,0.05714285714285714,0,0.01,1.0,Low Risk
110.96,4,5,351.73,0,1,-240.77000000000004,0.31546925198305514,0,1,0.2,0,0.01,1.0,Low Risk
136.79,11,28,476.72,0,1,-339.93000000000006,0.28693992280583985,0,0,0.03571428571428571,0,0.01,1.0,Low Risk
39.01,13,17,145.61,1,0,-106.60000000000002,0.26790742394066336,0,0,0.0,1,0.01,1.0,Low Risk
204.98,17,43,202.09,0,2,2.8899999999999864,1.0143005591568113,0,0,0.046511627906976744,0,0.01,1.0,Low Risk
141.79,9,28,78.66,0,3,63.129999999999995,1.8025680142384948,0,0,0.10714285714285714,0,0.01,1.0,Low Risk
110.08,5,6,122.33,0,1,-12.25,0.8998610316357394,0,1,0.16666666666666666,0,0.01,1.0,Low Risk
232.3,18,35,29.51,0,1,202.79000000000002,7.871907827854964,1,0,0.02857142857142857,0,0.01,1.0,Low Risk
185.81,22,20,97.35,0,1,88.46000000000001,1.9086800205444274,0,0,0.05,0,0.01,1.0,Low Risk
47.22,7,13,48.9,1,1,-1.6799999999999997,0.9656441717791411,0,0,0.07692307692307693,0,0.01,1.0,Low Risk
131.36,19,17,66.74,0,1,64.62000000000002,1.9682349415642797,0,0,0.058823529411764705,0,0.01,1.0,Low Risk
80.9,19,20,100.06,1,2,-19.159999999999997,0.8085148910653608,0,0,0.1,0,0.01,1.0,Low Risk
114.12,23,28,35.85,0,2,78.27000000000001,3.1832635983263597,1,1,0.07142857142857142,0,0.01,1.0,Low Risk
15.54,8,16,93.31,0,0,-77.77000000000001,0.1665416354088522,0,0,0.0,0,0.01,1.0,Low Risk
240.36,5,36,193.92,0,1,46.440000000000026,1.239480198019802,0,1,0.027777777777777776,0,0.01,1.0,Low Risk
111.39,3,14,155.45,0,0,-44.05999999999999,0.7165648118366035,0,1,0.0,0,0.01,1.0,Low Risk
116.96,14,34,226.25,1,2,-109.29,0.5169502762430939,0,0,0.058823529411764705,1,0.01,1.0,Low Risk
100.14,18,24,111.04,0,2,-10.900000000000006,0.9018371757925071,0,0,0.08333333333333333,0,0.01,1.0,Low Risk
85.97,13,13,95.73,0,1,-9.760000000000005,0.898046589365925,0,0,0.07692307692307693,0,0.01,1.0,Low Risk
141.01,11,22,262.85,0,0,-121.84000000000003,0.5364656648278485,0,0,0.0,0,0.01,1.0,Low Risk
24.78,2,12,171.78,0,0,-147.0,0.14425427872860636,0,1,0.0,0,0.01,1.0,Low Risk
69.2,12,26,91.72,1,1,-22.519999999999996,0.754470126471871,0,0,0.038461538461538464,0,0.01,1.0,Low Risk
148.86,22,15,84.72,1,2,64.14000000000001,1.7570821529745044,0,0,0.13333333333333333,0,0.01,1.0,Low Risk
127.55,17,25,67.15,0,0,60.39999999999999,1.8994787788533132,0,0,0.0,0,0.01,1.0,Low Risk
144.66,2,23,62.21,0,1,82.44999999999999,2.325349622247227,1,1,0.043478260869565216,0,0.01,1.0,Low Risk
142.17,21,25,120.44,1,1,21.72999999999999,1.1804217867817999,0,0,0.04,0,0.01,1.0,Low Risk
113.88,19,22,132.09,0,3,-18.210000000000008,0.8621394503747445,0,0,0.13636363636363635,0,0.01,1.0,Low Risk
173.52,23,20,69.46,0,3,104.06000000000002,2.498128419234092,1,1,0.15,0,0.01,1.0,Low Risk
118.29,9,3,124.51,0,1,-6.219999999999999,0.9500441731587824,0,0,0.3333333333333333,1,0.01,1.0,Low Risk
71.18,22,64,202.59,0,2,-131.41,0.3513500172762723,0,0,0.03125,0,0.01,1.0,Low Risk
276.74,10,16,80.71,0,2,196.03000000000003,3.428819229339611,1,0,0.125,0,0.01,1.0,Low Risk
157.36,17,38,62.29,0,1,95.07000000000002,2.5262481939316106,1,0,0.02631578947368421,0,0.01,1.0,Low Risk
49.6,19,6,46.05,0,0,3.5500000000000043,1.0770901194353963,0,0,0.0,0,0.01,1.0,Low Risk
61.93,23,15,97.11,0,2,-35.18,0.6377304088147462,0,1,0.13333333333333333,0,0.01,1.0,Low Risk
52.28,21,15,78.12,0,2,-25.840000000000003,0.669226830517153,0,0,0.13333333333333333,0,0.01,1.0,Low Risk
80.68,13,6,99.78,1,1,-19.099999999999994,0.808578873521748,0,0,0.16666666666666666,0,0.01,1.0,Low Risk
84.24,19,19,167.52,0,0,-83.28000000000002,0.5028653295128939,0,0,0.0,0,0.01,1.0,Low Risk
66.93,18,18,481.93,0,0,-415.0,0.13887909032432097,0,0,0.0,0,0.01,1.0,Low Risk
60.31,21,15,60.49,1,1,-0.17999999999999972,0.9970243015374443,0,0,0.06666666666666667,0,0.01,1.0,Low Risk
113.46,16,21,54.94,0,2,58.519999999999996,2.065161994903531,1,0,0.09523809523809523,0,0.01,1.0,Low Risk
49.64,19,22,113.69,0,1,-64.05,0.4366259125692673,0,0,0.045454545454545456,0,0.01,1.0,Low Risk
48.36,6,29,120.92,0,1,-72.56,0.39993384055573933,0,0,0.034482758620689655,0,0.01,1.0,Low Risk
198.73,0,15,257.15,0,0,-58.41999999999999,0.772817421738285,0,1,0.0,0,0.01,1.0,Low Risk
118.49,20,23,51.57,0,2,66.91999999999999,2.2976536746170253,1,0,0.08695652173913043,0,0.01,1.0,Low Risk
35.98,21,32,76.25,0,0,-40.27,0.47186885245901633,0,0,0.0,0,0.01,1.0,Low Risk
218.26,17,11,184.39,0,4,33.870000000000005,1.1836867509084008,0,0,0.36363636363636365,0,0.01,1.0,Low Risk
84.08,22,20,50.02,0,1,34.059999999999995,1.6809276289484205,0,0,0.05,0,0.01,1.0,Low Risk
148.54,14,28,69.61,0,3,78.92999999999999,2.133888809079155,1,0,0.10714285714285714,0,0.01,1.0,Low Risk
163.71,5,33,68.13,0,4,95.58000000000001,2.4029062087186266,1,1,0.12121212121212122,0,0.01,1.0,Low Risk
78.16,6,25,273.4,0,2,-195.23999999999998,0.2858814923189466,0,0,0.08,0,0.01,1.0,Low Risk
75.23,18,1,32.22,0,3,43.010000000000005,2.334885164494103,1,0,3.0,0,0.01,1.0,Low Risk
81.9,18,34,51.73,0,0,30.17000000000001,1.5832205683355889,0,0,0.0,0,0.01,1.0,Low Risk
148.84,19,22,71.7,0,1,77.14,2.075871687587169,1,0,0.045454545454545456,0,0.01,1.0,Low Risk
105.0,12,30,83.81,0,1,21.189999999999998,1.252833790717098,0,0,0.03333333333333333,0,0.01,1.0,Low Risk
136.69,20,14,23.61,0,2,113.08,5.789495976281237,1,0,0.14285714285714285,0,0.01,1.0,Low Risk
21.88,14,20,170.71,0,1,-148.83,0.12817058168824322,0,0,0.05,0,0.01,1.0,Low Risk
56.34,15,33,173.76,0,2,-117.41999999999999,0.3242403314917127,0,0,0.06060606060606061,0,0.01,1.0,Low Risk
122.51,10,14,287.22,0,2,-164.71000000000004,0.42653714922359165,0,0,0.14285714285714285,0,0.01,1.0,Low Risk
71.3,17,25,59.81,0,3,11.489999999999995,1.1921083430864403,0,0,0.12,0,0.01,1.0,Low Risk
73.87,18,17,90.3,0,2,-16.429999999999993,0.8180509413067554,0,0,0.11764705882352941,0,0.01,1.0,Low Risk
234.39,20,23,250.09,0,4,-15.700000000000017,0.9372225998640489,0,0,0.17391304347826086,0,0.01,1.0,Low Risk
115.81,23,21,74.68,0,1,41.129999999999995,1.55074986609534,0,1,0.047619047619047616,0,0.01,1.0,Low Risk
168.77,20,4,144.65,0,1,24.120000000000005,1.1667473211199446,0,0,0.25,0,0.01,1.0,Low Risk
123.92,12,19,93.15,0,1,30.769999999999996,1.3303274288781535,0,0,0.05263157894736842,0,0.01,1.0,Low Risk
107.99,21,22,50.91,0,3,57.08,2.121194264388136,1,0,0.13636363636363635,0,0.01,1.0,Low Risk
123.62,6,19,162.14,0,1,-38.51999999999998,0.7624275317626743,0,0,0.05263157894736842,0,0.01,1.0,Low Risk
87.06,14,12,49.94,0,0,37.120000000000005,1.7432919503404085,0,0,0.0,0,0.01,1.0,Low Risk
93.3,5,27,67.79,0,3,25.50999999999999,1.3763091901460391,0,1,0.1111111111111111,0,0.01,1.0,Low Risk
130.06,6,9,72.93,0,3,57.129999999999995,1.7833539010009596,0,0,0.3333333333333333,0,0.01,1.0,Low Risk
165.47,18,8,191.88,0,1,-26.409999999999997,0.8623618928496978,0,0,0.125,0,0.01,1.0,Low Risk
52.62,7,15,44.41,0,1,8.21,1.1848682729115065,0,0,0.06666666666666667,0,0.01,1.0,Low Risk
309.87,1,21,115.33,1,1,194.54000000000002,2.6868117575652475,1,1,0.047619047619047616,0,0.01,1.0,Low Risk
404.4,8,30,216.41,0,2,187.98999999999998,1.8686751998521325,0,0,0.06666666666666667,0,0.01,1.0,Low Risk
137.82,19,19,133.86,0,0,3.9599999999999795,1.0295831465710443,0,0,0.0,0,0.01,1.0,Low Risk
73.23,15,1,73.42,0,2,-0.18999999999999773,0.9974121492781259,0,0,2.0,0,0.01,1.0,Low Risk
59.13,20,19,111.16,0,1,-52.029999999999994,0.5319359481827997,0,0,0.05263157894736842,0,0.01,1.0,Low Risk
55.49,18,28,74.45,0,0,-18.96,0.7453324378777703,0,0,0.0,0,0.01,1.0,Low Risk
42.07,21,6,146.82,0,3,-104.75,0.28654134314126145,0,0,0.5,0,0.01,1.0,Low Risk
69.8,16,19,62.48,0,3,7.32,1.117157490396927,0,0,0.15789473684210525,0,0.01,1.0,Low Risk
97.23,19,37,159.85,0,3,-62.61999999999999,0.6082577416327808,0,0,0.08108108108108109,0,0.01,1.0,Low Risk
94.76,12,31,177.52,0,0,-82.76,0.5337990085624155,0,0,0.0,0,0.01,1.0,Low Risk
82.74,10,13,118.0,1,2,-35.260000000000005,0.7011864406779661,0,0,0.15384615384615385,0,0.01,1.0,Low Risk
75.87,14,23,71.04,0,2,4.829999999999998,1.067989864864865,0,0,0.08695652173913043,0,0.01,1.0,Low Risk
76.59,14,6,329.93,0,2,-253.34,0.23214015094110874,0,0,0.3333333333333333,0,0.01,1.0,Low Risk
89.41,8,27,150.16,0,0,-60.75,0.5954315396909963,0,0,0.0,0,0.01,1.0,Low Risk
121.77,18,31,81.07,0,2,40.7,1.5020352781546813,0,0,0.06451612903225806,0,0.01,1.0,Low Risk
109.41,8,16,135.93,0,2,-26.52000000000001,0.8048995806665195,0,0,0.125,0,0.01,1.0,Low Risk
270.27,22,30,125.28,0,2,144.98999999999998,2.1573275862068964,1,0,0.06666666666666667,0,0.01,1.0,Low Risk
86.6,23,14,154.29,0,0,-67.69,0.5612807051655972,0,1,0.0,0,0.01,1.0,Low Risk
74.86,13,21,149.52,0,3,-74.66000000000001,0.5006688068485821,0,0,0.14285714285714285,0,0.01,1.0,Low Risk
25.07,14,29,169.47,0,1,-144.4,0.1479317873369918,0,0,0.034482758620689655,0,0.01,1.0,Low Risk
233.09,0,23,91.16,0,2,141.93,2.556932865291795,1,1,0.08695652173913043,0,0.01,1.0,Low Risk
37.37,15,27,151.08,0,2,-113.71000000000001,0.24735239608154616,0,0,0.07407407407407407,0,0.01,1.0,Low Risk
51.08,9,18,63.69,0,3,-12.61,0.8020097346522217,0,0,0.16666666666666666,0,0.01,1.0,Low Risk
140.82,20,18,87.21,0,1,53.61,1.6147230822153422,0,0,0.05555555555555555,0,0.01,1.0,Low Risk
139.39,12,21,145.47,0,0,-6.0800000000000125,0.9582044407781672,0,0,0.0,0,0.01,1.0,Low Risk
39.51,4,29,156.57,0,1,-117.06,0.2523471929488408,0,1,0.034482758620689655,0,0.01,1.0,Low Risk
212.24,1,27,70.39,0,1,141.85000000000002,3.015201022872567,1,1,0.037037037037037035,0,0.01,1.0,Low Risk
44.26,10,31,495.78,0,3,-451.52,0.08927346807051514,0,0,0.0967741935483871,0,0.01,1.0,Low Risk
55.46,2,18,49.38,0,1,6.079999999999998,1.1231267719724585,0,1,0.05555555555555555,0,0.01,1.0,Low Risk
97.52,22,5,277.88,0,5,-180.36,0.35094285303008493,0,0,1.0,0,0.01,1.0,Low Risk
117.1,12,17,106.69,0,1,10.409999999999997,1.0975724060361796,0,0,0.058823529411764705,0,0.01,1.0,Low Risk
219.42,3,19,77.14,0,2,142.27999999999997,2.844438682914182,1,1,0.10526315789473684,0,0.01,1.0,Low Risk
97.43,14,22,58.68,0,1,38.75000000000001,1.6603612815269257,0,0,0.045454545454545456,0,0.01,1.0,Low Risk
73.65,15,20,77.02,0,2,-3.3699999999999903,0.9562451311347703,0,0,0.1,0,0.01,1.0,Low Risk
50.08,16,1,243.18,0,1,-193.10000000000002,0.205937988321408,0,0,1.0,0,0.01,1.0,Low Risk
47.6,22,7,111.84,1,2,-64.24000000000001,0.42560801144492133,0,0,0.2857142857142857,1,0.01,1.0,Low Risk
289.21,20,36,141.64,0,1,147.57,2.0418667043208134,1,0,0.027777777777777776,0,0.01,1.0,Low Risk
383.73,10,34,207.78,0,1,175.95000000000002,1.8468091250360958,0,0,0.029411764705882353,0,0.01,1.0,Low Risk
76.45,4,20,43.85,1,1,32.6,1.7434435575826681,0,1,0.05,0,0.01,1.0,Low Risk
102.18,13,26,103.89,1,0,-1.7099999999999937,0.9835402829916258,0,0,0.0,0,0.01,1.0,Low Risk
93.23,23,37,205.53,0,1,-112.3,0.4536077458278597,0,1,0.02702702702702703,0,0.01,1.0,Low Risk
126.62,5,22,240.79,0,0,-114.16999999999999,0.5258524025084098,0,1,0.0,0,0.01,1.0,Low Risk
112.47,19,22,133.6,0,2,-21.129999999999995,0.8418413173652695,0,0,0.09090909090909091,0,0.01,1.0,Low Risk
111.33,23,34,125.44,0,3,-14.11,0.8875159438775511,0,1,0.08823529411764706,0,0.01,1.0,Low Risk
69.45,14,36,173.0,1,4,-103.55,0.40144508670520235,0,0,0.1111111111111111,0,0.01,1.0,Low Risk
157.85,21,16,111.4,0,1,46.44999999999999,1.4169658886894074,0,0,0.0625,0,0.01,1.0,Low Risk
83.53,8,12,247.28,0,1,-163.75,0.3377952119055322,0,0,0.08333333333333333,0,0.01,1.0,Low Risk
176.88,14,31,82.27,1,1,94.61,2.149993922450468,1,0,0.03225806451612903,0,0.01,1.0,Low Risk
94.29,9,12,134.62,0,2,-40.33,0.7004159857376319,0,0,0.16666666666666666,0,0.01,1.0,Low Risk
31.83,21,6,107.36,1,1,-75.53,0.2964791356184799,0,0,0.16666666666666666,0,0.01,1.0,Low Risk
64.61,18,17,73.12,0,1,-8.510000000000005,0.8836159737417942,0,0,0.058823529411764705,0,0.01,1.0,Low Risk
346.52,6,10,60.34,0,3,286.17999999999995,5.742790851839575,1,0,0.3,0,0.01,1.0,Low Risk
93.35,2,21,74.68,0,2,18.669999999999987,1.2499999999999998,0,1,0.09523809523809523,0,0.01,1.0,Low Risk
247.01,20,29,263.12,0,1,-16.110000000000014,0.9387731833384007,0,0,0.034482758620689655,0,0.01,1.0,Low Risk
71.29,8,19,239.45,0,1,-168.15999999999997,0.297723950720401,0,0,0.05263157894736842,0,0.01,1.0,Low Risk
34.03,11,18,131.26,0,0,-97.22999999999999,0.259256437604754,0,0,0.0,0,0.01,1.0,Low Risk
55.6,21,33,157.42,0,0,-101.82,0.35319527378986154,0,0,0.0,0,0.01,1.0,Low Risk
142.22,13,17,254.36,0,2,-112.14000000000001,0.5591287938355087,0,0,0.11764705882352941,0,0.01,1.0,Low Risk
81.86,5,28,47.7,0,2,34.16,1.7161425576519915,0,1,0.07142857142857142,0,0.01,1.0,Low Risk
103.61,2,16,46.55,0,2,57.06,2.22577873254565,1,1,0.125,0,0.01,1.0,Low Risk
195.51,23,30,104.09,0,2,91.41999999999999,1.878278412911903,0,1,0.06666666666666667,0,0.01,1.0,Low Risk
28.94,20,22,83.02,0,2,-54.08,0.348590701035895,0,0,0.09090909090909091,0,0.01,1.0,Low Risk
105.02,21,4,109.33,0,2,-4.310000000000002,0.9605780664044635,0,0,0.5,0,0.01,1.0,Low Risk
185.88,7,26,166.58,0,1,19.299999999999983,1.1158602473286108,0,0,0.038461538461538464,0,0.01,1.0,Low Risk
120.89,5,29,116.19,0,2,4.700000000000003,1.0404509854548585,0,1,0.06896551724137931,0,0.01,1.0,Low Risk
58.55,19,17,87.14,1,1,-28.590000000000003,0.6719072756483819,0,0,0.058823529411764705,1,0.01,1.0,Low Risk
79.08,22,1,47.34,0,0,31.739999999999995,1.6704689480354877,0,0,0.0,0,0.01,1.0,Low Risk
78.65,14,14,56.19,1,1,22.460000000000008,1.3997152518241682,0,0,0.07142857142857142,0,0.01,1.0,Low Risk
211.24,0,9,56.55,0,0,154.69,3.7354553492484532,1,1,0.0,0,0.01,1.0,Low Risk
85.65,20,20,77.11,0,0,8.540000000000006,1.1107508753728441,0,0,0.0,0,0.005,0.5,Low Risk
91.88,11,29,125.27,0,2,-33.39,0.73345573561108,0,0,0.06896551724137931,0,0.005,0.5,Low Risk
140.48,16,14,188.14,0,0,-47.66,0.7466780057404061,0,0,0.0,0,0.005,0.5,Low Risk
103.22,6,14,199.27,1,1,-96.05000000000001,0.5179906659306468,0,0,0.07142857142857142,0,0.005,0.5,Low Risk
27.45,19,22,276.33,0,0,-248.88,0.09933774834437087,0,0,0.0,0,0.005,0.5,Low Risk
57.66,4,31,223.51,0,1,-165.85,0.2579750346740638,0,1,0.03225806451612903,0,0.005,0.5,Low Risk
269.97,8,31,263.13,0,2,6.840000000000032,1.0259947554440771,0,0,0.06451612903225806,0,0.005,0.5,Low Risk
59.5,13,8,53.52,0,1,5.979999999999997,1.1117339312406576,0,0,0.125,0,0.005,0.5,Low Risk
41.23,22,18,135.52,0,0,-94.29000000000002,0.3042355371900826,0,0,0.0,0,0.005,0.5,Low Risk
95.64,6,20,169.83,0,4,-74.19000000000001,0.5631513866807984,0,0,0.2,0,0.005,0.5,Low Risk
34.68,18,20,51.12,0,0,-16.439999999999998,0.6784037558685446,0,0,0.0,0,0.005,0.5,Low Risk
38.89,9,39,74.84,0,2,-35.95,0.519641902725815,0,0,0.05128205128205128,0,0.005,0.5,Low Risk
57.5,23,16,163.9,0,1,-106.4,0.35082367297132394,0,1,0.0625,0,0.005,0.5,Low Risk
173.78,14,19,196.65,0,0,-22.870000000000005,0.8837020086448004,0,0,0.0,0,0.005,0.5,Low Risk
110.79,17,28,72.64,0,1,38.150000000000006,1.525192731277533,0,0,0.03571428571428571,0,0.005,0.5,Low Risk
399.49,9,14,86.44,0,1,313.05,4.621587228135123,1,0,0.07142857142857142,0,0.005,0.5,Low Risk
91.96,8,4,39.6,0,1,52.35999999999999,2.322222222222222,1,0,0.25,0,0.005,0.5,Low Risk
108.22,22,11,154.32,0,3,-46.099999999999994,0.7012700881285641,0,0,0.2727272727272727,0,0.005,0.5,Low Risk
72.27,23,22,149.59,0,1,-77.32000000000001,0.4831205294471555,0,1,0.045454545454545456,0,0.005,0.5,Low Risk
214.48,14,21,141.02,0,0,73.45999999999998,1.5209190185789248,0,0,0.0,0,0.005,0.5,Low Risk
264.29,5,16,80.02,0,1,184.27000000000004,3.3027993001749567,1,1,0.0625,0,0.005,0.5,Low Risk
40.86,9,22,50.44,1,4,-9.579999999999998,0.810071371927042,0,0,0.18181818181818182,0,0.005,0.5,Low Risk
82.55,20,26,51.64,0,2,30.909999999999997,1.59856700232378,0,0,0.07692307692307693,0,0.005,0.5,Low Risk
151.5,9,14,104.78,0,1,46.72,1.44588661958389,0,0,0.07142857142857142,0,0.005,0.5,Low Risk
98.97,23,16,95.82,0,0,3.1500000000000057,1.032874139010645,0,1,0.0,0,0.005,0.5,Low Risk
53.95,3,14,139.32,0,1,-85.36999999999999,0.3872380132070055,0,1,0.07142857142857142,0,0.005,0.5,Low Risk
120.09,10,13,90.27,0,2,29.820000000000007,1.3303423064140911,0,0,0.15384615384615385,0,0.005,0.5,Low Risk
91.92,20,22,109.94,0,2,-18.019999999999996,0.836092414044024,0,0,0.09090909090909091,0,0.005,0.5,Low Risk
145.67,20,15,41.45,0,0,104.21999999999998,3.514354644149577,1,0,0.0,0,0.005,0.5,Low Risk
92.67,21,22,314.79,0,3,-222.12,0.29438673401315163,0,0,0.13636363636363635,0,0.005,0.5,Low Risk
145.65,16,37,66.82,0,2,78.83000000000001,2.179736605806645,1,0,0.05405405405405406,0,0.005,0.5,Low Risk
94.88,16,12,133.15,0,1,-38.27000000000001,0.712579797221179,0,0,0.08333333333333333,0,0.005,0.5,Low Risk
63.64,5,17,103.13,1,0,-39.489999999999995,0.6170852322311646,0,1,0.0,0,0.005,0.5,Low Risk
84.95,10,20,245.79,1,0,-160.83999999999997,0.3456202449245291,0,0,0.0,0,0.005,0.5,Low Risk
60.34,12,33,233.84,0,1,-173.5,0.25803968525487514,0,0,0.030303030303030304,0,0.005,0.5,Low Risk
67.11,0,13,188.79,0,3,-121.67999999999999,0.35547433656443667,0,1,0.23076923076923078,0,0.005,0.5,Low Risk
136.91,15,3,62.51,0,0,74.4,2.190209566469365,1,0,0.0,0,0.005,0.5,Low Risk
77.28,9,21,240.54,0,2,-163.26,0.32127712646545276,0,0,0.09523809523809523,0,0.005,0.5,Low Risk
94.14,1,10,43.47,0,1,50.67,2.1656314699792962,1,1,0.1,0,0.005,0.5,Low Risk
158.6,12,23,92.77,0,1,65.83,1.7096043979734827,0,0,0.043478260869565216,0,0.005,0.5,Low Risk
154.56,6,31,168.28,0,1,-13.719999999999999,0.9184692179700499,0,0,0.03225806451612903,0,0.005,0.5,Low Risk
59.84,9,35,96.23,0,0,-36.39,0.6218434999480411,0,0,0.0,0,0.005,0.5,Low Risk
233.09,11,25,159.01,0,0,74.08000000000001,1.465882648890007,0,0,0.0,0,0.005,0.5,Low Risk
127.83,20,18,121.79,0,1,6.039999999999992,1.049593562689876,0,0,0.05555555555555555,0,0.005,0.5,Low Risk
112.84,8,17,64.15,0,1,48.69,1.7590023382696804,0,0,0.058823529411764705,0,0.005,0.5,Low Risk
247.51,18,26,119.1,0,0,128.41,2.0781696053736356,1,0,0.0,0,0.005,0.5,Low Risk
11.04,14,33,37.28,0,1,-26.240000000000002,0.296137339055794,0,0,0.030303030303030304,0,0.005,0.5,Low Risk
38.97,13,27,43.06,0,3,-4.090000000000003,0.9050162563864375,0,0,0.1111111111111111,0,0.005,0.5,Low Risk
163.97,18,24,30.16,0,2,133.81,5.436671087533156,1,0,0.08333333333333333,0,0.005,0.5,Low Risk
38.87,3,8,137.75,0,0,-98.88,0.28217785843920146,0,1,0.0,0,0.005,0.5,Low Risk
93.15,7,22,113.18,0,3,-20.03,0.8230252694822406,0,0,0.13636363636363635,0,0.005,0.5,Low Risk
116.31,16,18,79.19,0,3,37.120000000000005,1.468746053794671,0,0,0.16666666666666666,0,0.005,0.5,Low Risk
119.69,23,9,79.99,0,4,39.7,1.4963120390048756,0,1,0.4444444444444444,0,0.005,0.5,Low Risk
68.43,2,20,217.57,0,3,-149.14,0.31451946499977024,0,1,0.15,0,0.005,0.5,Low Risk
89.73,1,28,233.68,0,0,-143.95,0.38398664840807945,0,1,0.0,0,0.005,0.5,Low Risk
33.31,7,28,84.45,0,2,-51.14,0.39443457667258736,0,0,0.07142857142857142,0,0.005,0.5,Low Risk
50.22,10,29,81.34,0,1,-31.120000000000005,0.6174084091467912,0,0,0.034482758620689655,0,0.005,0.5,Low Risk
138.12,12,23,80.24,0,2,57.88000000000001,1.7213359920239284,0,0,0.08695652173913043,0,0.005,0.5,Low Risk
140.71,18,20,212.01,0,0,-71.29999999999998,0.6636951087212868,0,0,0.0,0,0.005,0.5,Low Risk
55.82,6,41,117.74,1,1,-61.919999999999995,0.47409546458297946,0,0,0.024390243902439025,0,0.005,0.5,Low Risk
29.56,18,32,229.88,0,1,-200.32,0.12858882895423698,0,0,0.03125,0,0.005,0.5,Low Risk
37.93,7,13,37.87,0,5,0.060000000000002274,1.001584367573277,0,0,0.38461538461538464,0,0.005,0.5,Low Risk
194.31,13,13,186.22,0,0,8.090000000000003,1.0434432391794652,0,0,0.0,0,0.005,0.5,Low Risk
120.09,15,8,77.19,1,2,42.900000000000006,1.5557714729887293,0,0,0.25,0,0.005,0.5,Low Risk
200.46,19,39,138.92,0,1,61.54000000000002,1.4429887705154048,0,0,0.02564102564102564,0,0.005,0.5,Low Risk
160.14,19,22,319.47,0,0,-159.33000000000004,0.501267724668983,0,0,0.0,0,0.005,0.5,Low Risk
90.08,17,14,112.11,1,0,-22.03,0.8034965658728035,0,0,0.0,0,0.005,0.5,Low Risk
129.99,8,24,327.64,0,2,-197.64999999999998,0.3967464290074472,0,0,0.08333333333333333,0,0.005,0.5,Low Risk
138.8,3,18,203.18,0,0,-64.38,0.6831381041441087,0,1,0.0,0,0.005,0.5,Low Risk
77.0,9,28,128.25,1,0,-51.25,0.6003898635477583,0,0,0.0,0,0.005,0.5,Low Risk
203.66,12,13,292.08,0,3,-88.41999999999999,0.6972747192549986,0,0,0.23076923076923078,0,0.005,0.5,Low Risk
59.95,11,14,144.07,0,0,-84.11999999999999,0.4161171652668842,0,0,0.0,0,0.005,0.5,Low Risk
52.34,10,11,193.05,1,1,-140.71,0.2711214711214711,0,0,0.09090909090909091,0,0.005,0.5,Low Risk
233.86,19,16,67.55,0,0,166.31,3.462028127313102,1,0,0.0,0,0.005,0.5,Low Risk
139.21,16,19,331.43,1,1,-192.22,0.4200283619467158,0,0,0.05263157894736842,0,0.005,0.5,Low Risk
58.82,23,13,38.87,0,2,19.950000000000003,1.5132492925135066,0,1,0.15384615384615385,0,0.005,0.5,Low Risk
45.25,22,15,221.41,0,1,-176.16,0.20437197958538458,0,0,0.06666666666666667,0,0.005,0.5,Low Risk
166.87,20,2,74.38,0,2,92.49000000000001,2.243479429954289,1,0,1.0,0,0.005,0.5,Low Risk
58.62,6,19,155.92,1,1,-97.29999999999998,0.37596203181118526,0,0,0.05263157894736842,0,0.005,0.5,Low Risk
99.02,19,23,109.65,0,0,-10.63000000000001,0.9030551755585955,0,0,0.0,0,0.005,0.5,Low Risk
34.98,23,14,137.67,0,1,-102.69,0.2540858574852909,0,1,0.07142857142857142,0,0.005,0.5,Low Risk
33.25,5,18,146.65,0,3,-113.4,0.22673031026252982,0,1,0.16666666666666666,0,0.005,0.5,Low Risk
419.53,9,34,34.12,0,2,385.40999999999997,12.295720984759672,1,0,0.058823529411764705,1,0.005,0.5,Low Risk
160.5,10,17,158.22,0,2,2.280000000000001,1.0144103147516117,0,0,0.11764705882352941,0,0.005,0.5,Low Risk
41.8,19,13,32.21,0,2,9.589999999999996,1.2977336230984164,0,0,0.15384615384615385,0,0.005,0.5,Low Risk
25.34,6,27,183.69,0,3,-158.35,0.13794980673961565,0,0,0.1111111111111111,0,0.005,0.5,Low Risk
90.64,16,21,111.43,0,4,-20.790000000000006,0.8134254689042447,0,0,0.19047619047619047,0,0.005,0.5,Low Risk
101.94,17,16,184.65,0,0,-82.71000000000001,0.5520714865962632,0,0,0.0,0,0.005,0.5,Low Risk
97.78,5,27,190.62,0,1,-92.84,0.5129577169237226,0,1,0.037037037037037035,1,0.005,0.5,Low Risk
31.74,12,30,125.13,1,3,-93.39,0.2536561975545433,0,0,0.1,0,0.005,0.5,Low Risk
126.57,13,34,144.78,0,3,-18.210000000000008,0.8742229589722337,0,0,0.08823529411764706,0,0.005,0.5,Low Risk
44.86,22,21,75.28,0,2,-30.42,0.5959086078639745,0,0,0.09523809523809523,0,0.005,0.5,Low Risk
55.95,13,27,112.0,0,1,-56.05,0.49955357142857143,0,0,0.037037037037037035,0,0.005,0.5,Low Risk
154.81,5,30,391.08,0,2,-236.26999999999998,0.3958525109951928,0,1,0.06666666666666667,0,0.005,0.5,Low Risk
232.09,1,14,70.13,0,2,161.96,3.3094253529160134,1,1,0.14285714285714285,0,0.005,0.5,Low Risk
78.82,19,26,95.89,0,0,-17.070000000000007,0.8219835227865262,0,0,0.0,0,0.005,0.5,Low Risk
31.15,12,9,184.41,0,3,-153.26,0.1689170869258717,0,0,0.3333333333333333,0,0.005,0.5,Low Risk
97.08,9,23,107.55,0,1,-10.469999999999999,0.9026499302649931,0,0,0.043478260869565216,0,0.005,0.5,Low Risk
126.35,12,15,342.05,0,3,-215.70000000000002,0.3693904399941529,0,0,0.2,0,0.005,0.5,Low Risk
21.7,11,36,201.52,0,2,-179.82000000000002,0.10768161969035331,0,0,0.05555555555555555,0,0.005,0.5,Low Risk
33.07,10,22,76.95,0,2,-43.88,0.42975958414554905,0,0,0.09090909090909091,0,0.005,0.5,Low Risk
73.49,11,17,72.68,0,0,0.8099999999999881,1.0111447440836543,0,0,0.0,0,0.005,0.5,Low Risk
129.54,4,34,154.43,0,2,-24.890000000000015,0.838826652852425,0,1,0.058823529411764705,0,0.005,0.5,Low Risk
59.24,8,15,76.92,1,2,-17.68,0.7701508060322413,0,0,0.13333333333333333,0,0.005,0.5,Low Risk
70.28,17,14,162.01,0,1,-91.72999999999999,0.43380038269242643,0,0,0.07142857142857142,0,0.005,0.5,Low Risk
41.96,10,12,150.84,0,3,-108.88,0.2781755502519226,0,0,0.25,0,0.005,0.5,Low Risk
82.07,22,11,99.48,0,0,-17.41000000000001,0.8249899477281865,0,0,0.0,0,0.005,0.5,Low Risk
62.72,22,26,47.89,0,0,14.829999999999998,1.3096679891417833,0,0,0.0,0,0.005,0.5,Low Risk
16.13,20,15,54.04,0,4,-37.91,0.2984826054774241,0,0,0.26666666666666666,0,0.005,0.5,Low Risk
62.85,23,15,174.92,0,4,-112.07,0.3593071118225475,0,1,0.26666666666666666,0,0.005,0.5,Low Risk
102.55,9,17,44.88,0,1,57.669999999999995,2.2849821746880568,1,0,0.058823529411764705,0,0.005,0.5,Low Risk
104.64,2,31,68.96,0,2,35.68000000000001,1.5174013921113692,0,1,0.06451612903225806,0,0.005,0.5,Low Risk
39.53,11,27,188.56,0,4,-149.03,0.20964149342384386,0,0,0.14814814814814814,0,0.005,0.5,Low Risk
62.66,8,12,116.6,0,1,-53.94,0.537392795883362,0,0,0.08333333333333333,0,0.005,0.5,Low Risk
47.34,10,34,69.54,0,3,-22.200000000000003,0.6807592752372735,0,0,0.08823529411764706,0,0.005,0.5,Low Risk
124.11,9,5,247.84,0,1,-123.73,0.5007666236281472,0,0,0.2,0,0.005,0.5,Low Risk
74.85,8,16,43.61,0,3,31.239999999999995,1.7163494611327677,0,0,0.1875,0,0.005,0.5,Low Risk
166.81,15,35,127.21,0,1,39.60000000000001,1.3112962817388572,0,0,0.02857142857142857,0,0.005,0.5,Low Risk
58.38,20,1,102.52,0,1,-44.13999999999999,0.5694498634412798,0,0,1.0,0,0.005,0.5,Low Risk
48.99,19,24,131.4,0,0,-82.41,0.3728310502283105,0,0,0.0,0,0.005,0.5,Low Risk
118.57,12,21,107.34,1,2,11.22999999999999,1.1046208310042853,0,0,0.09523809523809523,0,0.005,0.5,Low Risk
154.36,21,28,21.66,0,1,132.70000000000002,7.126500461680518,1,0,0.03571428571428571,0,0.005,0.5,Low Risk
102.56,17,15,93.74,0,0,8.820000000000007,1.0940900362705357,0,0,0.0,0,0.005,0.5,Low Risk
247.53,18,32,105.16,0,1,142.37,2.3538417649296313,1,0,0.03125,0,0.005,0.5,Low Risk
79.61,15,20,107.82,0,1,-28.209999999999994,0.7383602300129847,0,0,0.05,0,0.005,0.5,Low Risk
219.93,5,11,73.02,0,1,146.91000000000003,3.011914543960559,1,1,0.09090909090909091,0,0.005,0.5,Low Risk
26.75,15,19,126.1,0,0,-99.35,0.21213322759714512,0,0,0.0,0,0.005,0.5,Low Risk
76.46,13,13,111.14,0,0,-34.68000000000001,0.6879611301061723,0,0,0.0,0,0.005,0.5,Low Risk
147.76,17,19,112.69,0,1,35.06999999999999,1.3112077380424172,0,0,0.05263157894736842,0,0.005,0.5,Low Risk
165.05,17,21,424.27,0,3,-259.21999999999997,0.3890211421971858,0,0,0.14285714285714285,0,0.005,0.5,Low Risk
88.01,14,29,335.17,0,3,-247.16000000000003,0.26258316675120086,0,0,0.10344827586206896,0,0.005,0.5,Low Risk
132.38,16,16,166.13,0,2,-33.75,0.796845843616445,0,0,0.125,0,0.005,0.5,Low Risk
40.21,12,18,220.77,0,3,-180.56,0.1821352538841328,0,0,0.16666666666666666,0,0.005,0.5,Low Risk
137.85,11,22,201.16,0,1,-63.31,0.6852754026645456,0,0,0.045454545454545456,0,0.005,0.5,Low Risk
136.49,5,25,159.47,0,1,-22.97999999999999,0.8558976610020694,0,1,0.04,0,0.005,0.5,Low Risk
69.81,3,18,144.7,0,1,-74.88999999999999,0.48244644091223227,0,1,0.05555555555555555,0,0.005,0.5,Low Risk
99.96,7,7,102.63,0,1,-2.6700000000000017,0.9739842151417714,0,0,0.14285714285714285,0,0.005,0.5,Low Risk
68.46,21,6,58.03,0,0,10.429999999999993,1.1797346200241252,0,0,0.0,0,0.005,0.5,Low Risk
47.74,20,11,90.6,0,0,-42.85999999999999,0.5269315673289183,0,0,0.0,0,0.005,0.5,Low Risk
58.05,10,25,154.31,0,1,-96.26,0.3761907847838766,0,0,0.04,0,0.005,0.5,Low Risk
32.35,2,18,117.89,1,6,-85.53999999999999,0.2744083467639325,0,1,0.3333333333333333,1,0.005,0.5,Low Risk
155.52,12,8,133.14,0,2,22.380000000000024,1.16809373591708,0,0,0.25,0,0.005,0.5,Low Risk
211.02,16,4,220.2,0,1,-9.179999999999978,0.9583106267029974,0,0,0.25,0,0.005,0.5,Low Risk
229.39,23,21,115.84,0,2,113.54999999999998,1.98023135359116,0,1,0.09523809523809523,0,0.005,0.5,Low Risk
146.66,21,33,21.87,0,3,124.78999999999999,6.705989940557841,1,0,0.09090909090909091,0,0.005,0.5,Low Risk
203.72,14,20,328.09,0,1,-124.36999999999998,0.6209271846139779,0,0,0.05,0,0.005,0.5,Low Risk
39.05,6,20,158.29,0,0,-119.24,0.24669909659485753,0,0,0.0,0,0.005,0.5,Low Risk
74.9,22,1,188.34,0,1,-113.44,0.39768503769778063,0,0,1.0,0,0.005,0.5,Low Risk
87.65,7,35,539.79,1,0,-452.14,0.16237796179995925,0,0,0.0,0,0.005,0.5,Low Risk
65.35,21,22,68.05,0,3,-2.700000000000003,0.9603232916972814,0,0,0.13636363636363635,0,0.005,0.5,Low Risk
57.41,9,26,33.64,0,0,23.769999999999996,1.7065992865636146,0,0,0.0,0,0.005,0.5,Low Risk
82.12,22,31,129.82,1,1,-47.69999999999999,0.6325681713141273,0,0,0.03225806451612903,0,0.005,0.5,Low Risk
58.5,16,22,125.93,0,2,-67.43,0.46454379417136504,0,0,0.09090909090909091,0,0.005,0.5,Low Risk
106.91,19,30,156.79,1,3,-49.879999999999995,0.6818674660373748,0,0,0.1,0,0.005,0.5,Low Risk
63.62,22,15,52.75,0,5,10.869999999999997,1.2060663507109004,0,0,0.3333333333333333,0,0.005,0.5,Low Risk
14.24,9,17,188.8,0,2,-174.56,0.07542372881355931,0,0,0.11764705882352941,0,0.005,0.5,Low Risk
51.59,9,27,112.17,0,1,-60.58,0.4599268966746902,0,0,0.037037037037037035,0,0.005,0.5,Low Risk
38.2,17,3,75.63,1,1,-37.42999999999999,0.5050905725241307,0,0,0.3333333333333333,0,0.005,0.5,Low Risk
179.86,11,6,166.27,0,3,13.590000000000003,1.0817345281770614,0,0,0.5,0,0.005,0.5,Low Risk
90.84,10,25,140.11,0,2,-49.27000000000001,0.6483477267860966,0,0,0.08,0,0.005,0.5,Low Risk
246.9,18,31,228.17,0,1,18.730000000000018,1.082087916904063,0,0,0.03225806451612903,0,0.005,0.5,Low Risk
325.12,7,13,43.34,0,0,281.78,7.501615136132902,1,0,0.0,0,0.005,0.5,Low Risk
166.29,0,14,32.86,0,0,133.43,5.060559951308582,1,1,0.0,0,0.005,0.5,Low Risk
141.07,19,29,91.41,0,0,49.66,1.5432666010283338,0,0,0.0,0,0.005,0.5,Low Risk
241.82,21,33,114.49,0,2,127.33,2.1121495327102804,1,0,0.06060606060606061,0,0.005,0.5,Low Risk
61.48,14,27,239.89,1,0,-178.41,0.25628413022635377,0,0,0.0,0,0.005,0.5,Low Risk
80.83,18,19,41.86,1,0,38.97,1.9309603440038223,0,0,0.0,0,0.005,0.5,Low Risk
82.38,14,34,99.41,1,2,-17.03,0.8286892666733728,0,0,0.058823529411764705,0,0.005,0.5,Low Risk
94.77,22,28,60.78,0,3,33.989999999999995,1.5592300098716683,0,0,0.10714285714285714,0,0.005,0.5,Low Risk
69.07,4,2,31.56,0,1,37.50999999999999,2.188529784537389,1,1,0.5,0,0.005,0.5,Low Risk
142.68,14,20,78.49,0,1,64.19000000000001,1.8178111861383617,0,0,0.05,0,0.005,0.5,Low Risk
143.98,21,34,86.68,1,0,57.29999999999998,1.661052145823719,0,0,0.0,0,0.005,0.5,Low Risk
37.87,9,1,129.98,1,0,-92.10999999999999,0.29135251577165716,0,0,0.0,0,0.005,0.5,Low Risk
126.43,20,17,78.89,0,1,47.540000000000006,1.602611230827735,0,0,0.058823529411764705,0,0.005,0.5,Low Risk
88.11,13,27,133.12,0,1,-45.010000000000005,0.6618840144230769,0,0,0.037037037037037035,0,0.005,0.5,Low Risk
93.06,14,28,171.02,0,2,-77.96000000000001,0.5441468834054496,0,0,0.07142857142857142,0,0.005,0.5,Low Risk
126.74,4,25,117.82,0,0,8.920000000000002,1.0757087081989476,0,1,0.0,0,0.005,0.5,Low Risk
570.51,16,29,219.66,0,0,350.85,2.5972411909314395,1,0,0.0,0,0.005,0.5,Low Risk
59.48,19,20,100.95,0,1,-41.470000000000006,0.5892025755324417,0,0,0.05,0,0.005,0.5,Low Risk
42.29,8,22,80.11,0,1,-37.82,0.527899138684309,0,0,0.045454545454545456,0,0.005,0.5,Low Risk
56.96,8,17,41.43,0,1,15.530000000000001,1.3748491431329954,0,0,0.058823529411764705,0,0.005,0.5,Low Risk
207.02,18,21,116.44,0,0,90.58000000000001,1.7779113706630025,0,0,0.0,0,0.005,0.5,Low Risk
22.55,1,4,394.45,0,1,-371.9,0.05716820889846622,0,1,0.25,0,0.005,0.5,Low Risk
96.85,12,20,133.77,0,0,-36.920000000000016,0.7240038872691933,0,0,0.0,0,0.005,0.5,Low Risk
99.19,10,14,115.0,0,1,-15.810000000000002,0.8625217391304347,0,0,0.07142857142857142,0,0.005,0.5,Low Risk
66.97,7,5,118.5,1,0,-51.53,0.5651476793248945,0,0,0.0,0,0.005,0.5,Low Risk
96.27,5,10,111.09,0,1,-14.820000000000007,0.8665946529840669,0,1,0.1,0,0.005,0.5,Low Risk
317.12,13,8,116.12,0,1,201.0,2.730967964174991,1,0,0.125,0,0.005,0.5,Low Risk
133.29,20,4,96.61,1,0,36.67999999999999,1.379670841527792,0,0,0.0,0,0.005,0.5,Low Risk
150.24,19,15,132.8,0,0,17.439999999999998,1.1313253012048192,0,0,0.0,0,0.005,0.5,Low Risk
153.08,14,26,62.04,0,1,91.04000000000002,2.4674403610573825,1,0,0.038461538461538464,0,0.005,0.5,Low Risk
90.35,15,2,111.29,0,1,-20.940000000000012,0.8118429328780662,0,0,0.5,0,0.005,0.5,Low Risk
198.78,12,16,113.26,0,2,85.52,1.7550768144093236,0,0,0.125,0,0.005,0.5,Low Risk
56.11,20,26,154.82,0,1,-98.71,0.3624208758558326,0,0,0.038461538461538464,0,0.005,0.5,Low Risk
186.88,18,21,95.95,0,1,90.92999999999999,1.9476810838978633,0,0,0.047619047619047616,0,0.005,0.5,Low Risk
150.95,18,24,170.88,0,2,-19.930000000000007,0.8833684456928839,0,0,0.08333333333333333,0,0.005,0.5,Low Risk
103.79,11,22,122.66,0,2,-18.86999999999999,0.8461601173976847,0,0,0.09090909090909091,0,0.005,0.5,Low Risk
21.56,5,24,163.4,0,1,-141.84,0.13194614443084454,0,1,0.041666666666666664,0,0.005,0.5,Low Risk
98.39,9,33,124.04,0,1,-25.650000000000006,0.7932118671396323,0,0,0.030303030303030304,0,0.005,0.5,Low Risk
267.05,17,23,112.89,0,2,154.16000000000003,2.365577110461511,1,0,0.08695652173913043,0,0.005,0.5,Low Risk
119.96,15,1,83.23,0,0,36.72999999999999,1.4413072209539828,0,0,0.0,0,0.005,0.5,Low Risk
51.55,21,10,238.68,0,2,-187.13,0.21597955421484832,0,0,0.2,0,0.005,0.5,Low Risk
327.13,2,40,76.75,0,3,250.38,4.26228013029316,1,1,0.075,0,0.005,0.5,Low Risk
193.18,1,13,66.3,0,1,126.88000000000001,2.9137254901960787,1,1,0.07692307692307693,0,0.005,0.5,Low Risk
25.06,21,23,79.15,0,0,-54.09,0.3166140240050537,0,0,0.0,0,0.005,0.5,Low Risk
45.35,18,32,71.1,0,2,-25.749999999999993,0.6378340365682138,0,0,0.0625,0,0.005,0.5,Low Risk
95.74,8,26,141.17,0,2,-45.42999999999999,0.6781894170149465,0,0,0.07692307692307693,0,0.005,0.5,Low Risk
367.99,13,32,112.84,0,2,255.15,3.261166253101737,1,0,0.0625,0,0.005,0.5,Low Risk
55.34,17,6,41.54,1,0,13.800000000000004,1.3322099181511797,0,0,0.0,0,0.005,0.5,Low Risk
30.98,19,22,68.29,0,0,-37.31,0.4536535363889295,0,0,0.0,0,0.005,0.5,Low Risk
41.86,20,34,209.8,0,3,-167.94,0.19952335557673972,0,0,0.08823529411764706,0,0.005,0.5,Low Risk
73.22,9,22,76.92,0,0,-3.700000000000003,0.9518980759230369,0,0,0.0,0,0.005,0.5,Low Risk
266.21,18,7,38.84,0,0,227.36999999999998,6.854016477857877,1,0,0.0,0,0.005,0.5,Low Risk
55.41,7,23,246.26,0,0,-190.85,0.2250060911232031,0,0,0.0,0,0.005,0.5,Low Risk
180.96,3,5,205.3,0,0,-24.340000000000003,0.8814417924987823,0,1,0.0,0,0.005,0.5,Low Risk
78.53,19,30,89.5,0,2,-10.969999999999999,0.8774301675977654,0,0,0.06666666666666667,0,0.005,0.5,Low Risk
96.66,5,7,122.89,1,2,-26.230000000000004,0.7865570835706729,0,1,0.2857142857142857,0,0.005,0.5,Low Risk
215.75,4,15,48.71,0,2,167.04,4.429275302812564,1,1,0.13333333333333333,0,0.005,0.5,Low Risk
63.6,4,29,373.99,0,1,-310.39,0.1700580229417899,0,1,0.034482758620689655,0,0.005,0.5,Low Risk
142.71,13,21,186.1,0,2,-43.389999999999986,0.7668457818377217,0,0,0.09523809523809523,0,0.005,0.5,Low Risk
232.91,23,31,98.96,0,2,133.95,2.353577202910267,1,1,0.06451612903225806,0,0.005,0.5,Low Risk
140.56,10,23,60.65,0,2,79.91,2.317559769167354,1,0,0.08695652173913043,0,0.005,0.5,Low Risk
114.17,8,7,126.87,0,1,-12.700000000000003,0.8998975329077008,0,0,0.14285714285714285,0,0.005,0.5,Low Risk
80.64,12,13,57.31,0,0,23.33,1.40708427848543,0,0,0.0,0,0.005,0.5,Low Risk
58.82,5,6,65.41,0,2,-6.589999999999996,0.8992508790704786,0,1,0.3333333333333333,0,0.005,0.5,Low Risk
151.94,17,31,65.02,0,0,86.92,2.336819440172255,1,0,0.0,0,0.005,0.5,Low Risk
17.49,14,35,106.32,0,3,-88.83,0.16450338600451467,0,0,0.08571428571428572,0,0.005,0.5,Low Risk
22.12,10,6,106.62,1,0,-84.5,0.20746576627274432,0,0,0.0,0,0.005,0.5,Low Risk
151.24,2,16,117.83,0,2,33.41000000000001,1.2835440889416958,0,1,0.125,0,0.005,0.5,Low Risk
95.66,23,21,158.18,0,1,-62.52000000000001,0.6047540776330762,0,1,0.047619047619047616,0,0.005,0.5,Low Risk
59.86,14,7,148.42,0,2,-88.55999999999999,0.40331491712707185,0,0,0.2857142857142857,0,0.005,0.5,Low Risk
141.13,11,31,48.18,0,0,92.94999999999999,2.9292237442922375,1,0,0.0,0,0.005,0.5,Low Risk
160.53,8,26,277.22,0,4,-116.69000000000003,0.5790707741144218,0,0,0.15384615384615385,0,0.005,0.5,Low Risk
57.07,18,25,182.04,1,0,-124.97,0.3135025269171611,0,0,0.0,0,0.005,0.5,Low Risk
72.73,12,39,151.89,0,1,-79.15999999999998,0.4788333662518929,0,0,0.02564102564102564,0,0.005,0.5,Low Risk
80.62,10,22,115.36,0,1,-34.739999999999995,0.6988557558945909,0,0,0.045454545454545456,0,0.005,0.5,Low Risk
97.95,12,9,383.0,0,2,-285.05,0.25574412532637075,0,0,0.2222222222222222,0,0.005,0.5,Low Risk
14.48,5,8,124.24,0,0,-109.75999999999999,0.11654861558274308,0,1,0.0,0,0.005,0.5,Low Risk
100.88,9,11,236.6,0,3,-135.72,0.42637362637362636,0,0,0.2727272727272727,0,0.005,0.5,Low Risk
98.52,15,8,144.86,0,1,-46.34000000000002,0.6801049288968658,0,0,0.125,0,0.005,0.5,Low Risk
91.98,3,21,46.5,0,1,45.480000000000004,1.9780645161290324,0,1,0.047619047619047616,0,0.005,0.5,Low Risk
267.95,15,30,299.87,0,1,-31.920000000000016,0.8935538733451162,0,0,0.03333333333333333,0,0.005,0.5,Low Risk
91.15,22,11,94.67,0,3,-3.519999999999996,0.9628182106263864,0,0,0.2727272727272727,0,0.005,0.5,Low Risk
79.25,9,21,112.93,0,2,-33.68000000000001,0.7017621535464447,0,0,0.09523809523809523,0,0.005,0.5,Low Risk
102.69,15,27,174.92,0,2,-72.22999999999999,0.5870683741138807,0,0,0.07407407407407407,0,0.005,0.5,Low Risk
23.92,8,18,145.18,0,1,-121.26,0.16476098636175782,0,0,0.05555555555555555,0,0.005,0.5,Low Risk
110.3,20,15,49.11,0,1,61.19,2.2459784158012623,1,0,0.06666666666666667,0,0.005,0.5,Low Risk
88.25,8,6,61.33,0,2,26.92,1.438936898744497,0,0,0.3333333333333333,0,0.005,0.5,Low Risk
53.61,19,27,99.05,0,0,-45.44,0.5412417970721858,0,0,0.0,0,0.005,0.5,Low Risk
220.22,6,18,281.75,0,0,-61.53,0.7816149068322982,0,0,0.0,0,0.005,0.5,Low Risk
43.6,20,4,307.02,0,1,-263.41999999999996,0.14201029248908867,0,0,0.25,0,0.005,0.5,Low Risk
84.42,17,36,86.76,0,0,-2.3400000000000034,0.9730290456431535,0,0,0.0,0,0.005,0.5,Low Risk
36.72,10,29,237.75,0,3,-201.03,0.15444794952681387,0,0,0.10344827586206896,0,0.005,0.5,Low Risk
276.11,9,24,131.31,0,0,144.8,2.102733988272028,1,0,0.0,0,0.005,0.5,Low Risk
70.32,11,28,130.15,0,0,-59.83000000000001,0.5402996542451017,0,0,0.0,0,0.005,0.5,Low Risk
67.84,11,23,143.3,0,2,-75.46000000000001,0.47341242149337054,0,0,0.08695652173913043,0,0.005,0.5,Low Risk
75.78,13,28,108.28,1,2,-32.5,0.6998522349464352,0,0,0.07142857142857142,0,0.005,0.5,Low Risk
121.47,21,31,129.95,0,5,-8.47999999999999,0.9347441323585995,0,0,0.16129032258064516,0,0.005,0.5,Low Risk
250.29,12,21,392.79,0,1,-142.50000000000003,0.6372107232872527,0,0,0.047619047619047616,0,0.005,0.5,Low Risk
77.62,9,19,135.07,0,1,-57.44999999999999,0.5746649885244689,0,0,0.05263157894736842,0,0.005,0.5,Low Risk
107.69,18,12,115.89,0,0,-8.200000000000003,0.9292432479074985,0,0,0.0,0,0.005,0.5,Low Risk
138.49,4,1,431.55,0,1,-293.06,0.3209129880662728,0,1,1.0,0,0.005,0.5,Low Risk
227.74,3,23,68.8,0,2,158.94,3.3101744186046513,1,1,0.08695652173913043,0,0.005,0.5,Low Risk
143.66,22,28,66.29,0,0,77.36999999999999,2.1671443656660125,1,0,0.0,0,0.005,0.5,Low Risk
41.57,4,12,89.82,0,0,-48.24999999999999,0.4628145179247384,0,1,0.0,0,0.005,0.5,Low Risk
369.09,6,15,45.84,0,2,323.25,8.051701570680628,1,0,0.13333333333333333,0,0.005,0.5,Low Risk
59.07,15,31,158.52,0,0,-99.45000000000002,0.37263436790310367,0,0,0.0,0,0.005,0.5,Low Risk
196.43,2,12,208.52,0,0,-12.090000000000003,0.9420199501246883,0,1,0.0,0,0.005,0.5,Low Risk
64.04,11,24,69.83,0,0,-5.789999999999992,0.917084347701561,0,0,0.0,0,0.005,0.5,Low Risk
180.72,10,23,217.35,0,0,-36.629999999999995,0.8314699792960663,0,0,0.0,0,0.005,0.5,Low Risk
281.29,22,17,94.89,0,1,186.40000000000003,2.9643798081989674,1,0,0.058823529411764705,0,0.005,0.5,Low Risk
141.84,21,18,80.73,0,0,61.11,1.7569676700111483,0,0,0.0,0,0.005,0.5,Low Risk
46.92,12,31,77.85,0,1,-30.929999999999993,0.6026974951830444,0,0,0.03225806451612903,0,0.005,0.5,Low Risk
36.29,7,13,73.24,0,1,-36.949999999999996,0.4954942654287275,0,0,0.07692307692307693,0,0.005,0.5,Low Risk
77.71,14,28,127.31,0,0,-49.60000000000001,0.6103998114837796,0,0,0.0,0,0.005,0.5,Low Risk
31.26,19,30,37.42,1,1,-6.16,0.8353821485836451,0,0,0.03333333333333333,0,0.005,0.5,Low Risk
59.26,23,6,148.66,0,1,-89.4,0.3986277411543118,0,1,0.16666666666666666,0,0.005,0.5,Low Risk
221.34,17,25,209.24,0,1,12.099999999999994,1.0578283311030396,0,0,0.04,0,0.005,0.5,Low Risk
159.96,20,2,133.55,0,0,26.409999999999997,1.1977536503182329,0,0,0.0,0,0.005,0.5,Low Risk
143.91,21,31,79.09,0,3,64.82,1.8195726387659628,0,0,0.0967741935483871,0,0.005,0.5,Low Risk
48.23,22,27,60.45,0,3,-12.220000000000006,0.7978494623655913,0,0,0.1111111111111111,0,0.005,0.5,Low Risk
129.5,21,19,97.71,0,2,31.790000000000006,1.3253505270699009,0,0,0.10526315789473684,0,0.005,0.5,Low Risk
44.38,22,23,105.01,0,2,-60.63,0.42262641653175886,0,0,0.08695652173913043,0,0.005,0.5,Low Risk
66.94,4,19,105.85,0,1,-38.91,0.6324043457723193,0,1,0.05263157894736842,0,0.005,0.5,Low Risk
59.22,22,4,302.11,0,2,-242.89000000000001,0.19602131673893614,0,0,0.5,0,0.005,0.5,Low Risk
49.84,18,24,224.63,0,2,-174.79,0.2218759738236211,0,0,0.08333333333333333,0,0.005,0.5,Low Risk
26.96,2,1,87.57,0,2,-60.60999999999999,0.3078679913212288,0,1,2.0,0,0.005,0.5,Low Risk
38.65,17,12,199.74,0,0,-161.09,0.1935015520176229,0,0,0.0,0,0.005,0.5,Low Risk
57.71,6,10,229.91,0,4,-172.2,0.2510112652777174,0,0,0.4,0,0.005,0.5,Low Risk
279.68,12,1,47.65,0,0,232.03,5.869464847848898,1,0,0.0,0,0.005,0.5,Low Risk
61.42,17,31,158.15,0,0,-96.73,0.3883654758141005,0,0,0.0,0,0.005,0.5,Low Risk
44.9,16,20,141.44,0,5,-96.53999999999999,0.3174490950226244,0,0,0.25,0,0.005,0.5,Low Risk
55.33,2,34,267.89,0,1,-212.56,0.20653999776027474,0,1,0.029411764705882353,0,0.005,0.5,Low Risk
79.72,5,29,85.15,0,1,-5.430000000000007,0.9362301820317087,0,1,0.034482758620689655,0,0.005,0.5,Low Risk
121.52,3,13,273.46,0,0,-151.94,0.444379433920866,0,1,0.0,0,0.005,0.5,Low Risk
59.28,8,29,207.13,0,4,-147.85,0.28619707430116353,0,0,0.13793103448275862,0,0.005,0.5,Low Risk
28.41,21,31,48.3,0,1,-19.889999999999997,0.5881987577639752,0,0,0.03225806451612903,0,0.005,0.5,Low Risk
36.96,5,8,138.84,0,2,-101.88,0.2662057044079516,0,1,0.25,0,0.005,0.5,Low Risk
364.72,21,26,82.72,0,0,282.0,4.409090909090909,1,0,0.0,0,0.005,0.5,Low Risk
241.77,18,23,68.7,0,1,173.07,3.519213973799127,1,0,0.043478260869565216,0,0.005,0.5,Low Risk
204.86,9,22,99.77,0,1,105.09000000000002,2.0533226420767767,1,0,0.045454545454545456,0,0.005,0.5,Low Risk
64.92,4,23,284.78,0,1,-219.85999999999996,0.22796544701172838,0,1,0.043478260869565216,0,0.005,0.5,Low Risk
45.9,19,17,120.63,0,5,-74.72999999999999,0.38050236259636905,0,0,0.29411764705882354,0,0.005,0.5,Low Risk
368.17,13,22,152.97,0,0,215.20000000000002,2.406811793162058,1,0,0.0,0,0.005,0.5,Low Risk
120.33,9,35,195.26,0,2,-74.92999999999999,0.6162552494110417,0,0,0.05714285714285714,0,0.005,0.5,Low Risk
113.92,21,27,99.69,1,1,14.230000000000004,1.142742501755442,0,0,0.037037037037037035,0,0.005,0.5,Low Risk
30.58,1,2,84.56,0,1,-53.980000000000004,0.3616367076631977,0,1,0.5,0,0.005,0.5,Low Risk
60.48,18,13,169.33,0,2,-108.85000000000002,0.3571723852831748,0,0,0.15384615384615385,0,0.005,0.5,Low Risk
240.15,16,25,70.32,0,1,169.83,3.415102389078499,1,0,0.04,0,0.005,0.5,Low Risk
53.49,23,16,120.82,0,0,-67.32999999999998,0.44272471445124983,0,1,0.0,0,0.005,0.5,Low Risk
61.0,17,28,65.46,0,1,-4.459999999999994,0.9318667888787047,0,0,0.03571428571428571,0,0.005,0.5,Low Risk
160.46,22,3,153.1,0,3,7.360000000000014,1.048073154800784,0,0,1.0,0,0.005,0.5,Low Risk
450.84,7,17,219.62,0,1,231.21999999999997,2.052818504689919,1,0,0.058823529411764705,0,0.005,0.5,Low Risk
84.59,3,17,103.2,0,1,-18.61,0.819670542635659,0,1,0.058823529411764705,0,0.005,0.5,Low Risk
67.84,20,34,43.07,0,0,24.770000000000003,1.5751102855816115,0,0,0.0,0,0.005,0.5,Low Risk
108.87,6,17,168.75,0,0,-59.879999999999995,0.6451555555555556,0,0,0.0,0,0.005,0.5,Low Risk
226.98,8,20,83.26,0,1,143.71999999999997,2.726159019937545,1,0,0.05,0,0.005,0.5,Low Risk
33.3,17,12,65.9,0,0,-32.60000000000001,0.5053110773899847,0,0,0.0,0,0.005,0.5,Low Risk
209.26,18,20,195.85,0,3,13.409999999999997,1.0684707684452386,0,0,0.15,0,0.005,0.5,Low Risk
93.23,19,15,165.91,0,1,-72.67999999999999,0.5619311675004521,0,0,0.06666666666666667,0,0.005,0.5,Low Risk
55.08,21,27,78.84,0,0,-23.760000000000005,0.6986301369863013,0,0,0.0,0,0.005,0.5,Low Risk
35.17,16,30,82.25,0,1,-47.08,0.4275987841945289,0,0,0.03333333333333333,0,0.005,0.5,Low Risk
24.67,12,28,50.62,0,3,-25.949999999999996,0.4873567759778744,0,0,0.10714285714285714,0,0.005,0.5,Low Risk
148.05,19,8,57.21,0,2,90.84,2.587834294703723,1,0,0.25,0,0.005,0.5,Low Risk
121.72,22,17,51.74,0,1,69.97999999999999,2.3525318902203325,1,0,0.058823529411764705,0,0.005,0.5,Low Risk
371.05,12,8,140.09,0,0,230.96,2.6486544364337212,1,0,0.0,0,0.005,0.5,Low Risk
67.88,16,27,182.59,0,2,-114.71000000000001,0.3717618708582069,0,0,0.07407407407407407,0,0.005,0.5,Low Risk
123.85,18,31,201.31,0,1,-77.46000000000001,0.6152203069892206,0,0,0.03225806451612903,0,0.005,0.5,Low Risk
106.11,14,7,122.42,0,0,-16.310000000000002,0.8667701355987584,0,0,0.0,0,0.005,0.5,Low Risk
34.92,18,1,190.29,0,2,-155.37,0.18350938041935994,0,0,2.0,0,0.005,0.5,Low Risk
86.35,11,30,104.3,0,0,-17.950000000000003,0.8279002876318312,0,0,0.0,0,0.005,0.5,Low Risk
59.32,18,29,116.57,0,0,-57.24999999999999,0.5088787852792314,0,0,0.0,0,0.005,0.5,Low Risk
94.85,2,13,242.88,0,0,-148.03,0.3905220685111989,0,1,0.0,0,0.005,0.5,Low Risk
117.91,8,23,151.72,0,2,-33.81,0.777155286053256,0,0,0.08695652173913043,0,0.005,0.5,Low Risk
47.39,12,22,132.23,0,2,-84.83999999999999,0.35839068290100584,0,0,0.09090909090909091,0,0.005,0.5,Low Risk
94.7,16,4,65.85,0,1,28.85000000000001,1.4381169324221719,0,0,0.25,0,0.005,0.5,Low Risk
24.84,21,31,117.13,0,0,-92.28999999999999,0.2120720566891488,0,0,0.0,0,0.005,0.5,Low Risk
90.81,2,7,33.64,0,1,57.17,2.699464922711058,1,1,0.14285714285714285,0,0.005,0.5,Low Risk
65.29,5,4,37.01,0,1,28.28000000000001,1.764117805998379,0,1,0.25,0,0.005,0.5,Low Risk
97.01,15,10,38.18,0,1,58.830000000000005,2.540859088528025,1,0,0.1,0,0.005,0.5,Low Risk
452.92,16,30,67.25,0,2,385.67,6.734869888475837,1,0,0.06666666666666667,0,0.005,0.5,Low Risk
65.36,1,19,150.84,0,3,-85.48,0.4333068151683903,0,1,0.15789473684210525,0,0.005,0.5,Low Risk
270.3,15,26,88.38,0,0,181.92000000000002,3.0583842498302785,1,0,0.0,0,0.005,0.5,Low Risk
129.61,12,20,257.32,0,0,-127.70999999999998,0.5036919011347739,0,0,0.0,0,0.005,0.5,Low Risk
113.11,10,3,51.69,0,1,61.42,2.188237570129619,1,0,0.3333333333333333,0,0.005,0.5,Low Risk
64.71,19,15,95.43,0,1,-30.720000000000013,0.6780886513674944,0,0,0.06666666666666667,0,0.005,0.5,Low Risk
59.1,19,23,121.7,0,2,-62.6,0.485620377978636,0,0,0.08695652173913043,0,0.005,0.5,Low Risk
67.95,14,28,42.53,0,0,25.42,1.5976957441805784,0,0,0.0,0,0.005,0.5,Low Risk
62.38,9,33,149.02,0,1,-86.64000000000001,0.41860152999597366,0,0,0.030303030303030304,0,0.005,0.5,Low Risk
40.36,12,24,184.33,0,1,-143.97000000000003,0.2189551348125644,0,0,0.041666666666666664,1,0.005,0.5,Low Risk
125.5,2,17,129.12,0,0,-3.6200000000000045,0.9719640644361833,0,1,0.0,0,0.005,0.5,Low Risk
328.33,12,16,127.03,0,1,201.29999999999998,2.5846650397543884,1,0,0.0625,0,0.005,0.5,Low Risk
444.13,14,23,37.82,0,0,406.31,11.743257535695399,1,0,0.0,0,0.005,0.5,Low Risk
131.26,15,13,60.68,0,1,70.57999999999998,2.1631509558338826,1,0,0.07692307692307693,1,0.0,0.0,Low Risk
41.47,15,34,204.06,0,1,-162.59,0.20322454180143093,0,0,0.029411764705882353,0,0.0,0.0,Low Risk
153.55,6,32,372.45,0,1,-218.89999999999998,0.41227010336957987,0,0,0.03125,0,0.0,0.0,Low Risk
129.82,11,8,127.37,0,1,2.4499999999999886,1.019235298735966,0,0,0.125,0,0.0,0.0,Low Risk
47.09,9,29,166.51,0,2,-119.41999999999999,0.28280583748723803,0,0,0.06896551724137931,0,0.0,0.0,Low Risk
89.54,13,27,99.07,1,1,-9.529999999999987,0.9038053901281923,0,0,0.037037037037037035,0,0.0,0.0,Low Risk
99.44,9,20,67.53,0,1,31.909999999999997,1.4725307270842587,0,0,0.05,0,0.0,0.0,Low Risk
41.36,22,10,225.94,0,1,-184.57999999999998,0.1830574488802337,0,0,0.1,0,0.0,0.0,Low Risk
48.14,11,31,130.56,0,1,-82.42,0.36871936274509803,0,0,0.03225806451612903,0,0.0,0.0,Low Risk
181.19,9,20,171.6,0,0,9.590000000000003,1.055885780885781,0,0,0.0,0,0.0,0.0,Low Risk
189.31,13,21,18.05,0,1,171.26,10.48808864265928,1,0,0.047619047619047616,0,0.0,0.0,Low Risk
156.97,9,17,150.98,0,2,5.990000000000009,1.039674129023712,0,0,0.11764705882352941,0,0.0,0.0,Low Risk
79.75,15,23,231.92,0,2,-152.17,0.34386857537081755,0,0,0.08695652173913043,0,0.0,0.0,Low Risk
118.41,18,26,118.37,0,0,0.03999999999999204,1.0003379234603362,0,0,0.0,0,0.0,0.0,Low Risk
157.16,17,22,111.41,0,2,45.75,1.4106453639709182,0,0,0.09090909090909091,0,0.0,0.0,Low Risk
33.37,18,39,354.72,0,0,-321.35,0.09407419936851599,0,0,0.0,0,0.0,0.0,Low Risk
127.4,20,31,83.72,0,1,43.68000000000001,1.5217391304347827,0,0,0.03225806451612903,0,0.0,0.0,Low Risk
202.56,23,10,193.68,0,1,8.879999999999995,1.0458488228004956,0,1,0.1,0,0.0,0.0,Low Risk
54.67,16,23,174.1,0,1,-119.42999999999999,0.31401493394600805,0,0,0.043478260869565216,0,0.0,0.0,Low Risk
151.53,7,28,116.84,0,1,34.69,1.296901745977405,0,0,0.03571428571428571,0,0.0,0.0,Low Risk
88.65,8,30,136.0,0,1,-47.349999999999994,0.6518382352941177,0,0,0.03333333333333333,0,0.0,0.0,Low Risk
84.37,22,1,67.04,0,1,17.33,1.2585023866348448,0,0,1.0,0,0.0,0.0,Low Risk
270.54,19,41,89.7,0,0,180.84000000000003,3.0160535117056857,1,0,0.0,0,0.0,0.0,Low Risk
55.64,19,17,29.83,0,1,25.810000000000002,1.865236339255783,0,0,0.058823529411764705,0,0.0,0.0,Low Risk
45.09,8,16,201.54,0,0,-156.45,0.22372729979160466,0,0,0.0,0,0.0,0.0,Low Risk
81.01,8,35,249.19,0,1,-168.18,0.3250933022994502,0,0,0.02857142857142857,0,0.0,0.0,Low Risk
112.76,17,17,143.93,0,2,-31.17,0.7834363926908914,0,0,0.11764705882352941,0,0.0,0.0,Low Risk
92.43,17,31,93.22,1,1,-0.789999999999992,0.9915254237288137,0,0,0.03225806451612903,0,0.0,0.0,Low Risk
123.08,18,22,174.6,0,0,-51.519999999999996,0.7049255441008019,0,0,0.0,0,0.0,0.0,Low Risk
79.66,23,12,104.6,0,1,-24.939999999999998,0.7615678776290631,0,1,0.08333333333333333,0,0.0,0.0,Low Risk
81.24,19,10,54.35,0,3,26.889999999999993,1.4947562097516098,0,0,0.3,0,0.0,0.0,Low Risk
70.72,3,15,180.11,0,1,-109.39000000000001,0.3926489367608683,0,1,0.06666666666666667,0,0.0,0.0,Low Risk
59.66,17,8,220.35,0,3,-160.69,0.27075107783072383,0,0,0.375,0,0.0,0.0,Low Risk
89.66,4,10,178.28,0,0,-88.62,0.5029167601525689,0,1,0.0,0,0.0,0.0,Low Risk
62.85,3,12,141.06,0,0,-78.21000000000001,0.4455550829434283,0,1,0.0,0,0.0,0.0,Low Risk
199.66,10,37,80.89,0,2,118.77,2.468290270738039,1,0,0.05405405405405406,0,0.0,0.0,Low Risk
98.65,20,39,113.14,1,2,-14.489999999999995,0.8719285840551529,0,0,0.05128205128205128,0,0.0,0.0,Low Risk
116.52,8,12,61.22,0,0,55.3,1.9032995753021889,0,0,0.0,0,0.0,0.0,Low Risk
57.65,12,10,42.87,0,1,14.780000000000001,1.3447632376953582,0,0,0.1,0,0.0,0.0,Low Risk
89.01,23,8,59.41,0,2,29.60000000000001,1.4982326207709142,0,1,0.25,0,0.0,0.0,Low Risk
134.81,19,13,184.23,0,1,-49.41999999999999,0.7317483580307225,0,0,0.07692307692307693,0,0.0,0.0,Low Risk
96.75,18,20,124.71,0,0,-27.959999999999994,0.7757998556651432,0,0,0.0,0,0.0,0.0,Low Risk
147.76,18,30,117.21,0,0,30.549999999999997,1.2606432898216875,0,0,0.0,0,0.0,0.0,Low Risk
53.34,13,30,177.33,0,0,-123.99000000000001,0.3007951277279648,0,0,0.0,0,0.0,0.0,Low Risk
54.51,15,29,137.22,0,1,-82.71000000000001,0.39724529951902054,0,0,0.034482758620689655,0,0.0,0.0,Low Risk
83.75,13,20,136.71,0,1,-52.96000000000001,0.6126106356521103,0,0,0.05,0,0.0,0.0,Low Risk
62.98,20,36,194.02,0,3,-131.04000000000002,0.3246057107514689,0,0,0.08333333333333333,0,0.0,0.0,Low Risk
103.92,9,18,62.66,0,0,41.260000000000005,1.6584743057772104,0,0,0.0,0,0.0,0.0,Low Risk
118.08,16,10,178.84,0,0,-60.760000000000005,0.660254976515321,0,0,0.0,0,0.0,0.0,Low Risk
75.72,23,23,79.65,0,3,-3.930000000000007,0.9506591337099811,0,1,0.13043478260869565,0,0.0,0.0,Low Risk
65.39,17,27,70.35,0,2,-4.959999999999994,0.929495380241649,0,0,0.07407407407407407,0,0.0,0.0,Low Risk
86.57,16,30,137.98,0,1,-51.41,0.6274097695318162,0,0,0.03333333333333333,0,0.0,0.0,Low Risk
109.48,8,7,168.65,0,0,-59.17,0.649155054847317,0,0,0.0,0,0.0,0.0,Low Risk
242.36,8,2,79.5,0,1,162.86,3.048553459119497,1,0,0.5,0,0.0,0.0,Low Risk
47.67,2,35,102.58,0,2,-54.91,0.4647104698771691,0,1,0.05714285714285714,0,0.0,0.0,Low Risk
139.61,17,28,111.7,0,1,27.91000000000001,1.2498657117278424,0,0,0.03571428571428571,0,0.0,0.0,Low Risk
91.59,1,14,78.12,0,1,13.469999999999999,1.172427035330261,0,1,0.07142857142857142,0,0.0,0.0,Low Risk
25.9,12,16,33.37,0,1,-7.469999999999999,0.7761462391369494,0,0,0.0625,0,0.0,0.0,Low Risk
62.33,16,7,141.63,0,0,-79.3,0.4400903763326979,0,0,0.0,0,0.0,0.0,Low Risk
92.85,3,22,111.73,0,5,-18.88000000000001,0.8310212118499954,0,1,0.22727272727272727,0,0.0,0.0,Low Risk
116.84,17,24,87.85,0,0,28.99000000000001,1.3299943084803645,0,0,0.0,0,0.0,0.0,Low Risk
61.07,18,38,137.16,0,0,-76.09,0.44524642752989213,0,0,0.0,0,0.0,0.0,Low Risk
56.23,21,13,182.33,0,0,-126.10000000000002,0.3083968628311303,0,0,0.0,0,0.0,0.0,Low Risk
94.32,23,12,107.12,0,3,-12.800000000000011,0.8805078416728901,0,1,0.25,0,0.0,0.0,Low Risk
89.22,14,37,106.91,0,2,-17.689999999999998,0.8345337199513609,0,0,0.05405405405405406,0,0.0,0.0,Low Risk
79.4,22,27,56.7,0,3,22.700000000000003,1.400352733686067,0,0,0.1111111111111111,0,0.0,0.0,Low Risk
88.17,11,28,79.19,0,1,8.980000000000004,1.1133981563328703,0,0,0.03571428571428571,0,0.0,0.0,Low Risk
81.84,20,17,136.64,0,0,-54.79999999999998,0.5989461358313818,0,0,0.0,0,0.0,0.0,Low Risk
316.13,14,22,107.02,0,1,209.11,2.953933844141282,1,0,0.045454545454545456,0,0.0,0.0,Low Risk
152.12,16,9,126.5,1,0,25.620000000000005,1.2025296442687747,0,0,0.0,0,0.0,0.0,Low Risk
109.16,8,27,71.27,0,2,37.89,1.5316402413357655,0,0,0.07407407407407407,0,0.0,0.0,Low Risk
38.65,3,10,135.31,0,1,-96.66,0.2856403813465376,0,1,0.1,0,0.0,0.0,Low Risk
98.28,9,2,69.47,0,1,28.810000000000002,1.4147113862098748,0,0,0.5,0,0.0,0.0,Low Risk
62.44,13,28,65.87,0,1,-3.430000000000007,0.9479277364505844,0,0,0.03571428571428571,0,0.0,0.0,Low Risk
60.57,13,35,239.59,0,2,-179.02,0.2528068784172962,0,0,0.05714285714285714,0,0.0,0.0,Low Risk
93.93,8,32,151.21,0,3,-57.28,0.6211890747966404,0,0,0.09375,0,0.0,0.0,Low Risk
138.35,16,10,85.27,0,1,53.08,1.6224932567139674,0,0,0.1,0,0.0,0.0,Low Risk
66.48,9,23,215.93,0,1,-149.45,0.3078775529106655,0,0,0.043478260869565216,0,0.0,0.0,Low Risk
266.97,21,23,86.48,0,2,180.49,3.087072155411656,1,0,0.08695652173913043,0,0.0,0.0,Low Risk
67.09,5,17,160.68,0,0,-93.59,0.4175379636544685,0,1,0.0,0,0.0,0.0,Low Risk
155.29,20,1,320.41,0,1,-165.12000000000003,0.48466027901750874,0,0,1.0,0,0.0,0.0,Low Risk
52.84,17,19,54.54,1,4,-1.6999999999999957,0.9688302163549689,0,0,0.21052631578947367,0,0.0,0.0,Low Risk
103.69,19,20,169.09,0,1,-65.4,0.613223727009285,0,0,0.05,0,0.0,0.0,Low Risk
33.87,21,20,112.09,0,1,-78.22,0.3021679007940048,0,0,0.05,0,0.0,0.0,Low Risk
99.41,18,30,144.26,0,0,-44.849999999999994,0.6891030084569527,0,0,0.0,0,0.0,0.0,Low Risk
31.1,12,6,39.34,0,0,-8.240000000000002,0.7905439755973563,0,0,0.0,0,0.0,0.0,Low Risk
109.61,10,23,333.63,0,2,-224.01999999999998,0.3285376015346342,0,0,0.08695652173913043,0,0.0,0.0,Low Risk
273.7,20,30,122.36,0,2,151.33999999999997,2.236842105263158,1,0,0.06666666666666667,0,0.0,0.0,Low Risk
63.83,18,35,176.66,1,1,-112.83,0.36131552134042794,0,0,0.02857142857142857,0,0.0,0.0,Low Risk
91.63,15,32,121.81,1,0,-30.180000000000007,0.7522370905508579,0,0,0.0,0,0.0,0.0,Low Risk
76.77,4,20,169.96,0,2,-93.19000000000001,0.4516945163567898,0,1,0.1,0,0.0,0.0,Low Risk
41.66,23,31,212.27,0,0,-170.61,0.196259480849861,0,1,0.0,0,0.0,0.0,Low Risk
74.92,19,32,48.66,0,1,26.260000000000005,1.5396629675297988,0,0,0.03125,0,0.0,0.0,Low Risk
183.11,15,25,139.55,0,0,43.56,1.3121461841633824,0,0,0.0,0,0.0,0.0,Low Risk
71.32,16,19,46.8,0,0,24.519999999999996,1.5239316239316238,0,0,0.0,0,0.0,0.0,Low Risk
326.67,9,15,75.46,0,1,251.21000000000004,4.329048502517891,1,0,0.06666666666666667,0,0.0,0.0,Low Risk
51.99,20,19,146.02,0,0,-94.03,0.3560471168333105,0,0,0.0,0,0.0,0.0,Low Risk
38.92,8,17,79.05,0,2,-40.129999999999995,0.4923466160657812,0,0,0.11764705882352941,0,0.0,0.0,Low Risk
100.42,4,29,117.15,0,2,-16.730000000000004,0.8571916346564233,0,1,0.06896551724137931,0,0.0,0.0,Low Risk
68.27,18,26,188.83,0,1,-120.56000000000002,0.3615421278398559,0,0,0.038461538461538464,0,0.0,0.0,Low Risk
60.79,16,37,97.5,0,4,-36.71,0.6234871794871795,0,0,0.10810810810810811,0,0.0,0.0,Low Risk
137.97,13,31,76.32,0,1,61.650000000000006,1.8077830188679247,0,0,0.03225806451612903,0,0.0,0.0,Low Risk
74.0,16,26,107.68,0,2,-33.68000000000001,0.687221396731055,0,0,0.07692307692307693,0,0.0,0.0,Low Risk
145.29,20,27,81.42,0,0,63.86999999999999,1.784450994841562,0,0,0.0,0,0.0,0.0,Low Risk
71.15,4,28,154.16,0,0,-83.00999999999999,0.46153347171769593,0,1,0.0,0,0.0,0.0,Low Risk
84.32,4,11,200.22,0,0,-115.9,0.42113674957546693,0,1,0.0,0,0.0,0.0,Low Risk
71.66,8,29,96.22,0,0,-24.560000000000002,0.7447516108917065,0,0,0.0,0,0.0,0.0,Low Risk
116.59,21,1,79.95,0,1,36.64,1.4582864290181363,0,0,1.0,0,0.0,0.0,Low Risk
123.3,23,22,84.72,0,0,38.58,1.4553824362606231,0,1,0.0,0,0.0,0.0,Low Risk
74.66,9,21,115.76,0,0,-41.10000000000001,0.6449550794747754,0,0,0.0,0,0.0,0.0,Low Risk
183.58,15,29,79.97,0,1,103.61000000000001,2.2956108540702767,1,0,0.034482758620689655,0,0.0,0.0,Low Risk
70.29,1,14,138.82,0,0,-68.52999999999999,0.506339144215531,0,1,0.0,0,0.0,0.0,Low Risk
31.19,19,20,168.44,0,2,-137.25,0.18516979339824272,0,0,0.1,0,0.0,0.0,Low Risk
41.55,23,10,44.7,0,3,-3.1500000000000057,0.9295302013422817,0,1,0.3,0,0.0,0.0,Low Risk
98.27,3,5,65.57,0,2,32.7,1.4987036754613392,0,1,0.4,0,0.0,0.0,Low Risk
47.93,13,49,174.96,0,3,-127.03,0.2739483310470965,0,0,0.061224489795918366,0,0.0,0.0,Low Risk
43.76,16,6,317.11,0,3,-273.35,0.13799627889375926,0,0,0.5,0,0.0,0.0,Low Risk
22.65,8,17,170.1,0,0,-147.45,0.13315696649029982,0,0,0.0,0,0.0,0.0,Low Risk
82.5,15,1,73.01,0,1,9.489999999999995,1.1299821942199697,0,0,1.0,0,0.0,0.0,Low Risk
138.15,19,9,148.21,0,3,-10.060000000000002,0.9321233385061737,0,0,0.3333333333333333,0,0.0,0.0,Low Risk
107.54,17,10,163.17,0,1,-55.62999999999998,0.659067230495802,0,0,0.1,0,0.0,0.0,Low Risk
196.57,22,1,129.56,0,1,67.00999999999999,1.5172121025007717,0,0,1.0,0,0.0,0.0,Low Risk
53.76,19,34,133.8,0,0,-80.04000000000002,0.4017937219730941,0,0,0.0,1,0.0,0.0,Low Risk
316.69,13,25,47.62,0,1,269.07,6.650356992860143,1,0,0.04,0,0.0,0.0,Low Risk
101.05,6,8,165.47,0,0,-64.42,0.6106847162627667,0,0,0.0,0,0.0,0.0,Low Risk
85.51,9,8,49.24,0,2,36.27,1.73659626320065,0,0,0.25,0,0.0,0.0,Low Risk
154.27,21,12,78.18,0,2,76.09,1.9732668201586083,0,0,0.16666666666666666,0,0.0,0.0,Low Risk
16.5,15,21,275.7,0,1,-259.2,0.059847660500544075,0,0,0.047619047619047616,0,0.0,0.0,Low Risk
17.44,20,30,42.97,0,3,-25.529999999999998,0.4058645566674424,0,0,0.1,0,0.0,0.0,Low Risk
89.1,14,7,313.36,0,2,-224.26000000000002,0.28433750319121776,0,0,0.2857142857142857,0,0.0,0.0,Low Risk
137.82,9,12,177.04,0,2,-39.22,0.7784681427925892,0,0,0.16666666666666666,0,0.0,0.0,Low Risk
118.3,10,29,156.64,0,2,-38.33999999999999,0.7552349336057201,0,0,0.06896551724137931,0,0.0,0.0,Low Risk
154.4,16,24,87.14,0,0,67.26,1.7718613725040167,0,0,0.0,0,0.0,0.0,Low Risk
273.28,15,26,133.91,0,1,139.36999999999998,2.0407736539466805,1,0,0.038461538461538464,1,0.0,0.0,Low Risk
45.76,5,22,102.11,0,1,-56.35,0.44814415826069925,0,1,0.045454545454545456,0,0.0,0.0,Low Risk
155.05,20,9,82.46,0,1,72.59000000000002,1.8803056027164688,0,0,0.1111111111111111,0,0.0,0.0,Low Risk
103.96,1,9,56.12,0,1,47.839999999999996,1.8524590163934427,0,1,0.1111111111111111,0,0.0,0.0,Low Risk
81.18,20,21,112.84,0,0,-31.659999999999997,0.7194257355547679,0,0,0.0,0,0.0,0.0,Low Risk
74.3,22,37,99.3,0,0,-25.0,0.7482376636455186,0,0,0.0,0,0.0,0.0,Low Risk
123.99,20,18,78.44,0,0,45.55,1.5806986231514533,0,0,0.0,0,0.0,0.0,Low Risk
248.32,18,32,116.86,0,1,131.45999999999998,2.124935820640082,1,0,0.03125,0,0.0,0.0,Low Risk
134.42,13,14,182.47,0,0,-48.05000000000001,0.7366690414862717,0,0,0.0,0,0.0,0.0,Low Risk
135.23,10,30,178.24,0,1,-43.01000000000002,0.7586961400359066,0,0,0.03333333333333333,0,0.0,0.0,Low Risk
136.08,18,24,64.0,0,0,72.08000000000001,2.12625,1,0,0.0,0,0.0,0.0,Low Risk
71.72,19,33,179.55,0,2,-107.83000000000001,0.399443052074631,0,0,0.06060606060606061,0,0.0,0.0,Low Risk
43.07,17,32,127.24,0,3,-84.16999999999999,0.3384941842187991,0,0,0.09375,0,0.0,0.0,Low Risk
297.35,8,32,211.16,0,0,86.19000000000003,1.4081738965713204,0,0,0.0,0,0.0,0.0,Low Risk
42.71,15,37,143.19,0,0,-100.47999999999999,0.2982750192052518,0,0,0.0,0,0.0,0.0,Low Risk
137.14,7,16,111.88,0,2,25.25999999999999,1.2257776188773686,0,0,0.125,0,0.0,0.0,Low Risk
224.32,1,14,65.69,0,1,158.63,3.4148272187547573,1,1,0.07142857142857142,0,0.0,0.0,Low Risk
88.53,11,18,55.04,1,1,33.49,1.6084665697674418,0,0,0.05555555555555555,0,0.0,0.0,Low Risk
126.45,23,22,109.6,0,0,16.85000000000001,1.1537408759124088,0,1,0.0,0,0.0,0.0,Low Risk
131.91,13,24,133.85,0,0,-1.9399999999999977,0.9855061636159881,0,0,0.0,0,0.0,0.0,Low Risk
142.88,18,6,91.68,0,0,51.19999999999999,1.5584642233856891,0,0,0.0,0,0.0,0.0,Low Risk
24.91,16,29,65.67,0,2,-40.760000000000005,0.3793208466575301,0,0,0.06896551724137931,0,0.0,0.0,Low Risk
46.86,18,11,46.52,0,0,0.3399999999999963,1.0073086844368013,0,0,0.0,0,0.0,0.0,Low Risk
133.65,15,2,121.96,0,0,11.690000000000012,1.0958510987208923,0,0,0.0,0,0.0,0.0,Low Risk
55.04,16,19,67.59,0,2,-12.550000000000004,0.8143216452137889,0,0,0.10526315789473684,0,0.0,0.0,Low Risk
118.65,12,15,180.05,0,1,-61.400000000000006,0.658983615662316,0,0,0.06666666666666667,0,0.0,0.0,Low Risk
159.71,14,9,138.9,0,0,20.810000000000002,1.1498200143988482,0,0,0.0,0,0.0,0.0,Low Risk
98.53,21,1,136.62,0,3,-38.09,0.7211974820670473,0,0,3.0,0,0.0,0.0,Low Risk
125.9,20,6,185.89,0,1,-59.98999999999998,0.6772822637043413,0,0,0.16666666666666666,0,0.0,0.0,Low Risk
80.35,17,9,24.7,0,1,55.64999999999999,3.2530364372469633,1,0,0.1111111111111111,0,0.0,0.0,Low Risk
134.95,20,28,376.44,0,2,-241.49,0.3584900648177664,0,0,0.07142857142857142,0,0.0,0.0,Low Risk
101.54,21,18,64.98,0,3,36.56,1.5626346568174823,0,0,0.16666666666666666,0,0.0,0.0,Low Risk
80.8,10,15,25.32,0,2,55.48,3.1911532385466033,1,0,0.13333333333333333,0,0.0,0.0,Low Risk
73.48,21,14,91.74,1,3,-18.25999999999999,0.800959232613909,0,0,0.21428571428571427,0,0.0,0.0,Low Risk
194.06,19,7,125.04,0,1,69.02,1.5519833653230966,0,0,0.14285714285714285,0,0.0,0.0,Low Risk
112.04,21,31,82.58,0,2,29.460000000000008,1.356744974570114,0,0,0.06451612903225806,0,0.0,0.0,Low Risk
50.18,20,33,220.86,0,3,-170.68,0.2272027528751245,0,0,0.09090909090909091,0,0.0,0.0,Low Risk
80.99,19,16,187.05,0,2,-106.06000000000002,0.43298583266506274,0,0,0.125,0,0.0,0.0,Low Risk
73.34,13,17,113.09,0,0,-39.75,0.6485100362543107,0,0,0.0,0,0.0,0.0,Low Risk
46.46,19,30,172.34,1,0,-125.88,0.2695833816873622,0,0,0.0,0,0.0,0.0,Low Risk
75.57,3,41,209.15,0,3,-133.58,0.3613196270619172,0,1,0.07317073170731707,0,0.0,0.0,Low Risk
170.39,15,27,78.09,0,2,92.29999999999998,2.181969522346011,1,0,0.07407407407407407,0,0.0,0.0,Low Risk
62.61,21,1,91.45,0,1,-28.840000000000003,0.6846364133406233,0,0,1.0,0,0.0,0.0,Low Risk
71.54,20,12,199.29,0,0,-127.74999999999999,0.35897435897435903,0,0,0.0,0,0.0,0.0,Low Risk
63.34,9,21,118.42,0,1,-55.08,0.5348758655632495,0,0,0.047619047619047616,0,0.0,0.0,Low Risk
89.26,20,1,221.55,0,1,-132.29000000000002,0.4028887384337621,0,0,1.0,0,0.0,0.0,Low Risk
53.85,16,30,79.1,0,2,-25.249999999999993,0.6807838179519596,0,0,0.06666666666666667,0,0.0,0.0,Low Risk
97.9,1,32,170.93,0,6,-73.03,0.572749078570175,0,1,0.1875,0,0.0,0.0,Low Risk
32.19,18,16,39.89,0,1,-7.700000000000003,0.8069691652043118,0,0,0.0625,0,0.0,0.0,Low Risk
75.8,14,4,68.9,0,2,6.8999999999999915,1.1001451378809868,0,0,0.5,0,0.0,0.0,Low Risk
78.52,20,16,63.16,0,1,15.36,1.2431918936035466,0,0,0.0625,0,0.0,0.0,Low Risk
135.35,19,9,95.97,1,0,39.379999999999995,1.41033656350943,0,0,0.0,0,0.0,0.0,Low Risk
123.4,22,12,276.2,0,2,-152.79999999999998,0.4467776973207821,0,0,0.16666666666666666,0,0.0,0.0,Low Risk
82.86,20,32,149.2,0,1,-66.33999999999999,0.5553619302949062,0,0,0.03125,0,0.0,0.0,Low Risk
58.64,12,22,225.7,1,1,-167.06,0.25981391227292866,0,0,0.045454545454545456,0,0.0,0.0,Low Risk
153.52,18,5,68.05,0,0,85.47000000000001,2.255988243938281,1,0,0.0,0,0.0,0.0,Low Risk
121.72,17,28,92.61,0,0,29.11,1.314328906165641,0,0,0.0,0,0.0,0.0,Low Risk
93.24,20,4,31.94,0,0,61.3,2.919223544145272,1,0,0.0,0,0.0,0.0,Low Risk
106.65,17,14,33.14,0,1,73.51,3.2181653590826795,1,0,0.07142857142857142,0,0.0,0.0,Low Risk
89.11,12,33,131.77,0,1,-42.66000000000001,0.6762540790771798,0,0,0.030303030303030304,0,0.0,0.0,Low Risk
55.27,20,27,164.09,0,1,-108.82,0.336827350844049,0,0,0.037037037037037035,0,0.0,0.0,Low Risk
148.71,9,7,178.0,0,2,-29.289999999999992,0.8354494382022473,0,0,0.2857142857142857,0,0.0,0.0,Low Risk
139.23,11,14,59.23,0,0,80.0,2.350666891777815,1,0,0.0,0,0.0,0.0,Low Risk
58.2,10,18,53.95,0,0,4.25,1.0787766450417053,0,0,0.0,0,0.0,0.0,Low Risk
55.1,6,30,172.09,0,2,-116.99000000000001,0.32018130048230575,0,0,0.06666666666666667,0,0.0,0.0,Low Risk
43.71,20,30,239.87,0,0,-196.16,0.18222370450660774,0,0,0.0,0,0.0,0.0,Low Risk
75.05,16,1,70.82,0,2,4.230000000000004,1.0597288901440272,0,0,2.0,0,0.0,0.0,Low Risk
93.4,15,27,121.73,0,1,-28.33,0.7672718311016183,0,0,0.037037037037037035,0,0.0,0.0,Low Risk
50.3,14,21,60.25,0,0,-9.950000000000003,0.8348547717842323,0,0,0.0,0,0.0,0.0,Low Risk
54.54,9,38,112.61,0,1,-58.07,0.48432643637332384,0,0,0.02631578947368421,0,0.0,0.0,Low Risk
116.9,8,13,114.85,0,0,2.0500000000000114,1.0178493687418373,0,0,0.0,0,0.0,0.0,Low Risk
70.52,6,12,72.73,0,1,-2.210000000000008,0.9696136394885191,0,0,0.08333333333333333,0,0.0,0.0,Low Risk
112.26,14,9,113.29,1,0,-1.0300000000000011,0.990908288463236,0,0,0.0,0,0.0,0.0,Low Risk
74.18,3,19,45.57,0,2,28.610000000000007,1.6278253236778584,0,1,0.10526315789473684,0,0.0,0.0,Low Risk
61.71,17,32,175.49,0,1,-113.78,0.351643968317283,0,0,0.03125,0,0.0,0.0,Low Risk
142.6,19,6,115.17,0,1,27.429999999999993,1.2381696622384302,0,0,0.16666666666666666,0,0.0,0.0,Low Risk
118.54,7,30,111.13,0,2,7.410000000000011,1.0666786646270134,0,0,0.06666666666666667,0,0.0,0.0,Low Risk
243.33,16,19,64.37,0,0,178.96,3.780177101134069,1,0,0.0,0,0.0,0.0,Low Risk
96.51,2,20,79.05,0,2,17.460000000000008,1.2208728652751424,0,1,0.1,0,0.0,0.0,Low Risk
74.75,11,31,84.81,0,0,-10.060000000000002,0.8813819125103172,0,0,0.0,0,0.0,0.0,Low Risk
116.25,9,15,107.95,0,2,8.299999999999997,1.0768874478925428,0,0,0.13333333333333333,0,0.0,0.0,Low Risk
74.38,20,16,121.2,0,1,-46.82000000000001,0.6136963696369636,0,0,0.0625,0,0.0,0.0,Low Risk
208.76,17,27,270.06,0,2,-61.30000000000001,0.7730134044286454,0,0,0.07407407407407407,0,0.0,0.0,Low Risk
109.05,16,12,86.66,0,0,22.39,1.258366028156012,0,0,0.0,0,0.0,0.0,Low Risk
63.28,6,36,145.65,0,4,-82.37,0.43446618606247855,0,0,0.1111111111111111,0,0.0,0.0,Low Risk
40.99,9,13,150.18,0,0,-109.19,0.27293913969902783,0,0,0.0,0,0.0,0.0,Low Risk
61.78,7,7,242.23,1,2,-180.45,0.25504685629360524,0,0,0.2857142857142857,0,0.0,0.0,Low Risk
81.58,23,29,73.6,0,2,7.980000000000004,1.1084239130434783,0,1,0.06896551724137931,0,0.0,0.0,Low Risk
98.43,12,14,71.23,0,0,27.200000000000003,1.3818615751789975,0,0,0.0,0,0.0,0.0,Low Risk
100.61,18,20,36.61,0,0,64.0,2.748156241464081,1,0,0.0,0,0.0,0.0,Low Risk
193.73,13,13,207.51,0,1,-13.780000000000001,0.9335935617560599,0,0,0.07692307692307693,0,0.0,0.0,Low Risk
278.12,14,27,105.6,0,1,172.52,2.6337121212121213,1,0,0.037037037037037035,0,0.0,0.0,Low Risk
97.42,22,37,121.9,0,1,-24.480000000000004,0.7991796554552912,0,0,0.02702702702702703,0,0.0,0.0,Low Risk
154.39,16,10,102.32,0,0,52.06999999999999,1.508893666927287,0,0,0.0,0,0.0,0.0,Low Risk
147.96,11,13,195.42,0,1,-47.45999999999998,0.7571384709855696,0,0,0.07692307692307693,0,0.0,0.0,Low Risk
63.45,14,27,35.43,0,0,28.020000000000003,1.7908552074513124,0,0,0.0,0,0.0,0.0,Low Risk
37.13,17,21,114.75,0,2,-77.62,0.32357298474945534,0,0,0.09523809523809523,0,0.0,0.0,Low Risk
60.24,20,16,69.75,1,4,-9.509999999999998,0.8636559139784946,0,0,0.25,0,0.0,0.0,Low Risk
81.08,9,25,111.11,0,1,-30.03,0.7297272972729727,0,0,0.04,0,0.0,0.0,Low Risk
242.09,21,21,42.68,0,0,199.41,5.672211808809747,1,0,0.0,0,0.0,0.0,Low Risk
188.14,9,13,119.51,0,1,68.62999999999998,1.5742615680696175,0,0,0.07692307692307693,0,0.0,0.0,Low Risk
84.91,7,7,29.23,0,2,55.67999999999999,2.904892234006158,1,0,0.2857142857142857,0,0.0,0.0,Low Risk
53.76,19,6,65.33,0,0,-11.57,0.8228991275065054,0,0,0.0,0,0.0,0.0,Low Risk
55.9,1,13,98.66,0,0,-42.76,0.5665923373200892,0,1,0.0,0,0.0,0.0,Low Risk
83.62,23,12,183.74,0,1,-100.12,0.45509959725699356,0,1,0.08333333333333333,0,0.0,0.0,Low Risk
63.93,21,17,55.17,1,1,8.759999999999998,1.1587819467101685,0,0,0.058823529411764705,0,0.0,0.0,Low Risk
144.01,9,28,122.44,0,0,21.569999999999993,1.1761679189807253,0,0,0.0,0,0.0,0.0,Low Risk
114.01,22,32,23.75,0,3,90.26,4.800421052631579,1,0,0.09375,0,0.0,0.0,Low Risk
66.84,17,12,46.44,1,0,20.400000000000006,1.4392764857881137,0,0,0.0,0,0.0,0.0,Low Risk
84.16,19,40,205.77,1,3,-121.61000000000001,0.40900034018564413,0,0,0.075,0,0.0,0.0,Low Risk
79.58,12,11,27.92,0,0,51.66,2.850286532951289,1,0,0.0,0,0.0,0.0,Low Risk
155.63,18,25,216.54,0,4,-60.91,0.718712478064099,0,0,0.16,0,0.0,0.0,Low Risk
126.35,23,29,82.42,0,0,43.92999999999999,1.5330016986168404,0,1,0.0,0,0.0,0.0,Low Risk
124.58,21,15,71.24,1,0,53.34,1.748736664795059,0,0,0.0,0,0.0,0.0,Low Risk
31.17,16,1,152.64,0,1,-121.46999999999998,0.2042059748427673,0,0,1.0,0,0.0,0.0,Low Risk
97.28,11,14,143.16,0,2,-45.879999999999995,0.679519418832076,0,0,0.14285714285714285,0,0.0,0.0,Low Risk
80.2,17,27,87.69,0,0,-7.489999999999995,0.9145854715474969,0,0,0.0,0,0.0,0.0,Low Risk
86.34,9,15,60.98,0,2,25.360000000000007,1.4158740570678912,0,0,0.13333333333333333,0,0.0,0.0,Low Risk
75.84,22,20,67.43,0,1,8.409999999999997,1.1247219338573335,0,0,0.05,0,0.0,0.0,Low Risk
76.26,21,13,71.6,0,1,4.660000000000011,1.0650837988826818,0,0,0.07692307692307693,0,0.0,0.0,Low Risk
90.63,16,4,27.16,0,0,63.47,3.3368924889543443,1,0,0.0,0,0.0,0.0,Low Risk
19.61,17,21,189.74,0,0,-170.13,0.10335195530726256,0,0,0.0,0,0.0,0.0,Low Risk
80.31,18,29,103.48,0,1,-23.17,0.7760919984538075,0,0,0.034482758620689655,0,0.0,0.0,Low Risk
64.31,13,21,116.56,0,2,-52.25,0.5517330130404942,0,0,0.09523809523809523,0,0.0,0.0,Low Risk
48.84,12,27,180.18,0,1,-131.34,0.2710622710622711,0,0,0.037037037037037035,0,0.0,0.0,Low Risk
45.83,5,16,142.45,0,1,-96.61999999999999,0.32172692172692174,0,1,0.0625,0,0.0,0.0,Low Risk
47.01,0,17,127.77,0,1,-80.75999999999999,0.36792674336698755,0,1,0.058823529411764705,0,0.0,0.0,Low Risk
247.1,17,38,170.05,0,0,77.04999999999998,1.4531020288150542,0,0,0.0,0,0.0,0.0,Low Risk
140.26,18,36,74.03,0,0,66.22999999999999,1.8946373091989732,0,0,0.0,0,0.0,0.0,Low Risk
221.85,9,14,211.36,0,1,10.48999999999998,1.049630961392884,0,0,0.07142857142857142,0,0.0,0.0,Low Risk
77.09,12,14,99.16,0,2,-22.069999999999993,0.777430415490117,0,0,0.14285714285714285,0,0.0,0.0,Low Risk
99.07,11,22,126.15,0,2,-27.080000000000013,0.7853349187475227,0,0,0.09090909090909091,0,0.0,0.0,Low Risk
122.05,19,24,69.53,0,0,52.519999999999996,1.7553573996835898,0,0,0.0,0,0.0,0.0,Low Risk
43.24,13,22,63.74,0,0,-20.5,0.6783809224976467,0,0,0.0,0,0.0,0.0,Low Risk
349.34,16,17,79.5,0,1,269.84,4.394213836477987,1,0,0.058823529411764705,0,0.0,0.0,Low Risk
63.14,21,18,69.5,0,7,-6.359999999999999,0.9084892086330936,0,0,0.3888888888888889,0,0.0,0.0,Low Risk
40.65,21,13,28.82,0,0,11.829999999999998,1.4104788341429562,0,0,0.0,0,0.0,0.0,Low Risk
300.42,1,29,33.86,0,2,266.56,8.872415829887775,1,1,0.06896551724137931,0,0.0,0.0,Low Risk
123.11,8,20,151.08,0,0,-27.970000000000013,0.814866296002118,0,0,0.0,0,0.0,0.0,Low Risk
89.3,10,5,43.62,0,0,45.68,2.0472260430994957,1,0,0.0,0,0.0,0.0,Low Risk
41.85,6,28,130.69,0,2,-88.84,0.32022342948963195,0,0,0.07142857142857142,0,0.0,0.0,Low Risk
149.06,12,25,76.35,1,1,72.71000000000001,1.9523248199083172,0,0,0.04,1,0.0,0.0,Low Risk
88.74,14,9,56.01,0,1,32.73,1.5843599357257632,0,0,0.1111111111111111,0,0.0,0.0,Low Risk
35.13,21,11,39.95,0,3,-4.82,0.8793491864831039,0,0,0.2727272727272727,0,0.0,0.0,Low Risk
120.44,13,13,122.56,0,0,-2.1200000000000045,0.9827023498694517,0,0,0.0,0,0.0,0.0,Low Risk
233.76,21,25,39.09,0,1,194.67,5.980046047582501,1,0,0.04,0,0.0,0.0,Low Risk
111.86,23,17,119.79,0,0,-7.930000000000007,0.9338008180983387,0,1,0.0,0,0.0,0.0,Low Risk
158.69,22,40,95.05,0,1,63.64,1.6695423461336139,0,0,0.025,0,0.0,0.0,Low Risk
42.3,18,24,148.58,0,0,-106.28000000000002,0.2846951137434378,0,0,0.0,1,0.0,0.0,Low Risk
205.96,15,11,280.74,0,1,-74.78,0.7336325425660754,0,0,0.09090909090909091,0,0.0,0.0,Low Risk
99.34,21,18,68.9,0,2,30.439999999999998,1.4417997097242379,0,0,0.1111111111111111,0,0.0,0.0,Low Risk
160.3,10,13,70.77,0,1,89.53000000000002,2.265084075173096,1,0,0.07692307692307693,0,0.0,0.0,Low Risk
44.85,22,4,200.53,0,1,-155.68,0.22365730813344636,0,0,0.25,0,0.0,0.0,Low Risk
57.52,9,34,195.63,0,1,-138.10999999999999,0.2940244338802842,0,0,0.029411764705882353,0,0.0,0.0,Low Risk
25.43,16,32,142.37,0,2,-116.94,0.17861909110065322,0,0,0.0625,0,0.0,0.0,Low Risk
355.37,10,21,147.83,0,0,207.54,2.4039098965027397,1,0,0.0,0,0.0,0.0,Low Risk
58.79,6,35,178.27,0,1,-119.48000000000002,0.3297806697705727,0,0,0.02857142857142857,0,0.0,0.0,Low Risk
239.86,20,24,117.27,0,0,122.59000000000002,2.045365396094483,1,0,0.0,0,0.0,0.0,Low Risk
157.83,7,11,180.34,0,1,-22.50999999999999,0.8751802151491628,0,0,0.09090909090909091,0,0.0,0.0,Low Risk
77.72,14,15,67.52,0,0,10.200000000000003,1.1510663507109005,0,0,0.0,0,0.0,0.0,Low Risk
86.35,11,35,120.62,0,1,-34.27000000000001,0.7158845962526943,0,0,0.02857142857142857,0,0.0,0.0,Low Risk
40.19,22,28,101.46,1,2,-61.269999999999996,0.3961166962349694,0,0,0.07142857142857142,0,0.0,0.0,Low Risk
13.09,7,30,111.94,0,3,-98.85,0.11693764516705378,0,0,0.1,0,0.0,0.0,Low Risk
12.05,6,22,130.32,0,0,-118.27,0.09246470227133212,0,0,0.0,0,0.0,0.0,Low Risk
39.16,12,8,182.92,0,5,-143.76,0.2140826590859392,0,0,0.625,0,0.0,0.0,Low Risk
91.21,17,9,145.1,0,0,-53.89,0.6286009648518263,0,0,0.0,0,0.0,0.0,Low Risk
57.55,18,34,44.39,0,0,13.159999999999997,1.2964631673800404,0,0,0.0,0,0.0,0.0,Low Risk
63.41,10,27,69.5,0,2,-6.090000000000003,0.9123741007194244,0,0,0.07407407407407407,0,0.0,0.0,Low Risk
239.23,8,34,34.78,0,2,204.45,6.878378378378378,1,0,0.058823529411764705,0,0.0,0.0,Low Risk
41.11,16,27,98.65,0,1,-57.540000000000006,0.4167257982767359,0,0,0.037037037037037035,0,0.0,0.0,Low Risk
39.82,6,21,159.11,0,0,-119.29000000000002,0.2502671108038464,0,0,0.0,0,0.0,0.0,Low Risk
126.32,6,6,155.62,0,1,-29.30000000000001,0.8117208585014779,0,0,0.16666666666666666,0,0.0,0.0,Low Risk
36.88,13,21,102.24,0,0,-65.35999999999999,0.3607198748043819,0,0,0.0,0,0.0,0.0,Low Risk
49.58,12,6,158.24,0,1,-108.66000000000001,0.3133215369059656,0,0,0.16666666666666666,0,0.0,0.0,Low Risk
111.07,22,19,72.56,0,0,38.50999999999999,1.5307331863285556,0,0,0.0,0,0.0,0.0,Low Risk
40.55,19,33,152.12,0,1,-111.57000000000001,0.26656586905074936,0,0,0.030303030303030304,0,0.0,0.0,Low Risk
251.8,13,26,265.61,0,0,-13.810000000000002,0.948006475659802,0,0,0.0,0,0.0,0.0,Low Risk
152.65,15,30,127.22,0,1,25.430000000000007,1.1998899544096842,0,0,0.03333333333333333,0,0.0,0.0,Low Risk
59.02,4,29,186.38,1,1,-127.35999999999999,0.3166648782058161,0,1,0.034482758620689655,0,0.0,0.0,Low Risk
242.56,17,22,188.1,0,1,54.46000000000001,1.2895268474215844,0,0,0.045454545454545456,0,0.0,0.0,Low Risk
44.54,11,13,173.29,0,1,-128.75,0.25702579491026606,0,0,0.07692307692307693,0,0.0,0.0,Low Risk
16.53,16,24,199.61,0,1,-183.08,0.08281148239066179,0,0,0.041666666666666664,0,0.0,0.0,Low Risk
91.08,12,31,98.83,0,1,-7.75,0.9215825154305373,0,0,0.03225806451612903,0,0.0,0.0,Low Risk
84.84,7,34,248.96,0,2,-164.12,0.3407776349614396,0,0,0.058823529411764705,0,0.0,0.0,Low Risk
239.24,13,33,193.43,0,0,45.81,1.236829860931603,0,0,0.0,0,0.0,0.0,Low Risk
114.18,8,28,130.01,0,2,-15.829999999999984,0.8782401353742021,0,0,0.07142857142857142,0,0.0,0.0,Low Risk
279.72,9,22,368.69,0,0,-88.96999999999997,0.7586861591038543,0,0,0.0,0,0.0,0.0,Low Risk
50.01,9,17,66.38,0,5,-16.369999999999997,0.753389575173245,0,0,0.29411764705882354,0,0.0,0.0,Low Risk
154.4,14,13,123.12,0,1,31.28,1.2540610786224822,0,0,0.07692307692307693,0,0.0,0.0,Low Risk
246.48,5,18,83.19,0,1,163.29,2.9628561125135233,1,1,0.05555555555555555,0,0.0,0.0,Low Risk
37.98,10,32,38.24,0,1,-0.2600000000000051,0.9932008368200835,0,0,0.03125,0,0.0,0.0,Low Risk
231.16,1,17,52.77,0,3,178.39,4.380519234413492,1,1,0.17647058823529413,0,0.0,0.0,Low Risk
45.57,19,26,99.61,1,1,-54.04,0.45748418833450455,0,0,0.038461538461538464,0,0.0,0.0,Low Risk
48.12,11,15,42.92,0,2,5.199999999999996,1.1211556383970176,0,0,0.13333333333333333,0,0.0,0.0,Low Risk
144.61,22,23,64.23,0,0,80.38000000000001,2.251440137007629,1,0,0.0,0,0.0,0.0,Low Risk
63.51,15,5,163.43,0,1,-99.92000000000002,0.38860674294805114,0,0,0.2,0,0.0,0.0,Low Risk
185.19,6,30,216.1,0,1,-30.909999999999997,0.8569643683479871,0,0,0.03333333333333333,0,0.0,0.0,Low Risk
84.39,16,13,92.09,0,0,-7.700000000000003,0.9163861439895754,0,0,0.0,0,0.0,0.0,Low Risk
73.01,23,4,20.1,0,1,52.910000000000004,3.6323383084577117,1,1,0.25,0,0.0,0.0,Low Risk
65.59,12,17,26.07,0,0,39.52,2.5159186804756426,1,0,0.0,0,0.0,0.0,Low Risk
283.48,8,32,334.78,0,1,-51.299999999999955,0.8467650397275824,0,0,0.03125,0,0.0,0.0,Low Risk
53.7,13,24,141.05,0,1,-87.35000000000001,0.380716058135413,0,0,0.041666666666666664,0,0.0,0.0,Low Risk
45.74,8,24,94.45,0,1,-48.71,0.4842773954473266,0,0,0.041666666666666664,0,0.0,0.0,Low Risk
98.34,7,31,723.04,0,1,-624.6999999999999,0.13600907280371766,0,0,0.03225806451612903,0,0.0,0.0,Low Risk
48.26,5,18,143.43,0,1,-95.17000000000002,0.3364707522833438,0,1,0.05555555555555555,0,0.0,0.0,Low Risk
23.03,20,29,375.55,0,1,-352.52,0.061323392357875116,0,0,0.034482758620689655,0,0.0,0.0,Low Risk
126.4,19,27,76.33,0,1,50.07000000000001,1.6559675094982316,0,0,0.037037037037037035,0,0.0,0.0,Low Risk
53.78,17,21,165.22,0,1,-111.44,0.3255053867570512,0,0,0.047619047619047616,0,0.0,0.0,Low Risk
246.01,10,25,80.75,0,2,165.26,3.04656346749226,1,0,0.08,0,0.0,0.0,Low Risk
211.19,0,15,55.6,0,1,155.59,3.7983812949640288,1,1,0.06666666666666667,0,0.0,0.0,Low Risk
148.12,9,24,177.94,0,0,-29.819999999999993,0.8324154209284028,0,0,0.0,0,0.0,0.0,Low Risk
66.34,12,22,28.78,0,0,37.56,2.3050729673384294,1,0,0.0,0,0.0,0.0,Low Risk
54.06,10,31,98.93,0,3,-44.870000000000005,0.546446982715051,0,0,0.0967741935483871,0,0.0,0.0,Low Risk
52.71,18,29,39.4,0,0,13.310000000000002,1.3378172588832489,0,0,0.0,0,0.0,0.0,Low Risk
52.41,23,14,207.05,0,0,-154.64000000000001,0.25312726394590673,0,1,0.0,0,0.0,0.0,Low Risk
118.49,16,18,111.04,0,1,7.449999999999989,1.0670929394812678,0,0,0.05555555555555555,0,0.0,0.0,Low Risk
242.3,6,22,325.48,0,1,-83.18,0.7444389824259555,0,0,0.045454545454545456,0,0.0,0.0,Low Risk
22.53,22,36,48.57,0,0,-26.04,0.4638665843113033,0,0,0.0,0,0.0,0.0,Low Risk
140.62,8,24,209.32,0,4,-68.69999999999999,0.6717943818077585,0,0,0.16666666666666666,0,0.0,0.0,Low Risk
114.13,14,14,82.43,0,0,31.69999999999999,1.3845687249787697,0,0,0.0,0,0.0,0.0,Low Risk
34.15,8,7,33.05,0,2,1.1000000000000014,1.033282904689864,0,0,0.2857142857142857,0,0.0,0.0,Low Risk
67.19,19,13,193.69,0,0,-126.5,0.3468945221746089,0,0,0.0,0,0.0,0.0,Low Risk
95.3,9,14,46.69,0,1,48.61,2.04112229599486,1,0,0.07142857142857142,0,0.0,0.0,Low Risk
123.6,20,17,53.17,0,0,70.42999999999999,2.3246191461350385,1,0,0.0,0,0.0,0.0,Low Risk
110.66,6,18,158.2,0,1,-47.53999999999999,0.6994943109987358,0,0,0.05555555555555555,0,0.0,0.0,Low Risk
86.27,17,5,89.09,0,0,-2.8200000000000074,0.9683466157817936,0,0,0.0,0,0.0,0.0,Low Risk
250.35,13,8,80.75,0,1,169.6,3.1003095975232196,1,0,0.125,0,0.0,0.0,Low Risk
79.81,19,16,68.37,0,2,11.439999999999998,1.1673248500804445,0,0,0.125,0,0.0,0.0,Low Risk
55.63,4,33,124.88,0,0,-69.25,0.4454676489429853,0,1,0.0,0,0.0,0.0,Low Risk
87.37,18,15,69.64,0,3,17.730000000000004,1.2545950603101665,0,0,0.2,0,0.0,0.0,Low Risk
265.11,17,25,123.19,0,1,141.92000000000002,2.1520415618150825,1,0,0.04,0,0.0,0.0,Low Risk
69.75,21,16,111.44,0,0,-41.69,0.625897343862168,0,0,0.0,0,0.0,0.0,Low Risk
69.81,15,15,110.58,0,0,-40.769999999999996,0.6313076505697233,0,0,0.0,0,0.0,0.0,Low Risk
91.04,18,33,163.25,0,2,-72.21,0.5576722817764166,0,0,0.06060606060606061,0,0.0,0.0,Low Risk
137.69,18,27,253.72,1,1,-116.03,0.5426848494403279,0,0,0.037037037037037035,0,0.0,0.0,Low Risk
90.93,20,8,68.69,0,2,22.24000000000001,1.323773475032756,0,0,0.25,0,0.0,0.0,Low Risk
69.98,15,6,147.32,0,1,-77.33999999999999,0.47502036383383117,0,0,0.16666666666666666,0,0.0,0.0,Low Risk
71.38,19,4,98.55,0,4,-27.17,0.7243023845763572,0,0,1.0,0,0.0,0.0,Low Risk
62.02,13,39,109.34,1,1,-47.32,0.5672215108834827,0,0,0.02564102564102564,0,0.0,0.0,Low Risk
96.88,20,1,120.89,0,4,-24.010000000000005,0.8013896931094383,0,0,4.0,0,0.0,0.0,Low Risk
110.85,20,25,74.11,0,0,36.739999999999995,1.4957495614626906,0,0,0.0,0,0.0,0.0,Low Risk
37.69,10,9,146.47,0,0,-108.78,0.25732231856352833,0,0,0.0,0,0.0,0.0,Low Risk
62.72,19,32,110.82,0,1,-48.099999999999994,0.5659628225951995,0,0,0.03125,0,0.0,0.0,Low Risk
75.04,20,6,58.68,0,2,16.360000000000007,1.2788002726653034,0,0,0.3333333333333333,0,0.0,0.0,Low Risk
64.19,11,36,94.08,0,0,-29.89,0.6822916666666666,0,0,0.0,0,0.0,0.0,Low Risk
109.0,3,19,233.49,0,0,-124.49000000000001,0.4668294145359544,0,1,0.0,0,0.0,0.0,Low Risk
76.22,21,13,113.88,0,2,-37.66,0.6693010186160872,0,0,0.15384615384615385,0,0.0,0.0,Low Risk
80.68,7,28,109.82,1,2,-29.139999999999986,0.7346567109816063,0,0,0.07142857142857142,0,0.0,0.0,Low Risk
134.8,21,15,58.82,0,0,75.98000000000002,2.2917375042502552,1,0,0.0,0,0.0,0.0,Low Risk
126.63,8,13,69.29,0,1,57.33999999999999,1.8275364410448836,0,0,0.07692307692307693,0,0.0,0.0,Low Risk
41.74,23,15,50.01,0,1,-8.269999999999996,0.834633073385323,0,1,0.06666666666666667,0,0.0,0.0,Low Risk
72.66,15,7,71.72,0,1,0.9399999999999977,1.013106525376464,0,0,0.14285714285714285,0,0.0,0.0,Low Risk
108.48,18,15,117.5,0,0,-9.019999999999996,0.9232340425531915,0,0,0.0,0,0.0,0.0,Low Risk
40.81,14,28,77.34,0,0,-36.53,0.5276700284458237,0,0,0.0,0,0.0,0.0,Low Risk
61.99,8,19,169.0,0,0,-107.00999999999999,0.36680473372781064,0,0,0.0,0,0.0,0.0,Low Risk
146.26,19,49,237.36,0,1,-91.10000000000002,0.6161948095719582,0,0,0.02040816326530612,0,0.0,0.0,Low Risk
93.2,10,30,124.62,0,3,-31.42,0.7478735355480661,0,0,0.1,0,0.0,0.0,Low Risk
59.66,21,36,74.82,0,1,-15.159999999999997,0.7973803795776531,0,0,0.027777777777777776,0,0.0,0.0,Low Risk
73.76,18,5,219.9,0,2,-146.14,0.335425193269668,0,0,0.4,0,0.0,0.0,Low Risk
97.02,14,22,115.86,0,2,-18.840000000000003,0.8373899533920248,0,0,0.09090909090909091,0,0.0,0.0,Low Risk
