transaction_id,customer_id,transaction_amount,country,transaction_type,device,transaction_hour,customer_transaction_count,customer_average_amount,international_transaction,failed_transactions,fraud
1,2620,180.8,Senegal,Card Payment,Tablet,8,18,162.16,0,0,0
2,420,410.93,Portugal,Card Payment,Tablet,13,22,201.6,1,1,0
3,953,76.35,Spain,Card Payment,Tablet,6,14,78.04,0,2,0
4,1719,58.02,France,Online Payment,Tablet,8,9,132.76,0,1,1
5,3301,392.49,France,Online Payment,Web,8,17,114.49,0,1,0
6,1379,38.87,Senegal,Card Payment,Web,3,8,137.75,0,0,0
7,1084,75.17,Senegal,Online Payment,Tablet,3,29,130.92,0,1,0
8,2262,73.08,United Kingdom,Cash Withdrawal,Tablet,6,14,109.58,0,2,0
9,934,143.61,United Kingdom,Card Payment,Mobile,3,1,49.56,0,6,0
10,3417,142.24,United Kingdom,Transfer,Web,11,9,42.52,0,2,0
11,3837,159.96,Portugal,Card Payment,Tablet,20,2,133.55,0,0,0
12,670,89.29,Germany,Online Payment,Web,20,25,187.29,0,2,0
13,1329,62.09,Senegal,Transfer,Mobile,10,16,134.12,0,1,0
14,3741,265.19,Spain,Cash Withdrawal,Mobile,20,8,53.64,0,3,0
15,2634,162.28,Germany,Transfer,Web,4,13,136.57,0,2,0
16,1077,415.89,Portugal,Online Payment,Tablet,12,16,106.0,0,0,0
17,567,130.27,Spain,Online Payment,Mobile,1,17,116.17,0,2,0
18,656,24.78,Portugal,Online Payment,Tablet,2,12,171.78,0,0,0
19,1918,63.64,Spain,Cash Withdrawal,Tablet,0,14,190.42,0,1,0
20,3625,158.06,Spain,Cash Withdrawal,Tablet,10,20,196.6,1,3,0
21,1859,88.79,Senegal,Cash Withdrawal,Tablet,5,5,131.32,0,0,0
22,2562,149.73,United Kingdom,Transfer,Mobile,11,1,135.28,0,0,0
23,3190,92.37,Spain,Card Payment,Tablet,10,11,99.81,0,2,0
24,1487,167.88,United Kingdom,Transfer,Mobile,7,19,40.28,0,1,0
25,351,131.88,Portugal,Online Payment,Mobile,17,15,74.03,0,2,0
26,1947,121.89,Spain,Transfer,Web,16,19,54.53,0,2,0
27,868,65.35,Spain,Transfer,Tablet,9,27,67.96,0,2,0
28,1530,367.68,Germany,Online Payment,Mobile,7,10,78.27,0,0,0
29,2410,475.94,Spain,Transfer,Tablet,7,28,110.55,1,1,0
30,242,90.7,France,Card Payment,Mobile,10,25,63.51,1,2,0
31,2741,64.94,Germany,Transfer,Tablet,4,16,179.13,0,3,0
32,2361,45.39,Germany,Transfer,Web,13,22,175.76,0,1,0
33,1766,184.48,United Kingdom,Online Payment,Web,14,22,127.78,0,1,0
34,2677,160.32,Portugal,Card Payment,Mobile,12,22,71.62,0,0,0
35,448,139.75,France,Transfer,Mobile,17,7,206.36,0,1,0
36,1141,350.75,Germany,Transfer,Mobile,14,12,55.8,0,4,0
37,402,99.85,Senegal,Card Payment,Mobile,7,12,64.48,0,3,0
38,876,63.27,Germany,Card Payment,Mobile,12,20,262.99,1,2,0
39,3796,56.24,Germany,Cash Withdrawal,Web,22,29,112.75,0,0,0
40,2277,108.87,Portugal,Online Payment,Mobile,6,17,168.75,0,0,0
41,2373,110.02,Portugal,Card Payment,Tablet,10,27,83.81,1,2,0
42,2060,226.25,Spain,Transfer,Mobile,16,22,52.07,1,3,0
43,2438,127.3,Senegal,Transfer,Web,3,8,136.27,0,2,0
44,2372,190.3,Spain,Card Payment,Tablet,2,29,76.53,0,4,0
45,2142,191.85,United Kingdom,Cash Withdrawal,Mobile,21,31,194.88,0,2,0
46,1622,204.61,France,Cash Withdrawal,Web,10,21,65.79,0,0,0
47,39,774.12,Germany,Card Payment,Mobile,17,1,165.96,0,0,0
48,3823,33.44,United Kingdom,Card Payment,Mobile,11,11,89.94,0,2,0
49,2226,67.74,Portugal,Cash Withdrawal,Tablet,20,22,112.99,0,4,0
50,2272,72.15,United Kingdom,Card Payment,Mobile,8,30,75.4,1,1,0
51,2267,65.53,France,Cash Withdrawal,Web,19,36,89.97,0,1,0
52,2816,94.23,Portugal,Cash Withdrawal,Tablet,15,29,235.06,0,2,0
53,209,663.63,Senegal,Online Payment,Web,1,30,44.18,1,2,0
54,2610,82.48,United Kingdom,Transfer,Tablet,14,17,338.05,0,0,0
55,40,9.09,Senegal,Card Payment,Tablet,4,9,94.49,0,2,0
56,2386,44.78,Spain,Transfer,Web,4,18,83.15,1,3,0
57,3822,103.34,Senegal,Cash Withdrawal,Mobile,21,20,162.11,0,2,0
58,3196,134.41,Spain,Online Payment,Tablet,23,41,34.08,0,4,0
59,3542,82.34,France,Transfer,Web,0,22,186.98,0,0,0
60,3205,83.8,Germany,Transfer,Web,5,14,183.05,0,0,0
61,3573,260.24,Senegal,Online Payment,Mobile,6,34,136.62,0,2,0
62,1251,193.46,France,Transfer,Mobile,21,27,158.57,0,2,0
63,3541,71.14,Senegal,Cash Withdrawal,Web,20,31,279.14,0,1,0
64,3456,85.49,Spain,Cash Withdrawal,Mobile,3,20,192.2,0,3,0
65,2379,97.82,United Kingdom,Card Payment,Mobile,19,13,346.33,0,1,0
66,1285,284.91,Germany,Card Payment,Web,18,32,53.62,0,3,0
67,1787,69.46,Senegal,Transfer,Web,13,19,31.37,1,2,0
68,1353,500.87,Spain,Cash Withdrawal,Tablet,3,24,78.4,0,1,0
69,1267,147.82,Portugal,Online Payment,Web,12,14,82.88,0,0,0
70,786,146.3,Germany,Online Payment,Tablet,23,31,82.56,0,4,0
71,1233,155.82,Germany,Card Payment,Web,9,34,183.94,0,0,0
72,2485,106.92,Portugal,Cash Withdrawal,Web,14,16,109.65,0,1,0
73,1939,335.93,Portugal,Transfer,Tablet,2,27,147.76,0,1,0
74,2537,130.46,United Kingdom,Card Payment,Mobile,21,16,144.69,0,1,0
75,604,128.47,Senegal,Card Payment,Mobile,15,29,146.08,0,3,0
76,1866,126.91,Germany,Transfer,Tablet,22,32,326.9,0,1,0
77,605,111.19,Portugal,Card Payment,Mobile,13,29,45.98,0,0,0
78,2851,227.51,Spain,Online Payment,Mobile,17,1,80.2,0,1,0
79,1870,159.72,France,Online Payment,Tablet,16,38,194.47,0,1,0
80,3892,76.59,Germany,Online Payment,Tablet,14,6,329.93,0,2,0
81,1945,114.56,Germany,Cash Withdrawal,Mobile,20,17,131.27,0,4,0
82,1985,50.51,Portugal,Transfer,Web,14,4,76.74,1,0,0
83,1113,149.53,United Kingdom,Cash Withdrawal,Tablet,2,23,273.07,1,2,0
84,2843,156.02,France,Transfer,Mobile,13,9,100.94,0,2,0
85,1704,283.82,Senegal,Transfer,Web,12,35,66.9,0,3,0
86,2849,95.29,Senegal,Online Payment,Web,0,21,219.63,0,2,0
87,1598,203.63,Germany,Transfer,Web,7,33,61.62,0,0,0
88,1593,210.36,United Kingdom,Online Payment,Tablet,5,2,261.54,0,2,0
89,2549,404.19,Spain,Card Payment,Web,18,20,292.12,0,2,1
90,2633,40.28,Germany,Transfer,Web,5,19,177.3,1,1,0
91,867,120.91,Germany,Cash Withdrawal,Web,12,24,215.64,0,1,0
92,1727,38.36,United Kingdom,Card Payment,Web,0,8,147.32,0,2,0
93,3900,55.23,United Kingdom,Transfer,Tablet,2,25,79.99,0,0,0
94,3090,64.44,Senegal,Transfer,Mobile,0,5,98.01,0,1,0
95,1940,111.99,Portugal,Card Payment,Tablet,6,20,149.72,0,0,0
96,1511,318.53,France,Card Payment,Mobile,9,18,96.3,1,2,1
97,1278,78.43,Spain,Online Payment,Web,22,7,456.91,0,1,0
98,3403,94.77,Portugal,Transfer,Mobile,22,28,60.78,0,3,0
99,2460,411.18,Senegal,Card Payment,Web,17,1,67.61,0,1,0
100,2073,58.93,Portugal,Cash Withdrawal,Mobile,13,9,74.25,0,1,0
101,3936,144.69,United Kingdom,Online Payment,Tablet,4,29,207.1,0,1,0
102,3955,204.98,Portugal,Cash Withdrawal,Tablet,17,43,202.09,0,2,0
103,3383,60.31,Portugal,Cash Withdrawal,Web,7,6,191.66,0,2,0
104,3612,559.77,Germany,Transfer,Web,18,16,95.29,0,0,0
105,118,72.2,Germany,Cash Withdrawal,Mobile,15,15,77.06,0,0,0
106,1395,60.87,United Kingdom,Cash Withdrawal,Tablet,0,1,165.8,0,1,0
107,989,166.04,Portugal,Online Payment,Web,17,19,126.77,0,1,0
108,2646,151.24,Portugal,Online Payment,Web,0,25,124.52,1,2,0
109,2834,71.51,France,Cash Withdrawal,Tablet,18,25,69.55,0,1,0
110,1409,28.68,Germany,Cash Withdrawal,Web,22,22,63.91,0,1,0
111,945,115.25,Senegal,Transfer,Web,3,7,74.36,0,1,0
112,2827,126.21,France,Transfer,Mobile,23,30,77.78,0,1,0
113,3114,185.65,Spain,Cash Withdrawal,Mobile,6,34,24.95,0,4,0
114,1239,64.23,Senegal,Transfer,Web,1,21,116.01,0,0,0
115,2857,130.23,France,Online Payment,Mobile,0,18,221.55,0,0,0
116,1805,148.94,United Kingdom,Transfer,Mobile,8,14,156.49,0,0,0
117,3368,166.59,Senegal,Online Payment,Web,2,15,130.83,0,2,0
118,622,639.27,France,Cash Withdrawal,Mobile,7,17,240.0,1,1,0
119,2484,281.82,Spain,Transfer,Tablet,12,11,42.6,0,2,0
120,3524,123.08,Spain,Online Payment,Web,18,22,174.6,0,0,0
121,3032,138.68,Senegal,Transfer,Tablet,6,25,65.05,0,4,0
122,983,88.21,France,Card Payment,Mobile,0,15,66.03,0,1,0
123,1925,128.67,United Kingdom,Card Payment,Mobile,9,15,146.55,0,2,0
124,1860,158.69,Senegal,Transfer,Web,20,32,84.2,0,0,0
125,811,222.65,Germany,Card Payment,Tablet,7,10,185.26,0,2,0
126,3386,359.43,France,Card Payment,Mobile,5,9,80.82,0,2,0
127,3377,205.1,Spain,Cash Withdrawal,Web,3,19,130.06,0,2,0
128,1649,49.38,United Kingdom,Online Payment,Web,2,37,156.67,0,2,0
129,3009,547.64,United Kingdom,Cash Withdrawal,Mobile,2,33,285.98,0,3,0
130,3525,80.72,Spain,Card Payment,Tablet,8,20,211.98,0,2,0
131,718,286.23,Germany,Online Payment,Web,5,14,183.34,0,2,0
132,3336,18.98,Germany,Card Payment,Web,11,16,299.29,0,1,0
133,429,99.82,France,Cash Withdrawal,Web,22,17,21.8,0,2,0
134,1641,116.35,Spain,Card Payment,Web,2,9,149.9,0,1,0
135,3974,64.12,Germany,Card Payment,Tablet,17,18,109.99,0,1,0
136,2124,137.91,United Kingdom,Online Payment,Tablet,14,12,164.77,0,1,0
137,2250,949.51,France,Cash Withdrawal,Web,22,8,252.94,0,1,1
138,2581,14.48,Spain,Transfer,Tablet,5,8,124.24,0,0,0
139,1672,39.41,Senegal,Transfer,Mobile,14,12,56.47,0,0,0
140,631,493.64,Germany,Cash Withdrawal,Tablet,22,24,69.16,0,1,0
141,1935,69.16,France,Online Payment,Tablet,4,12,116.66,0,0,0
142,2082,109.48,Portugal,Transfer,Mobile,8,7,168.65,0,0,0
143,1393,233.01,Spain,Cash Withdrawal,Mobile,9,10,126.57,0,2,0
144,2376,148.74,Portugal,Online Payment,Mobile,14,25,91.31,0,0,0
145,2261,31.95,Spain,Online Payment,Web,10,37,52.2,0,2,0
146,979,63.24,Spain,Online Payment,Mobile,13,7,315.1,1,2,0
147,2889,264.4,Germany,Online Payment,Tablet,20,19,89.89,0,0,0
148,152,356.68,France,Cash Withdrawal,Mobile,14,23,39.41,1,1,0
149,63,139.31,Portugal,Transfer,Web,20,18,111.17,0,0,0
150,3202,160.46,United Kingdom,Cash Withdrawal,Tablet,22,3,153.1,0,3,0
151,1346,444.27,Portugal,Online Payment,Web,20,35,60.2,0,2,0
152,3574,182.77,Spain,Card Payment,Tablet,2,13,111.68,0,0,0
153,1178,91.98,France,Card Payment,Web,3,21,46.5,0,1,0
154,412,193.41,Germany,Transfer,Tablet,9,33,64.7,0,1,0
155,3262,642.3,Senegal,Cash Withdrawal,Web,11,16,116.42,0,0,0
156,1688,140.22,Spain,Transfer,Mobile,5,14,118.3,1,2,0
157,2539,91.68,Portugal,Transfer,Web,18,22,122.48,1,2,0
158,1041,92.96,Germany,Cash Withdrawal,Tablet,0,27,78.45,0,2,0
159,1179,29.66,Portugal,Transfer,Mobile,14,31,49.82,0,4,0
160,1226,101.39,Portugal,Online Payment,Tablet,8,28,144.82,0,1,0
161,1576,171.35,Germany,Card Payment,Mobile,12,22,129.41,0,1,0
162,2865,43.75,United Kingdom,Card Payment,Tablet,12,9,206.83,0,6,0
163,2810,39.48,Portugal,Card Payment,Tablet,23,25,58.82,0,1,0
164,1173,337.76,France,Cash Withdrawal,Mobile,20,24,34.54,0,2,0
165,3095,150.45,Portugal,Transfer,Tablet,3,28,115.51,0,4,0
166,1266,284.97,Germany,Card Payment,Tablet,11,14,24.76,0,4,0
167,1209,429.95,United Kingdom,Online Payment,Mobile,6,14,85.45,1,1,0
168,3980,96.99,United Kingdom,Cash Withdrawal,Mobile,8,9,69.36,0,0,0
169,3963,25.87,United Kingdom,Cash Withdrawal,Mobile,14,7,57.84,0,2,0
170,3959,209.79,France,Online Payment,Tablet,11,29,96.7,1,3,0
171,1084,138.82,Spain,Card Payment,Web,11,24,130.78,0,1,0
172,2395,866.31,Germany,Cash Withdrawal,Mobile,21,13,78.78,0,2,1
173,3622,90.13,Spain,Cash Withdrawal,Tablet,7,8,177.25,0,0,0
174,1902,281.13,Portugal,Cash Withdrawal,Tablet,13,14,160.74,1,1,0
175,153,419.06,United Kingdom,Online Payment,Mobile,3,37,76.12,0,5,0
176,1592,89.11,Germany,Cash Withdrawal,Tablet,23,18,68.1,0,1,0
177,2406,118.33,Portugal,Transfer,Web,20,37,80.59,1,2,0
178,1672,145.33,United Kingdom,Card Payment,Tablet,11,32,135.08,0,2,0
179,968,193.86,United Kingdom,Card Payment,Tablet,11,16,156.71,0,5,0
180,1470,295.0,Senegal,Online Payment,Web,6,33,162.26,0,0,0
181,3376,90.35,Germany,Card Payment,Tablet,6,11,72.7,0,3,0
182,88,180.54,Senegal,Cash Withdrawal,Mobile,4,28,44.99,0,2,0
183,3399,203.65,Spain,Transfer,Tablet,6,41,91.41,0,3,0
184,3172,144.8,France,Card Payment,Web,4,26,122.97,0,0,0
185,3271,139.83,France,Card Payment,Tablet,0,24,98.31,1,1,0
186,3230,87.91,France,Cash Withdrawal,Mobile,5,1,196.18,0,1,0
187,1725,162.99,Spain,Card Payment,Tablet,2,14,101.63,0,3,0
188,2103,23.85,Spain,Card Payment,Web,16,7,98.83,0,2,0
189,2979,147.68,Portugal,Cash Withdrawal,Web,20,14,51.0,0,1,0
190,1962,244.19,Germany,Online Payment,Tablet,3,26,103.6,0,2,0
191,302,249.21,Senegal,Cash Withdrawal,Tablet,4,17,71.77,1,0,0
192,2594,71.14,Spain,Cash Withdrawal,Web,19,7,261.45,0,3,0
193,2480,159.84,Germany,Card Payment,Tablet,3,24,154.76,0,2,0
194,3150,173.85,Spain,Transfer,Web,14,32,147.65,0,1,0
195,3390,164.02,Germany,Online Payment,Web,23,12,48.67,1,1,0
196,2725,94.36,United Kingdom,Cash Withdrawal,Mobile,21,4,154.29,0,2,0
197,3407,84.62,Senegal,Card Payment,Web,3,1,42.51,0,3,0
198,533,223.26,Spain,Card Payment,Tablet,17,10,106.84,0,2,0
199,1683,830.16,United Kingdom,Online Payment,Tablet,1,19,150.65,0,0,0
200,1441,505.37,Senegal,Transfer,Mobile,21,22,32.3,0,0,0
201,1435,97.97,Spain,Cash Withdrawal,Mobile,8,19,98.75,0,0,0
202,3462,67.66,Spain,Card Payment,Tablet,21,37,161.5,0,1,0
203,739,372.22,United Kingdom,Cash Withdrawal,Web,11,29,113.95,1,4,0
204,2320,72.42,Portugal,Online Payment,Mobile,4,21,194.43,0,3,0
205,376,90.41,Portugal,Transfer,Web,13,22,59.21,0,3,0
206,1277,79.56,Portugal,Cash Withdrawal,Tablet,19,10,172.78,1,3,0
207,645,81.3,Spain,Card Payment,Tablet,2,22,211.59,0,3,0
208,1990,111.21,Spain,Online Payment,Web,8,4,365.42,0,4,0
209,1414,204.76,Germany,Card Payment,Web,21,4,266.65,0,1,0
210,2733,366.53,United Kingdom,Card Payment,Mobile,12,24,128.56,0,0,0
211,838,157.44,United Kingdom,Transfer,Mobile,8,17,40.84,0,2,0
212,2038,116.71,Portugal,Online Payment,Mobile,4,31,38.71,0,0,0
213,2050,163.93,Spain,Cash Withdrawal,Mobile,12,19,178.46,0,2,0
214,77,44.85,Germany,Card Payment,Web,18,19,146.38,0,1,0
215,2623,129.21,Germany,Cash Withdrawal,Mobile,12,7,199.89,1,1,0
216,3283,81.86,Spain,Online Payment,Tablet,11,35,183.12,1,0,0
217,997,239.29,Germany,Online Payment,Tablet,2,32,227.85,0,3,0
218,1391,113.11,France,Cash Withdrawal,Mobile,2,16,79.0,0,0,0
219,2089,217.48,France,Cash Withdrawal,Web,23,20,170.64,0,1,0
220,605,113.91,France,Card Payment,Mobile,8,29,135.35,0,2,0
221,3114,60.53,Portugal,Card Payment,Mobile,20,24,62.61,0,2,0
222,3113,203.45,Spain,Online Payment,Tablet,18,13,346.69,0,1,0
223,1324,243.73,Portugal,Cash Withdrawal,Mobile,14,24,120.33,1,3,0
224,1241,162.71,United Kingdom,Card Payment,Web,16,31,224.13,1,0,0
225,155,50.82,Senegal,Cash Withdrawal,Web,2,36,69.2,0,2,0
226,370,154.05,Spain,Online Payment,Web,18,19,133.92,0,5,0
227,3670,314.69,Senegal,Online Payment,Tablet,20,7,157.34,0,3,0
228,2054,212.92,France,Card Payment,Web,3,18,110.98,0,1,0
229,2926,435.11,Senegal,Transfer,Mobile,7,11,60.65,0,1,0
230,2147,21.7,Spain,Transfer,Web,11,36,201.52,0,2,0
231,3173,127.4,United Kingdom,Card Payment,Tablet,20,31,83.72,0,1,0
232,2286,119.59,Portugal,Online Payment,Web,8,34,36.8,0,3,0
233,3713,99.27,Spain,Transfer,Web,2,23,98.17,0,0,0
234,1433,189.13,United Kingdom,Online Payment,Mobile,19,3,103.65,0,1,0
235,2290,140.32,Germany,Cash Withdrawal,Mobile,21,33,190.76,0,1,0
236,2808,34.59,Spain,Card Payment,Tablet,21,10,96.08,0,0,0
237,1486,55.96,United Kingdom,Transfer,Mobile,10,25,332.94,0,0,0
238,928,145.16,France,Transfer,Mobile,9,4,143.21,0,3,0
239,3158,134.31,Spain,Card Payment,Tablet,10,15,118.32,0,2,0
240,2447,187.66,Germany,Transfer,Mobile,5,24,50.51,0,3,0
241,3314,220.9,France,Online Payment,Mobile,13,12,177.99,0,2,0
242,3972,77.61,Germany,Cash Withdrawal,Tablet,14,11,398.25,0,1,0
243,3956,201.75,Germany,Transfer,Web,21,24,98.38,0,0,0
244,1892,109.52,United Kingdom,Online Payment,Tablet,16,32,291.21,0,1,0
245,818,390.57,Spain,Transfer,Web,1,3,132.77,0,0,0
246,2272,121.31,Senegal,Card Payment,Web,2,11,293.97,0,2,0
247,3709,154.8,Spain,Transfer,Web,2,14,41.52,0,0,0
248,1848,190.7,United Kingdom,Card Payment,Web,1,14,59.81,0,1,0
249,1582,124.87,Senegal,Cash Withdrawal,Mobile,0,12,126.5,0,3,0
250,2928,35.0,Portugal,Cash Withdrawal,Mobile,4,32,53.21,1,4,0
251,1936,131.26,Portugal,Transfer,Tablet,15,13,60.68,0,1,1
252,325,201.05,Senegal,Cash Withdrawal,Mobile,4,35,91.46,0,2,0
253,2162,50.71,Germany,Card Payment,Web,7,16,227.66,0,2,0
254,1720,136.1,Portugal,Online Payment,Mobile,3,14,136.59,0,3,0
255,2196,51.6,Senegal,Transfer,Tablet,4,11,72.05,0,2,1
256,1446,100.37,France,Online Payment,Mobile,21,8,30.21,0,3,0
257,1478,129.73,Senegal,Card Payment,Web,15,19,190.84,1,3,0
258,1530,96.33,United Kingdom,Card Payment,Web,2,18,69.86,0,0,0
259,2574,53.02,Senegal,Cash Withdrawal,Mobile,1,33,113.33,0,1,0
260,2633,139.27,France,Online Payment,Tablet,15,44,91.83,0,1,0
261,259,16.11,Portugal,Online Payment,Mobile,9,20,87.97,0,0,0
262,3629,54.93,Senegal,Cash Withdrawal,Web,16,20,151.08,0,2,0
263,1940,12.05,United Kingdom,Card Payment,Tablet,6,22,130.32,0,0,0
264,196,64.42,Portugal,Cash Withdrawal,Web,3,35,228.44,0,0,0
265,1639,70.04,Portugal,Online Payment,Web,10,19,78.4,0,0,0
266,2038,87.47,United Kingdom,Cash Withdrawal,Mobile,23,13,91.7,0,1,0
267,3369,138.17,France,Cash Withdrawal,Web,3,20,142.9,1,1,0
268,1256,314.98,Germany,Online Payment,Mobile,22,1,192.6,0,0,0
269,2978,109.64,United Kingdom,Online Payment,Web,20,29,81.1,0,3,0
270,308,47.62,Portugal,Online Payment,Web,16,19,99.03,0,1,0
271,3903,242.37,Senegal,Transfer,Tablet,21,12,117.37,0,0,0
272,276,49.65,France,Cash Withdrawal,Web,12,19,155.64,0,0,0
273,629,25.33,Portugal,Online Payment,Web,11,40,53.74,0,2,0
274,564,117.68,Spain,Cash Withdrawal,Web,10,6,41.76,0,5,0
275,465,74.85,Senegal,Transfer,Web,16,38,165.13,0,0,0
276,1073,82.24,United Kingdom,Online Payment,Mobile,19,19,191.1,0,4,0
277,2012,124.66,France,Card Payment,Mobile,2,12,144.89,0,2,0
278,1824,70.66,Senegal,Cash Withdrawal,Tablet,11,22,83.69,0,0,0
279,1190,41.36,United Kingdom,Transfer,Tablet,22,10,225.94,0,1,0
280,3251,71.84,United Kingdom,Transfer,Mobile,6,31,169.25,0,1,0
281,2024,269.57,Senegal,Cash Withdrawal,Tablet,18,12,46.85,0,0,0
282,2260,403.86,France,Card Payment,Mobile,9,22,63.09,0,3,0
283,1961,389.36,Spain,Online Payment,Web,18,37,172.0,1,1,0
284,2632,195.34,Senegal,Online Payment,Web,21,25,96.91,0,1,0
285,3396,30.26,Spain,Transfer,Mobile,13,1,155.66,0,1,0
286,3406,136.75,Senegal,Transfer,Web,5,22,99.61,0,1,0
287,924,154.98,United Kingdom,Cash Withdrawal,Mobile,8,22,181.73,0,3,0
288,1125,63.38,France,Cash Withdrawal,Tablet,17,9,148.67,1,3,0
289,2425,112.67,Spain,Transfer,Mobile,21,19,179.04,0,0,0
290,1383,192.93,Spain,Card Payment,Mobile,2,32,111.36,1,3,0
291,2363,191.03,United Kingdom,Transfer,Tablet,13,2,172.78,0,2,0
292,3642,164.83,Portugal,Cash Withdrawal,Tablet,9,17,108.66,0,1,0
293,2806,340.49,Germany,Cash Withdrawal,Web,2,15,128.56,0,2,0
294,1703,39.63,Germany,Online Payment,Mobile,10,31,76.26,0,1,0
295,2943,64.85,United Kingdom,Cash Withdrawal,Web,4,26,102.25,0,1,0
296,435,169.97,United Kingdom,Transfer,Web,3,27,87.91,0,2,0
297,397,194.66,Senegal,Cash Withdrawal,Web,19,23,39.67,0,2,0
298,3696,389.85,France,Cash Withdrawal,Tablet,23,4,234.52,0,1,0
299,2041,78.14,Spain,Online Payment,Web,9,45,78.37,0,2,0
300,1611,140.84,Spain,Online Payment,Mobile,6,36,195.17,0,1,0
301,1153,120.83,Germany,Online Payment,Web,17,33,214.76,1,3,0
302,549,72.28,United Kingdom,Cash Withdrawal,Web,11,15,64.61,1,1,0
303,2302,178.4,France,Cash Withdrawal,Tablet,9,6,123.21,1,2,0
304,3131,192.75,Spain,Cash Withdrawal,Tablet,21,17,61.83,0,2,0
305,397,44.58,Germany,Cash Withdrawal,Web,17,23,47.16,0,0,0
306,816,47.49,Spain,Online Payment,Tablet,1,21,38.05,1,2,0
307,1365,277.65,Germany,Online Payment,Mobile,19,18,88.12,0,2,0
308,3815,167.57,Spain,Cash Withdrawal,Mobile,12,19,318.41,0,3,0
309,1226,54.67,Spain,Cash Withdrawal,Tablet,16,23,174.1,0,1,0
310,1228,324.26,Germany,Card Payment,Web,10,18,97.3,0,1,0
311,2391,101.37,United Kingdom,Card Payment,Tablet,15,23,190.21,0,2,0
312,3982,63.91,Spain,Transfer,Tablet,1,14,109.03,0,0,0
313,2577,17.47,Portugal,Online Payment,Mobile,21,28,171.08,0,0,0
314,2870,97.02,Senegal,Transfer,Mobile,14,22,115.86,0,2,0
315,2829,34.81,France,Online Payment,Tablet,19,14,177.07,0,0,0
316,3014,44.55,Portugal,Card Payment,Tablet,4,6,468.19,0,2,0
317,2713,67.51,Germany,Online Payment,Web,5,11,124.01,0,1,0
318,2238,304.57,United Kingdom,Cash Withdrawal,Tablet,15,24,166.64,0,0,0
319,2286,164.61,United Kingdom,Transfer,Web,9,38,104.63,0,1,0
320,2003,62.6,United Kingdom,Online Payment,Web,17,15,367.24,0,2,0
321,1121,123.55,United Kingdom,Card Payment,Tablet,21,12,98.52,0,0,0
322,1617,365.0,United Kingdom,Transfer,Web,1,13,157.82,0,1,0
323,1419,307.83,Germany,Cash Withdrawal,Tablet,15,12,46.17,0,3,0
324,1111,131.1,Spain,Cash Withdrawal,Mobile,3,23,107.86,0,1,0
325,994,115.72,Senegal,Transfer,Tablet,7,12,115.59,1,1,0
326,2939,245.93,Germany,Card Payment,Tablet,4,30,148.9,1,3,0
327,3806,28.09,France,Online Payment,Tablet,15,22,136.67,0,2,0
328,3949,363.12,United Kingdom,Cash Withdrawal,Web,20,20,183.4,1,0,0
329,2672,266.68,Spain,Transfer,Tablet,23,26,181.32,0,3,0
330,3741,86.3,France,Online Payment,Mobile,1,14,80.69,0,2,0
331,2030,632.71,France,Cash Withdrawal,Mobile,0,9,111.56,0,4,0
332,3803,376.07,United Kingdom,Cash Withdrawal,Web,20,8,94.33,0,0,0
333,3845,314.16,France,Online Payment,Web,6,45,155.68,0,0,0
334,2995,157.69,Germany,Cash Withdrawal,Tablet,5,11,157.25,1,4,0
335,1209,348.52,Spain,Transfer,Mobile,19,18,30.78,0,2,0
336,3388,74.72,Germany,Cash Withdrawal,Mobile,12,25,66.42,0,1,0
337,576,77.31,Germany,Cash Withdrawal,Mobile,0,15,73.87,0,3,0
338,3088,23.96,United Kingdom,Cash Withdrawal,Web,18,18,229.31,0,2,0
339,2678,47.31,United Kingdom,Transfer,Mobile,21,31,83.2,1,0,0
340,1661,142.73,Portugal,Cash Withdrawal,Tablet,3,15,150.59,0,2,0
341,1506,134.44,Spain,Transfer,Mobile,4,39,60.33,0,0,0
342,2482,70.65,United Kingdom,Online Payment,Tablet,17,30,49.9,0,5,0
343,3285,151.13,Portugal,Transfer,Mobile,21,26,61.57,0,1,0
344,336,137.02,Spain,Online Payment,Tablet,22,21,212.8,0,2,0
345,460,79.18,Senegal,Transfer,Tablet,17,19,134.18,1,2,0
346,2132,141.51,Germany,Card Payment,Tablet,6,21,132.98,0,1,0
347,3682,247.38,Spain,Online Payment,Mobile,14,14,163.31,1,0,0
348,2310,89.19,Senegal,Online Payment,Tablet,9,23,331.26,0,0,0
349,3345,26.89,Senegal,Transfer,Tablet,2,17,41.94,1,1,0
350,262,226.65,Spain,Card Payment,Mobile,15,24,188.57,1,2,0
351,3150,111.77,France,Online Payment,Web,12,18,114.67,0,0,0
352,1547,307.82,Germany,Card Payment,Tablet,21,23,220.99,0,0,0
353,3524,265.11,United Kingdom,Card Payment,Mobile,17,25,123.19,0,1,0
354,913,270.65,Senegal,Card Payment,Web,14,13,36.66,0,3,0
355,2179,441.34,Germany,Transfer,Mobile,14,33,294.12,0,1,0
356,3840,220.02,Portugal,Card Payment,Mobile,21,17,66.29,0,3,0
357,3620,125.82,Senegal,Transfer,Mobile,2,36,75.67,1,1,1
358,2449,141.98,Portugal,Card Payment,Mobile,23,13,107.53,1,0,0
359,2211,101.88,France,Card Payment,Mobile,16,1,144.2,0,1,0
360,3754,45.06,Portugal,Cash Withdrawal,Tablet,19,17,110.4,0,0,0
361,971,94.88,United Kingdom,Transfer,Tablet,16,12,133.15,0,1,0
362,250,355.09,Spain,Transfer,Tablet,21,18,164.48,0,0,0
363,3983,59.8,United Kingdom,Online Payment,Tablet,10,22,116.99,0,4,0
364,1229,21.55,Germany,Transfer,Tablet,15,12,44.33,0,1,0
365,3513,150.46,Portugal,Transfer,Web,1,25,42.58,0,3,0
366,2283,248.65,Spain,Transfer,Web,7,15,120.07,0,1,0
367,324,441.32,Germany,Cash Withdrawal,Mobile,17,28,93.59,0,1,0
368,1100,59.56,Germany,Card Payment,Mobile,6,17,60.81,0,1,0
369,2751,101.51,Spain,Transfer,Web,6,13,121.66,0,2,0
370,3920,173.05,Senegal,Transfer,Mobile,23,22,173.36,1,2,0
371,1962,48.67,France,Transfer,Web,7,21,107.78,0,1,0
372,1560,102.87,Germany,Cash Withdrawal,Web,8,14,116.25,0,0,0
373,1909,25.34,Senegal,Online Payment,Web,6,27,183.69,0,3,0
374,2305,340.31,France,Transfer,Mobile,8,10,57.01,0,4,0
375,2950,109.13,Germany,Cash Withdrawal,Mobile,6,28,176.99,0,1,0
376,3414,30.0,France,Online Payment,Tablet,20,30,216.16,0,1,0
377,3127,50.17,Germany,Online Payment,Web,5,17,91.39,0,0,0
378,574,226.72,Portugal,Online Payment,Mobile,17,20,99.8,0,1,0
379,2147,107.72,Senegal,Card Payment,Tablet,1,12,214.04,0,1,0
380,3452,47.15,Portugal,Transfer,Mobile,22,38,83.32,0,0,0
381,1868,83.17,United Kingdom,Card Payment,Tablet,20,19,152.59,0,1,0
382,1980,122.14,Portugal,Online Payment,Mobile,0,19,88.06,0,0,0
383,69,28.7,Spain,Cash Withdrawal,Tablet,9,16,103.95,1,4,0
384,2761,145.94,Germany,Transfer,Mobile,3,18,143.83,0,1,0
385,2539,46.75,Spain,Cash Withdrawal,Web,8,21,310.91,0,3,0
386,3930,724.18,Germany,Online Payment,Tablet,7,12,75.75,0,0,0
387,2802,44.29,Senegal,Card Payment,Mobile,12,11,114.05,0,1,0
388,230,180.4,Portugal,Card Payment,Tablet,5,18,56.55,1,2,0
389,2642,293.17,United Kingdom,Card Payment,Tablet,1,39,52.58,0,1,0
390,2836,180.79,Spain,Online Payment,Web,1,46,44.62,0,1,0
391,1149,148.86,Spain,Card Payment,Mobile,10,24,210.92,1,0,0
392,591,131.42,Portugal,Online Payment,Mobile,9,16,130.07,0,1,0
393,3419,109.98,Germany,Cash Withdrawal,Web,23,8,109.06,1,2,0
394,2967,166.07,Senegal,Cash Withdrawal,Mobile,3,10,74.27,0,2,0
395,1396,1067.16,Spain,Online Payment,Web,0,17,225.06,0,3,0
396,1846,92.8,Germany,Transfer,Web,17,31,97.25,0,1,0
397,2785,109.05,Spain,Online Payment,Mobile,19,30,445.83,0,1,0
398,302,141.72,Senegal,Cash Withdrawal,Mobile,12,39,95.12,0,2,0
399,3030,55.85,Germany,Cash Withdrawal,Web,3,6,75.49,1,0,0
400,1822,242.24,United Kingdom,Cash Withdrawal,Mobile,4,14,183.82,1,0,0
401,2282,217.04,Spain,Online Payment,Mobile,0,25,74.82,1,5,0
402,2446,171.66,Spain,Cash Withdrawal,Web,0,19,64.77,0,0,0
403,347,32.71,Portugal,Transfer,Tablet,16,3,98.04,0,0,0
404,569,78.35,United Kingdom,Cash Withdrawal,Web,15,1,124.96,1,0,0
405,1131,389.17,Germany,Cash Withdrawal,Web,2,20,98.74,0,0,0
406,2953,129.8,Portugal,Online Payment,Tablet,19,3,69.57,0,1,0
407,1248,235.94,Senegal,Online Payment,Web,19,18,93.81,0,1,0
408,1804,24.46,United Kingdom,Online Payment,Tablet,19,20,129.86,1,2,0
409,3881,122.29,Portugal,Transfer,Web,10,30,408.5,0,1,0
410,1308,43.28,United Kingdom,Online Payment,Tablet,7,8,175.79,0,4,0
411,3219,166.32,Germany,Cash Withdrawal,Mobile,18,14,108.27,0,1,0
412,737,29.51,Portugal,Card Payment,Tablet,14,14,120.47,0,2,0
413,3268,73.63,United Kingdom,Card Payment,Web,21,20,195.01,0,0,0
414,992,53.18,United Kingdom,Transfer,Tablet,13,28,65.35,0,1,0
415,2450,41.4,Germany,Online Payment,Tablet,16,11,82.62,0,4,0
416,1714,244.57,Spain,Card Payment,Web,22,19,361.05,0,2,0
417,2614,263.04,Senegal,Card Payment,Mobile,21,32,115.95,0,1,0
418,2510,142.29,Senegal,Online Payment,Web,13,26,226.41,1,0,0
419,910,168.4,Spain,Transfer,Web,11,18,20.1,0,1,0
420,2411,123.16,Portugal,Transfer,Web,0,5,47.0,0,0,0
421,3771,84.55,Senegal,Card Payment,Tablet,4,34,133.76,0,0,0
422,3213,154.53,France,Online Payment,Web,15,16,388.5,1,1,0
423,1854,264.21,United Kingdom,Card Payment,Web,1,36,70.44,0,2,0
424,3479,86.98,United Kingdom,Card Payment,Tablet,5,8,294.6,0,1,0
425,2114,93.42,France,Transfer,Web,17,26,79.32,0,0,0
426,3268,106.67,Germany,Transfer,Mobile,20,2,118.09,0,1,0
427,3021,35.86,Spain,Transfer,Web,18,8,96.46,0,1,1
428,880,14.72,France,Cash Withdrawal,Tablet,2,19,110.94,0,3,0
429,2200,282.28,France,Cash Withdrawal,Web,6,12,118.21,0,1,0
430,3534,419.08,Germany,Cash Withdrawal,Tablet,12,17,123.39,0,1,0
431,1426,266.32,United Kingdom,Online Payment,Tablet,5,12,30.06,0,1,0
432,1219,149.08,Spain,Card Payment,Tablet,4,29,48.87,0,2,0
433,480,139.58,France,Cash Withdrawal,Tablet,4,22,96.17,0,1,0
434,565,400.17,Spain,Online Payment,Web,5,18,41.02,0,2,0
435,3765,186.73,Portugal,Transfer,Tablet,5,20,97.18,0,1,0
436,1289,72.24,Germany,Card Payment,Web,0,23,60.55,0,2,0
437,1573,181.01,Spain,Online Payment,Web,21,31,283.82,0,1,0
438,1819,53.94,Germany,Transfer,Mobile,18,17,145.45,1,3,0
439,1197,62.3,Senegal,Cash Withdrawal,Mobile,17,40,41.9,0,2,0
440,2317,140.86,Portugal,Online Payment,Tablet,16,28,75.9,1,2,0
441,3175,38.89,Spain,Cash Withdrawal,Tablet,1,17,84.98,0,1,0
442,896,194.58,Germany,Card Payment,Tablet,20,4,145.08,0,2,0
443,133,138.41,Germany,Cash Withdrawal,Web,2,20,152.81,0,6,0
444,3177,76.33,France,Transfer,Tablet,18,38,98.05,0,1,0
445,2500,56.53,Portugal,Online Payment,Mobile,19,24,267.86,1,1,0
446,848,161.5,Senegal,Cash Withdrawal,Tablet,8,7,158.02,0,2,0
447,2884,107.44,United Kingdom,Cash Withdrawal,Tablet,8,11,108.65,0,1,0
448,3688,82.33,Portugal,Card Payment,Mobile,13,12,42.96,0,2,0
449,3552,72.28,Portugal,Transfer,Tablet,4,33,257.69,0,3,0
450,3394,75.16,France,Online Payment,Web,4,13,176.69,0,1,0
451,1697,46.11,Germany,Online Payment,Mobile,20,27,110.89,0,0,0
452,1651,56.65,Spain,Cash Withdrawal,Tablet,11,22,98.14,0,2,0
453,2384,590.61,Senegal,Card Payment,Tablet,14,4,290.13,0,1,0
454,3483,132.09,Senegal,Online Payment,Mobile,13,18,191.14,0,2,0
455,1323,168.55,United Kingdom,Cash Withdrawal,Tablet,18,6,79.01,1,1,0
456,3229,53.46,United Kingdom,Card Payment,Mobile,3,20,168.31,0,3,0
457,67,278.56,Senegal,Transfer,Web,14,27,62.1,1,2,0
458,829,170.4,Portugal,Transfer,Tablet,9,14,104.7,0,0,0
459,1123,211.07,Senegal,Cash Withdrawal,Web,2,1,70.89,0,1,0
460,678,53.59,Senegal,Online Payment,Tablet,9,32,179.89,0,2,0
461,1759,315.86,Portugal,Card Payment,Tablet,3,10,83.21,1,4,0
462,544,175.85,Spain,Transfer,Tablet,21,34,39.17,0,1,1
463,1408,513.75,Senegal,Online Payment,Tablet,4,23,146.67,0,2,0
464,366,77.05,Portugal,Card Payment,Mobile,10,26,44.62,0,1,0
465,1568,89.37,France,Transfer,Mobile,16,22,364.09,0,3,0
466,673,1462.55,Germany,Cash Withdrawal,Tablet,6,16,322.83,0,4,1
467,1687,79.14,Spain,Online Payment,Mobile,2,25,50.43,0,6,0
468,505,45.71,Spain,Online Payment,Web,13,9,87.16,0,2,0
469,1135,115.79,Portugal,Card Payment,Mobile,17,24,174.95,0,3,0
470,1168,54.54,Portugal,Card Payment,Tablet,9,38,112.61,0,1,0
471,773,147.66,Portugal,Online Payment,Web,20,33,60.47,1,1,0
472,3911,97.13,France,Online Payment,Web,3,8,59.9,0,3,0
473,291,295.68,Spain,Card Payment,Web,10,39,114.65,1,1,0
474,2329,72.83,Germany,Cash Withdrawal,Tablet,21,32,44.3,0,2,0
475,3156,79.15,Senegal,Card Payment,Tablet,2,2,56.27,1,0,0
476,3779,326.57,Senegal,Online Payment,Tablet,9,25,100.27,0,3,0
477,1702,410.05,Germany,Online Payment,Mobile,20,15,92.15,0,1,0
478,1137,79.64,Senegal,Cash Withdrawal,Mobile,16,6,115.18,0,1,0
479,637,407.84,Spain,Cash Withdrawal,Web,18,13,74.76,0,1,0
480,2790,474.0,Portugal,Card Payment,Web,22,11,73.87,0,1,0
481,978,259.5,Senegal,Transfer,Mobile,13,7,115.88,1,0,0
482,226,166.79,United Kingdom,Transfer,Mobile,0,14,93.41,0,3,0
483,672,232.55,Germany,Cash Withdrawal,Tablet,16,8,179.7,0,1,0
484,684,415.86,United Kingdom,Transfer,Tablet,8,30,129.4,0,1,0
485,3686,188.89,Senegal,Cash Withdrawal,Web,8,23,138.99,0,2,0
486,3994,42.05,Spain,Card Payment,Web,14,20,94.3,0,1,0
487,3520,111.3,Spain,Transfer,Web,5,24,87.25,0,2,0
488,2351,170.1,Portugal,Card Payment,Mobile,23,19,99.03,0,0,0
489,3535,156.53,Senegal,Transfer,Mobile,15,21,41.96,0,2,0
490,734,85.52,Senegal,Online Payment,Mobile,10,37,251.86,0,1,0
491,1311,81.26,United Kingdom,Card Payment,Tablet,11,22,131.18,1,1,0
492,216,100.73,France,Transfer,Tablet,1,12,72.65,0,1,0
493,1906,115.15,United Kingdom,Cash Withdrawal,Web,2,12,165.54,0,1,1
494,822,399.33,United Kingdom,Cash Withdrawal,Tablet,19,24,145.94,0,2,0
495,3981,377.52,Germany,Transfer,Tablet,17,26,120.61,0,0,0
496,27,477.97,Germany,Card Payment,Mobile,17,26,96.97,0,2,0
497,3594,232.36,Senegal,Cash Withdrawal,Mobile,21,17,213.62,0,2,0
498,1260,202.95,Senegal,Transfer,Tablet,7,13,308.47,0,3,0
499,3984,78.28,France,Cash Withdrawal,Mobile,1,28,87.16,0,1,0
500,2129,117.18,Germany,Cash Withdrawal,Web,23,19,72.69,1,1,0
501,547,81.9,Portugal,Online Payment,Mobile,18,34,51.73,0,0,0
502,3950,232.89,France,Transfer,Web,8,25,58.95,0,3,0
503,1610,54.26,Portugal,Cash Withdrawal,Web,14,8,116.72,0,1,0
504,831,32.21,France,Card Payment,Mobile,3,30,83.09,0,2,0
505,1666,109.91,Senegal,Cash Withdrawal,Mobile,14,23,115.76,0,2,0
506,492,20.58,Senegal,Transfer,Tablet,9,30,30.44,0,1,0
507,166,169.72,France,Cash Withdrawal,Mobile,2,28,122.11,0,2,0
508,1624,138.62,Spain,Card Payment,Tablet,9,24,63.07,0,0,0
509,128,53.0,Germany,Online Payment,Tablet,23,27,117.6,0,0,0
510,418,490.64,France,Card Payment,Mobile,1,12,51.67,0,0,0
511,536,132.24,France,Online Payment,Web,21,4,46.97,0,0,0
512,2386,196.35,Spain,Cash Withdrawal,Mobile,0,6,78.35,0,0,0
513,2646,132.96,Germany,Transfer,Mobile,10,24,31.33,1,2,0
514,208,376.26,France,Online Payment,Tablet,12,11,151.53,0,1,0
515,1748,157.95,France,Cash Withdrawal,Mobile,5,29,59.84,0,1,0
516,609,130.13,Senegal,Transfer,Tablet,9,11,86.07,0,1,0
517,1963,241.47,Senegal,Card Payment,Web,12,17,112.5,1,1,0
518,3624,38.13,Spain,Transfer,Tablet,17,46,56.42,0,2,0
519,3203,328.85,Portugal,Cash Withdrawal,Web,17,21,136.57,0,1,0
520,2317,159.28,Spain,Cash Withdrawal,Web,8,17,259.33,0,0,0
521,898,64.07,Senegal,Cash Withdrawal,Mobile,15,19,231.01,0,1,0
522,954,84.28,France,Card Payment,Mobile,21,28,28.56,0,1,0
523,3241,74.79,Portugal,Card Payment,Mobile,18,22,225.89,0,3,0
524,1454,81.98,France,Transfer,Mobile,18,13,53.85,0,1,0
525,1470,74.9,Spain,Card Payment,Tablet,22,1,188.34,0,1,0
526,583,336.94,Spain,Transfer,Web,17,26,55.56,0,1,0
527,370,196.18,Senegal,Transfer,Tablet,7,26,70.77,1,4,0
528,1359,129.75,Spain,Transfer,Mobile,10,8,113.79,0,3,0
529,3459,137.1,United Kingdom,Card Payment,Mobile,4,18,136.13,0,4,0
530,3172,144.66,Senegal,Cash Withdrawal,Mobile,11,9,139.6,0,2,0
531,2401,73.39,Senegal,Cash Withdrawal,Web,10,9,69.77,1,2,0
532,3886,70.11,Germany,Online Payment,Tablet,10,10,273.57,0,3,0
533,2841,50.73,Spain,Cash Withdrawal,Mobile,21,28,121.89,0,1,0
534,1257,189.16,Portugal,Cash Withdrawal,Mobile,5,25,62.24,0,0,0
535,3886,35.85,Spain,Online Payment,Tablet,1,26,205.76,0,2,0
536,3313,186.74,Spain,Transfer,Tablet,18,22,79.57,1,1,0
537,1357,160.73,Portugal,Card Payment,Mobile,11,4,116.42,0,3,0
538,3627,98.42,Senegal,Cash Withdrawal,Web,0,23,132.91,0,1,0
539,278,222.61,United Kingdom,Cash Withdrawal,Mobile,23,26,59.74,1,0,0
540,3001,99.96,Germany,Transfer,Web,15,32,76.82,0,1,0
541,1538,46.48,Senegal,Online Payment,Tablet,20,26,244.92,0,0,0
542,1849,201.1,Senegal,Card Payment,Web,0,23,211.58,0,3,0
543,304,136.44,United Kingdom,Transfer,Web,5,20,89.05,0,2,0
544,3679,424.42,Senegal,Cash Withdrawal,Tablet,19,27,120.96,0,2,0
545,1767,200.42,Portugal,Transfer,Tablet,13,28,77.06,0,2,0
546,842,134.13,France,Online Payment,Tablet,17,25,99.86,0,0,0
547,1087,584.1,Portugal,Cash Withdrawal,Web,7,20,201.72,1,1,0
548,2252,355.38,Germany,Transfer,Mobile,11,32,302.18,1,0,0
549,3375,88.4,Portugal,Online Payment,Mobile,3,38,194.72,1,0,0
550,1196,177.5,Senegal,Online Payment,Mobile,9,35,183.53,0,4,0
551,3666,50.27,Portugal,Cash Withdrawal,Mobile,20,16,40.74,0,3,0
552,3627,186.99,Germany,Cash Withdrawal,Mobile,14,11,100.54,1,4,0
553,1079,201.06,France,Cash Withdrawal,Tablet,1,11,188.15,0,1,0
554,397,73.31,Senegal,Cash Withdrawal,Tablet,13,22,179.86,0,3,0
555,2268,80.39,Senegal,Online Payment,Tablet,13,18,97.17,0,0,0
556,3836,66.87,Germany,Transfer,Web,9,13,72.03,1,1,0
557,2926,31.13,Senegal,Transfer,Mobile,14,15,76.13,0,1,0
558,3982,281.89,France,Transfer,Mobile,1,16,77.63,0,2,0
559,1784,195.59,France,Transfer,Tablet,8,14,85.82,0,1,0
560,3307,57.9,Senegal,Card Payment,Web,17,19,66.09,0,1,0
561,1132,91.13,Spain,Online Payment,Mobile,22,23,122.77,0,0,0
562,1719,1047.78,Senegal,Online Payment,Mobile,4,5,175.71,0,1,0
563,3952,26.88,Senegal,Card Payment,Tablet,3,16,53.97,0,3,0
564,3606,18.96,United Kingdom,Online Payment,Web,12,15,178.31,0,4,0
565,1938,116.85,Senegal,Transfer,Web,12,5,106.54,1,2,0
566,2842,474.99,Germany,Card Payment,Web,10,17,206.99,0,1,0
567,1947,82.0,United Kingdom,Cash Withdrawal,Mobile,10,23,128.66,0,2,0
568,1149,44.52,Germany,Card Payment,Mobile,4,22,44.26,0,2,0
569,3171,43.24,United Kingdom,Cash Withdrawal,Tablet,13,22,63.74,0,0,0
570,1810,68.58,France,Online Payment,Tablet,15,14,181.27,0,3,0
571,3363,321.94,Senegal,Transfer,Mobile,9,14,71.47,0,3,0
572,3197,101.05,Spain,Card Payment,Mobile,6,8,165.47,0,0,0
573,237,91.06,France,Card Payment,Web,1,25,131.33,0,2,0
574,1123,164.05,United Kingdom,Online Payment,Tablet,12,1,77.42,0,0,0
575,126,235.88,France,Cash Withdrawal,Web,19,19,74.16,0,2,0
576,1944,67.61,Spain,Cash Withdrawal,Web,5,13,144.69,0,1,0
577,3404,79.76,Portugal,Card Payment,Web,0,33,87.27,0,0,0
578,2344,165.07,France,Transfer,Tablet,7,14,56.49,0,3,0
579,1678,72.19,Spain,Card Payment,Tablet,0,20,113.73,0,2,0
580,710,80.66,Spain,Card Payment,Mobile,8,19,85.24,0,1,0
581,2920,77.03,Portugal,Cash Withdrawal,Web,12,23,44.24,0,0,0
582,894,221.51,Germany,Cash Withdrawal,Tablet,16,32,82.08,0,2,0
583,420,67.71,Senegal,Cash Withdrawal,Tablet,20,27,165.89,0,2,0
584,2804,533.19,Senegal,Online Payment,Mobile,10,35,119.43,0,1,0
585,3529,182.06,United Kingdom,Cash Withdrawal,Tablet,22,21,166.84,0,1,0
586,772,37.72,France,Transfer,Mobile,19,23,151.42,0,1,0
587,574,268.54,Portugal,Card Payment,Tablet,15,30,57.23,0,0,0
588,1715,43.66,Germany,Online Payment,Tablet,1,3,86.88,0,3,0
589,3343,202.83,France,Cash Withdrawal,Tablet,22,18,133.54,0,0,0
590,3215,48.51,Germany,Cash Withdrawal,Tablet,9,19,147.07,0,1,0
591,3591,639.39,Spain,Transfer,Web,3,16,180.34,0,4,0
592,2971,233.41,Spain,Transfer,Tablet,10,10,313.69,0,4,0
593,915,50.22,Portugal,Cash Withdrawal,Web,10,29,81.34,0,1,0
594,1900,81.92,Senegal,Online Payment,Mobile,20,22,307.23,0,1,0
595,292,226.85,Germany,Transfer,Tablet,3,3,53.23,0,0,0
596,1223,100.42,Germany,Card Payment,Mobile,4,29,117.15,0,2,0
597,2333,559.78,Germany,Transfer,Web,22,28,96.54,0,1,0
598,1363,241.64,Portugal,Transfer,Web,20,24,148.98,1,0,0
599,858,49.2,France,Transfer,Web,2,44,273.1,1,0,0
600,1759,196.7,Germany,Online Payment,Web,12,24,383.16,1,0,0
601,2993,149.34,United Kingdom,Card Payment,Web,16,7,134.36,0,2,0
602,2567,107.32,Portugal,Transfer,Mobile,22,19,144.08,0,1,0
603,421,134.77,Germany,Cash Withdrawal,Mobile,2,16,44.15,0,1,0
604,1192,100.77,Germany,Cash Withdrawal,Web,21,1,203.81,0,3,0
605,3693,305.78,Germany,Cash Withdrawal,Mobile,5,14,57.58,0,0,0
606,1653,73.01,Senegal,Transfer,Mobile,23,4,20.1,0,1,0
607,90,317.41,Spain,Transfer,Mobile,11,15,85.9,0,1,0
608,1537,305.86,Portugal,Cash Withdrawal,Tablet,19,21,143.96,1,1,0
609,2712,16.6,Senegal,Card Payment,Mobile,22,13,144.33,1,3,0
610,507,55.38,Spain,Cash Withdrawal,Web,22,10,97.13,0,3,0
611,2582,215.23,Senegal,Cash Withdrawal,Web,21,1,220.4,1,2,0
612,2551,92.85,Spain,Transfer,Web,3,15,92.46,0,1,0
613,1158,306.7,Senegal,Card Payment,Web,6,32,99.55,0,0,0
614,3406,70.56,Spain,Transfer,Web,22,23,90.04,0,0,0
615,2246,46.53,Germany,Transfer,Tablet,15,17,120.53,0,1,1
616,2752,274.38,Senegal,Card Payment,Tablet,21,23,94.3,0,4,0
617,3193,142.86,Spain,Card Payment,Tablet,23,36,70.82,1,2,0
618,947,520.32,Germany,Cash Withdrawal,Web,14,21,233.43,1,2,0
619,3581,104.72,Senegal,Cash Withdrawal,Web,21,23,106.28,0,1,0
620,390,322.2,Senegal,Card Payment,Mobile,21,1,173.44,0,0,0
621,3664,405.9,Germany,Cash Withdrawal,Tablet,2,13,241.0,0,4,0
622,467,47.32,Germany,Online Payment,Web,8,36,209.01,0,1,0
623,1959,43.18,Germany,Transfer,Mobile,4,25,144.08,0,1,0
624,3861,27.23,France,Card Payment,Web,18,16,53.21,0,2,0
625,1795,62.03,France,Online Payment,Web,19,17,55.72,1,1,0
626,3435,160.05,Portugal,Transfer,Web,15,16,81.1,1,3,0
627,189,129.9,Senegal,Cash Withdrawal,Tablet,10,14,88.65,1,1,0
628,2150,113.84,Portugal,Transfer,Tablet,10,13,200.89,0,0,0
629,2533,30.42,Senegal,Online Payment,Tablet,23,34,112.71,0,1,0
630,2771,173.19,Portugal,Online Payment,Mobile,17,24,93.64,0,1,0
631,48,112.25,Portugal,Transfer,Tablet,15,13,142.5,0,1,0
632,307,176.98,Germany,Cash Withdrawal,Mobile,10,18,64.2,0,2,0
633,913,208.91,Spain,Online Payment,Web,7,12,109.23,1,1,0
634,2348,71.81,Germany,Card Payment,Web,14,26,26.52,0,0,0
635,3053,351.75,Portugal,Card Payment,Mobile,12,23,76.41,0,0,0
636,1,174.99,Senegal,Cash Withdrawal,Tablet,17,11,49.04,0,2,0
637,3893,112.47,United Kingdom,Cash Withdrawal,Mobile,7,15,62.34,0,1,0
638,3144,197.67,Spain,Online Payment,Tablet,21,9,70.0,0,1,0
639,400,265.14,Portugal,Transfer,Mobile,10,25,197.76,0,1,0
640,3277,184.51,United Kingdom,Cash Withdrawal,Tablet,3,12,244.29,1,1,0
641,576,248.23,Portugal,Online Payment,Mobile,8,38,85.99,0,2,0
642,3811,214.83,Germany,Transfer,Web,6,1,68.67,0,2,0
643,1698,140.91,Senegal,Card Payment,Web,14,24,125.63,0,1,0
644,552,338.02,Germany,Card Payment,Tablet,23,10,73.24,1,1,0
645,3436,249.71,Spain,Online Payment,Tablet,5,24,223.65,0,3,0
646,3340,47.35,France,Card Payment,Web,21,3,80.26,0,1,0
647,2065,52.45,Germany,Online Payment,Tablet,22,27,250.22,0,0,0
648,3947,211.91,United Kingdom,Cash Withdrawal,Web,4,30,133.66,1,0,0
649,3631,61.71,Portugal,Cash Withdrawal,Tablet,17,32,175.49,0,1,0
650,3832,117.78,Spain,Transfer,Mobile,6,9,346.14,0,1,0
651,1415,272.04,Portugal,Transfer,Tablet,20,7,122.83,0,2,0
652,2223,257.32,Portugal,Cash Withdrawal,Tablet,3,21,68.12,0,2,0
653,2388,172.96,Spain,Online Payment,Tablet,23,12,126.14,0,5,0
654,3595,27.49,Germany,Card Payment,Tablet,3,11,71.71,1,3,0
655,2746,58.93,Senegal,Transfer,Web,5,31,163.9,0,1,0
656,600,574.2,Senegal,Cash Withdrawal,Mobile,17,22,162.05,1,0,0
657,420,414.93,Spain,Transfer,Tablet,20,13,87.66,0,0,0
658,3213,151.62,Portugal,Cash Withdrawal,Tablet,21,10,247.96,1,1,0
659,1707,309.87,Portugal,Cash Withdrawal,Tablet,1,21,115.33,1,1,0
660,2542,189.28,Germany,Transfer,Tablet,22,1,186.02,0,2,0
661,2411,96.9,Spain,Transfer,Tablet,6,13,107.89,0,4,0
662,2797,151.38,Senegal,Transfer,Mobile,23,7,57.67,0,2,0
663,1756,64.47,United Kingdom,Cash Withdrawal,Mobile,5,16,63.42,0,3,0
664,1354,157.8,Germany,Transfer,Mobile,4,19,210.61,0,2,0
665,3169,644.73,Portugal,Cash Withdrawal,Web,18,9,88.51,0,0,0
666,2899,169.55,United Kingdom,Transfer,Mobile,16,45,74.79,1,1,0
667,1704,312.43,Spain,Online Payment,Mobile,11,42,163.11,0,1,0
668,1360,43.98,United Kingdom,Cash Withdrawal,Web,6,39,108.67,0,1,0
669,1946,237.24,Spain,Card Payment,Mobile,21,22,135.24,0,2,0
670,2631,340.09,Spain,Transfer,Mobile,21,6,100.55,0,2,0
671,3262,90.08,Senegal,Online Payment,Web,17,18,174.12,0,2,0
672,2118,272.69,United Kingdom,Online Payment,Web,1,17,285.53,0,2,0
673,1313,144.66,Spain,Card Payment,Mobile,5,10,104.29,0,0,0
674,2185,159.27,Senegal,Card Payment,Mobile,21,20,30.65,0,0,0
675,2808,23.29,Germany,Card Payment,Mobile,17,13,63.01,0,2,0
676,3037,100.33,Germany,Card Payment,Tablet,21,12,354.94,0,1,0
677,1359,167.4,Senegal,Card Payment,Mobile,1,21,104.96,0,2,0
678,289,46.7,Spain,Transfer,Web,13,11,88.5,0,1,0
679,1774,62.03,United Kingdom,Card Payment,Web,21,26,115.41,1,3,1
680,2951,70.47,Spain,Card Payment,Tablet,18,21,253.27,1,0,0
681,1466,242.09,Spain,Card Payment,Web,21,21,42.68,0,0,0
682,3135,63.93,Germany,Online Payment,Web,21,17,55.17,1,1,0
683,901,317.98,France,Online Payment,Tablet,9,23,106.96,0,3,0
684,2775,62.49,Portugal,Cash Withdrawal,Mobile,17,25,67.48,0,0,0
685,172,172.22,Senegal,Online Payment,Tablet,17,1,165.54,0,4,0
686,3066,134.42,Portugal,Cash Withdrawal,Mobile,13,14,182.47,0,0,0
687,584,597.79,France,Transfer,Mobile,19,11,79.04,0,2,0
688,743,108.03,Portugal,Card Payment,Tablet,14,17,46.08,0,0,0
689,2752,170.83,Senegal,Cash Withdrawal,Mobile,6,24,37.88,0,4,0
690,1356,284.62,United Kingdom,Transfer,Tablet,20,4,313.58,0,3,0
691,286,293.64,France,Cash Withdrawal,Web,14,39,254.74,0,1,0
692,2841,189.31,Spain,Transfer,Tablet,18,14,126.59,0,1,0
693,1755,80.34,France,Card Payment,Web,7,14,79.6,0,1,0
694,2625,109.0,Germany,Cash Withdrawal,Web,4,1,89.73,0,1,0
695,1966,67.89,Germany,Online Payment,Web,9,20,118.62,0,4,0
696,2645,67.52,Spain,Card Payment,Web,4,21,49.3,0,1,0
697,3005,84.47,Portugal,Card Payment,Tablet,2,17,104.08,0,0,0
698,2588,113.9,Senegal,Online Payment,Tablet,6,3,118.13,0,4,0
699,2227,265.67,Spain,Online Payment,Tablet,4,1,219.68,0,1,0
700,3163,368.37,Spain,Cash Withdrawal,Mobile,14,16,105.79,0,1,0
701,1491,413.29,Spain,Card Payment,Tablet,7,26,63.13,0,1,0
702,2516,33.85,Portugal,Transfer,Tablet,4,24,79.74,0,2,0
703,3886,59.26,Spain,Transfer,Tablet,23,6,148.66,0,1,0
704,897,91.96,Germany,Transfer,Mobile,8,4,39.6,0,1,0
705,847,75.34,Spain,Cash Withdrawal,Web,15,30,78.85,0,4,0
706,164,436.73,Portugal,Cash Withdrawal,Mobile,22,12,141.83,0,2,0
707,1121,137.8,Portugal,Cash Withdrawal,Tablet,17,20,139.64,0,1,0
708,1551,62.63,United Kingdom,Card Payment,Tablet,8,33,54.53,0,1,0
709,2116,303.13,Germany,Cash Withdrawal,Web,15,2,54.15,0,2,0
710,28,150.03,Spain,Transfer,Web,5,26,67.53,0,0,0
711,1151,318.54,France,Transfer,Mobile,5,13,41.56,0,4,0
712,485,171.91,Portugal,Transfer,Web,10,8,107.61,0,1,0
713,1962,160.35,Germany,Transfer,Tablet,5,45,36.45,0,1,0
714,999,118.41,Senegal,Transfer,Tablet,18,26,118.37,0,0,0
715,161,59.56,Spain,Transfer,Mobile,5,19,183.38,0,1,0
716,3925,662.79,Germany,Card Payment,Tablet,23,19,113.28,0,0,0
717,352,145.95,France,Online Payment,Tablet,15,30,125.79,0,4,0
718,3402,250.44,Germany,Transfer,Tablet,5,14,68.44,0,0,0
719,687,63.29,Portugal,Cash Withdrawal,Web,19,9,393.41,0,2,0
720,1579,352.51,France,Card Payment,Mobile,6,5,116.34,0,1,0
721,2804,354.08,Germany,Transfer,Tablet,3,31,103.09,0,5,0
722,2457,270.3,Senegal,Card Payment,Mobile,15,26,88.38,0,0,0
723,2209,159.0,Senegal,Online Payment,Tablet,13,17,67.06,0,0,0
724,2171,68.35,Germany,Transfer,Web,12,20,219.28,0,1,0
725,3719,228.93,Portugal,Card Payment,Web,4,27,67.76,0,0,0
726,3728,31.37,Senegal,Cash Withdrawal,Tablet,17,20,117.55,0,2,0
727,2905,223.21,Portugal,Card Payment,Tablet,16,30,103.84,1,0,1
728,2682,169.62,France,Cash Withdrawal,Web,11,31,188.07,1,1,0
729,2398,24.96,United Kingdom,Cash Withdrawal,Tablet,13,20,343.32,0,1,0
730,2788,56.92,Germany,Transfer,Web,17,4,75.21,0,0,0
731,1517,132.63,Spain,Online Payment,Web,9,20,245.88,0,2,0
732,1631,69.81,Portugal,Transfer,Tablet,3,18,144.7,0,1,0
733,2865,55.04,France,Card Payment,Mobile,16,19,67.59,0,2,0
734,2256,49.84,Spain,Card Payment,Mobile,12,14,141.73,0,3,1
735,374,718.06,France,Online Payment,Tablet,13,20,58.69,1,2,0
736,1519,124.37,Senegal,Card Payment,Tablet,12,31,51.69,0,3,0
737,2688,276.87,Spain,Cash Withdrawal,Tablet,19,28,55.38,1,1,0
738,718,234.19,Portugal,Online Payment,Web,0,20,100.47,0,2,0
739,3293,159.35,Spain,Cash Withdrawal,Mobile,1,16,49.07,0,2,0
740,2861,143.92,France,Transfer,Tablet,1,32,100.38,0,2,0
741,3997,177.41,France,Card Payment,Web,12,29,61.13,0,2,0
742,2401,374.44,France,Card Payment,Tablet,22,29,96.19,1,0,0
743,1166,128.79,Portugal,Cash Withdrawal,Web,8,21,47.88,0,2,0
744,1863,229.21,Germany,Card Payment,Web,5,14,247.48,0,0,0
745,297,123.86,Spain,Cash Withdrawal,Web,3,17,106.0,0,1,0
746,3589,145.07,Spain,Cash Withdrawal,Tablet,14,1,193.55,0,3,0
747,3154,144.3,France,Cash Withdrawal,Web,21,14,43.29,0,2,0
748,113,491.12,Germany,Card Payment,Web,2,24,208.9,0,1,0
749,903,241.39,Portugal,Transfer,Web,13,11,32.75,0,4,0
750,40,136.46,Portugal,Cash Withdrawal,Mobile,9,5,86.04,1,0,0
751,3364,68.6,United Kingdom,Card Payment,Tablet,5,25,133.35,0,1,0
752,3664,139.0,Spain,Cash Withdrawal,Mobile,23,1,122.37,0,2,0
753,2044,111.59,Portugal,Transfer,Mobile,23,15,77.92,0,2,0
754,939,291.37,France,Transfer,Tablet,11,22,108.49,0,3,0
755,3770,145.56,Senegal,Online Payment,Tablet,0,20,61.24,0,0,0
756,174,344.75,Germany,Cash Withdrawal,Tablet,10,5,80.62,0,3,0
757,3675,51.88,Spain,Cash Withdrawal,Web,5,12,126.63,0,1,0
758,1148,42.07,Germany,Transfer,Tablet,4,29,91.76,1,2,0
759,1960,107.74,Spain,Card Payment,Tablet,11,16,58.82,0,0,0
760,716,47.57,Germany,Card Payment,Tablet,16,16,130.74,0,1,0
761,49,179.11,Portugal,Transfer,Web,18,15,67.84,1,2,0
762,3531,130.07,United Kingdom,Transfer,Tablet,8,22,95.16,0,0,0
763,2512,426.62,United Kingdom,Cash Withdrawal,Mobile,15,20,74.92,0,1,0
764,3081,59.58,United Kingdom,Cash Withdrawal,Web,8,29,28.79,0,0,0
765,2359,59.49,Portugal,Transfer,Mobile,23,25,112.26,0,3,0
766,1771,25.16,Germany,Transfer,Mobile,23,11,116.58,1,1,0
767,724,89.46,Germany,Online Payment,Mobile,20,18,86.61,0,1,0
768,3217,47.12,Germany,Cash Withdrawal,Web,17,16,129.23,0,3,0
769,406,47.42,Portugal,Transfer,Mobile,6,24,223.44,0,0,0
770,2580,178.52,Senegal,Online Payment,Tablet,10,7,56.55,0,2,0
771,2284,327.05,United Kingdom,Cash Withdrawal,Mobile,13,23,61.51,1,0,0
772,3945,94.8,Spain,Transfer,Tablet,18,12,59.44,0,3,0
773,3197,82.28,United Kingdom,Cash Withdrawal,Web,21,25,256.24,0,0,0
774,1831,108.2,Senegal,Online Payment,Tablet,9,32,56.58,0,0,0
775,3557,50.0,France,Cash Withdrawal,Web,20,31,119.78,0,1,0
776,3716,76.54,Senegal,Card Payment,Mobile,10,14,93.84,0,1,0
777,1194,51.99,Portugal,Cash Withdrawal,Tablet,20,19,146.02,0,0,0
778,3199,102.43,United Kingdom,Online Payment,Web,5,23,296.54,0,3,0
779,2981,50.51,France,Cash Withdrawal,Tablet,22,5,70.55,0,4,0
780,1627,315.3,Senegal,Card Payment,Mobile,15,17,40.37,0,1,0
781,1627,108.37,Spain,Card Payment,Mobile,8,27,131.43,0,1,0
782,3816,112.01,Germany,Cash Withdrawal,Mobile,7,26,94.46,0,3,0
783,518,305.18,France,Transfer,Mobile,1,17,225.02,0,5,0
784,1333,77.93,Germany,Online Payment,Tablet,8,18,78.15,0,3,0
785,3885,48.99,Portugal,Transfer,Tablet,19,24,131.4,0,0,0
786,3594,444.51,Spain,Online Payment,Tablet,20,30,66.22,0,1,0
787,1423,113.3,Germany,Transfer,Mobile,14,25,194.37,0,2,0
788,638,115.87,United Kingdom,Card Payment,Mobile,16,9,100.69,0,0,0
789,1409,261.97,United Kingdom,Online Payment,Tablet,0,24,54.18,0,5,0
790,3095,139.46,Germany,Cash Withdrawal,Mobile,13,32,49.42,0,0,0
791,3264,272.16,Senegal,Cash Withdrawal,Mobile,13,14,40.96,0,2,0
792,1024,405.22,France,Online Payment,Web,7,25,142.15,0,0,0
793,982,46.22,Spain,Cash Withdrawal,Web,20,17,132.78,0,1,0
794,1692,528.73,France,Card Payment,Mobile,4,26,35.66,0,4,0
795,2531,126.4,Germany,Cash Withdrawal,Tablet,19,27,76.33,0,1,0
796,624,162.47,Senegal,Card Payment,Mobile,3,40,238.5,0,0,0
797,1796,390.11,Portugal,Card Payment,Mobile,2,5,115.14,0,1,0
798,1401,134.19,Germany,Cash Withdrawal,Web,11,31,271.74,0,2,0
799,1353,147.57,Senegal,Transfer,Mobile,8,1,153.22,0,0,0
800,1926,78.37,France,Transfer,Web,12,18,66.98,0,2,0
801,3147,25.02,Portugal,Transfer,Web,14,27,31.85,0,1,0
802,816,124.31,Germany,Card Payment,Tablet,21,1,90.72,0,1,0
803,2792,452.46,United Kingdom,Cash Withdrawal,Mobile,20,23,65.49,0,3,0
804,2252,118.51,Spain,Card Payment,Web,15,1,75.34,0,0,0
805,3636,68.58,Senegal,Transfer,Mobile,7,13,282.94,0,0,0
806,686,124.34,United Kingdom,Card Payment,Web,7,10,123.87,1,0,0
807,3210,311.7,Portugal,Online Payment,Tablet,19,17,80.44,0,0,0
808,1019,34.31,France,Online Payment,Mobile,21,41,46.8,0,1,0
809,3112,70.6,Portugal,Card Payment,Mobile,11,16,68.81,0,6,0
810,3242,98.71,Senegal,Transfer,Web,7,12,399.05,0,2,0
811,2641,183.75,United Kingdom,Online Payment,Tablet,6,17,108.49,1,3,0
812,2968,70.03,France,Cash Withdrawal,Mobile,15,29,85.71,0,2,0
813,2224,363.59,Portugal,Online Payment,Mobile,18,3,126.62,0,2,0
814,3000,78.88,Germany,Cash Withdrawal,Tablet,17,34,143.91,0,3,0
815,1841,56.78,United Kingdom,Cash Withdrawal,Tablet,11,23,60.64,0,3,0
816,2073,73.24,Germany,Transfer,Mobile,19,25,72.04,0,1,0
817,979,85.05,United Kingdom,Card Payment,Tablet,17,21,88.42,0,0,0
818,2799,24.39,Germany,Transfer,Tablet,9,17,88.5,0,2,0
819,453,346.86,Senegal,Card Payment,Mobile,4,17,184.15,0,2,1
820,439,129.52,Germany,Transfer,Mobile,1,21,141.24,0,2,0
821,2695,326.29,Germany,Cash Withdrawal,Mobile,11,9,157.16,0,1,0
822,54,75.8,France,Online Payment,Mobile,14,4,68.9,0,2,0
823,2286,320.45,Portugal,Online Payment,Web,22,15,207.04,1,0,0
824,2167,104.64,Senegal,Card Payment,Web,2,31,68.96,0,2,0
825,398,62.02,Senegal,Transfer,Tablet,12,27,100.77,0,1,0
826,1019,94.02,Spain,Transfer,Tablet,23,8,40.09,0,0,0
827,3139,261.45,Portugal,Cash Withdrawal,Tablet,14,22,132.24,0,2,0
828,427,50.58,France,Transfer,Tablet,12,21,22.82,0,0,0
829,2187,286.09,Spain,Online Payment,Web,10,32,102.87,0,2,0
830,3461,89.07,United Kingdom,Online Payment,Tablet,13,22,146.95,0,3,0
831,986,18.43,Spain,Transfer,Web,17,14,69.44,0,2,0
832,3939,118.2,Germany,Online Payment,Web,0,25,82.56,0,1,0
833,2441,122.76,Senegal,Transfer,Web,0,24,93.58,0,2,0
834,3506,27.96,United Kingdom,Card Payment,Tablet,8,16,71.33,0,2,0
835,2338,82.49,Spain,Transfer,Mobile,1,10,98.97,0,2,0
836,1086,180.04,United Kingdom,Transfer,Mobile,8,19,197.43,0,2,0
837,1638,151.82,Spain,Transfer,Tablet,2,14,66.17,0,0,0
838,709,76.1,Germany,Card Payment,Tablet,20,19,56.56,0,2,0
839,2361,166.77,Germany,Card Payment,Mobile,10,22,237.57,0,1,0
840,1707,17.44,Senegal,Transfer,Tablet,20,30,42.97,0,3,0
841,2597,147.66,Portugal,Online Payment,Mobile,9,9,60.87,0,2,0
842,2314,55.94,France,Cash Withdrawal,Tablet,22,12,120.25,0,0,0
843,2997,180.41,Germany,Online Payment,Tablet,18,1,65.75,0,0,0
844,1187,49.36,Germany,Transfer,Mobile,10,18,142.31,1,2,0
845,202,126.01,Spain,Online Payment,Web,2,25,334.95,0,2,0
846,2859,82.65,France,Transfer,Web,17,39,431.95,0,1,0
847,2341,906.17,France,Transfer,Mobile,2,19,127.3,0,3,0
848,2805,35.98,Spain,Card Payment,Mobile,21,32,76.25,0,0,0
849,781,34.8,United Kingdom,Cash Withdrawal,Tablet,20,8,260.1,1,2,0
850,1433,92.03,Spain,Online Payment,Tablet,4,30,79.2,0,1,0
851,957,30.76,France,Cash Withdrawal,Mobile,23,20,19.25,0,3,0
852,224,195.03,France,Transfer,Web,0,30,123.88,0,2,0
853,1250,112.91,Germany,Online Payment,Mobile,10,11,200.05,0,3,0
854,835,96.6,Spain,Cash Withdrawal,Tablet,15,27,92.29,0,2,0
855,2848,578.64,Portugal,Card Payment,Web,18,22,193.2,0,0,0
856,1047,59.14,France,Card Payment,Web,6,18,80.3,0,1,0
857,218,24.11,Germany,Card Payment,Mobile,12,18,76.78,0,2,0
858,3740,56.08,Portugal,Cash Withdrawal,Mobile,0,22,113.02,0,1,0
859,1584,223.17,France,Online Payment,Tablet,22,35,128.68,1,0,0
860,3551,74.59,Spain,Card Payment,Mobile,6,35,158.12,0,0,0
861,3795,108.72,Portugal,Card Payment,Mobile,7,32,84.31,0,1,0
862,2007,92.49,Germany,Transfer,Mobile,11,14,56.14,0,2,0
863,1239,55.27,France,Cash Withdrawal,Mobile,20,12,85.27,0,1,0
864,3338,40.75,Senegal,Cash Withdrawal,Mobile,4,6,42.15,0,3,0
865,563,103.8,Senegal,Online Payment,Tablet,21,15,112.91,0,3,0
866,932,30.07,Germany,Transfer,Tablet,4,8,216.32,0,0,0
867,2480,30.66,United Kingdom,Online Payment,Tablet,4,10,206.03,0,2,0
868,2218,223.22,Portugal,Transfer,Mobile,9,36,86.39,0,2,0
869,3726,289.21,France,Online Payment,Mobile,20,36,141.64,0,1,0
870,1301,422.21,Senegal,Card Payment,Mobile,10,28,37.25,0,3,0
871,121,25.21,United Kingdom,Online Payment,Web,9,19,111.1,0,1,0
872,3663,41.46,Portugal,Cash Withdrawal,Mobile,6,9,103.05,1,3,0
873,3123,204.29,Spain,Cash Withdrawal,Tablet,18,25,85.96,0,3,0
874,946,152.56,Portugal,Card Payment,Web,2,37,24.65,0,0,0
875,2058,70.95,Spain,Online Payment,Tablet,20,22,38.65,0,1,0
876,2013,78.51,Germany,Transfer,Mobile,6,29,162.0,0,0,0
877,3969,129.41,Senegal,Cash Withdrawal,Web,7,30,61.45,0,4,0
878,3104,113.91,France,Card Payment,Mobile,14,13,86.26,0,1,0
879,1331,136.55,Germany,Transfer,Web,12,25,149.74,0,0,0
880,3377,234.14,Germany,Cash Withdrawal,Web,19,10,194.06,0,1,0
881,2197,157.07,Spain,Card Payment,Tablet,3,18,173.82,0,2,0
882,174,182.92,France,Online Payment,Tablet,1,24,209.17,0,1,0
883,2584,109.93,Senegal,Transfer,Web,14,28,102.6,0,3,0
884,3390,89.3,United Kingdom,Online Payment,Mobile,13,9,24.56,0,2,0
885,2827,66.84,Spain,Transfer,Web,20,20,105.54,0,1,0
886,464,146.07,France,Transfer,Web,13,31,234.93,0,1,0
887,1859,66.08,Spain,Transfer,Web,2,16,90.63,0,3,0
888,3716,132.56,Portugal,Transfer,Tablet,23,11,104.97,1,2,0
889,1841,310.68,Portugal,Cash Withdrawal,Mobile,16,17,89.63,0,1,0
890,3995,181.29,Spain,Transfer,Web,17,25,165.36,0,0,0
891,3737,102.51,United Kingdom,Transfer,Mobile,4,31,157.28,0,0,0
892,1719,24.07,United Kingdom,Cash Withdrawal,Tablet,14,24,269.89,0,0,0
893,3681,81.99,France,Transfer,Mobile,19,15,118.44,0,1,0
894,2039,73.65,Germany,Card Payment,Tablet,15,20,77.02,0,2,0
895,1949,35.12,Germany,Online Payment,Web,2,26,224.34,0,2,1
896,3614,533.52,Spain,Cash Withdrawal,Tablet,20,11,89.5,0,0,0
897,201,239.86,France,Transfer,Mobile,20,24,117.27,0,0,0
898,133,165.65,Portugal,Cash Withdrawal,Web,2,38,231.82,1,3,0
899,731,202.39,France,Cash Withdrawal,Tablet,21,24,188.51,0,2,0
900,3225,40.66,Spain,Transfer,Web,23,8,130.51,0,1,0
901,382,118.26,United Kingdom,Cash Withdrawal,Web,12,4,141.52,0,2,0
902,3455,76.53,Spain,Card Payment,Web,15,7,164.89,1,0,0
903,1125,241.14,United Kingdom,Online Payment,Tablet,6,36,67.82,0,1,0
904,448,287.57,Spain,Card Payment,Web,23,10,48.84,0,1,0
905,2896,102.39,United Kingdom,Online Payment,Tablet,10,23,166.38,0,0,0
906,2553,150.28,United Kingdom,Transfer,Tablet,18,19,147.44,0,2,0
907,2039,75.85,Germany,Transfer,Tablet,7,10,98.81,0,1,0
908,7,58.54,Senegal,Card Payment,Web,20,23,64.15,0,0,0
909,850,356.85,Spain,Online Payment,Web,1,7,359.13,0,2,0
910,2612,169.38,France,Card Payment,Tablet,6,19,79.0,0,4,0
911,278,290.73,United Kingdom,Cash Withdrawal,Tablet,17,31,57.14,0,1,1
912,2810,229.39,United Kingdom,Cash Withdrawal,Web,23,21,115.84,0,2,0
913,3409,28.31,France,Transfer,Web,10,14,137.29,0,1,0
914,1944,193.92,Senegal,Transfer,Web,4,24,95.71,0,2,0
915,2200,387.56,United Kingdom,Online Payment,Web,23,5,129.93,1,1,0
916,2315,95.21,Portugal,Cash Withdrawal,Tablet,17,36,41.9,1,0,0
917,1359,228.95,United Kingdom,Card Payment,Mobile,8,14,183.37,0,4,0
918,1537,45.45,Portugal,Transfer,Tablet,19,14,66.05,0,0,0
919,3542,232.09,United Kingdom,Cash Withdrawal,Tablet,1,14,70.13,0,2,0
920,3593,101.78,France,Cash Withdrawal,Web,9,8,91.92,0,3,0
921,460,217.11,United Kingdom,Card Payment,Mobile,2,21,229.7,0,3,1
922,1977,120.38,Spain,Transfer,Mobile,10,33,48.07,0,0,0
923,2145,188.04,United Kingdom,Cash Withdrawal,Mobile,3,1,109.41,0,3,0
924,2772,137.89,France,Transfer,Tablet,1,17,192.96,0,2,0
925,2140,67.59,Senegal,Card Payment,Web,1,13,65.01,0,1,0
926,357,304.53,United Kingdom,Online Payment,Mobile,3,17,204.77,0,1,0
927,1280,47.61,Senegal,Cash Withdrawal,Tablet,6,42,95.23,0,2,0
928,1134,122.37,Spain,Cash Withdrawal,Web,21,11,174.7,1,2,0
929,1121,202.74,Senegal,Card Payment,Tablet,17,6,91.45,0,2,0
930,1435,317.54,Spain,Cash Withdrawal,Web,4,13,19.13,0,0,0
931,2352,37.65,France,Transfer,Mobile,9,33,109.48,0,3,0
932,1818,140.13,Senegal,Transfer,Mobile,15,37,86.97,0,2,0
933,1572,33.34,Senegal,Card Payment,Web,12,17,94.71,0,3,0
934,2428,200.6,Portugal,Online Payment,Tablet,11,16,62.51,0,0,0
935,2921,58.65,Portugal,Card Payment,Web,18,41,72.61,1,0,0
936,3768,210.62,Portugal,Online Payment,Mobile,14,27,100.02,0,2,0
937,3140,45.25,Germany,Online Payment,Mobile,7,29,63.17,1,1,0
938,1057,142.93,United Kingdom,Online Payment,Mobile,22,7,170.54,0,4,0
939,3526,100.98,United Kingdom,Online Payment,Web,0,14,265.77,1,1,0
940,1961,69.44,Germany,Transfer,Web,11,12,62.18,0,1,0
941,422,113.73,Germany,Card Payment,Web,17,22,194.57,0,0,0
942,2183,185.22,Germany,Online Payment,Tablet,13,24,81.03,0,1,0
943,652,36.72,Germany,Online Payment,Mobile,10,29,237.75,0,3,0
944,1766,73.67,Germany,Cash Withdrawal,Tablet,22,19,279.72,0,2,0
945,320,74.69,Portugal,Online Payment,Mobile,18,25,140.58,0,2,0
946,400,161.67,Germany,Transfer,Web,12,21,54.24,1,2,0
947,3335,216.65,Spain,Online Payment,Web,15,21,201.2,0,0,0
948,892,183.9,France,Card Payment,Mobile,21,1,390.49,1,1,0
949,1598,124.95,Spain,Online Payment,Mobile,6,39,104.28,0,0,0
950,2336,433.03,Portugal,Cash Withdrawal,Web,22,9,146.06,0,2,0
951,366,123.68,Spain,Card Payment,Tablet,16,25,123.47,0,1,0
952,1205,72.18,Senegal,Cash Withdrawal,Tablet,1,1,118.77,1,1,0
953,1472,601.3,Senegal,Cash Withdrawal,Mobile,7,40,99.58,0,2,0
954,2561,62.73,United Kingdom,Online Payment,Web,12,17,86.13,0,1,0
955,711,79.22,Germany,Transfer,Mobile,17,22,44.77,0,1,0
956,3441,338.58,Germany,Transfer,Web,21,7,164.24,1,2,1
957,2656,149.75,Senegal,Transfer,Tablet,15,30,97.52,0,0,0
958,557,53.34,Senegal,Transfer,Tablet,13,30,177.33,0,0,0
959,2849,360.88,Spain,Online Payment,Tablet,5,20,111.47,0,2,0
960,3360,219.21,Germany,Online Payment,Web,7,19,226.21,0,2,0
961,2368,92.64,Germany,Transfer,Tablet,16,31,103.46,0,1,0
962,2361,22.78,United Kingdom,Card Payment,Mobile,18,19,263.17,0,1,0
963,2377,59.88,Germany,Card Payment,Mobile,23,14,35.33,0,0,0
964,3075,89.25,United Kingdom,Online Payment,Tablet,2,24,34.14,0,1,0
965,1005,182.29,Germany,Card Payment,Tablet,20,19,47.6,0,1,0
966,2512,68.97,Senegal,Cash Withdrawal,Tablet,0,12,162.62,0,1,0
967,1922,380.64,Spain,Cash Withdrawal,Web,11,15,173.1,0,0,0
968,1185,26.28,France,Card Payment,Tablet,19,16,141.02,0,2,0
969,2309,200.75,United Kingdom,Card Payment,Tablet,15,17,99.98,0,1,0
970,2689,104.89,United Kingdom,Card Payment,Web,15,19,127.07,1,2,0
971,3488,271.86,United Kingdom,Cash Withdrawal,Mobile,19,32,87.62,0,0,0
972,59,136.49,Portugal,Card Payment,Tablet,5,25,159.47,0,1,0
973,2700,83.53,Germany,Cash Withdrawal,Mobile,8,12,247.28,0,1,0
974,741,72.03,Spain,Card Payment,Web,2,26,100.99,0,3,0
975,3366,77.52,France,Online Payment,Web,12,24,22.76,0,3,0
976,2612,933.75,France,Transfer,Tablet,23,28,194.28,0,0,1
977,1083,97.43,Senegal,Card Payment,Mobile,14,22,58.68,0,1,0
978,3057,62.61,Spain,Transfer,Web,21,1,91.45,0,1,0
979,595,79.25,Spain,Online Payment,Mobile,9,21,112.93,0,2,0
980,2780,332.18,United Kingdom,Card Payment,Mobile,17,13,59.82,0,1,0
981,1769,70.45,Spain,Cash Withdrawal,Web,8,29,199.59,0,3,0
982,2681,364.72,Spain,Online Payment,Web,21,26,82.72,0,0,0
983,2412,142.71,France,Cash Withdrawal,Tablet,22,15,172.39,0,1,0
984,44,105.73,Portugal,Card Payment,Mobile,0,9,39.95,0,0,0
985,2808,51.86,Germany,Cash Withdrawal,Mobile,23,19,39.92,0,2,0
986,98,49.6,Spain,Card Payment,Mobile,19,6,46.05,0,0,0
987,3894,203.49,Spain,Card Payment,Tablet,3,29,81.62,1,0,0
988,1540,48.29,Portugal,Transfer,Mobile,22,11,131.9,0,3,0
989,2706,132.97,Senegal,Online Payment,Web,13,28,85.38,0,6,0
990,3155,49.16,United Kingdom,Cash Withdrawal,Mobile,2,36,132.05,0,2,0
991,1592,204.85,United Kingdom,Card Payment,Web,8,28,105.11,0,0,0
992,3804,61.19,France,Online Payment,Mobile,20,30,29.53,0,3,0
993,3149,121.82,Germany,Transfer,Tablet,20,32,198.27,1,2,0
994,1061,39.64,Senegal,Card Payment,Mobile,2,42,225.79,0,1,0
995,1827,275.62,Senegal,Online Payment,Mobile,20,15,147.43,0,3,0
996,2723,84.35,Germany,Cash Withdrawal,Mobile,22,30,123.83,0,2,0
997,16,94.16,Spain,Online Payment,Web,13,9,102.1,0,3,0
998,3328,155.59,Senegal,Transfer,Mobile,12,10,215.2,0,2,0
999,1975,78.01,Senegal,Cash Withdrawal,Web,21,33,31.71,0,1,0
1000,3928,56.74,Portugal,Card Payment,Web,17,14,218.0,0,2,0
1001,3446,152.84,Germany,Cash Withdrawal,Tablet,6,18,154.3,0,1,0
1002,1574,449.73,Portugal,Transfer,Web,22,21,461.86,0,1,0
1003,2822,110.85,United Kingdom,Online Payment,Mobile,20,25,74.11,0,0,0
1004,147,116.84,France,Card Payment,Tablet,18,23,320.37,0,1,0
1005,3248,69.03,Spain,Cash Withdrawal,Web,17,25,99.15,0,1,0
1006,3960,40.93,Senegal,Card Payment,Web,1,33,238.88,0,2,0
1007,1661,436.44,Senegal,Transfer,Tablet,21,27,110.53,0,0,0
1008,3565,100.47,Spain,Transfer,Tablet,18,27,118.83,0,4,0
1009,3013,116.01,France,Online Payment,Tablet,0,12,98.34,0,2,0
1010,188,33.8,France,Transfer,Mobile,5,20,51.56,0,2,0
1011,3362,218.07,Senegal,Online Payment,Tablet,5,25,168.92,0,0,0
1012,3349,825.09,Senegal,Card Payment,Web,19,17,41.76,0,3,0
1013,3296,61.95,France,Online Payment,Web,23,21,271.73,0,2,0
1014,3998,80.13,Portugal,Transfer,Web,6,1,108.5,0,4,0
1015,1375,93.64,Senegal,Card Payment,Web,4,27,118.83,0,1,0
1016,1516,24.82,Spain,Transfer,Web,7,29,87.03,0,1,0
1017,410,26.53,Portugal,Online Payment,Mobile,0,7,119.79,0,3,0
1018,30,145.67,France,Card Payment,Tablet,20,15,41.45,0,0,0
1019,2841,197.87,Germany,Transfer,Mobile,4,4,124.03,0,3,0
1020,1688,131.71,France,Transfer,Tablet,22,10,119.29,1,0,0
1021,2048,30.36,Spain,Card Payment,Tablet,9,22,115.8,0,3,1
1022,966,86.55,France,Card Payment,Tablet,3,32,122.67,0,2,0
1023,2211,39.9,Spain,Transfer,Web,20,37,102.61,0,1,0
1024,794,92.14,Senegal,Transfer,Tablet,15,12,114.53,0,6,0
1025,3780,124.71,Senegal,Card Payment,Tablet,11,28,115.04,0,0,0
1026,1370,53.52,Spain,Online Payment,Mobile,3,15,504.53,0,1,0
1027,721,117.69,France,Card Payment,Web,16,5,101.44,1,2,0
1028,2955,184.1,Germany,Cash Withdrawal,Web,6,12,40.69,0,0,0
1029,943,98.88,Senegal,Cash Withdrawal,Mobile,3,19,166.25,0,0,0
1030,820,70.32,Germany,Transfer,Mobile,15,19,66.84,0,0,0
1031,1786,136.96,France,Transfer,Tablet,14,20,142.82,0,0,0
1032,1875,238.67,Portugal,Transfer,Tablet,11,25,141.98,0,2,0
1033,522,178.32,Senegal,Card Payment,Web,4,27,72.57,1,1,0
1034,1714,71.72,France,Cash Withdrawal,Mobile,9,30,86.1,0,3,0
1035,2614,110.01,Spain,Transfer,Tablet,17,17,172.08,0,2,0
1036,3511,157.66,Spain,Online Payment,Mobile,18,19,38.36,0,0,0
1037,60,135.62,Portugal,Online Payment,Tablet,7,49,98.45,0,1,0
1038,911,49.2,Spain,Transfer,Tablet,0,19,111.01,0,2,0
1039,1928,54.95,Portugal,Card Payment,Web,16,14,55.18,0,2,0
1040,2854,149.14,Senegal,Online Payment,Web,7,6,36.17,1,1,0
1041,2840,144.74,Portugal,Online Payment,Mobile,4,15,97.48,0,1,0
1042,372,163.04,Senegal,Online Payment,Tablet,9,16,125.0,0,2,0
1043,2337,101.25,Portugal,Card Payment,Web,14,34,64.45,0,2,0
1044,1661,35.95,France,Cash Withdrawal,Tablet,14,16,80.96,0,3,1
1045,2570,307.31,Senegal,Online Payment,Tablet,10,14,59.41,0,0,0
1046,3084,127.72,United Kingdom,Transfer,Tablet,2,27,114.06,0,2,0
1047,3819,153.36,Senegal,Cash Withdrawal,Mobile,3,14,80.77,0,2,0
1048,168,46.56,United Kingdom,Cash Withdrawal,Mobile,20,15,23.85,0,2,0
1049,2906,196.4,France,Transfer,Web,7,29,325.24,0,1,0
1050,3021,182.17,Spain,Transfer,Tablet,7,23,380.29,0,1,0
1051,2063,140.32,Portugal,Online Payment,Web,1,28,103.42,1,4,0
1052,1992,61.93,Spain,Card Payment,Web,22,28,97.7,0,3,0
1053,3685,88.17,United Kingdom,Online Payment,Tablet,11,28,79.19,0,1,0
1054,3313,70.81,Senegal,Transfer,Web,2,11,86.44,1,1,0
1055,1182,25.03,Senegal,Card Payment,Mobile,8,12,145.0,1,2,0
1056,617,153.1,France,Card Payment,Web,13,30,79.14,0,1,0
1057,541,41.73,Germany,Cash Withdrawal,Web,14,27,238.52,0,1,0
1058,775,963.26,Senegal,Card Payment,Mobile,16,15,175.92,0,1,0
1059,1405,37.47,Portugal,Cash Withdrawal,Web,18,7,69.03,0,1,0
1060,2247,129.43,Germany,Online Payment,Web,18,30,157.55,1,3,0
1061,704,74.88,United Kingdom,Transfer,Web,11,29,282.66,0,1,0
1062,194,175.1,France,Cash Withdrawal,Web,14,33,99.34,0,4,0
1063,659,223.99,Portugal,Cash Withdrawal,Mobile,5,10,130.38,0,1,0
1064,2730,149.32,France,Transfer,Mobile,3,4,89.3,1,2,0
1065,519,97.72,Germany,Cash Withdrawal,Web,5,32,67.83,0,1,0
1066,2727,141.29,United Kingdom,Cash Withdrawal,Mobile,11,4,96.32,0,2,0
1067,2186,205.12,United Kingdom,Card Payment,Mobile,12,20,122.13,0,4,0
1068,3883,56.14,Germany,Cash Withdrawal,Mobile,0,24,38.55,0,1,0
1069,2079,149.15,United Kingdom,Cash Withdrawal,Web,9,31,69.2,0,0,0
1070,2350,81.58,Portugal,Transfer,Tablet,23,29,73.6,0,2,0
1071,2823,92.04,Senegal,Online Payment,Mobile,4,27,58.42,0,1,0
1072,102,171.1,Germany,Transfer,Web,11,16,300.34,1,1,0
1073,2627,97.53,France,Transfer,Web,6,1,33.14,1,6,0
1074,1825,124.86,Portugal,Card Payment,Tablet,12,11,41.98,0,1,0
1075,2479,73.49,Spain,Card Payment,Tablet,11,17,72.68,0,0,0
1076,1752,125.64,United Kingdom,Online Payment,Web,0,18,44.77,0,3,0
1077,1826,44.98,Spain,Card Payment,Mobile,23,8,56.96,0,1,0
1078,1703,115.09,Germany,Cash Withdrawal,Mobile,23,24,171.37,0,4,0
1079,3672,79.88,Germany,Transfer,Tablet,19,25,163.34,1,2,0
1080,1945,51.49,Spain,Cash Withdrawal,Mobile,18,28,111.49,0,1,0
1081,1678,358.1,Portugal,Cash Withdrawal,Web,5,4,49.48,0,1,0
1082,3094,21.28,France,Transfer,Mobile,12,21,120.25,0,0,0
1083,3371,291.1,United Kingdom,Cash Withdrawal,Web,17,5,144.59,0,1,0
1084,3241,99.44,Senegal,Transfer,Web,9,20,67.53,0,1,0
1085,1936,155.16,Senegal,Cash Withdrawal,Web,5,7,110.21,0,0,0
1086,1003,195.19,Senegal,Card Payment,Web,15,4,219.24,0,2,0
1087,3054,194.31,United Kingdom,Online Payment,Tablet,13,13,186.22,0,0,0
1088,1950,65.61,Portugal,Card Payment,Web,16,16,33.6,0,2,0
1089,1064,55.49,France,Card Payment,Mobile,10,16,17.41,0,3,0
1090,1464,226.42,France,Card Payment,Web,11,5,85.37,0,0,0
1091,1459,132.38,Senegal,Cash Withdrawal,Web,16,16,166.13,0,2,0
1092,794,74.41,Portugal,Transfer,Mobile,19,13,62.03,0,0,0
1093,3574,222.41,United Kingdom,Cash Withdrawal,Web,21,17,48.92,0,1,0
1094,2189,499.96,Spain,Cash Withdrawal,Mobile,0,23,47.27,1,1,0
1095,3190,475.17,Germany,Online Payment,Web,5,8,197.48,1,1,0
1096,906,372.26,France,Card Payment,Web,14,9,97.31,0,2,0
1097,538,120.33,Senegal,Online Payment,Web,9,35,195.26,0,2,0
1098,1811,76.23,Spain,Cash Withdrawal,Mobile,22,35,138.25,0,0,0
1099,486,169.08,France,Transfer,Tablet,4,17,22.84,0,0,0
1100,860,43.28,France,Card Payment,Web,22,15,212.6,0,4,0
1101,78,185.49,Germany,Online Payment,Mobile,6,18,48.21,1,0,0
1102,2104,263.44,Spain,Card Payment,Web,3,15,202.95,0,2,0
1103,1236,73.63,Portugal,Card Payment,Mobile,3,21,226.97,0,3,0
1104,3692,20.16,France,Transfer,Tablet,11,27,114.11,1,2,0
1105,3057,52.41,United Kingdom,Cash Withdrawal,Web,5,1,95.94,0,4,0
1106,2511,108.48,France,Card Payment,Mobile,18,15,117.5,0,0,0
1107,2932,181.94,France,Cash Withdrawal,Mobile,17,26,52.26,1,1,0
1108,3786,36.51,France,Online Payment,Web,22,12,73.93,0,1,0
1109,3923,61.25,Senegal,Transfer,Web,12,13,215.12,0,1,0
1110,1670,122.78,Senegal,Cash Withdrawal,Mobile,14,32,70.14,1,4,0
1111,3123,76.55,United Kingdom,Cash Withdrawal,Tablet,23,19,108.08,1,0,0
1112,474,133.61,Germany,Cash Withdrawal,Web,19,7,194.7,0,2,0
1113,3446,80.79,Germany,Transfer,Tablet,13,27,304.59,0,2,0
1114,774,19.08,Senegal,Online Payment,Tablet,11,10,140.33,0,3,0
1115,2014,115.49,Portugal,Card Payment,Web,14,5,115.05,0,2,0
1116,489,281.21,France,Online Payment,Web,22,22,93.86,0,1,0
1117,3790,610.61,France,Card Payment,Web,6,22,84.09,0,1,0
1118,1656,159.16,Senegal,Transfer,Web,23,7,109.38,0,0,0
1119,3138,55.48,Spain,Cash Withdrawal,Tablet,12,1,73.63,0,1,0
1120,3892,141.84,Germany,Online Payment,Tablet,8,39,203.13,1,2,0
1121,501,89.52,United Kingdom,Online Payment,Web,7,35,408.75,0,0,0
1122,408,100.79,Portugal,Card Payment,Mobile,15,31,277.05,0,1,0
1123,1568,66.48,Spain,Cash Withdrawal,Mobile,9,23,215.93,0,1,0
1124,314,30.14,Portugal,Online Payment,Web,6,24,93.13,0,0,0
1125,2068,38.29,United Kingdom,Cash Withdrawal,Tablet,17,26,147.19,1,3,0
1126,1763,93.67,Senegal,Online Payment,Web,10,20,47.91,0,2,0
1127,148,205.95,Senegal,Transfer,Tablet,21,37,205.03,0,1,0
1128,2893,130.91,France,Online Payment,Web,4,18,90.41,0,2,0
1129,3130,598.9,Senegal,Online Payment,Tablet,17,15,106.69,0,4,0
1130,1950,44.7,Spain,Transfer,Tablet,1,12,184.73,0,3,0
1131,3977,644.05,Germany,Cash Withdrawal,Web,10,9,89.67,1,3,0
1132,526,146.25,United Kingdom,Cash Withdrawal,Tablet,18,1,248.52,1,1,0
1133,1398,74.73,Germany,Card Payment,Web,11,35,262.09,0,1,0
1134,232,257.47,Portugal,Transfer,Mobile,7,18,216.36,0,1,0
1135,3729,272.66,Portugal,Card Payment,Web,3,19,251.41,0,0,1
1136,1336,71.01,Senegal,Online Payment,Tablet,13,22,109.15,0,1,0
1137,1093,34.14,Senegal,Online Payment,Tablet,0,20,252.47,0,1,0
1138,1599,84.95,United Kingdom,Card Payment,Web,3,21,171.96,0,1,0
1139,2035,312.29,Spain,Cash Withdrawal,Mobile,19,40,237.56,0,0,0
1140,827,7.16,Germany,Card Payment,Tablet,6,21,246.43,0,0,0
1141,2350,107.86,Germany,Transfer,Tablet,23,25,113.74,0,0,0
1142,2369,49.57,Senegal,Cash Withdrawal,Web,2,14,44.86,0,2,0
1143,1750,79.17,France,Cash Withdrawal,Mobile,20,12,54.12,0,4,0
1144,1229,124.52,Germany,Cash Withdrawal,Mobile,13,16,70.31,0,3,0
1145,1857,111.72,Portugal,Transfer,Mobile,20,26,108.28,0,0,0
1146,2363,102.13,Germany,Transfer,Tablet,23,1,152.83,0,3,0
1147,2613,338.38,Spain,Online Payment,Tablet,23,17,37.26,0,0,0
1148,1493,150.47,Germany,Transfer,Mobile,4,28,139.61,0,0,0
1149,3458,162.29,Germany,Online Payment,Web,2,23,96.49,0,2,0
1150,1094,165.24,United Kingdom,Transfer,Web,21,15,308.99,0,1,0
1151,466,84.91,France,Transfer,Mobile,7,7,29.23,0,2,0
1152,1989,101.04,Spain,Online Payment,Web,20,19,87.4,0,2,0
1153,1118,193.15,France,Card Payment,Web,8,34,75.42,0,0,0
1154,3492,131.52,Senegal,Online Payment,Mobile,1,7,150.43,0,2,0
1155,2465,89.38,United Kingdom,Card Payment,Web,11,22,108.77,0,0,0
1156,1626,55.64,Portugal,Transfer,Mobile,3,1,96.97,0,1,0
1157,495,32.29,Spain,Cash Withdrawal,Web,2,14,196.36,0,0,0
1158,3305,70.73,United Kingdom,Cash Withdrawal,Tablet,23,20,149.9,0,1,0
1159,967,132.39,Germany,Transfer,Mobile,3,16,160.11,0,1,0
1160,1801,113.99,Germany,Cash Withdrawal,Tablet,1,38,99.63,0,0,0
1161,3886,76.72,Senegal,Cash Withdrawal,Tablet,13,13,68.66,0,1,0
1162,1138,196.57,France,Cash Withdrawal,Web,22,1,129.56,0,1,0
1163,2644,239.68,Spain,Card Payment,Tablet,21,7,165.21,0,2,0
1164,3758,126.61,Portugal,Transfer,Web,17,2,116.37,0,1,0
1165,2870,154.16,United Kingdom,Card Payment,Tablet,7,21,92.67,0,2,0
1166,3727,111.61,Germany,Cash Withdrawal,Web,2,23,166.87,0,2,0
1167,1219,19.23,France,Transfer,Web,20,16,556.58,0,0,0
1168,2640,101.04,Germany,Card Payment,Web,2,22,164.6,0,1,0
1169,1930,57.01,Portugal,Online Payment,Web,22,22,113.51,0,2,0
1170,412,63.01,France,Cash Withdrawal,Tablet,2,7,93.77,0,3,0
1171,3332,75.38,Spain,Cash Withdrawal,Web,22,3,102.99,1,2,0
1172,2628,124.9,France,Online Payment,Tablet,4,23,163.96,1,1,0
1173,1252,208.12,United Kingdom,Card Payment,Mobile,5,37,39.22,0,0,0
1174,3145,46.42,Portugal,Transfer,Tablet,21,23,53.63,0,1,0
1175,1850,216.33,Germany,Transfer,Web,5,14,636.74,0,1,0
1176,3275,54.85,United Kingdom,Transfer,Mobile,13,22,82.92,0,0,0
1177,1546,58.82,Spain,Transfer,Mobile,0,35,64.03,0,1,0
1178,2567,16.95,France,Card Payment,Web,6,30,51.67,0,1,0
1179,204,40.44,Germany,Online Payment,Tablet,8,18,99.96,1,1,0
1180,697,144.61,Spain,Card Payment,Mobile,22,23,64.23,0,0,0
1181,3803,162.11,Germany,Online Payment,Mobile,7,10,235.72,0,1,0
1182,3531,55.48,United Kingdom,Cash Withdrawal,Tablet,15,11,133.32,0,2,0
1183,847,266.46,Spain,Transfer,Web,23,22,47.73,0,1,0
1184,1674,82.61,France,Card Payment,Web,8,27,95.85,0,1,0
1185,1018,293.11,United Kingdom,Online Payment,Mobile,0,16,224.58,0,2,0
1186,3992,427.4,Portugal,Online Payment,Tablet,6,20,211.68,0,1,0
1187,3016,107.6,Spain,Cash Withdrawal,Mobile,3,30,64.31,0,1,0
1188,3814,89.09,France,Online Payment,Web,19,36,64.02,0,3,0
1189,2451,100.69,Portugal,Card Payment,Mobile,8,11,177.45,0,1,0
1190,1617,27.15,Portugal,Cash Withdrawal,Mobile,17,26,56.86,1,2,0
1191,696,138.44,Spain,Online Payment,Web,14,9,102.57,1,1,0
1192,2173,197.56,Germany,Transfer,Web,3,22,64.18,0,2,0
1193,2045,131.94,United Kingdom,Cash Withdrawal,Web,9,1,300.08,0,1,0
1194,3398,173.02,United Kingdom,Cash Withdrawal,Web,5,32,419.43,0,1,0
1195,3129,121.62,France,Online Payment,Mobile,6,4,147.78,1,2,0
1196,147,236.72,Germany,Cash Withdrawal,Mobile,22,7,85.11,0,0,0
1197,3667,135.54,Germany,Card Payment,Web,11,20,71.53,0,4,0
1198,1875,232.22,Germany,Card Payment,Tablet,4,42,76.97,1,1,0
1199,3557,1623.13,United Kingdom,Transfer,Mobile,23,28,157.87,0,1,1
1200,3650,229.56,Portugal,Transfer,Tablet,0,20,325.53,0,2,0
1201,1706,210.33,Senegal,Transfer,Web,21,1,143.77,1,0,0
1202,1165,72.9,Portugal,Card Payment,Web,11,22,53.47,0,4,0
1203,3429,597.7,United Kingdom,Transfer,Mobile,2,23,285.5,0,1,0
1204,1966,77.07,Germany,Cash Withdrawal,Tablet,21,24,86.8,1,2,0
1205,2688,257.49,Spain,Online Payment,Web,23,7,132.18,0,2,0
1206,3265,45.17,Spain,Transfer,Mobile,1,24,54.48,0,1,0
1207,3270,57.19,Senegal,Card Payment,Tablet,19,14,96.69,0,1,0
1208,730,237.39,France,Online Payment,Mobile,0,31,66.54,0,3,0
1209,3193,178.25,Germany,Cash Withdrawal,Tablet,20,11,406.32,0,4,0
1210,3282,141.95,Germany,Cash Withdrawal,Tablet,19,3,196.52,1,2,0
1211,3409,286.35,United Kingdom,Transfer,Web,14,4,33.81,0,1,0
1212,2307,75.97,Spain,Online Payment,Mobile,13,25,64.43,0,1,0
1213,1779,242.27,Portugal,Online Payment,Mobile,1,3,179.85,0,3,0
1214,2771,233.65,France,Transfer,Web,16,21,85.64,0,2,0
1215,1191,242.15,Germany,Online Payment,Mobile,15,6,172.5,0,2,0
1216,2803,166.02,United Kingdom,Transfer,Tablet,13,20,203.44,0,3,0
1217,314,126.4,Senegal,Card Payment,Tablet,13,27,88.31,0,0,0
1218,2951,820.88,Spain,Cash Withdrawal,Web,8,27,180.47,0,1,0
1219,67,92.48,Senegal,Online Payment,Mobile,5,25,163.62,0,2,0
1220,1705,136.05,Portugal,Cash Withdrawal,Web,18,7,64.25,0,3,0
1221,1843,419.44,Spain,Cash Withdrawal,Web,5,23,228.78,0,0,0
1222,2475,135.26,United Kingdom,Card Payment,Web,17,7,74.12,1,1,0
1223,55,109.03,France,Online Payment,Web,22,27,112.19,0,1,0
1224,3049,154.83,Spain,Online Payment,Web,19,23,127.39,0,0,0
1225,2829,106.68,Portugal,Online Payment,Web,2,11,114.81,1,1,1
1226,459,219.33,Senegal,Transfer,Mobile,6,22,71.46,0,1,0
1227,991,75.92,Germany,Transfer,Mobile,9,22,55.7,0,1,0
1228,1729,160.76,Senegal,Card Payment,Mobile,4,43,65.6,0,0,0
1229,1987,60.64,Germany,Card Payment,Web,18,30,62.03,0,1,0
1230,3398,174.62,Germany,Card Payment,Web,0,4,83.77,1,1,0
1231,1769,175.88,Germany,Online Payment,Tablet,18,7,97.33,0,3,0
1232,1192,65.51,Senegal,Online Payment,Web,15,11,94.47,0,3,0
1233,3831,47.6,Portugal,Online Payment,Mobile,22,7,111.84,1,2,1
1234,2361,123.64,United Kingdom,Card Payment,Web,20,19,165.67,0,2,0
1235,2027,351.46,Spain,Cash Withdrawal,Web,22,42,88.43,0,2,0
1236,2975,38.61,France,Online Payment,Web,14,12,65.21,0,0,0
1237,3724,68.45,Portugal,Cash Withdrawal,Tablet,22,16,132.91,0,1,0
1238,1202,77.26,Portugal,Online Payment,Web,21,5,87.75,0,1,0
1239,1935,25.75,France,Transfer,Web,22,28,49.96,0,4,0
1240,529,29.43,France,Transfer,Mobile,19,11,119.04,0,0,0
1241,3863,41.49,Germany,Cash Withdrawal,Mobile,6,16,421.16,0,3,0
1242,1470,57.33,United Kingdom,Cash Withdrawal,Tablet,5,12,103.44,0,3,0
1243,2063,52.89,Senegal,Card Payment,Web,13,19,198.11,1,1,0
1244,2302,207.58,France,Online Payment,Web,10,2,42.52,0,1,0
1245,3155,37.33,Spain,Cash Withdrawal,Mobile,22,30,51.51,0,0,0
1246,427,40.59,Portugal,Card Payment,Web,14,42,337.13,0,2,0
1247,3993,683.89,Senegal,Card Payment,Tablet,1,1,81.26,0,1,0
1248,484,190.28,France,Cash Withdrawal,Mobile,23,9,91.27,0,2,0
1249,2073,317.17,Germany,Card Payment,Mobile,20,19,104.35,0,2,0
1250,504,546.7,France,Online Payment,Web,0,12,65.03,0,1,0
1251,1399,84.34,United Kingdom,Transfer,Mobile,8,32,205.68,0,1,0
1252,1478,119.45,Portugal,Transfer,Mobile,16,27,56.19,0,0,0
1253,3285,102.18,Germany,Online Payment,Web,14,10,244.58,0,0,0
1254,2795,255.48,United Kingdom,Card Payment,Web,4,26,84.12,0,2,0
1255,2120,186.78,Senegal,Card Payment,Web,10,26,39.78,0,1,0
1256,1778,271.86,Senegal,Online Payment,Mobile,21,46,131.78,0,1,0
1257,2354,369.37,Senegal,Cash Withdrawal,Web,12,6,60.22,0,3,0
1258,3579,93.22,United Kingdom,Cash Withdrawal,Web,0,13,119.56,0,4,0
1259,2501,65.39,France,Online Payment,Web,20,16,461.81,0,0,0
1260,3230,65.77,Spain,Online Payment,Tablet,11,29,98.48,0,2,0
1261,1657,125.11,France,Cash Withdrawal,Mobile,1,29,178.81,0,1,0
1262,2945,249.78,Portugal,Transfer,Tablet,17,26,59.58,0,0,0
1263,2261,387.24,United Kingdom,Cash Withdrawal,Tablet,5,16,95.12,1,3,0
1264,2212,392.85,Spain,Cash Withdrawal,Mobile,9,10,55.68,0,0,0
1265,453,60.56,Portugal,Card Payment,Web,8,13,186.52,0,0,0
1266,196,112.5,Portugal,Card Payment,Web,9,29,216.29,0,0,1
1267,1389,134.4,France,Transfer,Web,9,27,240.08,0,1,0
1268,2929,69.89,Spain,Transfer,Tablet,12,40,68.59,0,0,0
1269,1343,293.26,Spain,Transfer,Web,14,27,443.55,1,2,0
1270,3394,79.59,Germany,Card Payment,Mobile,1,24,144.64,0,1,0
1271,880,316.33,Germany,Card Payment,Web,21,16,119.5,0,2,0
1272,2126,35.24,Germany,Cash Withdrawal,Tablet,15,15,92.47,0,1,0
1273,2823,211.18,Germany,Online Payment,Mobile,4,15,119.51,0,2,0
1274,1875,117.2,France,Card Payment,Tablet,6,15,325.24,0,0,0
1275,643,108.32,Spain,Cash Withdrawal,Mobile,19,18,112.06,0,2,0
1276,1514,129.09,Spain,Cash Withdrawal,Mobile,16,18,42.51,0,2,0
1277,1534,23.06,United Kingdom,Cash Withdrawal,Web,0,17,398.42,0,1,0
1278,2416,35.31,Germany,Card Payment,Web,9,28,215.91,0,1,0
1279,2003,369.52,Senegal,Card Payment,Tablet,11,37,94.84,1,1,1
1280,1971,19.28,Spain,Cash Withdrawal,Tablet,14,17,98.23,0,4,0
1281,1947,651.31,Portugal,Transfer,Mobile,16,6,111.9,0,1,0
1282,2733,171.58,Germany,Transfer,Tablet,10,17,49.29,1,3,0
1283,2555,44.1,Germany,Online Payment,Mobile,12,24,305.19,0,2,0
1284,2747,118.03,Germany,Cash Withdrawal,Tablet,2,4,73.79,0,1,0
1285,2343,133.41,Portugal,Cash Withdrawal,Tablet,20,7,186.43,1,0,0
1286,789,38.59,Spain,Card Payment,Tablet,16,7,191.29,0,0,0
1287,3674,90.69,Senegal,Card Payment,Tablet,17,25,150.34,0,3,0
1288,3223,354.1,France,Transfer,Tablet,18,24,103.65,0,1,0
1289,2486,162.66,United Kingdom,Online Payment,Tablet,1,13,50.87,0,1,0
1290,1393,395.72,Germany,Transfer,Web,0,24,95.83,0,1,0
1291,1054,344.49,Senegal,Card Payment,Mobile,17,21,79.02,0,2,0
1292,1047,182.68,Senegal,Transfer,Web,13,17,59.74,0,1,0
1293,3937,82.07,United Kingdom,Transfer,Mobile,22,18,75.39,1,0,0
1294,1311,525.03,France,Online Payment,Web,8,25,150.91,0,1,0
1295,496,40.18,Senegal,Transfer,Mobile,19,29,176.0,0,0,0
1296,3082,59.24,Spain,Online Payment,Mobile,8,15,76.92,1,2,0
1297,1668,97.68,Senegal,Online Payment,Mobile,13,29,56.88,0,1,0
1298,77,74.05,United Kingdom,Card Payment,Mobile,17,8,199.85,0,1,0
1299,2328,89.6,Germany,Online Payment,Mobile,20,7,99.39,0,1,0
1300,584,196.23,United Kingdom,Transfer,Mobile,17,11,82.29,0,0,0
1301,2274,23.17,Germany,Card Payment,Mobile,14,29,611.97,0,1,0
1302,2675,154.26,France,Card Payment,Mobile,15,26,138.56,0,0,0
1303,2786,211.57,Germany,Cash Withdrawal,Tablet,6,1,64.61,0,2,0
1304,187,93.12,France,Card Payment,Web,2,34,95.88,0,1,0
1305,573,521.49,Portugal,Cash Withdrawal,Web,6,24,151.96,0,0,0
1306,1304,323.19,Portugal,Cash Withdrawal,Tablet,8,29,223.44,0,0,0
1307,1119,30.09,France,Cash Withdrawal,Web,6,10,56.67,0,5,0
1308,66,205.91,Portugal,Transfer,Tablet,0,7,321.17,0,1,1
1309,40,126.4,Portugal,Transfer,Web,17,22,154.61,0,0,0
1310,3124,69.63,Germany,Card Payment,Tablet,20,7,258.47,1,2,0
1311,3409,194.81,Portugal,Online Payment,Tablet,3,45,114.55,0,1,0
1312,3390,473.59,Spain,Cash Withdrawal,Web,5,28,38.7,0,2,0
1313,35,123.43,Senegal,Online Payment,Web,6,11,155.61,0,2,0
1314,82,175.57,United Kingdom,Cash Withdrawal,Mobile,2,24,153.06,0,1,0
1315,3312,79.59,Portugal,Transfer,Mobile,15,15,63.92,0,2,0
1316,2019,28.83,Portugal,Transfer,Mobile,6,20,88.09,0,1,0
1317,455,166.16,United Kingdom,Online Payment,Mobile,17,25,108.88,0,0,0
1318,2754,306.58,Portugal,Transfer,Mobile,18,10,162.79,1,1,0
1319,1064,108.65,Spain,Transfer,Tablet,23,21,298.13,0,2,0
1320,2778,100.21,Senegal,Cash Withdrawal,Tablet,17,18,265.86,0,2,1
1321,1750,193.62,Portugal,Card Payment,Web,13,25,50.55,0,4,0
1322,499,144.94,Portugal,Online Payment,Web,11,41,82.94,0,1,0
1323,2955,137.97,France,Card Payment,Web,13,31,76.32,0,1,0
1324,1606,54.26,France,Cash Withdrawal,Mobile,18,17,127.36,0,1,0
1325,925,435.0,Portugal,Online Payment,Mobile,7,21,259.48,0,1,0
1326,258,98.69,Portugal,Card Payment,Mobile,15,17,54.24,0,2,0
1327,3266,48.76,Portugal,Cash Withdrawal,Web,7,16,139.89,1,1,0
1328,1396,38.02,Senegal,Cash Withdrawal,Tablet,7,24,60.52,0,1,0
1329,2538,173.78,Germany,Card Payment,Tablet,14,19,196.65,0,0,0
1330,249,31.18,Senegal,Online Payment,Web,22,12,124.22,1,5,0
1331,3765,224.52,Germany,Card Payment,Web,19,19,211.39,0,1,0
1332,2776,806.2,Senegal,Card Payment,Web,12,1,123.42,0,2,0
1333,1684,50.8,France,Card Payment,Web,12,18,272.82,0,0,0
1334,2541,168.77,Spain,Card Payment,Web,20,4,144.65,0,1,0
1335,1860,88.7,Spain,Cash Withdrawal,Tablet,6,12,69.67,1,0,1
1336,2922,88.69,Senegal,Transfer,Tablet,4,13,119.23,0,2,0
1337,1725,88.44,Germany,Online Payment,Mobile,7,19,56.86,1,1,0
1338,523,511.49,United Kingdom,Online Payment,Tablet,20,10,323.46,0,0,0
1339,3626,200.01,Spain,Transfer,Mobile,15,38,163.26,0,0,0
1340,1511,289.42,Senegal,Transfer,Mobile,7,14,327.03,0,1,0
1341,3518,44.02,Senegal,Online Payment,Web,6,35,102.84,0,3,0
1342,825,154.36,Senegal,Cash Withdrawal,Mobile,21,28,21.66,0,1,0
1343,1915,68.31,Spain,Cash Withdrawal,Tablet,18,10,51.83,0,2,0
1344,1715,102.31,United Kingdom,Transfer,Mobile,14,33,237.64,0,1,0
1345,2032,136.32,France,Card Payment,Tablet,7,19,120.86,0,1,0
1346,874,155.59,France,Online Payment,Tablet,10,4,115.45,0,0,0
1347,1640,94.42,France,Card Payment,Web,0,22,168.87,1,0,1
1348,472,116.64,France,Cash Withdrawal,Web,6,7,124.77,0,1,0
1349,1475,49.93,Senegal,Card Payment,Mobile,6,10,174.99,0,1,0
1350,1074,140.23,Portugal,Transfer,Web,17,33,192.8,0,1,0
1351,722,113.92,United Kingdom,Card Payment,Mobile,21,27,99.69,1,1,0
1352,3626,313.77,Senegal,Cash Withdrawal,Mobile,9,32,26.17,0,0,0
1353,1526,391.43,Portugal,Transfer,Tablet,19,17,209.25,0,1,0
1354,268,381.08,Senegal,Transfer,Mobile,6,34,130.43,0,1,0
1355,1533,281.1,United Kingdom,Online Payment,Tablet,7,19,313.17,0,2,0
1356,2406,241.74,France,Cash Withdrawal,Mobile,10,34,114.22,0,1,0
1357,1148,148.93,France,Online Payment,Mobile,23,12,39.24,1,1,0
1358,2718,34.35,Spain,Card Payment,Mobile,16,34,147.01,0,1,0
1359,3077,153.31,Spain,Cash Withdrawal,Web,16,27,107.34,0,3,0
1360,1532,278.37,Spain,Online Payment,Tablet,15,12,44.52,0,1,0
1361,2614,205.97,Spain,Card Payment,Mobile,7,15,124.3,0,0,0
1362,961,81.76,Germany,Transfer,Web,13,14,98.72,0,1,0
1363,3832,98.33,United Kingdom,Cash Withdrawal,Tablet,2,23,34.3,1,4,0
1364,1821,18.03,Spain,Cash Withdrawal,Mobile,18,19,109.18,1,3,0
1365,1378,153.27,Germany,Online Payment,Web,13,1,62.11,0,2,0
1366,1299,517.6,United Kingdom,Online Payment,Mobile,5,1,54.55,0,1,0
1367,311,244.14,United Kingdom,Card Payment,Web,16,23,180.27,0,1,0
1368,3219,106.56,United Kingdom,Transfer,Mobile,3,32,110.53,1,0,1
1369,821,35.9,United Kingdom,Transfer,Tablet,10,27,85.34,0,2,0
1370,3148,213.83,Portugal,Cash Withdrawal,Mobile,22,19,83.74,0,2,0
1371,3503,734.76,Portugal,Cash Withdrawal,Mobile,9,10,221.61,0,1,0
1372,1655,163.66,Germany,Card Payment,Web,20,22,39.54,0,1,0
1373,612,149.5,Germany,Transfer,Mobile,23,15,75.79,0,1,0
1374,2113,76.06,Spain,Online Payment,Tablet,14,1,224.21,0,2,0
1375,3465,25.24,France,Online Payment,Tablet,13,5,109.79,0,2,0
1376,2288,78.66,Senegal,Cash Withdrawal,Mobile,18,14,71.35,0,2,0
1377,3023,36.73,Senegal,Online Payment,Tablet,11,19,99.12,0,0,0
1378,2809,85.75,Germany,Cash Withdrawal,Web,18,22,328.85,1,0,0
1379,3778,165.47,France,Transfer,Web,18,8,191.88,0,1,0
1380,2490,29.48,Spain,Online Payment,Web,6,13,78.33,0,2,0
1381,1583,122.68,France,Online Payment,Mobile,10,16,143.46,0,2,0
1382,3665,131.77,United Kingdom,Card Payment,Mobile,3,8,69.9,0,1,0
1383,3386,123.7,Portugal,Online Payment,Mobile,5,36,120.4,0,2,0
1384,1581,96.14,United Kingdom,Transfer,Mobile,9,29,98.75,0,4,0
1385,236,291.73,United Kingdom,Card Payment,Mobile,10,11,80.16,0,3,0
1386,644,42.19,Senegal,Transfer,Tablet,13,6,64.12,0,0,0
1387,3913,61.0,France,Transfer,Mobile,9,28,29.41,0,2,0
1388,1945,59.98,France,Cash Withdrawal,Tablet,6,21,67.43,0,2,0
1389,1129,123.96,France,Card Payment,Mobile,14,13,53.77,1,0,0
1390,3308,123.09,France,Cash Withdrawal,Tablet,15,7,144.01,0,1,0
1391,3020,68.29,Senegal,Cash Withdrawal,Tablet,14,8,107.26,0,0,0
1392,3246,37.35,United Kingdom,Online Payment,Tablet,5,22,374.41,0,1,0
1393,2531,192.04,Portugal,Online Payment,Web,12,25,93.69,0,0,0
1394,2330,55.48,Senegal,Online Payment,Tablet,1,11,64.44,0,2,0
1395,1122,218.48,Portugal,Cash Withdrawal,Tablet,2,12,64.02,0,2,0
1396,890,87.77,Germany,Online Payment,Tablet,3,9,510.97,0,2,0
1397,431,215.21,Spain,Cash Withdrawal,Web,14,23,81.63,0,1,0
1398,183,478.82,Germany,Card Payment,Mobile,20,9,111.25,0,2,0
1399,1562,148.11,United Kingdom,Online Payment,Mobile,12,19,186.3,1,2,0
1400,2905,178.48,France,Cash Withdrawal,Tablet,23,17,90.86,0,2,0
1401,339,343.78,Spain,Transfer,Tablet,14,29,37.47,1,1,0
1402,3448,289.03,France,Transfer,Mobile,19,16,167.59,1,1,0
1403,2190,37.64,Portugal,Online Payment,Mobile,2,13,60.41,0,3,1
1404,1120,29.86,France,Online Payment,Web,5,46,116.55,0,1,0
1405,2765,296.89,Spain,Transfer,Web,22,22,148.31,1,0,0
1406,2142,92.41,Portugal,Card Payment,Web,22,22,118.4,0,2,0
1407,20,115.96,Senegal,Online Payment,Mobile,7,28,58.0,0,0,0
1408,375,116.6,Senegal,Online Payment,Mobile,0,21,72.52,0,3,0
1409,2741,68.42,Senegal,Transfer,Mobile,21,37,351.93,0,2,0
1410,1703,240.36,Spain,Card Payment,Web,10,17,73.48,0,1,0
1411,849,39.57,Spain,Online Payment,Web,3,40,108.48,0,4,0
1412,1325,116.01,France,Card Payment,Web,20,17,81.5,0,3,0
1413,1880,87.18,France,Card Payment,Tablet,8,11,70.05,0,4,0
1414,276,135.8,France,Online Payment,Web,19,36,247.66,0,2,0
1415,2919,172.48,Spain,Transfer,Web,3,23,422.57,0,2,0
1416,2853,13.73,Germany,Transfer,Web,5,14,112.12,0,2,0
1417,1303,444.66,Portugal,Online Payment,Mobile,10,36,106.31,1,1,0
1418,1839,148.77,Germany,Transfer,Tablet,18,30,287.53,0,1,0
1419,87,100.04,Spain,Card Payment,Web,7,28,87.09,0,3,0
1420,2539,26.02,Senegal,Card Payment,Mobile,11,23,144.56,0,2,0
1421,1540,230.07,France,Card Payment,Mobile,23,14,110.75,0,1,0
1422,3028,112.81,United Kingdom,Transfer,Web,10,29,139.69,0,2,0
1423,2134,13.09,Germany,Cash Withdrawal,Mobile,7,30,111.94,0,3,0
1424,993,98.86,France,Card Payment,Tablet,7,4,163.95,0,0,0
1425,912,439.0,Spain,Online Payment,Tablet,10,1,226.67,0,1,0
1426,265,57.43,Germany,Card Payment,Mobile,1,27,233.39,0,2,0
1427,837,57.55,France,Card Payment,Mobile,18,34,44.39,0,0,0
1428,838,186.42,France,Card Payment,Web,23,16,31.1,0,1,0
1429,810,126.78,France,Online Payment,Mobile,19,28,82.59,0,1,0
1430,1837,464.84,Portugal,Transfer,Web,15,26,39.27,1,2,0
1431,1632,69.41,Germany,Transfer,Web,14,17,51.69,0,2,0
1432,1776,245.5,France,Online Payment,Mobile,12,1,135.95,0,1,0
1433,3713,347.67,United Kingdom,Transfer,Tablet,23,10,207.84,0,2,0
1434,1253,85.91,Germany,Cash Withdrawal,Web,17,24,166.94,0,0,0
1435,560,85.74,Portugal,Online Payment,Mobile,4,11,82.54,0,2,1
1436,3530,117.25,Spain,Cash Withdrawal,Web,12,33,114.67,0,1,0
1437,3976,216.88,Portugal,Cash Withdrawal,Web,15,2,71.58,0,0,0
1438,292,69.73,Germany,Card Payment,Mobile,12,14,247.61,0,2,0
1439,3126,81.36,Germany,Cash Withdrawal,Tablet,11,20,82.96,0,1,0
1440,2821,413.77,United Kingdom,Card Payment,Tablet,12,28,167.49,0,2,0
1441,993,89.26,Germany,Card Payment,Web,20,1,221.55,0,1,0
1442,2727,65.36,Portugal,Transfer,Web,19,22,106.23,0,1,0
1443,1042,67.09,France,Transfer,Mobile,3,18,343.34,0,2,0
1444,3756,110.94,Germany,Online Payment,Tablet,18,31,35.34,0,2,0
1445,3728,87.21,France,Online Payment,Mobile,13,12,132.78,0,0,0
1446,3964,91.18,Spain,Online Payment,Tablet,9,22,116.67,0,2,0
1447,3787,96.88,Portugal,Card Payment,Mobile,20,1,120.89,0,4,0
1448,3336,124.81,France,Cash Withdrawal,Tablet,6,17,184.59,0,3,0
1449,1262,136.08,Senegal,Transfer,Web,0,36,186.05,1,2,0
1450,1712,67.57,Spain,Online Payment,Tablet,9,43,87.65,0,1,0
1451,1535,122.88,France,Transfer,Mobile,15,25,77.1,0,1,0
1452,1846,421.64,Spain,Transfer,Mobile,6,31,28.08,1,2,0
1453,3110,43.47,France,Cash Withdrawal,Web,14,19,294.0,0,3,0
1454,3557,288.0,Portugal,Transfer,Mobile,9,24,102.59,1,2,0
1455,264,57.6,United Kingdom,Card Payment,Tablet,7,10,166.16,0,0,0
1456,413,85.21,Senegal,Card Payment,Web,0,18,88.98,0,0,0
1457,172,212.55,Senegal,Transfer,Tablet,0,13,102.45,0,1,0
1458,3941,122.98,United Kingdom,Online Payment,Web,10,23,70.65,0,3,0
1459,2793,216.01,United Kingdom,Cash Withdrawal,Mobile,11,38,104.6,0,3,0
1460,235,204.2,United Kingdom,Cash Withdrawal,Mobile,0,39,110.73,0,4,0
1461,2971,93.7,France,Card Payment,Tablet,3,19,142.61,0,2,0
1462,2865,24.42,France,Cash Withdrawal,Web,19,21,66.65,0,1,0
1463,2110,250.63,Germany,Transfer,Mobile,20,17,260.31,0,1,0
1464,69,69.19,Portugal,Cash Withdrawal,Mobile,23,19,174.51,0,2,0
1465,2486,120.64,Germany,Online Payment,Tablet,19,10,57.26,0,3,0
1466,3847,330.24,Germany,Card Payment,Tablet,12,19,184.51,0,1,0
1467,587,107.27,Spain,Card Payment,Mobile,15,19,49.64,0,2,0
1468,2757,213.39,Spain,Online Payment,Mobile,14,13,80.72,0,1,0
1469,2215,175.04,France,Transfer,Mobile,5,1,202.95,0,1,0
1470,367,383.41,Senegal,Online Payment,Tablet,0,9,61.35,0,0,0
1471,3698,54.26,Germany,Cash Withdrawal,Mobile,23,8,384.45,0,2,0
1472,3677,151.89,Portugal,Card Payment,Tablet,4,23,37.13,0,0,0
1473,2016,107.69,Senegal,Cash Withdrawal,Mobile,18,12,115.89,0,0,0
1474,2638,139.81,United Kingdom,Online Payment,Tablet,23,24,168.1,0,2,0
1475,2631,128.09,Spain,Online Payment,Mobile,7,4,320.53,0,6,0
1476,457,748.47,Senegal,Cash Withdrawal,Tablet,18,19,38.76,0,3,0
1477,476,240.15,Spain,Cash Withdrawal,Mobile,10,10,83.87,0,1,0
1478,7,53.82,United Kingdom,Card Payment,Tablet,17,10,257.67,0,1,0
1479,1736,81.26,United Kingdom,Cash Withdrawal,Tablet,4,31,241.46,0,0,0
1480,910,242.56,Senegal,Online Payment,Mobile,17,22,188.1,0,1,0
1481,3343,74.17,United Kingdom,Transfer,Web,21,8,157.2,0,3,0
1482,598,258.38,Portugal,Card Payment,Tablet,10,25,52.77,0,2,0
1483,506,177.04,United Kingdom,Online Payment,Tablet,6,39,145.26,0,0,0
1484,1543,197.81,Senegal,Cash Withdrawal,Mobile,22,23,188.81,0,1,0
1485,3320,239.05,France,Card Payment,Mobile,15,16,151.26,0,0,0
1486,3339,175.09,Portugal,Transfer,Mobile,17,24,181.26,0,2,0
1487,1940,74.02,United Kingdom,Online Payment,Web,2,11,785.12,0,4,0
1488,2853,187.17,France,Online Payment,Mobile,4,18,98.45,0,3,0
1489,3547,27.11,Senegal,Cash Withdrawal,Web,20,31,206.71,0,2,0
1490,2851,131.36,Germany,Cash Withdrawal,Mobile,6,26,114.61,0,2,0
1491,3012,119.59,Portugal,Card Payment,Web,23,17,85.03,0,1,0
1492,3218,120.5,France,Online Payment,Web,21,2,152.0,0,0,0
1493,394,38.89,United Kingdom,Online Payment,Mobile,1,15,47.32,1,1,0
1494,1387,138.37,Spain,Online Payment,Mobile,20,31,175.81,0,0,0
1495,487,65.49,France,Online Payment,Web,9,19,44.33,0,3,0
1496,2674,201.28,Portugal,Online Payment,Tablet,21,2,270.87,0,2,0
1497,3543,101.13,Portugal,Online Payment,Web,20,31,139.84,0,0,0
1498,492,168.41,Senegal,Card Payment,Mobile,15,9,202.95,0,1,0
1499,922,58.69,Senegal,Online Payment,Web,22,27,75.94,0,1,0
1500,742,41.33,Germany,Online Payment,Tablet,22,8,55.09,0,2,0
1501,408,159.5,United Kingdom,Card Payment,Tablet,17,17,72.71,0,2,0
1502,81,39.58,Germany,Online Payment,Mobile,16,19,310.5,0,5,0
1503,3354,563.9,Portugal,Card Payment,Mobile,21,16,96.03,0,4,0
1504,2454,153.92,Portugal,Transfer,Mobile,17,28,44.38,0,3,0
1505,161,123.72,France,Transfer,Tablet,5,1,102.08,1,0,0
1506,3085,90.18,Senegal,Card Payment,Mobile,16,14,393.36,0,1,0
1507,703,483.26,Germany,Card Payment,Mobile,9,21,172.79,1,1,0
1508,3706,131.61,United Kingdom,Online Payment,Mobile,18,22,69.04,0,1,0
1509,3731,490.73,United Kingdom,Transfer,Tablet,3,44,125.25,0,1,1
1510,151,83.78,France,Transfer,Web,6,37,94.78,0,1,0
1511,885,267.29,Spain,Cash Withdrawal,Web,4,4,122.23,0,0,0
1512,2253,174.34,United Kingdom,Cash Withdrawal,Web,20,29,103.65,0,0,0
1513,342,273.9,United Kingdom,Online Payment,Tablet,4,15,45.1,0,2,0
1514,3002,23.58,United Kingdom,Transfer,Tablet,11,7,137.42,0,1,0
1515,2095,23.59,Spain,Transfer,Web,4,16,107.79,0,1,0
1516,1553,80.33,Senegal,Transfer,Mobile,8,33,242.14,1,1,0
1517,2247,568.54,Germany,Card Payment,Web,20,20,223.7,1,0,0
1518,3187,155.57,United Kingdom,Transfer,Mobile,8,23,347.36,1,1,0
1519,3969,240.85,France,Online Payment,Mobile,3,22,241.84,0,1,0
1520,1256,120.02,Spain,Online Payment,Mobile,16,4,55.86,0,2,0
1521,1156,68.04,Spain,Cash Withdrawal,Tablet,3,11,55.39,0,0,0
1522,3877,137.34,Germany,Transfer,Web,23,16,52.72,0,2,0
1523,2260,164.48,Spain,Online Payment,Web,18,14,44.98,1,1,1
1524,2104,72.37,Portugal,Transfer,Tablet,4,7,70.63,1,1,0
1525,1096,74.54,Senegal,Cash Withdrawal,Tablet,7,25,118.49,0,3,0
1526,1876,90.37,France,Online Payment,Web,14,28,207.37,0,1,0
1527,1753,170.21,Spain,Transfer,Web,20,28,117.86,0,0,0
1528,1666,145.89,United Kingdom,Card Payment,Tablet,2,12,103.42,1,2,0
1529,384,260.15,France,Card Payment,Mobile,23,3,57.34,0,1,0
1530,3311,90.84,Senegal,Online Payment,Tablet,16,7,195.41,0,0,0
1531,2040,89.99,Spain,Card Payment,Web,0,19,126.63,0,1,0
1532,3056,6.36,Senegal,Online Payment,Tablet,17,35,57.51,0,3,0
1533,3027,63.96,Portugal,Card Payment,Tablet,14,14,67.91,0,3,0
1534,3613,67.66,Spain,Transfer,Mobile,2,31,147.7,0,1,0
1535,1448,286.67,Senegal,Online Payment,Web,12,11,196.21,0,2,0
1536,1385,213.46,Portugal,Transfer,Tablet,3,16,56.11,0,2,0
1537,1085,23.23,France,Card Payment,Tablet,20,20,84.31,0,2,0
1538,1249,122.26,Portugal,Card Payment,Web,19,2,86.14,0,1,0
1539,25,23.52,Spain,Online Payment,Web,9,8,95.07,0,1,1
1540,3647,304.69,Portugal,Transfer,Web,11,22,299.82,1,2,0
1541,810,248.28,Senegal,Transfer,Web,3,26,59.27,0,0,1
1542,3152,82.5,Portugal,Cash Withdrawal,Mobile,15,1,73.01,0,1,0
1543,1755,86.72,France,Cash Withdrawal,Mobile,14,26,102.99,0,1,0
1544,573,35.27,United Kingdom,Online Payment,Mobile,11,12,79.87,0,3,0
1545,454,72.75,France,Cash Withdrawal,Mobile,4,24,78.53,0,0,0
1546,3691,79.64,Senegal,Transfer,Tablet,6,24,76.85,0,3,0
1547,1089,277.36,Senegal,Online Payment,Web,17,5,143.59,0,1,0
1548,522,239.98,United Kingdom,Online Payment,Tablet,23,13,199.68,0,0,0
1549,1593,103.92,France,Card Payment,Mobile,0,25,108.62,1,1,0
1550,56,55.56,Portugal,Transfer,Mobile,21,10,67.56,0,1,0
1551,2446,222.01,Portugal,Card Payment,Web,15,21,155.45,0,2,0
1552,3117,45.46,Germany,Transfer,Tablet,4,12,222.97,0,0,0
1553,1152,361.28,Senegal,Cash Withdrawal,Tablet,7,16,411.92,0,3,0
1554,1942,23.34,Portugal,Card Payment,Tablet,23,35,65.49,0,3,0
1555,3502,122.58,Spain,Transfer,Mobile,3,5,89.41,1,1,1
1556,788,122.72,France,Online Payment,Mobile,19,27,118.83,0,3,0
1557,1558,92.09,Germany,Cash Withdrawal,Tablet,20,17,161.58,0,4,0
1558,1746,548.51,Germany,Card Payment,Tablet,13,28,71.17,0,3,0
1559,1103,39.42,United Kingdom,Cash Withdrawal,Web,22,7,241.9,0,1,0
1560,195,214.99,France,Card Payment,Mobile,1,34,107.97,0,2,0
1561,1169,55.6,Germany,Cash Withdrawal,Tablet,3,37,179.93,0,3,0
1562,2013,58.6,United Kingdom,Cash Withdrawal,Web,3,13,135.49,1,2,1
1563,2261,132.47,France,Cash Withdrawal,Web,23,46,123.48,0,0,0
1564,2413,127.45,Spain,Cash Withdrawal,Mobile,20,30,125.36,0,1,0
1565,358,26.38,Senegal,Transfer,Tablet,23,26,123.5,0,4,0
1566,3967,104.25,Portugal,Transfer,Mobile,22,6,90.75,0,1,0
1567,3858,136.38,Spain,Cash Withdrawal,Web,23,1,66.68,0,1,0
1568,2186,70.53,Portugal,Transfer,Mobile,4,18,78.79,0,2,0
1569,1035,25.07,Spain,Cash Withdrawal,Web,14,29,169.47,0,1,0
1570,1787,156.91,Senegal,Online Payment,Web,16,30,60.86,0,0,0
1571,90,196.21,France,Cash Withdrawal,Tablet,4,28,81.74,0,3,0
1572,250,152.49,Portugal,Transfer,Tablet,12,19,96.3,0,0,0
1573,2104,233.98,Senegal,Transfer,Web,16,21,210.94,0,0,0
1574,1642,92.45,Spain,Cash Withdrawal,Mobile,5,26,93.49,1,0,0
1575,2426,54.6,Portugal,Card Payment,Tablet,14,41,40.1,0,3,0
1576,1061,81.46,United Kingdom,Transfer,Web,22,18,65.12,0,4,0
1577,918,72.2,Senegal,Transfer,Web,1,16,365.57,0,3,0
1578,1138,95.01,France,Cash Withdrawal,Mobile,20,9,65.82,0,1,0
1579,861,12.43,Spain,Card Payment,Mobile,20,25,377.1,0,1,0
1580,1512,136.76,United Kingdom,Card Payment,Tablet,17,15,59.71,0,3,0
1581,3680,412.18,Spain,Cash Withdrawal,Web,1,39,613.47,0,2,1
1582,1457,59.05,France,Cash Withdrawal,Mobile,8,22,83.19,0,0,0
1583,3556,42.26,Spain,Card Payment,Tablet,23,17,237.78,0,2,0
1584,1055,116.09,Portugal,Transfer,Web,7,3,187.11,0,3,0
1585,2580,102.92,Germany,Transfer,Web,7,33,90.09,0,1,0
1586,608,24.35,Germany,Card Payment,Web,5,18,155.25,0,0,0
1587,722,36.96,France,Online Payment,Tablet,5,8,138.84,0,2,0
1588,668,47.51,France,Online Payment,Tablet,19,32,166.01,0,4,0
1589,1747,92.73,France,Online Payment,Tablet,12,20,93.24,1,0,0
1590,2977,84.29,Senegal,Card Payment,Web,12,23,174.26,1,1,0
1591,3128,154.38,Portugal,Card Payment,Mobile,7,27,173.48,0,1,0
1592,3845,95.61,Portugal,Card Payment,Mobile,3,16,81.36,0,3,0
1593,3493,251.6,Portugal,Card Payment,Mobile,4,19,166.36,0,1,0
1594,1820,16.5,France,Cash Withdrawal,Web,15,21,275.7,0,1,0
1595,2835,130.44,United Kingdom,Card Payment,Mobile,1,15,79.08,1,3,0
1596,2096,86.73,Germany,Transfer,Mobile,7,25,219.72,1,2,0
1597,604,97.88,United Kingdom,Cash Withdrawal,Mobile,21,6,247.45,0,2,0
1598,3371,651.66,Senegal,Online Payment,Mobile,3,35,175.76,0,2,0
1599,1155,77.69,United Kingdom,Card Payment,Tablet,10,15,204.01,1,2,0
1600,3768,89.66,Senegal,Card Payment,Tablet,4,10,178.28,0,0,0
1601,2457,129.53,France,Online Payment,Mobile,21,23,60.78,0,1,0
1602,1176,216.68,United Kingdom,Card Payment,Web,15,10,81.25,0,1,0
1603,3321,114.63,Portugal,Card Payment,Mobile,4,38,126.84,0,0,0
1604,606,62.02,Germany,Online Payment,Tablet,15,24,92.13,0,1,0
1605,1751,118.74,Portugal,Cash Withdrawal,Mobile,2,33,133.08,0,2,0
1606,3144,291.92,Germany,Cash Withdrawal,Web,15,12,414.02,0,0,0
1607,1696,243.41,Spain,Cash Withdrawal,Mobile,20,39,82.23,0,2,0
1608,2251,127.0,Germany,Online Payment,Tablet,17,32,154.82,0,3,0
1609,2380,96.5,Portugal,Online Payment,Tablet,18,24,102.71,0,2,0
1610,899,116.2,Portugal,Card Payment,Mobile,11,23,97.04,1,3,0
1611,71,222.34,United Kingdom,Online Payment,Mobile,3,18,96.37,1,1,0
1612,3477,54.24,France,Cash Withdrawal,Web,4,32,20.29,0,0,0
1613,3815,33.11,Germany,Transfer,Mobile,7,20,85.72,1,3,0
1614,3941,404.06,Portugal,Transfer,Web,23,4,47.36,1,4,0
1615,1523,159.82,Senegal,Card Payment,Tablet,18,10,94.04,1,3,0
1616,3566,163.45,France,Card Payment,Mobile,11,21,42.59,1,0,0
1617,52,51.2,Spain,Online Payment,Mobile,5,8,85.27,0,1,0
1618,2161,82.16,Portugal,Cash Withdrawal,Web,13,20,92.49,0,2,0
1619,2642,242.71,Portugal,Card Payment,Web,3,21,152.83,0,1,0
1620,132,336.3,Spain,Transfer,Tablet,5,22,75.88,1,2,0
1621,2785,124.89,Germany,Cash Withdrawal,Tablet,16,16,194.13,0,0,0
1622,3816,208.46,France,Cash Withdrawal,Mobile,16,20,39.22,0,2,0
1623,3044,161.94,France,Online Payment,Tablet,1,33,72.35,0,2,0
1624,3056,302.03,Spain,Card Payment,Tablet,14,18,45.12,0,1,0
1625,1660,206.09,Germany,Transfer,Mobile,11,18,112.04,0,2,0
1626,445,105.67,Senegal,Card Payment,Web,19,31,220.86,0,3,0
1627,982,17.87,United Kingdom,Transfer,Tablet,3,13,82.41,1,1,0
1628,3099,27.11,United Kingdom,Transfer,Tablet,6,19,179.69,0,2,0
1629,1103,26.01,Senegal,Card Payment,Tablet,15,5,163.74,1,1,0
1630,3865,103.92,United Kingdom,Card Payment,Web,9,18,62.66,0,0,0
1631,1289,53.98,Germany,Cash Withdrawal,Mobile,22,23,95.64,0,1,0
1632,3673,122.54,Portugal,Card Payment,Tablet,4,24,109.03,1,2,0
1633,1954,103.34,Spain,Card Payment,Web,5,21,145.6,0,1,0
1634,3626,149.27,Portugal,Card Payment,Tablet,7,21,96.7,0,2,0
1635,2680,58.74,France,Transfer,Tablet,16,26,41.67,0,1,0
1636,2144,160.3,United Kingdom,Online Payment,Mobile,10,13,70.77,0,1,0
1637,3851,289.34,Germany,Card Payment,Tablet,21,19,160.23,0,0,0
1638,2501,460.22,Spain,Card Payment,Mobile,18,11,149.46,0,1,0
1639,3297,28.52,Senegal,Transfer,Web,17,9,56.53,0,3,0
1640,3667,142.98,Senegal,Online Payment,Mobile,14,20,176.41,0,2,0
1641,662,66.52,Senegal,Cash Withdrawal,Tablet,11,18,79.36,0,0,0
1642,2911,333.98,Germany,Cash Withdrawal,Web,8,28,132.29,0,3,0
1643,3786,307.65,France,Card Payment,Tablet,15,15,234.62,1,1,0
1644,1643,32.1,Germany,Transfer,Web,11,20,191.04,0,3,0
1645,1285,361.15,United Kingdom,Card Payment,Tablet,13,20,165.55,0,1,0
1646,3587,205.1,Portugal,Card Payment,Tablet,20,16,94.09,1,6,0
1647,2867,709.94,Spain,Card Payment,Mobile,3,20,11.0,0,0,1
1648,1636,326.84,Senegal,Transfer,Web,14,12,81.7,0,0,0
1649,1919,198.31,Portugal,Online Payment,Mobile,2,4,57.59,0,2,0
1650,3931,159.9,Germany,Online Payment,Mobile,12,23,100.8,0,2,0
1651,2476,398.77,Germany,Transfer,Tablet,23,1,96.31,0,1,0
1652,157,41.84,Spain,Transfer,Web,4,25,143.98,0,2,0
1653,129,99.07,Spain,Online Payment,Mobile,11,22,126.15,0,2,0
1654,875,70.87,Senegal,Transfer,Mobile,21,20,36.27,0,1,0
1655,722,282.84,Senegal,Transfer,Mobile,8,27,190.27,0,2,0
1656,2918,55.17,Germany,Online Payment,Tablet,6,3,93.55,0,1,0
1657,3402,215.52,Senegal,Card Payment,Web,10,53,144.47,0,1,0
1658,814,123.89,United Kingdom,Online Payment,Web,15,9,35.37,0,2,0
1659,3956,298.08,Portugal,Online Payment,Web,22,22,90.57,0,2,0
1660,2298,150.66,Spain,Transfer,Mobile,23,19,74.54,0,1,0
1661,1327,278.27,Portugal,Cash Withdrawal,Mobile,4,27,121.86,0,1,0
1662,2046,194.35,United Kingdom,Card Payment,Tablet,13,23,60.18,0,0,0
1663,1846,869.48,France,Online Payment,Tablet,18,27,65.46,1,2,1
1664,769,301.42,Germany,Transfer,Tablet,12,38,117.55,0,1,0
1665,783,26.29,Portugal,Card Payment,Web,11,26,365.06,1,2,0
1666,2057,64.96,Senegal,Online Payment,Tablet,14,28,203.67,0,3,0
1667,3393,388.8,Spain,Online Payment,Tablet,10,15,71.31,1,1,0
1668,1755,135.79,United Kingdom,Transfer,Tablet,19,28,177.48,0,1,0
1669,1168,38.89,Portugal,Online Payment,Tablet,9,39,74.84,0,2,0
1670,3711,98.29,Senegal,Card Payment,Mobile,2,34,165.81,0,5,0
1671,1685,101.46,Senegal,Online Payment,Tablet,19,8,261.38,0,2,0
1672,1820,27.22,Spain,Card Payment,Tablet,9,18,95.01,0,0,0
1673,3183,228.23,Germany,Online Payment,Mobile,6,24,172.06,0,3,0
1674,1437,110.85,Germany,Online Payment,Tablet,22,27,94.08,0,3,0
1675,3849,92.7,United Kingdom,Transfer,Tablet,9,32,108.98,0,2,0
1676,1260,149.63,Germany,Transfer,Mobile,13,16,132.91,1,2,1
1677,3238,198.28,United Kingdom,Cash Withdrawal,Web,5,15,142.92,0,1,0
1678,991,526.56,Spain,Online Payment,Mobile,19,6,102.41,0,0,0
1679,3283,205.24,Spain,Online Payment,Mobile,20,22,49.69,0,4,0
1680,1652,85.74,United Kingdom,Transfer,Web,7,14,140.82,1,1,0
1681,2066,226.98,Senegal,Online Payment,Tablet,8,20,83.26,0,1,0
1682,1321,51.83,France,Card Payment,Mobile,0,29,144.11,0,1,0
1683,2431,1015.34,France,Card Payment,Tablet,22,31,66.9,0,1,0
1684,2343,215.59,Germany,Card Payment,Tablet,23,19,153.08,1,2,0
1685,2587,254.74,United Kingdom,Transfer,Mobile,20,21,164.98,0,0,0
1686,2194,117.9,France,Online Payment,Web,21,24,122.64,1,3,0
1687,589,111.23,Portugal,Card Payment,Tablet,18,27,27.57,0,2,0
1688,3798,458.88,Spain,Card Payment,Mobile,4,18,201.11,0,1,0
1689,381,76.51,Senegal,Online Payment,Web,6,22,105.76,0,0,0
1690,90,130.89,Germany,Card Payment,Web,20,24,133.59,1,1,0
1691,1538,103.2,United Kingdom,Online Payment,Mobile,5,1,84.74,0,1,0
1692,2702,458.67,Spain,Card Payment,Mobile,10,28,63.02,0,0,0
1693,2515,137.84,Spain,Card Payment,Mobile,16,21,108.37,0,2,0
1694,790,182.82,Spain,Card Payment,Tablet,0,7,96.97,0,1,0
1695,886,500.61,United Kingdom,Card Payment,Mobile,0,32,374.17,0,0,0
1696,2981,178.29,Portugal,Transfer,Web,8,2,144.36,0,3,0
1697,1428,59.83,Portugal,Cash Withdrawal,Web,23,13,56.78,0,3,0
1698,3877,218.27,Germany,Transfer,Web,5,12,30.05,0,0,0
1699,2939,39.73,United Kingdom,Online Payment,Mobile,18,33,142.84,0,1,0
1700,679,196.22,France,Online Payment,Web,14,26,73.01,0,1,0
1701,3342,83.67,United Kingdom,Card Payment,Tablet,12,15,72.01,0,2,0
1702,1532,216.4,Portugal,Card Payment,Web,5,16,107.83,0,2,0
1703,1037,55.88,Spain,Online Payment,Web,19,24,57.29,0,2,0
1704,3954,181.51,Spain,Cash Withdrawal,Web,0,18,78.79,1,1,0
1705,1759,186.49,France,Cash Withdrawal,Mobile,2,32,37.79,0,2,0
1706,595,284.67,United Kingdom,Card Payment,Mobile,10,14,318.18,0,0,0
1707,876,281.06,Germany,Cash Withdrawal,Mobile,17,11,76.69,1,5,0
1708,870,195.36,Spain,Transfer,Mobile,17,10,238.19,0,2,0
1709,3619,107.16,Portugal,Card Payment,Tablet,20,18,60.41,0,2,0
1710,1302,30.31,United Kingdom,Transfer,Mobile,1,30,84.15,0,0,0
1711,1125,98.96,Germany,Card Payment,Mobile,14,14,236.86,0,3,0
1712,1569,75.76,France,Card Payment,Web,0,25,182.17,0,3,0
1713,20,100.56,Germany,Cash Withdrawal,Mobile,12,1,138.96,1,1,0
1714,2161,67.54,Senegal,Cash Withdrawal,Tablet,0,4,119.51,1,0,0
1715,3288,41.96,Germany,Cash Withdrawal,Web,10,12,150.84,0,3,0
1716,2280,122.25,United Kingdom,Online Payment,Tablet,1,19,220.92,0,2,0
1717,1862,150.44,Germany,Card Payment,Web,19,30,110.04,1,2,0
1718,3382,70.89,Senegal,Transfer,Mobile,10,24,39.12,0,1,0
1719,928,168.73,France,Card Payment,Mobile,23,32,100.79,0,0,0
1720,3699,168.12,Spain,Card Payment,Tablet,1,11,110.85,0,1,0
1721,454,138.31,Senegal,Cash Withdrawal,Mobile,8,36,76.83,0,2,0
1722,3328,105.15,Germany,Cash Withdrawal,Tablet,5,17,153.57,0,2,0
1723,492,105.13,France,Cash Withdrawal,Mobile,18,26,97.8,0,2,0
1724,1693,67.98,Portugal,Online Payment,Tablet,3,19,97.63,0,1,0
1725,1958,85.71,Portugal,Online Payment,Web,10,30,57.91,0,0,0
1726,377,160.19,United Kingdom,Cash Withdrawal,Tablet,2,15,91.22,0,1,0
1727,993,358.59,Portugal,Transfer,Tablet,2,24,215.66,1,1,0
1728,871,441.61,Senegal,Transfer,Web,12,31,92.59,0,1,0
1729,855,49.08,Spain,Cash Withdrawal,Web,22,25,482.09,0,1,0
1730,2067,111.37,Senegal,Transfer,Mobile,11,3,190.25,0,0,0
1731,2542,64.59,Spain,Transfer,Web,6,26,92.74,1,3,0
1732,2811,314.94,United Kingdom,Card Payment,Mobile,14,26,72.92,0,1,0
1733,986,408.43,Senegal,Online Payment,Mobile,8,31,56.41,1,2,0
1734,1855,47.74,United Kingdom,Cash Withdrawal,Mobile,17,12,168.04,1,0,0
1735,617,443.03,Germany,Online Payment,Tablet,10,12,218.33,1,1,0
1736,401,140.88,Senegal,Online Payment,Tablet,13,1,96.32,0,1,0
1737,724,148.05,Spain,Cash Withdrawal,Tablet,19,8,57.21,0,2,0
1738,2791,190.41,Senegal,Transfer,Mobile,7,31,181.84,1,3,0
1739,2357,504.02,United Kingdom,Transfer,Mobile,17,26,196.74,1,1,0
1740,2541,146.77,Portugal,Online Payment,Web,12,31,236.09,1,3,0
1741,3603,199.76,Portugal,Cash Withdrawal,Web,6,17,58.32,0,2,0
1742,2609,242.66,United Kingdom,Cash Withdrawal,Tablet,0,3,181.04,1,0,0
1743,2870,136.84,Spain,Online Payment,Tablet,9,24,136.7,0,1,0
1744,698,226.26,United Kingdom,Card Payment,Mobile,5,22,115.82,0,1,0
1745,3942,145.3,Senegal,Online Payment,Web,10,25,99.88,1,2,0
1746,3610,208.66,Senegal,Transfer,Tablet,0,19,189.32,0,2,0
1747,2389,336.07,Senegal,Online Payment,Mobile,15,18,182.91,1,2,0
1748,2324,204.1,Portugal,Cash Withdrawal,Mobile,16,37,163.72,0,3,0
1749,3176,111.11,Senegal,Card Payment,Web,23,15,54.56,0,0,0
1750,1437,93.44,Spain,Cash Withdrawal,Tablet,15,23,64.82,0,3,0
1751,3391,262.29,United Kingdom,Cash Withdrawal,Tablet,10,28,118.01,0,1,0
1752,3511,22.65,Spain,Online Payment,Mobile,8,17,170.1,0,0,0
1753,85,153.59,France,Online Payment,Mobile,21,1,42.88,0,0,0
1754,127,73.0,France,Online Payment,Web,6,9,43.63,0,2,0
1755,3911,134.95,Germany,Card Payment,Web,20,28,376.44,0,2,0
1756,1841,69.75,Spain,Transfer,Web,21,16,32.24,0,1,0
1757,2414,188.15,Germany,Cash Withdrawal,Web,6,27,134.36,1,2,0
1758,1407,176.97,Spain,Card Payment,Web,14,21,264.29,0,1,0
1759,1422,46.99,United Kingdom,Card Payment,Mobile,15,25,105.78,0,4,0
1760,2790,84.42,France,Cash Withdrawal,Tablet,17,36,86.76,0,0,0
1761,1181,382.63,Senegal,Cash Withdrawal,Mobile,14,6,89.48,1,3,0
1762,2430,303.01,Senegal,Card Payment,Web,9,31,54.66,1,1,0
1763,3417,201.04,Senegal,Card Payment,Web,4,17,165.27,0,0,0
1764,3519,68.85,Spain,Transfer,Mobile,22,16,370.57,0,3,0
1765,806,33.99,Germany,Card Payment,Web,7,33,224.79,1,2,0
1766,1019,95.37,Portugal,Online Payment,Web,12,32,224.22,0,1,0
1767,1071,180.78,United Kingdom,Cash Withdrawal,Mobile,18,26,139.78,0,0,0
1768,3295,24.26,Spain,Transfer,Tablet,6,19,45.6,0,0,0
1769,818,179.43,United Kingdom,Cash Withdrawal,Mobile,9,27,119.89,0,4,0
1770,2236,158.32,France,Online Payment,Web,3,37,184.54,1,1,0
1771,1284,45.46,Spain,Cash Withdrawal,Web,11,29,231.75,0,0,0
1772,1681,443.27,Germany,Card Payment,Tablet,0,25,52.09,0,0,0
1773,3096,218.39,France,Cash Withdrawal,Mobile,18,14,100.98,0,1,0
1774,2226,23.5,Spain,Cash Withdrawal,Mobile,12,35,42.99,1,4,0
1775,1896,114.87,Spain,Online Payment,Mobile,2,17,142.75,1,1,0
1776,2662,67.14,Senegal,Cash Withdrawal,Tablet,3,15,164.26,0,2,0
1777,2829,68.35,United Kingdom,Card Payment,Mobile,23,19,257.12,0,2,0
1778,2937,79.72,Senegal,Transfer,Tablet,4,22,119.25,0,1,0
1779,559,177.17,France,Transfer,Web,20,32,129.9,0,0,0
1780,27,61.68,Germany,Transfer,Mobile,2,51,213.44,1,2,0
1781,496,176.03,Spain,Card Payment,Mobile,6,16,93.17,1,0,1
1782,2072,45.63,Germany,Online Payment,Mobile,3,18,277.32,0,1,0
1783,754,139.85,France,Cash Withdrawal,Tablet,21,31,153.08,0,3,0
1784,505,154.8,Germany,Transfer,Tablet,0,28,94.22,0,1,0
1785,2693,245.42,France,Transfer,Tablet,23,4,300.74,0,2,0
1786,1968,84.36,United Kingdom,Cash Withdrawal,Tablet,3,18,125.02,0,0,0
1787,2735,135.04,United Kingdom,Online Payment,Web,22,11,57.94,0,3,0
1788,3333,55.58,Germany,Transfer,Mobile,9,12,34.12,0,2,0
1789,46,467.15,Spain,Cash Withdrawal,Mobile,20,23,57.25,0,1,0
1790,1821,110.04,Senegal,Cash Withdrawal,Mobile,14,6,91.83,0,1,0
1791,38,90.64,France,Cash Withdrawal,Tablet,16,21,111.43,0,4,0
1792,2151,55.18,Germany,Card Payment,Mobile,20,1,74.24,0,3,0
1793,2307,76.91,United Kingdom,Online Payment,Tablet,4,1,70.08,0,1,0
1794,1241,183.37,Germany,Card Payment,Tablet,15,22,94.41,0,1,0
1795,2700,88.34,France,Cash Withdrawal,Mobile,22,8,89.99,0,2,0
1796,1426,250.87,Spain,Online Payment,Mobile,1,22,95.86,1,1,0
1797,950,207.19,Senegal,Card Payment,Web,21,4,88.41,0,0,0
1798,3162,154.05,Portugal,Transfer,Mobile,5,21,126.18,0,2,0
1799,3987,71.72,Germany,Card Payment,Mobile,19,33,179.55,0,2,0
1800,3072,58.51,Senegal,Online Payment,Web,19,27,75.0,0,2,0
1801,713,101.47,United Kingdom,Card Payment,Tablet,14,36,73.19,0,2,0
1802,2351,74.34,Spain,Transfer,Mobile,8,8,197.08,0,1,0
1803,924,109.53,France,Transfer,Web,16,19,146.04,0,2,0
1804,2385,53.55,Senegal,Card Payment,Mobile,1,27,209.36,0,1,0
1805,1473,107.3,Germany,Card Payment,Web,5,8,97.36,0,2,0
1806,2984,266.13,Portugal,Online Payment,Mobile,6,21,551.58,0,1,0
1807,1443,67.71,United Kingdom,Transfer,Mobile,14,18,98.53,0,2,0
1808,291,60.47,Spain,Card Payment,Mobile,16,21,288.54,0,1,0
1809,945,126.2,Senegal,Cash Withdrawal,Mobile,7,26,84.61,0,0,0
1810,3393,286.39,United Kingdom,Online Payment,Tablet,11,6,102.83,1,4,0
1811,3966,225.7,United Kingdom,Card Payment,Tablet,18,19,125.21,0,1,0
1812,2504,153.94,Spain,Cash Withdrawal,Web,19,16,45.12,1,3,0
1813,455,170.35,Spain,Online Payment,Web,20,8,105.37,1,1,0
1814,1069,92.93,France,Cash Withdrawal,Mobile,4,2,72.66,0,2,0
1815,1351,143.96,Portugal,Card Payment,Mobile,15,13,232.85,1,0,0
1816,3705,46.93,Spain,Card Payment,Web,2,24,68.52,0,0,0
1817,2509,493.2,Senegal,Online Payment,Mobile,8,14,140.85,0,2,0
1818,2035,46.81,Spain,Transfer,Tablet,11,4,268.83,0,2,0
1819,3481,31.26,France,Card Payment,Mobile,0,9,258.83,0,2,0
1820,2189,78.79,Spain,Online Payment,Tablet,21,33,86.28,0,2,0
1821,214,36.02,Germany,Online Payment,Tablet,4,13,134.9,0,1,0
1822,565,220.3,Senegal,Online Payment,Mobile,19,15,61.54,0,1,0
1823,794,285.17,United Kingdom,Online Payment,Mobile,7,22,257.42,0,2,0
1824,931,69.44,Germany,Card Payment,Mobile,23,27,143.86,0,1,0
1825,233,414.02,France,Online Payment,Mobile,9,24,333.24,1,1,0
1826,2684,187.17,France,Cash Withdrawal,Mobile,19,30,90.55,0,3,0
1827,2690,113.69,Senegal,Card Payment,Web,17,33,29.51,0,4,0
1828,3332,38.95,United Kingdom,Transfer,Web,22,28,157.42,0,3,0
1829,2259,109.1,United Kingdom,Transfer,Tablet,8,21,93.2,0,1,0
1830,428,297.1,Senegal,Cash Withdrawal,Web,22,33,92.28,0,1,0
1831,322,57.02,France,Transfer,Tablet,7,19,67.06,0,1,0
1832,503,256.97,United Kingdom,Transfer,Mobile,7,29,71.71,0,0,0
1833,1859,205.8,Senegal,Card Payment,Web,1,22,199.79,0,0,0
1834,1231,192.57,Senegal,Card Payment,Web,19,24,92.92,0,3,1
1835,1568,95.32,Germany,Online Payment,Mobile,7,39,92.39,0,2,0
1836,1766,213.98,Spain,Card Payment,Tablet,9,9,112.93,1,0,0
1837,3839,48.29,Senegal,Cash Withdrawal,Web,18,35,82.4,0,2,0
1838,2973,317.34,Spain,Online Payment,Web,23,19,87.09,0,1,0
1839,3308,105.96,Senegal,Online Payment,Tablet,21,19,39.43,0,0,0
1840,2191,166.23,Germany,Online Payment,Tablet,23,1,97.72,0,5,0
1841,666,389.94,Germany,Online Payment,Tablet,7,4,89.4,1,3,1
1842,3276,783.44,Portugal,Cash Withdrawal,Mobile,7,10,191.66,0,0,0
1843,2340,49.56,Germany,Card Payment,Tablet,8,2,206.75,0,0,0
1844,3205,27.82,Portugal,Card Payment,Mobile,9,25,118.85,0,2,0
1845,1084,320.71,France,Online Payment,Web,0,25,75.92,0,3,0
1846,3957,317.92,United Kingdom,Online Payment,Tablet,17,10,85.79,0,1,0
1847,3846,257.54,Senegal,Cash Withdrawal,Tablet,17,4,44.86,0,0,0
1848,737,140.43,United Kingdom,Cash Withdrawal,Web,15,20,42.05,1,2,0
1849,602,128.4,Spain,Card Payment,Mobile,3,18,222.78,0,1,0
1850,2076,42.52,Germany,Cash Withdrawal,Mobile,17,11,53.11,0,3,0
1851,2927,120.2,United Kingdom,Cash Withdrawal,Mobile,21,8,91.85,0,0,0
1852,2214,65.97,Portugal,Card Payment,Tablet,7,24,119.94,0,3,0
1853,1818,161.16,Senegal,Card Payment,Mobile,6,12,49.47,0,1,0
1854,3370,87.33,Portugal,Online Payment,Mobile,20,9,182.27,0,1,0
1855,102,119.56,United Kingdom,Cash Withdrawal,Web,13,31,315.83,0,1,0
1856,3861,524.24,United Kingdom,Card Payment,Mobile,11,14,137.3,1,0,0
1857,3736,57.6,Spain,Card Payment,Mobile,19,26,94.81,0,2,0
1858,2932,26.03,Portugal,Cash Withdrawal,Mobile,12,33,189.72,0,1,0
1859,2975,28.54,France,Online Payment,Tablet,2,14,115.85,0,2,0
1860,920,54.26,Spain,Online Payment,Tablet,23,21,24.22,1,4,0
1861,3270,138.35,Senegal,Online Payment,Tablet,16,10,85.27,0,1,0
1862,799,34.92,Spain,Cash Withdrawal,Mobile,10,17,85.32,0,0,0
1863,1483,134.83,France,Online Payment,Web,23,9,141.56,0,1,0
1864,1823,239.24,Portugal,Online Payment,Web,2,29,192.95,0,4,0
1865,3747,292.67,United Kingdom,Online Payment,Tablet,7,24,101.97,0,1,0
1866,2333,41.69,France,Transfer,Web,21,8,105.44,0,1,0
1867,1067,41.18,United Kingdom,Cash Withdrawal,Web,3,5,134.84,1,0,0
1868,608,76.42,Spain,Online Payment,Tablet,6,15,86.17,0,1,0
1869,64,38.23,France,Card Payment,Web,8,23,68.14,0,3,0
1870,1925,287.04,Portugal,Card Payment,Mobile,1,14,185.49,0,2,1
1871,684,116.04,Senegal,Transfer,Tablet,16,14,158.79,0,2,0
1872,1452,209.22,France,Online Payment,Tablet,17,33,143.59,0,0,0
1873,1380,255.48,United Kingdom,Card Payment,Tablet,1,22,78.03,1,3,0
1874,3891,263.21,Germany,Online Payment,Tablet,14,23,277.94,0,0,0
1875,3104,21.56,Germany,Transfer,Tablet,5,24,163.4,0,1,0
1876,3360,220.97,Spain,Card Payment,Mobile,0,16,132.35,0,0,0
1877,2660,126.03,Germany,Online Payment,Web,14,18,40.8,0,4,0
1878,1145,54.51,Senegal,Transfer,Web,15,29,137.22,0,1,0
1879,3676,75.8,Spain,Online Payment,Web,10,23,67.65,0,1,0
1880,3906,53.49,France,Card Payment,Tablet,23,16,120.82,0,0,0
1881,2356,22.34,Spain,Cash Withdrawal,Mobile,11,19,87.67,0,2,0
1882,1122,105.38,Germany,Online Payment,Mobile,5,12,313.53,0,3,0
1883,2483,102.06,Senegal,Transfer,Tablet,8,19,121.75,1,0,0
1884,3436,213.04,Spain,Transfer,Mobile,19,23,136.29,0,1,0
1885,2212,118.76,Spain,Transfer,Mobile,15,15,175.27,0,1,0
1886,833,51.64,United Kingdom,Online Payment,Tablet,14,16,56.53,0,0,0
1887,1209,88.99,Senegal,Card Payment,Web,13,33,107.67,0,0,0
1888,561,58.8,United Kingdom,Card Payment,Web,2,16,80.84,0,3,0
1889,305,163.26,United Kingdom,Transfer,Tablet,10,2,186.75,0,6,0
1890,2101,183.69,Portugal,Card Payment,Tablet,22,10,76.14,0,2,0
1891,1776,98.05,Senegal,Cash Withdrawal,Mobile,17,15,88.09,0,1,0
1892,146,146.01,Portugal,Card Payment,Mobile,4,9,138.25,0,3,0
1893,902,69.81,Portugal,Transfer,Web,15,15,110.58,0,0,0
1894,3005,108.03,Germany,Cash Withdrawal,Mobile,6,34,38.72,0,1,0
1895,2115,89.54,Portugal,Transfer,Mobile,13,27,99.07,1,1,0
1896,855,169.46,Portugal,Transfer,Mobile,13,27,70.85,0,2,0
1897,2585,107.96,Spain,Transfer,Tablet,11,30,172.73,0,1,0
1898,738,93.07,United Kingdom,Transfer,Web,21,13,123.27,0,1,0
1899,1607,106.82,Spain,Cash Withdrawal,Tablet,15,13,213.4,0,2,0
1900,3945,147.18,United Kingdom,Online Payment,Web,10,24,283.07,0,1,0
1901,722,22.17,Germany,Cash Withdrawal,Tablet,3,20,129.41,0,2,0
1902,525,433.82,Germany,Online Payment,Tablet,13,21,219.44,0,0,0
1903,1098,36.83,Spain,Transfer,Web,1,32,99.76,0,1,0
1904,2765,316.13,United Kingdom,Online Payment,Web,14,22,107.02,0,1,0
1905,224,57.92,United Kingdom,Online Payment,Tablet,7,7,231.76,0,3,0
1906,1264,217.4,Germany,Online Payment,Mobile,18,21,59.45,0,5,0
1907,3194,87.97,Portugal,Card Payment,Tablet,19,28,26.19,0,0,0
1908,82,53.74,Portugal,Card Payment,Web,2,18,148.93,0,1,0
1909,1445,86.99,Spain,Card Payment,Tablet,1,20,144.11,0,1,0
1910,813,394.69,France,Online Payment,Tablet,7,28,46.35,0,2,0
1911,1532,58.1,United Kingdom,Online Payment,Mobile,17,11,53.87,0,0,0
1912,148,173.02,Senegal,Card Payment,Tablet,12,23,154.96,0,2,0
1913,1160,234.19,United Kingdom,Card Payment,Mobile,20,15,68.11,0,1,0
1914,1116,274.47,Portugal,Card Payment,Web,20,23,77.92,0,1,0
1915,3591,374.99,United Kingdom,Card Payment,Mobile,2,18,164.48,0,1,0
1916,3001,220.7,Germany,Card Payment,Mobile,23,23,114.82,0,2,0
1917,622,753.11,Senegal,Online Payment,Mobile,19,12,62.57,0,0,0
1918,1742,56.99,Spain,Card Payment,Web,8,16,67.89,0,2,0
1919,3971,155.49,Portugal,Online Payment,Web,9,30,116.18,0,0,0
1920,1665,148.29,Spain,Cash Withdrawal,Web,9,41,87.5,0,0,0
1921,1002,85.19,Germany,Card Payment,Web,23,4,55.65,0,2,0
1922,2239,117.74,Portugal,Card Payment,Web,7,9,89.73,0,2,0
1923,3159,69.82,France,Online Payment,Web,15,8,201.12,0,2,0
1924,1362,156.72,France,Card Payment,Mobile,17,28,91.19,0,0,0
1925,2007,106.76,Spain,Transfer,Mobile,4,20,88.86,0,0,0
1926,2144,870.09,Portugal,Transfer,Mobile,15,25,90.51,0,2,0
1927,1384,270.27,France,Card Payment,Web,22,30,125.28,0,2,0
1928,23,841.1,United Kingdom,Transfer,Tablet,15,21,161.01,0,1,0
1929,2671,84.75,France,Cash Withdrawal,Web,22,24,202.2,0,2,0
1930,3030,47.59,Portugal,Card Payment,Mobile,13,1,200.61,0,1,0
1931,3101,149.49,Senegal,Transfer,Tablet,23,20,83.92,1,1,0
1932,3563,11.91,Senegal,Card Payment,Web,15,14,96.25,0,0,0
1933,1996,115.06,France,Online Payment,Web,0,5,105.03,0,1,0
1934,1206,402.42,Portugal,Cash Withdrawal,Tablet,10,2,137.61,0,2,0
1935,2664,108.83,France,Transfer,Web,16,5,92.07,0,1,0
1936,3900,214.11,Portugal,Cash Withdrawal,Tablet,19,18,96.35,0,4,0
1937,3835,170.07,United Kingdom,Transfer,Mobile,16,33,158.25,0,3,0
1938,1302,27.84,Germany,Transfer,Mobile,15,16,125.99,1,2,0
1939,1278,339.88,Portugal,Transfer,Mobile,22,4,60.25,1,2,0
1940,388,322.34,Senegal,Online Payment,Tablet,5,9,285.34,1,2,0
1941,3619,32.0,France,Cash Withdrawal,Tablet,0,13,173.46,0,1,0
1942,3362,223.74,Germany,Cash Withdrawal,Web,19,19,96.42,0,2,0
1943,2299,179.07,Spain,Transfer,Mobile,18,16,501.81,0,0,0
1944,1147,101.26,France,Cash Withdrawal,Tablet,3,25,100.58,1,1,0
1945,2642,220.9,Germany,Cash Withdrawal,Tablet,18,22,112.64,0,1,0
1946,3020,29.22,Spain,Online Payment,Mobile,5,27,268.23,1,2,0
1947,887,52.59,Senegal,Transfer,Mobile,5,26,50.86,0,0,1
1948,319,93.24,Senegal,Transfer,Tablet,14,19,143.88,0,1,0
1949,1240,42.25,Spain,Card Payment,Mobile,17,23,161.33,0,0,0
1950,2893,204.95,Germany,Cash Withdrawal,Web,16,21,111.54,0,3,0
1951,2480,121.72,France,Transfer,Tablet,8,6,83.3,0,1,0
1952,2296,165.69,Germany,Online Payment,Tablet,8,32,52.09,0,2,0
1953,1784,189.74,Portugal,Cash Withdrawal,Mobile,0,9,84.68,0,1,0
1954,3157,200.24,Portugal,Cash Withdrawal,Tablet,13,25,79.0,0,1,0
1955,3771,410.9,France,Online Payment,Web,5,17,223.06,0,0,0
1956,803,38.37,Germany,Cash Withdrawal,Tablet,6,9,134.55,1,2,0
1957,386,32.64,United Kingdom,Cash Withdrawal,Tablet,0,6,146.67,0,1,0
1958,1127,99.4,Portugal,Online Payment,Web,1,22,326.8,0,2,0
1959,1124,5.27,Portugal,Card Payment,Tablet,0,22,46.77,0,3,0
1960,2489,102.52,Portugal,Online Payment,Web,5,23,121.45,0,3,0
1961,3075,50.01,Spain,Card Payment,Mobile,11,23,43.44,1,2,0
1962,628,143.04,Portugal,Transfer,Mobile,2,17,136.18,0,1,0
1963,230,380.55,Germany,Card Payment,Web,3,23,121.71,0,1,0
1964,3493,117.0,France,Card Payment,Web,21,39,87.78,0,3,0
1965,2906,34.09,France,Cash Withdrawal,Tablet,0,23,108.48,0,1,0
1966,3432,198.33,Portugal,Card Payment,Mobile,6,26,80.97,0,2,0
1967,2986,133.15,United Kingdom,Card Payment,Mobile,14,20,57.19,1,2,0
1968,2821,294.94,Spain,Online Payment,Mobile,20,14,189.83,0,0,0
1969,14,105.54,United Kingdom,Cash Withdrawal,Tablet,11,4,39.93,1,0,0
1970,3425,75.14,Portugal,Card Payment,Tablet,14,12,198.31,1,1,0
1971,748,137.62,Portugal,Card Payment,Mobile,10,8,281.01,0,1,0
1972,3141,230.84,France,Card Payment,Mobile,20,32,55.41,0,1,0
1973,2967,39.17,France,Cash Withdrawal,Tablet,20,12,86.48,0,0,0
1974,3062,181.88,Portugal,Transfer,Web,1,11,165.9,0,1,0
1975,1143,210.49,France,Cash Withdrawal,Web,7,13,78.13,0,1,0
1976,817,195.07,France,Cash Withdrawal,Web,22,25,377.08,0,3,0
1977,1455,185.79,Spain,Cash Withdrawal,Web,20,9,117.84,0,2,0
1978,2815,118.65,France,Card Payment,Tablet,12,15,180.05,0,1,0
1979,2877,390.23,Germany,Cash Withdrawal,Tablet,21,20,54.12,0,3,0
1980,2866,16.53,Spain,Cash Withdrawal,Mobile,16,24,199.61,0,1,0
1981,1916,105.33,United Kingdom,Card Payment,Mobile,16,20,80.81,0,1,0
1982,573,80.29,Germany,Cash Withdrawal,Web,18,11,83.88,0,3,0
1983,139,200.72,United Kingdom,Card Payment,Tablet,11,18,71.9,0,0,1
1984,1727,62.98,Germany,Cash Withdrawal,Web,20,36,194.02,0,3,0
1985,1467,264.12,United Kingdom,Transfer,Web,17,7,161.08,0,4,1
1986,3315,779.06,Spain,Online Payment,Tablet,18,28,55.63,0,3,0
1987,1940,133.82,France,Cash Withdrawal,Tablet,11,13,106.13,0,0,0
1988,1644,126.17,United Kingdom,Card Payment,Mobile,16,2,206.06,1,0,0
1989,1104,20.21,Spain,Online Payment,Tablet,0,28,121.32,0,1,0
1990,1232,150.24,Spain,Transfer,Tablet,4,11,73.34,1,5,0
1991,3932,66.23,Senegal,Card Payment,Web,4,18,313.59,0,1,0
1992,678,23.39,Germany,Card Payment,Tablet,4,1,32.26,0,2,0
1993,1260,243.29,Senegal,Transfer,Mobile,6,22,64.46,0,2,0
1994,632,56.34,Portugal,Cash Withdrawal,Mobile,15,33,173.76,0,2,0
1995,2253,51.6,Portugal,Online Payment,Tablet,6,12,166.18,0,2,0
1996,3406,100.72,Germany,Transfer,Mobile,12,37,132.24,1,0,0
1997,547,238.94,Germany,Cash Withdrawal,Web,21,26,272.92,0,2,0
1998,1614,78.77,Spain,Card Payment,Web,15,8,91.18,0,0,0
1999,111,185.07,France,Transfer,Mobile,11,22,53.74,0,1,0
2000,7,88.75,Spain,Online Payment,Mobile,20,10,69.24,0,1,0
2001,182,382.57,France,Cash Withdrawal,Web,2,21,163.58,0,2,0
2002,1744,36.64,France,Cash Withdrawal,Web,12,30,83.56,0,2,0
2003,1070,75.35,Germany,Transfer,Mobile,12,21,225.5,0,2,0
2004,1905,65.57,Senegal,Cash Withdrawal,Tablet,23,28,63.46,1,2,0
2005,3292,234.72,Senegal,Transfer,Web,4,20,57.73,0,2,0
2006,1863,175.33,Senegal,Online Payment,Tablet,21,21,311.67,0,3,0
2007,1241,118.0,Germany,Cash Withdrawal,Tablet,20,8,184.76,1,1,0
2008,3721,63.08,Germany,Cash Withdrawal,Web,22,18,121.7,0,2,0
2009,1495,95.25,Senegal,Transfer,Web,17,16,159.35,0,0,0
2010,328,594.99,France,Card Payment,Web,22,28,200.08,0,0,0
2011,3330,62.64,Spain,Online Payment,Web,1,21,144.1,0,3,0
2012,3555,143.7,Germany,Online Payment,Web,1,13,56.97,0,1,0
2013,1034,101.69,Germany,Cash Withdrawal,Tablet,9,3,146.47,0,4,0
2014,1095,38.41,France,Cash Withdrawal,Web,13,16,96.78,1,1,0
2015,2605,96.31,Senegal,Card Payment,Web,23,19,97.21,1,0,0
2016,1019,101.26,France,Card Payment,Tablet,3,29,144.82,1,2,0
2017,2022,59.64,Germany,Cash Withdrawal,Web,14,15,52.48,0,3,0
2018,3382,535.69,Portugal,Online Payment,Mobile,2,18,137.48,0,2,1
2019,2496,85.53,Portugal,Card Payment,Web,16,8,25.16,0,0,0
2020,3799,55.44,Portugal,Cash Withdrawal,Web,12,20,115.21,1,3,0
2021,1053,151.79,Portugal,Card Payment,Web,3,3,107.91,0,1,0
2022,1242,158.75,Spain,Transfer,Tablet,1,24,79.22,0,4,0
2023,3116,69.6,Germany,Cash Withdrawal,Tablet,22,38,73.49,0,1,0
2024,2751,130.5,Senegal,Online Payment,Mobile,21,24,142.64,0,1,1
2025,849,900.13,Senegal,Online Payment,Tablet,4,15,167.26,0,1,0
2026,3237,33.58,Portugal,Cash Withdrawal,Mobile,7,24,21.47,0,0,0
2027,906,48.83,Senegal,Cash Withdrawal,Tablet,22,21,162.05,0,0,0
2028,1724,138.76,Portugal,Cash Withdrawal,Tablet,12,11,93.3,0,1,0
2029,1405,46.77,United Kingdom,Cash Withdrawal,Web,14,1,202.51,0,2,0
2030,2044,43.08,France,Transfer,Tablet,12,26,84.01,0,2,0
2031,3491,30.39,Spain,Card Payment,Tablet,15,16,112.23,0,1,0
2032,851,61.33,Portugal,Cash Withdrawal,Web,9,20,207.14,0,1,0
2033,1915,181.64,Senegal,Transfer,Tablet,18,32,44.88,0,2,0
2034,1768,106.16,Germany,Card Payment,Web,17,25,25.01,0,2,0
2035,1538,500.66,Spain,Transfer,Web,19,29,161.42,0,1,0
2036,1621,161.6,France,Transfer,Mobile,18,19,152.89,0,3,0
2037,3142,219.07,Portugal,Online Payment,Tablet,13,26,75.37,0,0,0
2038,3689,1250.49,Spain,Cash Withdrawal,Web,11,17,75.28,0,3,0
2039,2814,43.89,Portugal,Cash Withdrawal,Tablet,17,20,106.5,0,0,0
2040,1655,142.98,Germany,Online Payment,Web,14,30,108.78,0,1,0
2041,1639,92.97,United Kingdom,Card Payment,Tablet,10,25,129.48,0,4,0
2042,2800,277.09,Senegal,Online Payment,Tablet,20,1,109.69,0,1,0
2043,774,291.23,Portugal,Card Payment,Tablet,7,20,88.56,1,2,0
2044,330,39.54,Spain,Online Payment,Mobile,10,28,21.24,0,3,0
2045,2563,23.36,Germany,Card Payment,Web,0,24,236.23,0,1,0
2046,2680,254.62,Germany,Transfer,Mobile,14,14,67.25,0,1,0
2047,718,59.44,Germany,Transfer,Web,4,8,44.96,0,1,0
2048,848,136.61,Spain,Online Payment,Web,7,31,98.4,0,1,0
2049,991,468.04,France,Online Payment,Tablet,20,13,82.51,1,0,0
2050,1357,183.56,France,Transfer,Web,23,15,44.77,0,2,1
2051,133,230.27,Portugal,Online Payment,Tablet,15,20,78.66,0,2,0
2052,1709,269.21,United Kingdom,Card Payment,Tablet,19,11,156.03,0,1,0
2053,98,101.22,Germany,Online Payment,Tablet,1,26,109.01,0,0,0
2054,3369,103.84,Portugal,Card Payment,Web,12,20,188.1,0,0,0
2055,2661,98.68,Germany,Online Payment,Mobile,3,11,120.99,1,2,0
2056,3381,162.58,Spain,Card Payment,Tablet,5,18,148.88,0,0,0
2057,582,150.08,France,Online Payment,Mobile,8,7,245.29,1,0,0
2058,304,224.44,Germany,Online Payment,Mobile,8,21,139.06,0,2,0
2059,1355,127.57,Germany,Cash Withdrawal,Tablet,8,23,152.05,0,0,0
2060,607,571.93,Spain,Cash Withdrawal,Mobile,7,14,70.06,0,1,0
2061,2924,60.11,United Kingdom,Cash Withdrawal,Tablet,5,18,116.96,0,2,0
2062,2921,97.8,Germany,Cash Withdrawal,Mobile,23,17,230.44,0,3,0
2063,2489,51.5,United Kingdom,Online Payment,Web,20,24,135.23,0,2,0
2064,2389,125.8,United Kingdom,Transfer,Tablet,0,20,80.36,0,1,0
2065,3054,77.21,Spain,Online Payment,Web,19,28,74.27,0,0,0
2066,2638,252.73,France,Cash Withdrawal,Tablet,11,19,125.15,0,2,0
2067,2656,148.65,France,Online Payment,Mobile,15,25,204.83,0,0,0
2068,3879,97.48,Senegal,Cash Withdrawal,Mobile,9,26,114.09,0,5,0
2069,2493,115.61,Portugal,Card Payment,Tablet,6,7,60.31,0,0,0
2070,3739,219.74,Portugal,Card Payment,Tablet,16,22,105.61,0,2,0
2071,1490,52.45,Portugal,Card Payment,Web,20,15,100.17,1,1,0
2072,276,87.8,United Kingdom,Card Payment,Mobile,14,10,75.04,0,3,0
2073,1049,80.8,Portugal,Transfer,Tablet,20,13,64.39,0,2,0
2074,2939,127.07,Germany,Transfer,Mobile,19,24,33.29,0,1,0
2075,3044,91.01,France,Card Payment,Mobile,16,21,115.86,0,0,0
2076,1000,67.72,Spain,Online Payment,Web,3,37,153.92,0,0,0
2077,1307,53.92,Portugal,Card Payment,Mobile,15,25,48.34,1,3,0
2078,809,498.63,Senegal,Transfer,Tablet,15,12,96.14,0,0,1
2079,1761,130.15,Senegal,Online Payment,Tablet,6,20,272.58,0,1,0
2080,3095,226.13,Germany,Card Payment,Web,13,7,71.45,0,0,0
2081,724,105.91,United Kingdom,Online Payment,Tablet,9,18,450.1,0,1,0
2082,3553,259.8,Spain,Transfer,Web,8,16,101.37,0,1,0
2083,2564,517.62,Germany,Card Payment,Mobile,15,25,24.66,1,2,0
2084,2088,321.62,Germany,Online Payment,Mobile,5,28,178.75,1,1,0
2085,1248,59.13,Senegal,Online Payment,Web,20,19,111.16,0,1,0
2086,793,40.63,Senegal,Transfer,Mobile,9,13,97.5,0,4,0
2087,2173,51.6,Germany,Card Payment,Tablet,9,14,110.18,0,3,0
2088,2753,103.99,France,Cash Withdrawal,Mobile,6,30,139.56,0,0,0
2089,3492,170.94,France,Transfer,Web,16,28,84.86,0,1,0
2090,3231,84.17,Germany,Cash Withdrawal,Mobile,8,1,87.16,0,2,0
2091,1244,156.4,United Kingdom,Transfer,Web,10,19,127.82,0,1,0
2092,1292,140.26,Germany,Cash Withdrawal,Web,18,36,74.03,0,0,0
2093,3123,328.31,Germany,Card Payment,Web,11,17,207.04,0,2,0
2094,1872,258.59,United Kingdom,Card Payment,Tablet,6,14,533.49,0,2,0
2095,1208,56.71,United Kingdom,Card Payment,Web,13,13,84.17,0,1,0
2096,2294,98.9,Portugal,Transfer,Mobile,19,25,70.26,0,1,0
2097,438,198.76,Senegal,Transfer,Mobile,10,36,98.85,0,1,0
2098,2429,141.85,Germany,Card Payment,Tablet,12,35,172.27,0,1,0
2099,1995,68.5,France,Cash Withdrawal,Tablet,18,37,140.68,0,0,0
2100,2620,186.51,United Kingdom,Cash Withdrawal,Tablet,11,6,158.75,0,3,0
2101,1933,55.22,France,Card Payment,Web,23,12,60.05,0,1,0
2102,617,130.06,Spain,Cash Withdrawal,Tablet,6,9,72.93,0,3,0
2103,1343,36.97,Spain,Cash Withdrawal,Tablet,16,20,232.38,0,2,0
2104,576,135.42,Senegal,Cash Withdrawal,Web,14,1,118.65,0,1,0
2105,1316,121.66,Germany,Transfer,Web,11,42,106.07,0,3,0
2106,2884,114.12,United Kingdom,Cash Withdrawal,Tablet,23,28,35.85,0,2,0
2107,2631,26.75,Germany,Online Payment,Web,15,19,126.1,0,0,0
2108,247,113.42,Spain,Cash Withdrawal,Mobile,18,21,33.72,0,4,0
2109,2066,33.17,United Kingdom,Online Payment,Web,18,7,212.4,0,2,0
2110,310,47.58,Spain,Card Payment,Tablet,3,16,49.01,0,2,0
2111,3467,161.33,Senegal,Online Payment,Tablet,20,29,87.14,0,1,0
2112,3143,214.86,Portugal,Online Payment,Web,14,7,45.73,0,1,0
2113,3027,151.29,France,Cash Withdrawal,Mobile,5,17,103.38,0,1,0
2114,2162,361.73,Portugal,Online Payment,Mobile,12,20,100.36,0,4,1
2115,3393,103.37,Germany,Card Payment,Mobile,7,21,148.36,0,1,0
2116,3505,67.95,France,Cash Withdrawal,Tablet,14,28,42.53,0,0,0
2117,3365,49.88,Spain,Cash Withdrawal,Tablet,18,24,98.31,0,1,0
2118,845,82.81,United Kingdom,Transfer,Mobile,0,9,590.41,0,0,0
2119,162,46.15,France,Cash Withdrawal,Mobile,10,34,39.11,0,2,0
2120,2696,102.05,France,Transfer,Web,5,23,88.06,0,0,0
2121,3836,63.73,France,Cash Withdrawal,Mobile,4,19,153.99,0,3,0
2122,505,83.62,Germany,Card Payment,Web,23,12,183.74,0,1,0
2123,202,106.69,Germany,Online Payment,Web,6,23,25.84,0,3,0
2124,3337,175.28,Senegal,Card Payment,Mobile,16,1,58.17,0,3,0
2125,499,98.97,France,Transfer,Mobile,15,28,227.24,0,0,0
2126,1298,151.81,Germany,Transfer,Mobile,2,24,247.56,0,1,0
2127,1046,316.9,Spain,Card Payment,Web,0,17,239.83,1,2,0
2128,1640,68.63,Senegal,Cash Withdrawal,Web,9,15,157.27,0,1,0
2129,3473,37.27,Portugal,Cash Withdrawal,Mobile,22,25,88.83,1,0,0
2130,1597,23.48,Germany,Card Payment,Web,23,22,76.68,0,3,0
2131,577,64.7,France,Transfer,Tablet,0,22,357.14,1,1,0
2132,2848,158.88,Germany,Card Payment,Mobile,19,17,126.59,0,1,0
2133,2708,61.53,United Kingdom,Cash Withdrawal,Tablet,13,34,259.93,0,1,0
2134,716,59.78,Spain,Transfer,Tablet,21,34,127.38,0,1,0
2135,449,208.95,France,Card Payment,Web,6,19,183.31,0,0,0
2136,3724,252.62,United Kingdom,Cash Withdrawal,Mobile,0,3,472.18,0,2,0
2137,141,37.27,Portugal,Transfer,Web,1,14,213.07,0,2,0
2138,2960,140.09,Spain,Transfer,Mobile,3,3,44.78,1,1,0
2139,378,69.98,Germany,Card Payment,Mobile,15,6,147.32,0,1,0
2140,3679,172.45,Spain,Online Payment,Mobile,19,17,133.91,0,2,1
2141,1951,184.38,Germany,Cash Withdrawal,Mobile,10,1,78.65,0,2,0
2142,2514,198.4,Portugal,Card Payment,Web,15,16,123.35,0,1,0
2143,804,311.74,France,Transfer,Tablet,4,3,30.87,0,1,0
2144,2701,329.22,Senegal,Card Payment,Tablet,12,26,106.11,0,1,0
2145,1024,911.39,France,Cash Withdrawal,Mobile,23,37,72.51,0,3,0
2146,3990,281.66,Germany,Cash Withdrawal,Mobile,10,16,87.55,0,2,0
2147,2374,85.79,Portugal,Card Payment,Tablet,12,5,27.81,0,1,0
2148,747,50.06,Senegal,Transfer,Tablet,1,14,79.6,0,2,0
2149,1626,91.48,United Kingdom,Card Payment,Tablet,15,9,57.65,0,2,0
2150,2576,217.53,Spain,Online Payment,Web,6,11,86.89,0,2,0
2151,1802,95.04,Senegal,Cash Withdrawal,Tablet,16,19,108.69,0,2,0
2152,3656,79.88,France,Cash Withdrawal,Web,15,1,55.98,0,1,0
2153,396,108.2,Portugal,Cash Withdrawal,Tablet,8,18,140.45,1,3,0
2154,2631,58.99,Senegal,Transfer,Mobile,7,35,192.43,0,2,0
2155,493,606.75,Spain,Cash Withdrawal,Mobile,11,28,269.65,0,3,0
2156,3849,224.95,Senegal,Transfer,Web,16,40,249.09,0,2,0
2157,909,67.16,Senegal,Transfer,Tablet,23,28,283.78,0,2,0
2158,622,252.97,Spain,Card Payment,Tablet,11,25,91.41,0,1,0
2159,2175,23.55,France,Cash Withdrawal,Mobile,3,29,102.41,0,3,0
2160,3519,266.54,Spain,Transfer,Tablet,4,34,114.16,0,0,0
2161,1737,153.25,France,Cash Withdrawal,Mobile,12,20,192.16,0,1,0
2162,3982,71.62,Germany,Online Payment,Web,10,13,149.13,1,1,0
2163,2,112.15,Senegal,Cash Withdrawal,Tablet,17,22,83.44,0,4,0
2164,3005,92.64,Spain,Card Payment,Mobile,13,21,61.73,1,2,0
2165,657,49.79,France,Online Payment,Mobile,20,17,87.95,0,0,0
2166,1019,152.13,United Kingdom,Card Payment,Mobile,8,22,46.63,1,2,0
2167,2974,453.18,Portugal,Transfer,Mobile,14,17,72.71,1,4,0
2168,1342,70.25,Senegal,Card Payment,Tablet,9,13,55.81,0,3,0
2169,2452,91.25,Germany,Transfer,Tablet,14,23,87.07,0,0,0
2170,3043,201.73,Spain,Online Payment,Mobile,2,32,239.13,0,0,0
2171,2950,307.89,United Kingdom,Cash Withdrawal,Mobile,12,29,62.44,0,1,0
2172,2568,62.16,Germany,Online Payment,Tablet,5,1,176.62,0,1,0
2173,3255,94.39,Germany,Cash Withdrawal,Mobile,16,19,72.89,1,3,0
2174,2472,118.79,Spain,Cash Withdrawal,Mobile,21,34,150.26,0,0,0
2175,1772,343.42,Germany,Card Payment,Tablet,3,22,166.21,0,3,0
2176,2966,197.91,Portugal,Cash Withdrawal,Web,20,26,198.39,0,1,0
2177,3426,41.64,United Kingdom,Cash Withdrawal,Mobile,0,11,65.99,1,1,0
2178,995,67.83,Spain,Online Payment,Mobile,18,28,210.35,0,1,0
2179,3199,348.16,Portugal,Online Payment,Tablet,19,26,115.55,0,3,0
2180,2126,177.45,Portugal,Online Payment,Mobile,19,19,150.62,1,1,0
2181,2633,36.29,Senegal,Card Payment,Mobile,7,13,73.24,0,1,0
2182,3702,90.06,Spain,Online Payment,Web,22,10,79.83,0,1,0
2183,3229,113.75,Germany,Online Payment,Tablet,16,2,66.63,1,0,0
2184,3299,159.06,Portugal,Online Payment,Tablet,0,35,41.76,0,1,0
2185,2583,18.1,United Kingdom,Card Payment,Web,13,12,140.79,0,4,0
2186,3480,64.19,United Kingdom,Cash Withdrawal,Tablet,11,36,94.08,0,0,0
2187,1134,28.72,Germany,Card Payment,Web,14,20,94.22,0,0,0
2188,3149,47.19,France,Transfer,Tablet,17,15,333.78,0,1,0
2189,3086,148.16,United Kingdom,Transfer,Web,2,9,166.02,0,0,0
2190,3031,88.35,France,Cash Withdrawal,Web,3,20,207.95,0,1,0
2191,1664,52.44,United Kingdom,Online Payment,Tablet,5,9,135.05,0,2,0
2192,3507,194.7,Portugal,Online Payment,Web,10,12,419.84,0,2,0
2193,3092,100.17,France,Transfer,Web,0,29,111.8,1,2,0
2194,3723,66.47,Spain,Cash Withdrawal,Tablet,17,1,51.45,0,1,0
2195,312,153.16,France,Card Payment,Mobile,22,18,160.96,0,2,0
2196,1658,53.46,United Kingdom,Transfer,Tablet,10,20,171.94,0,2,0
2197,3774,221.85,Germany,Card Payment,Tablet,9,14,211.36,0,1,0
2198,1327,164.95,France,Online Payment,Mobile,7,15,151.76,0,1,0
2199,1122,258.62,Senegal,Online Payment,Mobile,22,21,298.61,0,4,0
2200,926,105.32,Germany,Transfer,Mobile,0,21,56.0,0,0,0
2201,3513,157.62,Spain,Online Payment,Web,13,31,176.74,0,0,0
2202,788,96.75,Germany,Transfer,Tablet,18,20,124.71,0,0,0
2203,3696,295.48,Germany,Cash Withdrawal,Tablet,11,27,210.75,0,0,0
2204,1517,102.56,United Kingdom,Transfer,Web,17,15,93.74,0,0,0
2205,551,143.36,United Kingdom,Transfer,Tablet,18,18,101.48,1,7,0
2206,3213,65.28,Spain,Online Payment,Tablet,10,18,70.21,1,2,0
2207,934,213.02,Portugal,Cash Withdrawal,Tablet,22,21,46.27,0,4,0
2208,918,131.58,Germany,Cash Withdrawal,Tablet,1,3,199.21,0,0,0
2209,2421,100.93,Germany,Card Payment,Mobile,0,18,82.26,0,2,0
2210,236,210.38,United Kingdom,Online Payment,Tablet,4,21,70.41,1,0,0
2211,3911,258.15,Portugal,Cash Withdrawal,Tablet,8,16,178.47,0,1,0
2212,2923,108.03,Spain,Online Payment,Web,22,18,116.96,0,0,0
2213,1624,104.66,France,Online Payment,Web,17,41,261.54,0,4,0
2214,953,31.88,Spain,Online Payment,Mobile,17,12,185.36,0,0,0
2215,3534,76.9,Senegal,Card Payment,Tablet,11,28,54.12,0,1,0
2216,291,73.84,Spain,Card Payment,Tablet,13,32,90.36,0,1,0
2217,1020,395.28,Spain,Transfer,Mobile,0,24,72.35,0,1,0
2218,490,33.28,United Kingdom,Card Payment,Mobile,12,13,123.59,0,0,0
2219,1587,75.68,Germany,Online Payment,Tablet,15,17,279.9,1,1,0
2220,393,52.76,United Kingdom,Cash Withdrawal,Mobile,22,19,226.83,0,5,0
2221,372,445.48,France,Cash Withdrawal,Web,6,18,205.78,0,0,0
2222,2593,74.38,Senegal,Cash Withdrawal,Web,3,6,122.93,0,2,1
2223,2483,322.66,Senegal,Card Payment,Tablet,11,37,88.87,1,1,1
2224,2168,65.47,Senegal,Card Payment,Web,12,13,79.1,0,2,0
2225,2327,124.75,Spain,Cash Withdrawal,Mobile,5,16,102.53,0,3,0
2226,745,179.71,Spain,Transfer,Web,3,24,113.61,0,4,0
2227,2457,270.97,United Kingdom,Transfer,Web,22,13,152.51,0,1,0
2228,2079,29.57,France,Online Payment,Mobile,19,7,139.99,1,1,0
2229,3925,49.12,Senegal,Cash Withdrawal,Web,3,6,113.97,0,2,0
2230,2124,105.84,France,Card Payment,Web,6,31,188.48,0,1,0
2231,3769,43.73,United Kingdom,Online Payment,Tablet,17,29,105.17,0,1,0
2232,3867,87.58,Senegal,Card Payment,Web,7,9,214.36,0,1,0
2233,3349,205.29,Germany,Transfer,Web,1,38,243.47,0,2,0
2234,3773,55.82,Germany,Card Payment,Tablet,2,34,226.9,0,1,0
2235,2160,168.91,Spain,Online Payment,Tablet,20,9,95.05,0,0,0
2236,1835,270.43,France,Cash Withdrawal,Tablet,13,26,149.33,0,3,0
2237,2009,90.98,Senegal,Online Payment,Mobile,10,21,14.51,0,2,0
2238,1253,84.8,Germany,Cash Withdrawal,Tablet,22,32,74.34,1,0,0
2239,771,271.16,Senegal,Cash Withdrawal,Tablet,23,25,180.41,0,0,0
2240,2626,30.54,United Kingdom,Card Payment,Tablet,0,15,95.0,1,2,0
2241,772,26.3,United Kingdom,Card Payment,Tablet,13,37,146.98,0,1,0
2242,731,117.46,Spain,Cash Withdrawal,Tablet,22,13,102.24,1,2,0
2243,1873,227.29,France,Transfer,Tablet,10,29,52.85,1,5,0
2244,847,896.56,Spain,Card Payment,Mobile,12,17,195.29,0,0,0
2245,3786,114.32,United Kingdom,Card Payment,Mobile,21,3,184.23,0,2,0
2246,726,13.28,Germany,Transfer,Web,12,10,162.96,1,4,0
2247,1009,42.49,Spain,Cash Withdrawal,Web,21,20,121.28,0,3,0
2248,2565,134.7,United Kingdom,Transfer,Tablet,23,32,104.83,0,2,0
2249,42,109.38,Germany,Online Payment,Web,8,11,103.28,0,2,0
2250,3192,340.45,Germany,Cash Withdrawal,Tablet,0,16,159.54,0,1,0
2251,2851,84.13,Germany,Transfer,Tablet,22,9,78.89,0,0,0
2252,473,76.79,France,Online Payment,Mobile,5,34,106.51,0,3,0
2253,3032,75.7,United Kingdom,Online Payment,Web,17,39,83.7,0,2,0
2254,1072,142.59,Senegal,Card Payment,Web,6,27,175.11,0,1,0
2255,2040,550.83,France,Transfer,Tablet,1,20,141.98,0,0,0
2256,937,55.46,Senegal,Online Payment,Mobile,2,18,49.38,0,1,0
2257,991,79.88,Germany,Cash Withdrawal,Web,23,14,69.52,1,2,0
2258,169,67.76,Portugal,Transfer,Mobile,23,27,191.63,0,0,0
2259,3886,126.78,France,Cash Withdrawal,Web,5,18,125.45,0,2,0
2260,2639,125.18,Senegal,Online Payment,Web,4,11,82.94,0,0,0
2261,923,64.68,France,Transfer,Web,21,9,115.76,0,2,0
2262,1805,182.06,Senegal,Transfer,Tablet,16,10,79.08,0,0,0
2263,2242,43.46,United Kingdom,Card Payment,Mobile,21,16,63.65,1,1,0
2264,72,92.99,Spain,Transfer,Tablet,10,12,93.93,0,2,0
2265,426,250.99,Portugal,Transfer,Mobile,12,24,105.43,1,7,1
2266,1588,64.2,Spain,Card Payment,Mobile,20,24,190.22,1,1,0
2267,82,135.21,Portugal,Online Payment,Tablet,20,26,68.17,0,4,0
2268,1585,84.21,Germany,Transfer,Tablet,15,20,440.91,0,2,0
2269,2608,114.13,Germany,Online Payment,Mobile,14,14,82.43,0,0,0
2270,592,124.48,United Kingdom,Transfer,Web,8,32,144.16,0,2,0
2271,86,41.55,Germany,Cash Withdrawal,Mobile,1,25,279.38,0,3,0
2272,2218,363.52,France,Online Payment,Mobile,20,20,160.27,0,1,0
2273,1725,352.0,Germany,Online Payment,Tablet,14,14,65.57,0,2,0
2274,1490,131.37,United Kingdom,Cash Withdrawal,Tablet,12,33,64.56,1,2,0
2275,1008,65.9,France,Transfer,Tablet,6,2,126.81,0,1,0
2276,3212,99.12,Spain,Cash Withdrawal,Web,17,19,197.45,0,3,0
2277,1536,178.23,Portugal,Cash Withdrawal,Mobile,12,19,46.63,1,0,0
2278,2672,38.99,Germany,Cash Withdrawal,Tablet,13,23,80.25,1,3,0
2279,2260,43.57,France,Online Payment,Tablet,13,9,122.29,0,0,0
2280,2843,239.11,France,Online Payment,Tablet,21,25,26.23,0,3,0
2281,2788,133.58,Spain,Transfer,Tablet,12,11,107.46,0,0,0
2282,618,102.68,Germany,Cash Withdrawal,Web,7,15,103.49,0,1,0
2283,3815,233.86,Germany,Cash Withdrawal,Tablet,19,16,67.55,0,0,0
2284,145,214.71,Portugal,Card Payment,Mobile,2,12,273.8,1,2,0
2285,3562,443.5,Senegal,Cash Withdrawal,Mobile,10,16,80.7,0,2,0
2286,3046,124.12,France,Transfer,Web,2,21,158.53,0,2,0
2287,2390,78.73,Germany,Online Payment,Web,22,6,108.64,0,2,0
2288,3287,43.32,Spain,Transfer,Mobile,5,17,135.45,0,1,0
2289,2533,31.7,Germany,Transfer,Tablet,17,7,98.27,0,2,0
2290,1152,337.31,Portugal,Transfer,Mobile,21,35,105.55,0,0,0
2291,398,40.11,Senegal,Transfer,Web,15,25,87.09,0,1,0
2292,82,235.2,Spain,Cash Withdrawal,Web,18,14,65.8,0,1,0
2293,82,856.63,Germany,Cash Withdrawal,Web,2,26,347.36,0,1,1
2294,553,235.87,Spain,Cash Withdrawal,Tablet,12,25,142.95,0,1,0
2295,3830,1686.16,Portugal,Transfer,Tablet,10,18,90.43,0,1,1
2296,3222,133.04,Senegal,Cash Withdrawal,Tablet,15,32,102.03,1,1,0
2297,1712,83.8,France,Cash Withdrawal,Web,6,34,222.0,0,1,0
2298,3704,132.43,Senegal,Online Payment,Web,5,20,134.53,1,0,0
2299,1256,112.38,United Kingdom,Online Payment,Web,10,4,106.84,1,2,0
2300,3112,76.24,Portugal,Online Payment,Tablet,2,11,122.52,0,4,0
2301,3572,91.58,Spain,Card Payment,Tablet,18,17,188.9,1,3,0
2302,3705,65.71,Germany,Online Payment,Web,1,11,276.6,0,3,0
2303,1537,94.06,United Kingdom,Cash Withdrawal,Tablet,13,24,240.64,0,2,0
2304,3863,77.71,United Kingdom,Cash Withdrawal,Tablet,6,28,92.74,0,2,0
2305,3742,248.12,Germany,Card Payment,Tablet,10,7,75.16,0,2,0
2306,95,192.08,France,Card Payment,Mobile,2,13,42.85,0,3,0
2307,2343,200.49,France,Card Payment,Mobile,0,33,74.82,0,4,0
2308,1398,295.46,Spain,Card Payment,Mobile,18,1,168.74,0,3,0
2309,1888,52.49,Portugal,Cash Withdrawal,Tablet,3,26,74.86,0,1,0
2310,569,290.74,France,Card Payment,Mobile,2,8,118.57,0,2,0
2311,1774,285.88,Portugal,Transfer,Mobile,1,19,122.84,0,0,0
2312,2562,99.65,Spain,Transfer,Web,6,14,258.86,0,2,0
2313,2893,75.72,France,Online Payment,Web,23,23,79.65,0,3,0
2314,251,176.76,Germany,Transfer,Tablet,0,15,145.27,1,2,0
2315,1079,66.86,France,Transfer,Tablet,3,15,51.98,0,2,0
2316,767,81.9,United Kingdom,Transfer,Mobile,12,43,239.26,0,3,0
2317,2464,75.78,Germany,Cash Withdrawal,Mobile,13,18,36.11,0,1,0
2318,987,179.29,Spain,Card Payment,Tablet,21,14,57.59,0,1,0
2319,265,43.59,Senegal,Card Payment,Web,11,12,163.69,0,3,0
2320,3096,974.56,Germany,Card Payment,Tablet,22,24,63.41,0,1,0
2321,2763,91.88,Senegal,Cash Withdrawal,Tablet,11,29,125.27,0,2,0
2322,3930,251.21,Senegal,Cash Withdrawal,Tablet,10,5,27.91,0,1,0
2323,1968,134.34,United Kingdom,Online Payment,Web,15,5,26.38,0,3,0
2324,780,394.1,France,Transfer,Mobile,22,20,86.61,0,1,0
2325,1891,215.91,United Kingdom,Online Payment,Web,14,18,77.19,0,1,0
2326,3075,22.68,Germany,Online Payment,Mobile,4,19,212.3,0,3,0
2327,3565,120.03,Portugal,Transfer,Web,11,16,45.9,1,3,0
2328,2711,653.94,France,Transfer,Tablet,5,19,175.78,0,2,1
2329,1935,184.56,France,Cash Withdrawal,Web,6,15,64.77,1,4,0
2330,1244,75.72,Spain,Cash Withdrawal,Mobile,6,2,147.01,0,3,0
2331,1773,157.95,Germany,Transfer,Web,21,1,148.72,1,1,0
2332,275,37.87,United Kingdom,Online Payment,Tablet,9,1,129.98,1,0,0
2333,2025,50.23,France,Online Payment,Web,0,10,60.68,0,2,0
2334,1387,96.6,Portugal,Cash Withdrawal,Tablet,19,17,251.23,0,2,0
2335,531,76.91,Spain,Cash Withdrawal,Web,23,37,267.83,0,0,0
2336,525,83.49,United Kingdom,Online Payment,Mobile,0,8,73.3,0,1,0
2337,858,355.73,United Kingdom,Transfer,Web,20,23,77.77,0,3,0
2338,3223,322.59,United Kingdom,Cash Withdrawal,Tablet,10,29,182.54,0,0,0
2339,3955,299.2,United Kingdom,Transfer,Tablet,18,19,365.46,0,2,0
2340,1021,125.87,Germany,Online Payment,Mobile,10,9,124.08,0,2,0
2341,3073,61.74,France,Cash Withdrawal,Mobile,16,37,96.71,0,0,0
2342,3650,54.45,Portugal,Cash Withdrawal,Mobile,14,1,49.84,0,3,0
2343,3154,142.47,United Kingdom,Transfer,Web,1,24,135.91,0,1,0
2344,13,41.7,United Kingdom,Cash Withdrawal,Tablet,15,18,195.61,0,0,0
2345,3919,92.57,United Kingdom,Online Payment,Web,19,39,52.7,0,0,0
2346,3321,135.35,Portugal,Transfer,Tablet,19,9,95.97,1,0,0
2347,3013,244.31,France,Cash Withdrawal,Mobile,12,26,141.37,0,0,0
2348,45,10.73,United Kingdom,Cash Withdrawal,Mobile,4,18,98.23,0,3,0
2349,2638,151.39,Germany,Card Payment,Web,14,16,247.07,0,4,0
2350,1830,65.17,Portugal,Online Payment,Tablet,5,2,115.72,0,2,0
2351,442,53.04,United Kingdom,Online Payment,Web,6,18,624.41,0,1,0
2352,668,133.71,Spain,Transfer,Web,0,15,206.24,1,2,0
2353,2264,92.02,Germany,Cash Withdrawal,Mobile,10,11,104.8,0,1,0
2354,105,74.49,Portugal,Online Payment,Tablet,10,8,126.34,0,2,0
2355,3425,196.1,Senegal,Cash Withdrawal,Web,18,23,136.66,0,1,0
2356,2096,298.6,Senegal,Transfer,Web,2,24,133.19,0,0,0
2357,419,350.14,Spain,Transfer,Tablet,7,14,35.88,1,3,0
2358,1463,66.14,United Kingdom,Card Payment,Web,10,14,84.26,0,0,0
2359,2233,462.52,Senegal,Online Payment,Tablet,12,42,162.41,0,1,0
2360,367,55.42,France,Online Payment,Mobile,3,33,74.8,0,3,0
2361,932,37.14,France,Card Payment,Tablet,21,24,259.09,0,1,0
2362,3453,77.59,Portugal,Transfer,Web,1,21,90.34,1,1,0
2363,3892,167.94,France,Transfer,Tablet,10,35,71.61,0,2,0
2364,2746,62.63,Germany,Card Payment,Tablet,9,19,135.12,0,4,0
2365,2856,49.7,Germany,Card Payment,Mobile,6,29,92.17,0,2,0
2366,2387,142.67,Germany,Card Payment,Web,22,1,96.73,1,2,0
2367,2086,141.62,France,Online Payment,Mobile,4,27,83.52,0,2,0
2368,3049,320.53,Spain,Cash Withdrawal,Web,17,16,111.83,0,0,0
2369,3420,359.99,France,Cash Withdrawal,Web,6,28,57.25,0,1,0
2370,489,148.64,Portugal,Cash Withdrawal,Web,0,30,109.1,0,1,0
2371,2752,114.76,Spain,Online Payment,Mobile,5,29,75.84,1,1,0
2372,438,169.95,Portugal,Transfer,Mobile,18,16,107.28,0,0,0
2373,2826,103.98,Portugal,Transfer,Tablet,9,16,131.57,0,0,0
2374,2565,73.78,France,Cash Withdrawal,Mobile,16,9,133.96,1,2,1
2375,3398,93.2,France,Cash Withdrawal,Mobile,15,20,112.65,0,0,0
2376,1341,223.39,Germany,Online Payment,Tablet,5,14,96.19,0,2,0
2377,2445,58.55,United Kingdom,Transfer,Mobile,19,17,87.14,1,1,1
2378,128,99.71,Spain,Card Payment,Mobile,8,2,204.86,0,1,0
2379,1563,19.78,Portugal,Transfer,Mobile,1,10,95.05,0,1,0
2380,3977,957.41,Germany,Cash Withdrawal,Mobile,8,13,106.49,0,0,1
2381,3156,287.65,Senegal,Card Payment,Web,4,21,310.77,0,0,0
2382,3635,31.5,France,Card Payment,Tablet,23,27,182.11,0,1,0
2383,3606,192.39,Germany,Transfer,Mobile,3,15,168.8,1,0,0
2384,3563,155.59,Spain,Cash Withdrawal,Web,0,33,354.62,0,0,0
2385,2996,855.68,Portugal,Transfer,Mobile,2,23,76.19,0,3,0
2386,153,62.43,Germany,Online Payment,Web,13,16,128.6,0,0,0
2387,3676,57.13,Senegal,Card Payment,Web,22,10,154.77,0,3,0
2388,3285,242.51,United Kingdom,Card Payment,Tablet,8,23,74.57,0,2,0
2389,2825,610.46,Germany,Card Payment,Tablet,1,20,155.46,0,1,0
2390,1784,38.06,Spain,Online Payment,Mobile,22,32,23.77,0,1,0
2391,1492,62.49,Senegal,Cash Withdrawal,Web,15,15,252.38,0,0,0
2392,3694,166.88,United Kingdom,Transfer,Web,23,22,83.4,0,2,0
2393,2377,46.43,Germany,Cash Withdrawal,Web,11,10,67.02,0,0,0
2394,2756,126.11,Germany,Online Payment,Web,13,25,76.0,1,1,0
2395,564,64.43,United Kingdom,Cash Withdrawal,Tablet,14,38,44.88,0,2,0
2396,2787,127.15,France,Card Payment,Web,16,10,67.54,0,1,0
2397,595,142.99,Spain,Cash Withdrawal,Tablet,20,5,136.18,0,1,0
2398,3272,727.47,Spain,Transfer,Mobile,22,1,91.78,0,2,0
2399,3608,303.16,Senegal,Card Payment,Tablet,3,21,112.74,0,2,0
2400,2255,69.58,Portugal,Transfer,Tablet,7,14,46.03,0,4,0
2401,2004,276.86,Senegal,Cash Withdrawal,Tablet,11,15,169.59,0,1,0
2402,2691,143.41,Germany,Transfer,Tablet,11,1,70.36,0,2,0
2403,436,123.07,France,Online Payment,Mobile,22,21,158.58,0,0,0
2404,3,118.12,Spain,Card Payment,Web,4,25,80.53,0,1,0
2405,1256,39.34,France,Online Payment,Web,6,20,167.34,0,2,0
2406,3337,337.89,France,Card Payment,Mobile,0,25,220.19,0,3,0
2407,3391,39.53,Portugal,Card Payment,Mobile,8,29,142.42,0,1,0
2408,3871,47.5,United Kingdom,Online Payment,Mobile,22,33,71.67,0,1,0
2409,1536,486.78,France,Cash Withdrawal,Web,19,9,133.77,0,4,0
2410,2519,112.04,Spain,Card Payment,Tablet,15,28,208.77,0,3,0
2411,1440,183.62,Senegal,Cash Withdrawal,Tablet,15,28,57.08,0,2,0
2412,2208,317.47,Senegal,Online Payment,Tablet,18,6,286.27,0,2,0
2413,3979,417.73,Portugal,Online Payment,Mobile,12,8,122.13,1,2,0
2414,3711,68.49,Senegal,Online Payment,Web,17,23,89.82,1,0,0
2415,3403,223.07,Portugal,Card Payment,Web,12,12,252.74,0,1,0
2416,1923,170.38,Senegal,Cash Withdrawal,Web,17,17,135.44,0,2,0
2417,888,120.45,Spain,Online Payment,Mobile,0,24,300.62,0,2,0
2418,2766,217.2,Senegal,Online Payment,Mobile,16,17,38.94,0,0,0
2419,2315,63.83,Germany,Card Payment,Web,18,35,176.66,1,1,0
2420,713,184.27,Germany,Cash Withdrawal,Mobile,1,25,50.08,0,0,0
2421,450,717.94,Portugal,Transfer,Mobile,6,18,97.27,0,3,0
2422,1587,216.12,Portugal,Transfer,Web,1,27,89.9,0,0,0
2423,3546,107.78,Portugal,Online Payment,Mobile,22,31,145.22,0,2,0
2424,3735,47.75,Senegal,Card Payment,Mobile,4,29,143.46,1,2,0
2425,2479,93.4,Spain,Card Payment,Web,15,27,121.73,0,1,0
2426,85,178.68,Portugal,Cash Withdrawal,Tablet,17,29,104.83,1,0,0
2427,1143,78.53,Germany,Online Payment,Mobile,2,28,34.82,1,3,0
2428,2723,53.32,United Kingdom,Online Payment,Web,16,22,96.98,0,0,0
2429,3587,117.42,France,Card Payment,Mobile,5,20,63.63,1,1,0
2430,805,268.28,Germany,Cash Withdrawal,Tablet,8,23,287.64,0,2,0
2431,2689,73.67,France,Online Payment,Mobile,17,24,84.9,1,1,0
2432,1231,16.53,France,Online Payment,Mobile,11,9,165.52,1,4,0
2433,462,87.18,Spain,Cash Withdrawal,Tablet,16,27,126.62,1,2,0
2434,562,127.13,United Kingdom,Transfer,Web,6,20,52.61,0,2,0
2435,1961,25.9,France,Card Payment,Mobile,12,16,33.37,0,1,0
2436,3518,60.51,Senegal,Transfer,Tablet,4,20,131.86,0,0,0
2437,3116,295.16,Senegal,Online Payment,Tablet,2,19,51.7,0,2,0
2438,3086,140.62,Germany,Cash Withdrawal,Mobile,8,24,209.32,0,4,0
2439,176,188.22,United Kingdom,Online Payment,Mobile,6,33,110.97,0,0,0
2440,1601,65.47,Germany,Transfer,Tablet,4,23,301.05,0,1,0
2441,2088,42.62,Germany,Transfer,Mobile,19,24,267.4,0,3,0
2442,308,222.98,Germany,Card Payment,Web,2,32,57.25,0,1,0
2443,3183,21.56,France,Card Payment,Web,8,32,228.7,0,1,0
2444,3305,85.91,United Kingdom,Cash Withdrawal,Tablet,19,20,118.66,0,3,0
2445,3886,74.77,Germany,Online Payment,Web,22,33,48.67,0,2,0
2446,2795,112.87,Spain,Transfer,Web,10,17,315.23,1,0,0
2447,1403,107.21,Spain,Card Payment,Web,20,14,437.47,0,0,0
2448,1184,65.99,Spain,Transfer,Web,10,21,224.42,0,0,0
2449,1428,204.24,United Kingdom,Transfer,Web,16,29,280.72,0,0,0
2450,2449,1282.03,Germany,Transfer,Tablet,4,26,128.04,0,0,0
2451,779,174.57,Portugal,Cash Withdrawal,Tablet,17,17,191.63,0,2,0
2452,1896,43.05,Spain,Transfer,Mobile,23,17,104.13,0,4,0
2453,1012,25.59,France,Cash Withdrawal,Mobile,20,19,214.27,0,5,0
2454,1605,78.16,Germany,Cash Withdrawal,Tablet,14,13,160.41,0,1,0
2455,2483,24.12,Senegal,Cash Withdrawal,Mobile,12,21,99.83,0,3,0
2456,14,46.96,Senegal,Transfer,Web,15,22,53.38,0,3,0
2457,2391,108.67,United Kingdom,Online Payment,Mobile,8,26,127.42,1,0,0
2458,2006,39.09,Spain,Card Payment,Web,13,10,73.54,0,1,0
2459,742,128.66,Senegal,Cash Withdrawal,Mobile,1,17,275.82,0,1,0
2460,2247,232.5,Spain,Cash Withdrawal,Mobile,3,12,86.74,0,2,0
2461,840,145.71,Senegal,Card Payment,Mobile,3,19,239.15,0,1,0
2462,1136,168.0,United Kingdom,Online Payment,Mobile,7,26,205.42,0,2,0
2463,3080,59.02,United Kingdom,Cash Withdrawal,Mobile,4,29,186.38,1,1,0
2464,3123,91.95,France,Transfer,Web,6,1,39.3,0,4,0
2465,657,259.76,Senegal,Cash Withdrawal,Web,3,22,53.63,1,3,0
2466,906,17.39,France,Online Payment,Tablet,5,11,119.8,0,3,0
2467,1145,95.23,Senegal,Card Payment,Mobile,21,25,147.46,0,0,0
2468,2457,177.24,Germany,Online Payment,Mobile,7,27,71.14,1,1,0
2469,2919,74.48,Germany,Online Payment,Mobile,23,5,45.26,0,0,0
2470,3075,58.23,Germany,Card Payment,Tablet,8,1,97.67,0,3,0
2471,1789,77.87,Spain,Cash Withdrawal,Web,0,21,277.01,0,0,0
2472,3434,263.7,Germany,Transfer,Web,4,14,192.88,0,2,0
2473,2863,219.72,Portugal,Online Payment,Mobile,12,26,131.22,0,0,0
2474,1660,103.9,United Kingdom,Transfer,Tablet,9,23,358.15,0,0,0
2475,3596,139.57,Germany,Card Payment,Tablet,18,1,144.47,0,2,0
2476,1853,225.47,Portugal,Card Payment,Web,18,17,61.72,0,0,0
2477,2011,93.41,Germany,Online Payment,Web,2,5,79.21,0,2,0
2478,1103,112.38,United Kingdom,Cash Withdrawal,Web,5,13,238.44,0,2,0
2479,2642,506.56,Spain,Transfer,Mobile,12,18,49.58,0,3,0
2480,369,81.37,Portugal,Transfer,Mobile,19,1,117.01,0,1,0
2481,325,62.24,Spain,Cash Withdrawal,Web,4,1,285.41,0,4,0
2482,1141,68.3,France,Transfer,Web,9,19,79.35,0,2,0
2483,3571,45.74,Senegal,Card Payment,Tablet,20,28,90.71,0,1,0
2484,3551,74.74,Portugal,Transfer,Web,17,17,93.33,0,2,0
2485,688,69.57,France,Card Payment,Mobile,19,6,98.7,0,5,0
2486,416,98.28,United Kingdom,Transfer,Tablet,3,8,180.82,0,2,0
2487,1512,64.48,Portugal,Transfer,Mobile,17,8,133.21,0,2,0
2488,36,111.24,United Kingdom,Transfer,Web,16,15,137.55,0,0,0
2489,3666,244.64,Senegal,Online Payment,Mobile,5,16,37.49,1,2,0
2490,542,116.9,France,Cash Withdrawal,Tablet,8,15,92.55,0,0,0
2491,2910,411.98,Senegal,Transfer,Mobile,20,27,266.96,0,2,0
2492,1546,52.6,France,Card Payment,Web,14,23,138.81,0,1,0
2493,3090,57.29,Germany,Online Payment,Tablet,14,9,41.66,0,0,0
2494,1450,168.15,Spain,Online Payment,Web,16,10,207.31,0,1,0
2495,3515,153.63,Germany,Transfer,Mobile,6,33,109.25,1,4,0
2496,3449,256.96,United Kingdom,Card Payment,Tablet,13,15,101.63,0,3,0
2497,98,43.64,United Kingdom,Online Payment,Mobile,0,17,62.05,0,1,0
2498,3074,174.43,France,Online Payment,Tablet,23,27,83.42,1,1,0
2499,1624,61.04,France,Transfer,Mobile,7,19,112.72,0,1,0
2500,1636,145.93,Germany,Online Payment,Web,6,7,54.58,0,0,0
2501,211,179.22,France,Transfer,Tablet,3,41,187.37,0,0,0
2502,1906,113.2,Germany,Online Payment,Mobile,19,1,111.97,0,0,0
2503,2260,65.52,Germany,Card Payment,Web,2,26,57.82,0,2,0
2504,3777,353.04,Spain,Transfer,Mobile,3,31,110.0,1,1,0
2505,1105,448.42,Senegal,Card Payment,Tablet,6,10,96.92,0,1,0
2506,1837,80.49,Germany,Cash Withdrawal,Tablet,14,13,77.06,0,0,0
2507,1508,72.19,Senegal,Card Payment,Web,15,12,95.84,0,2,0
2508,2730,138.96,Spain,Card Payment,Mobile,12,32,131.16,0,3,0
2509,2997,98.56,Portugal,Cash Withdrawal,Mobile,4,19,86.29,0,1,0
2510,2527,240.95,Germany,Cash Withdrawal,Web,7,27,90.32,1,0,0
2511,3906,87.02,France,Transfer,Web,18,19,56.73,0,1,0
2512,3618,85.81,France,Online Payment,Tablet,18,3,82.8,0,1,0
2513,3,156.82,Senegal,Transfer,Mobile,8,3,173.37,0,3,0
2514,898,49.91,Germany,Transfer,Tablet,15,7,55.41,1,0,0
2515,3325,194.86,United Kingdom,Cash Withdrawal,Web,8,27,636.32,0,0,0
2516,3692,46.28,Portugal,Cash Withdrawal,Tablet,21,34,129.32,0,1,0
2517,2794,47.92,Portugal,Cash Withdrawal,Tablet,7,34,67.11,0,3,0
2518,1980,1307.15,United Kingdom,Cash Withdrawal,Tablet,9,20,172.81,0,4,0
2519,1658,174.02,Senegal,Cash Withdrawal,Web,3,10,138.72,0,2,0
2520,3460,697.86,France,Transfer,Web,4,22,299.25,0,3,0
2521,2072,464.39,United Kingdom,Online Payment,Tablet,12,25,139.8,0,0,0
2522,333,147.5,France,Transfer,Tablet,15,18,44.19,0,0,0
2523,3175,18.75,United Kingdom,Card Payment,Web,12,24,102.2,0,2,0
2524,1939,92.85,Senegal,Cash Withdrawal,Web,3,22,111.73,0,5,0
2525,2015,354.23,Germany,Transfer,Web,13,17,343.65,0,1,0
2526,2501,126.47,France,Cash Withdrawal,Mobile,19,18,206.75,0,0,0
2527,340,100.62,Senegal,Card Payment,Mobile,23,30,132.37,1,2,0
2528,2018,441.35,Senegal,Transfer,Mobile,0,11,94.79,0,1,1
2529,1194,91.1,United Kingdom,Cash Withdrawal,Tablet,18,29,162.47,1,0,0
2530,1269,144.29,United Kingdom,Card Payment,Mobile,18,35,138.28,1,3,0
2531,1,177.43,France,Transfer,Web,15,26,86.48,1,1,0
2532,2521,116.27,Spain,Card Payment,Tablet,9,16,75.1,1,0,0
2533,3492,82.34,United Kingdom,Transfer,Tablet,22,22,103.76,0,4,0
2534,917,105.07,Portugal,Cash Withdrawal,Mobile,12,16,99.14,0,1,0
2535,2847,34.19,Germany,Online Payment,Web,16,23,162.16,0,4,0
2536,3337,180.34,Germany,Online Payment,Mobile,9,36,180.77,0,3,0
2537,1890,74.8,France,Transfer,Mobile,2,1,139.47,1,0,0
2538,605,262.2,Senegal,Online Payment,Mobile,4,16,112.0,0,2,0
2539,1363,93.08,Portugal,Cash Withdrawal,Tablet,7,8,72.26,0,5,0
2540,503,47.82,Portugal,Cash Withdrawal,Tablet,6,26,80.97,0,1,0
2541,1492,134.72,France,Online Payment,Mobile,11,1,199.81,1,2,0
2542,3495,128.72,United Kingdom,Online Payment,Mobile,15,21,116.14,0,1,0
2543,3211,110.96,Portugal,Cash Withdrawal,Web,4,5,351.73,0,1,0
2544,2898,57.21,Germany,Cash Withdrawal,Tablet,22,6,96.76,0,3,0
2545,673,210.65,United Kingdom,Online Payment,Mobile,15,29,179.26,0,3,0
2546,173,95.15,France,Transfer,Tablet,19,5,373.98,0,1,0
2547,829,65.64,Portugal,Transfer,Web,1,13,430.29,0,2,0
2548,2914,257.83,United Kingdom,Cash Withdrawal,Web,0,19,234.45,1,3,0
2549,3971,258.68,Spain,Transfer,Mobile,4,24,155.29,0,2,0
2550,3017,32.12,Portugal,Cash Withdrawal,Tablet,12,2,86.54,0,0,0
2551,2509,48.56,Spain,Transfer,Web,23,31,128.98,0,2,0
2552,2946,202.3,Spain,Cash Withdrawal,Tablet,14,21,159.43,1,3,0
2553,1669,343.21,Spain,Card Payment,Web,13,26,167.46,0,1,0
2554,2494,216.69,Spain,Transfer,Web,18,18,133.13,0,3,0
2555,3652,13.11,Portugal,Card Payment,Mobile,21,19,218.01,0,0,0
2556,1087,40.81,Senegal,Transfer,Mobile,7,23,132.63,0,1,0
2557,1627,74.19,Senegal,Online Payment,Mobile,2,20,89.92,0,0,0
2558,3336,155.79,Spain,Online Payment,Mobile,16,10,197.39,0,2,0
2559,3141,113.79,Portugal,Cash Withdrawal,Tablet,21,27,110.45,1,1,0
2560,875,489.03,Spain,Cash Withdrawal,Mobile,7,21,47.38,0,1,0
2561,2973,319.66,United Kingdom,Transfer,Tablet,20,30,101.78,0,1,0
2562,327,90.94,United Kingdom,Transfer,Web,0,15,306.73,1,3,0
2563,2995,495.54,United Kingdom,Transfer,Tablet,9,27,56.0,0,4,0
2564,3711,35.38,Germany,Transfer,Tablet,5,21,45.57,0,0,0
2565,1183,39.51,United Kingdom,Card Payment,Mobile,4,29,156.57,0,1,0
2566,14,189.8,France,Card Payment,Web,5,16,116.94,1,0,0
2567,498,53.95,Spain,Online Payment,Tablet,3,14,139.32,0,1,0
2568,3218,161.85,Senegal,Cash Withdrawal,Mobile,11,22,98.58,0,2,0
2569,2234,41.24,United Kingdom,Card Payment,Tablet,2,35,225.82,0,1,0
2570,1402,38.7,France,Transfer,Web,20,16,60.09,0,3,0
2571,1595,67.93,Germany,Card Payment,Tablet,12,13,20.5,0,1,0
2572,2612,130.72,Germany,Card Payment,Tablet,7,29,126.35,0,4,0
2573,3199,157.85,Germany,Online Payment,Web,10,21,147.93,0,4,0
2574,172,49.18,Senegal,Online Payment,Mobile,0,25,31.67,0,1,1
2575,2723,250.86,United Kingdom,Cash Withdrawal,Web,23,28,68.83,0,1,0
2576,3531,328.74,Germany,Card Payment,Mobile,3,20,91.32,0,0,0
2577,478,135.42,Spain,Transfer,Web,15,17,137.19,0,0,0
2578,3120,122.65,United Kingdom,Card Payment,Tablet,1,1,200.45,0,2,0
2579,1008,91.95,United Kingdom,Online Payment,Web,1,29,107.19,0,1,0
2580,1230,104.7,Portugal,Transfer,Tablet,8,13,103.54,0,2,0
2581,1150,62.88,United Kingdom,Online Payment,Mobile,16,18,83.5,0,3,0
2582,3026,88.53,United Kingdom,Online Payment,Mobile,0,26,471.74,0,2,0
2583,2916,131.36,Senegal,Transfer,Tablet,19,17,66.74,0,1,0
2584,465,51.01,Senegal,Cash Withdrawal,Web,10,14,23.41,0,2,0
2585,870,132.2,Spain,Card Payment,Mobile,1,25,90.55,0,3,0
2586,2254,364.78,Spain,Card Payment,Tablet,17,19,46.74,0,2,0
2587,2237,263.02,United Kingdom,Cash Withdrawal,Mobile,12,27,32.76,0,3,0
2588,3764,350.06,Germany,Card Payment,Tablet,10,8,181.14,0,1,0
2589,282,593.89,Senegal,Card Payment,Mobile,15,22,162.77,1,2,0
2590,1663,35.81,Spain,Card Payment,Web,5,28,159.49,0,1,0
2591,3253,336.27,France,Card Payment,Web,5,30,204.56,0,1,0
2592,2871,306.37,Senegal,Card Payment,Web,6,13,82.45,0,1,0
2593,3023,296.55,Portugal,Transfer,Web,0,17,67.41,0,1,0
2594,2363,232.84,Portugal,Transfer,Web,17,16,134.83,0,1,0
2595,2512,118.37,Portugal,Online Payment,Mobile,16,12,151.19,0,1,0
2596,3989,65.88,Spain,Online Payment,Tablet,9,2,151.5,0,2,0
2597,3644,100.1,Senegal,Online Payment,Web,20,14,239.87,0,2,1
2598,470,19.22,Germany,Transfer,Tablet,8,1,55.35,0,4,0
2599,3336,33.49,Portugal,Card Payment,Tablet,7,10,100.59,1,1,0
2600,1024,59.78,Portugal,Card Payment,Tablet,2,26,89.51,0,1,0
2601,894,44.63,United Kingdom,Card Payment,Tablet,0,39,74.09,0,1,0
2602,3400,42.58,Portugal,Card Payment,Web,3,16,94.42,0,3,0
2603,603,135.23,Portugal,Card Payment,Web,10,30,178.24,0,1,0
2604,2126,118.02,Portugal,Cash Withdrawal,Web,21,25,77.98,0,3,0
2605,847,539.27,Germany,Cash Withdrawal,Mobile,21,13,167.52,0,1,0
2606,2007,354.54,Germany,Cash Withdrawal,Web,1,37,61.25,0,2,0
2607,650,427.88,Senegal,Card Payment,Tablet,14,16,376.49,0,2,0
2608,453,200.33,United Kingdom,Transfer,Web,8,11,108.66,0,0,0
2609,1939,51.7,Spain,Card Payment,Tablet,14,16,224.65,0,3,0
2610,1841,39.75,France,Cash Withdrawal,Web,12,27,181.25,0,3,0
2611,1795,52.82,France,Card Payment,Mobile,20,8,83.2,0,3,0
2612,3886,153.01,Spain,Transfer,Mobile,8,39,113.16,0,3,0
2613,2826,100.05,Senegal,Cash Withdrawal,Tablet,16,22,49.31,0,3,0
2614,84,36.35,Senegal,Card Payment,Mobile,9,34,241.93,0,3,0
2615,3923,688.07,Portugal,Transfer,Tablet,15,31,30.5,0,1,1
2616,3927,157.28,Senegal,Cash Withdrawal,Tablet,17,20,77.46,0,1,0
2617,1971,92.78,France,Transfer,Mobile,23,18,117.13,0,3,0
2618,1029,194.07,Portugal,Cash Withdrawal,Tablet,6,16,570.34,0,2,0
2619,3935,156.31,Spain,Cash Withdrawal,Mobile,12,9,63.22,0,1,0
2620,1004,119.13,United Kingdom,Card Payment,Web,11,30,81.72,0,1,0
2621,1366,119.24,Germany,Transfer,Web,17,32,142.99,1,2,0
2622,2315,121.36,France,Transfer,Web,1,19,93.46,0,4,0
2623,3026,75.21,Senegal,Card Payment,Tablet,17,24,135.63,0,1,0
2624,3023,249.79,France,Transfer,Web,3,27,127.91,1,2,1
2625,2407,204.07,Germany,Card Payment,Web,20,34,341.25,0,1,0
2626,857,45.57,Senegal,Cash Withdrawal,Mobile,19,26,99.61,1,1,0
2627,3241,92.76,Spain,Transfer,Mobile,15,25,67.64,0,2,0
2628,2693,53.63,Portugal,Card Payment,Web,6,10,218.91,0,1,0
2629,410,205.1,Senegal,Transfer,Tablet,8,31,97.5,1,1,0
2630,3829,596.52,United Kingdom,Online Payment,Tablet,22,22,56.08,0,1,0
2631,2570,86.0,Spain,Card Payment,Tablet,8,44,66.47,0,4,0
2632,960,312.17,Portugal,Card Payment,Tablet,5,12,60.06,0,1,0
2633,544,378.78,United Kingdom,Online Payment,Mobile,21,5,176.52,0,1,0
2634,129,245.54,Senegal,Transfer,Web,20,44,205.0,0,0,0
2635,3420,220.89,Portugal,Online Payment,Mobile,22,6,704.83,1,3,0
2636,1941,124.32,Germany,Card Payment,Mobile,11,21,44.59,1,1,0
2637,3453,77.85,Germany,Card Payment,Mobile,5,25,143.5,0,0,0
2638,445,322.77,Germany,Transfer,Tablet,5,39,92.39,0,3,0
2639,2274,67.82,Portugal,Cash Withdrawal,Web,5,20,254.76,0,0,0
2640,2706,134.91,Spain,Transfer,Web,13,3,121.71,0,4,0
2641,1824,164.06,United Kingdom,Cash Withdrawal,Web,19,37,280.35,0,2,0
2642,3162,45.89,Senegal,Transfer,Web,9,8,32.82,0,0,0
2643,3799,4.7,Senegal,Card Payment,Tablet,4,8,37.82,0,4,0
2644,2869,304.09,Spain,Card Payment,Tablet,15,10,85.34,0,0,0
2645,2919,130.9,Portugal,Transfer,Mobile,16,29,186.02,0,5,0
2646,3273,186.29,France,Transfer,Mobile,16,22,82.09,0,3,0
2647,304,125.08,France,Card Payment,Web,16,12,80.59,0,1,0
2648,1361,190.15,Spain,Transfer,Mobile,1,20,58.56,0,0,0
2649,841,86.2,France,Transfer,Tablet,20,20,118.26,1,1,0
2650,1812,56.57,Senegal,Online Payment,Tablet,20,31,128.26,0,1,0
2651,1319,476.3,Germany,Transfer,Tablet,8,29,152.71,0,4,0
2652,136,217.12,Senegal,Card Payment,Tablet,22,28,94.3,1,0,0
2653,125,137.78,Senegal,Cash Withdrawal,Mobile,23,20,79.33,0,1,0
2654,339,235.26,Portugal,Transfer,Web,3,15,41.19,0,2,0
2655,2653,55.88,United Kingdom,Card Payment,Tablet,23,13,229.87,0,1,0
2656,614,318.48,United Kingdom,Cash Withdrawal,Web,21,20,222.49,1,1,0
2657,2645,37.36,United Kingdom,Cash Withdrawal,Web,5,16,111.82,1,3,0
2658,2460,31.56,Portugal,Online Payment,Web,15,24,105.8,0,1,0
2659,617,190.1,France,Cash Withdrawal,Tablet,19,6,95.2,0,3,0
2660,1921,122.6,Senegal,Online Payment,Web,0,25,98.59,1,2,1
2661,2712,23.52,United Kingdom,Transfer,Web,11,12,78.55,0,1,0
2662,2966,105.61,Spain,Cash Withdrawal,Tablet,4,21,136.66,0,1,0
2663,966,120.07,Germany,Transfer,Web,16,14,33.85,0,3,0
2664,2709,76.69,Senegal,Cash Withdrawal,Web,5,29,193.09,0,2,0
2665,172,105.29,Spain,Card Payment,Tablet,15,19,149.3,1,1,0
2666,1681,326.94,Spain,Online Payment,Tablet,11,3,92.04,0,2,1
2667,2558,91.98,Portugal,Transfer,Mobile,2,1,98.15,1,2,0
2668,3802,107.24,Senegal,Online Payment,Web,16,23,102.43,1,0,0
2669,2168,144.6,Portugal,Card Payment,Web,20,20,108.32,0,0,0
2670,2637,169.04,France,Online Payment,Web,7,22,99.36,0,4,0
2671,3129,185.07,France,Card Payment,Web,8,29,42.62,0,2,0
2672,580,143.07,Portugal,Online Payment,Tablet,21,26,195.46,0,1,0
2673,2341,44.68,Portugal,Cash Withdrawal,Web,9,27,217.2,0,3,0
2674,1720,197.75,Portugal,Transfer,Web,23,25,90.35,0,1,0
2675,877,928.61,Senegal,Cash Withdrawal,Web,2,4,95.65,0,1,1
2676,1599,65.55,United Kingdom,Online Payment,Mobile,11,32,200.99,0,0,0
2677,1191,191.3,Senegal,Transfer,Web,7,29,101.87,0,3,0
2678,2227,265.39,Portugal,Transfer,Web,6,21,133.99,0,3,0
2679,96,73.77,Portugal,Card Payment,Web,12,17,203.34,0,1,0
2680,3536,251.43,United Kingdom,Card Payment,Mobile,23,15,108.2,1,2,0
2681,2857,192.92,Spain,Transfer,Web,10,30,123.2,0,1,0
2682,2499,23.85,Portugal,Card Payment,Tablet,22,19,225.9,0,1,0
2683,2618,153.4,Senegal,Cash Withdrawal,Mobile,6,46,44.93,0,1,0
2684,3134,133.89,United Kingdom,Transfer,Tablet,8,37,326.67,0,2,0
2685,501,61.59,Germany,Transfer,Mobile,3,21,65.66,1,3,0
2686,1863,124.21,Spain,Online Payment,Tablet,3,26,56.58,0,1,0
2687,814,149.68,France,Card Payment,Tablet,21,33,155.12,0,3,0
2688,1659,127.26,Portugal,Cash Withdrawal,Mobile,1,4,200.92,0,1,0
2689,2963,91.69,Senegal,Card Payment,Tablet,16,10,135.61,0,2,0
2690,1595,142.71,Senegal,Online Payment,Tablet,13,21,186.1,0,2,0
2691,2149,191.06,Senegal,Card Payment,Mobile,6,20,129.0,0,4,0
2692,121,75.37,Spain,Card Payment,Web,13,12,55.04,1,0,0
2693,2447,152.0,Spain,Card Payment,Mobile,22,22,46.64,0,0,0
2694,2879,340.02,Germany,Cash Withdrawal,Tablet,9,28,191.72,0,5,0
2695,3934,151.29,Portugal,Online Payment,Mobile,19,27,69.61,0,1,0
2696,2498,104.72,United Kingdom,Transfer,Mobile,2,10,71.15,0,1,0
2697,505,114.52,Spain,Cash Withdrawal,Mobile,17,34,56.13,0,1,0
2698,2171,146.61,Germany,Cash Withdrawal,Mobile,18,25,164.41,1,0,0
2699,798,40.27,France,Transfer,Mobile,19,26,320.17,0,5,0
2700,984,191.19,Germany,Cash Withdrawal,Web,10,24,189.11,0,1,0
2701,3825,54.36,Senegal,Cash Withdrawal,Mobile,16,16,17.3,0,3,0
2702,176,167.53,United Kingdom,Card Payment,Web,7,23,215.82,0,1,0
2703,1784,655.03,Portugal,Card Payment,Tablet,22,27,176.66,1,5,0
2704,1748,139.17,Senegal,Card Payment,Mobile,1,4,85.57,0,0,0
2705,1600,77.5,Germany,Card Payment,Mobile,12,36,210.06,0,4,0
2706,1313,65.49,Portugal,Transfer,Mobile,5,13,74.04,0,2,0
2707,1395,79.04,United Kingdom,Card Payment,Web,16,14,63.99,0,1,0
2708,446,351.56,Germany,Online Payment,Web,17,11,96.93,0,1,0
2709,864,157.15,Spain,Cash Withdrawal,Web,23,34,77.23,0,1,0
2710,1246,443.31,Spain,Card Payment,Tablet,14,37,627.51,0,3,0
2711,973,160.19,Germany,Transfer,Web,1,9,126.56,0,1,0
2712,2518,81.07,Portugal,Card Payment,Mobile,3,23,200.5,0,1,0
2713,2843,231.17,Senegal,Card Payment,Tablet,11,20,138.23,0,0,0
2714,266,129.33,United Kingdom,Cash Withdrawal,Tablet,5,33,132.67,0,1,0
2715,1856,519.8,United Kingdom,Transfer,Web,19,33,189.66,0,2,0
2716,2564,229.65,Germany,Online Payment,Tablet,9,33,82.42,0,1,0
2717,3111,25.97,Spain,Online Payment,Mobile,16,23,112.13,0,1,0
2718,1500,35.23,Spain,Online Payment,Tablet,18,26,151.14,0,1,0
2719,422,37.6,United Kingdom,Card Payment,Tablet,9,38,172.55,0,1,0
2720,3510,26.78,France,Transfer,Mobile,3,28,176.6,0,2,0
2721,3357,173.1,France,Cash Withdrawal,Mobile,13,2,70.19,0,2,0
2722,3841,29.14,Senegal,Online Payment,Tablet,22,6,71.7,1,1,0
2723,635,79.29,Germany,Card Payment,Web,13,23,78.52,0,1,0
2724,1811,43.02,France,Transfer,Web,17,13,207.26,0,2,0
2725,2130,164.38,Spain,Transfer,Web,21,37,246.11,0,1,0
2726,2664,101.03,France,Transfer,Tablet,17,40,219.07,0,4,0
2727,1167,68.97,Senegal,Cash Withdrawal,Web,21,20,160.37,1,3,0
2728,2848,33.01,Spain,Online Payment,Web,0,19,320.97,0,2,0
2729,604,91.56,Germany,Cash Withdrawal,Tablet,21,20,256.12,1,1,0
2730,383,123.39,Spain,Online Payment,Tablet,12,13,184.78,0,2,0
2731,3783,63.33,France,Card Payment,Tablet,15,13,199.61,0,1,0
2732,3403,205.64,Portugal,Transfer,Mobile,16,12,352.57,0,2,0
2733,3784,215.45,Senegal,Cash Withdrawal,Mobile,8,29,61.74,0,1,0
2734,2407,172.02,United Kingdom,Cash Withdrawal,Tablet,1,10,70.07,0,3,0
2735,673,47.4,Germany,Transfer,Mobile,0,26,75.67,0,0,0
2736,2460,52.4,Germany,Online Payment,Mobile,1,8,188.65,1,2,0
2737,1586,259.11,Spain,Transfer,Mobile,2,28,110.31,0,2,0
2738,1372,35.8,Senegal,Card Payment,Mobile,12,35,101.68,0,1,0
2739,1144,85.22,Senegal,Cash Withdrawal,Tablet,19,33,107.35,1,1,0
2740,223,138.07,Germany,Online Payment,Mobile,20,27,169.66,0,1,0
2741,3889,54.68,Germany,Online Payment,Tablet,4,19,41.64,1,1,0
2742,2612,105.26,United Kingdom,Cash Withdrawal,Mobile,15,20,180.61,0,1,0
2743,1601,209.07,France,Card Payment,Tablet,14,22,78.56,0,2,0
2744,3126,60.08,Germany,Transfer,Tablet,4,15,116.05,0,0,0
2745,378,16.13,Portugal,Online Payment,Tablet,20,15,54.04,0,4,0
2746,3781,629.03,Senegal,Transfer,Tablet,22,16,94.76,0,0,0
2747,3186,24.13,United Kingdom,Card Payment,Web,16,21,131.66,0,0,0
2748,3975,116.95,France,Transfer,Mobile,14,10,116.32,0,1,0
2749,3909,108.88,United Kingdom,Cash Withdrawal,Tablet,5,25,99.71,0,0,0
2750,1644,73.18,Senegal,Online Payment,Tablet,2,25,49.43,0,0,0
2751,3683,769.82,France,Card Payment,Mobile,19,12,90.84,0,3,0
2752,897,116.59,Germany,Transfer,Tablet,21,1,79.95,0,1,0
2753,2237,233.84,Spain,Cash Withdrawal,Web,3,17,67.19,0,3,0
2754,3652,172.88,Portugal,Cash Withdrawal,Web,8,15,171.93,0,2,0
2755,691,13.22,Spain,Cash Withdrawal,Mobile,4,40,82.5,0,2,0
2756,177,855.1,Senegal,Online Payment,Web,9,35,195.11,0,2,0
2757,840,68.32,Portugal,Cash Withdrawal,Mobile,12,18,359.95,0,4,0
2758,581,185.15,Germany,Online Payment,Tablet,16,40,240.8,0,2,0
2759,58,479.66,France,Card Payment,Web,18,24,419.26,0,1,0
2760,2574,135.5,France,Cash Withdrawal,Tablet,13,23,28.74,0,3,0
2761,3009,252.78,Germany,Online Payment,Mobile,13,26,220.59,0,2,0
2762,3370,119.66,Spain,Transfer,Mobile,16,34,73.27,0,2,0
2763,1305,176.75,Germany,Card Payment,Web,7,11,117.76,0,2,0
2764,3027,163.82,Senegal,Online Payment,Tablet,18,26,273.09,0,6,0
2765,1650,112.0,Portugal,Card Payment,Web,15,10,110.53,0,1,0
2766,3843,495.62,Germany,Transfer,Web,16,11,220.17,0,1,0
2767,3246,24.17,Senegal,Cash Withdrawal,Mobile,12,28,49.23,0,1,0
2768,3444,235.71,France,Transfer,Mobile,20,24,79.69,0,1,0
2769,354,69.82,Germany,Cash Withdrawal,Mobile,10,31,66.73,0,1,0
2770,430,160.82,Portugal,Cash Withdrawal,Web,18,12,98.77,0,1,0
2771,2668,75.94,France,Card Payment,Tablet,4,19,238.87,0,2,0
2772,1871,69.53,Spain,Card Payment,Tablet,18,36,34.11,0,1,0
2773,964,130.83,Germany,Cash Withdrawal,Tablet,0,16,19.16,0,3,0
2774,3763,38.26,Senegal,Cash Withdrawal,Mobile,19,19,301.75,0,2,0
2775,3448,92.47,Spain,Online Payment,Tablet,19,19,106.95,0,2,0
2776,3970,42.72,United Kingdom,Transfer,Web,19,12,92.08,0,2,0
2777,2098,59.08,Spain,Card Payment,Tablet,2,32,139.35,0,1,0
2778,2236,36.02,Spain,Online Payment,Mobile,22,16,119.95,0,1,0
2779,3784,119.65,France,Transfer,Tablet,12,28,143.13,0,2,0
2780,2209,116.91,Portugal,Transfer,Mobile,19,52,166.85,0,2,0
2781,320,273.7,Spain,Card Payment,Tablet,20,30,122.36,0,2,0
2782,2501,55.65,Spain,Online Payment,Web,17,5,180.33,1,3,0
2783,3750,169.69,Germany,Online Payment,Tablet,4,20,122.39,0,2,0
2784,2115,105.74,Spain,Transfer,Web,23,25,93.28,1,1,0
2785,1304,55.89,Portugal,Card Payment,Web,20,22,153.71,0,2,0
2786,973,309.47,United Kingdom,Card Payment,Tablet,8,33,78.12,0,3,0
2787,3555,170.99,United Kingdom,Online Payment,Web,23,13,117.47,0,1,0
2788,2332,294.79,Senegal,Card Payment,Tablet,3,7,54.47,0,1,0
2789,721,95.74,Portugal,Cash Withdrawal,Web,8,26,141.17,0,2,0
2790,1611,89.26,Germany,Online Payment,Mobile,4,21,55.23,0,2,0
2791,1205,113.53,France,Transfer,Tablet,4,6,67.64,0,2,0
2792,3469,556.42,United Kingdom,Online Payment,Mobile,6,12,40.36,0,0,0
2793,2346,254.29,Senegal,Cash Withdrawal,Web,5,24,85.64,0,2,0
2794,3752,109.22,United Kingdom,Transfer,Tablet,10,33,70.18,0,1,0
2795,729,56.1,United Kingdom,Online Payment,Mobile,18,17,227.12,0,1,0
2796,908,58.56,Portugal,Transfer,Web,16,24,59.07,0,2,0
2797,419,80.04,France,Card Payment,Tablet,22,10,229.24,0,2,0
2798,3898,89.41,Portugal,Online Payment,Tablet,8,27,150.16,0,0,0
2799,2289,342.08,United Kingdom,Card Payment,Tablet,10,12,118.5,0,1,0
2800,1177,64.97,United Kingdom,Transfer,Mobile,6,12,61.79,0,0,0
2801,3596,42.34,Portugal,Card Payment,Mobile,15,26,151.04,0,1,0
2802,816,95.93,Spain,Cash Withdrawal,Tablet,7,24,127.85,0,0,0
2803,3435,678.75,United Kingdom,Transfer,Web,9,9,210.64,1,3,0
2804,441,68.21,United Kingdom,Cash Withdrawal,Mobile,3,19,155.71,0,0,0
2805,2537,53.1,France,Online Payment,Web,23,29,155.9,0,0,0
2806,976,91.31,Germany,Online Payment,Web,1,18,96.92,1,1,0
2807,3903,742.52,France,Card Payment,Web,2,14,84.77,1,1,1
2808,1871,190.13,Germany,Card Payment,Tablet,18,12,330.06,0,0,0
2809,2479,57.53,Portugal,Transfer,Web,0,27,82.76,0,1,0
2810,3460,51.19,Spain,Cash Withdrawal,Web,5,1,59.94,0,1,0
2811,2284,373.28,Germany,Online Payment,Mobile,10,16,169.0,0,0,0
2812,1702,171.06,Germany,Online Payment,Web,9,19,126.26,0,2,0
2813,2893,42.07,United Kingdom,Cash Withdrawal,Tablet,21,6,146.82,0,3,0
2814,3002,207.61,Spain,Online Payment,Web,10,20,115.23,0,2,0
2815,1180,64.71,France,Transfer,Web,19,15,95.43,0,1,0
2816,3328,82.11,Portugal,Online Payment,Web,0,25,287.48,1,1,0
2817,3615,14.24,Senegal,Card Payment,Mobile,9,17,188.8,0,2,0
2818,2652,74.48,France,Card Payment,Mobile,4,1,136.53,0,3,0
2819,3388,160.63,Senegal,Cash Withdrawal,Web,2,21,59.7,0,1,0
2820,1969,162.55,Senegal,Transfer,Tablet,20,20,210.71,0,1,0
2821,2794,230.13,Senegal,Cash Withdrawal,Web,9,17,108.54,0,2,0
2822,1570,87.76,Germany,Online Payment,Mobile,15,8,462.11,0,0,0
2823,3837,126.43,France,Online Payment,Web,20,17,78.89,0,1,0
2824,1199,45.34,Portugal,Online Payment,Mobile,23,20,164.9,1,2,0
2825,2111,283.3,Portugal,Transfer,Web,9,16,117.45,0,1,0
2826,2154,449.46,France,Transfer,Tablet,17,24,150.21,0,4,0
2827,548,369.67,France,Card Payment,Mobile,6,4,35.37,0,1,0
2828,2643,357.34,Senegal,Cash Withdrawal,Tablet,2,2,324.12,1,1,0
2829,3627,66.49,Senegal,Transfer,Web,8,20,184.13,0,3,0
2830,2265,96.04,Germany,Cash Withdrawal,Mobile,17,19,98.01,0,1,0
2831,2125,177.56,Portugal,Card Payment,Tablet,14,24,48.07,0,0,0
2832,1434,25.71,Germany,Online Payment,Web,8,21,84.37,0,0,0
2833,2572,152.61,United Kingdom,Online Payment,Mobile,12,37,122.74,0,0,0
2834,134,39.68,United Kingdom,Transfer,Tablet,2,33,92.89,0,1,0
2835,2744,62.45,Portugal,Online Payment,Web,21,25,100.61,0,3,0
2836,1608,477.14,Senegal,Transfer,Tablet,14,27,86.84,0,0,0
2837,720,480.16,Senegal,Online Payment,Tablet,6,23,246.73,0,4,0
2838,2984,201.15,France,Transfer,Mobile,10,38,95.55,0,2,0
2839,3913,134.9,Spain,Transfer,Tablet,13,27,150.2,0,3,0
2840,3002,53.75,Germany,Cash Withdrawal,Tablet,18,20,207.7,1,2,0
2841,2266,30.06,Spain,Transfer,Mobile,5,18,166.18,0,3,0
2842,3950,159.47,France,Transfer,Web,17,43,119.92,0,1,0
2843,501,540.55,Germany,Online Payment,Tablet,23,16,182.12,0,2,0
2844,3311,324.73,Germany,Cash Withdrawal,Mobile,0,28,143.52,0,0,0
2845,1040,158.72,Spain,Online Payment,Tablet,22,16,153.43,0,0,0
2846,1831,241.79,Spain,Online Payment,Mobile,5,27,133.37,0,1,0
2847,664,63.14,Senegal,Cash Withdrawal,Mobile,21,18,69.5,0,7,0
2848,2159,203.72,Germany,Card Payment,Mobile,15,23,210.71,0,1,0
2849,567,47.77,Spain,Transfer,Mobile,4,32,357.65,1,3,0
2850,3982,91.94,Senegal,Transfer,Web,12,13,49.61,0,0,0
2851,223,128.25,Spain,Transfer,Mobile,1,24,89.28,0,2,0
2852,2271,60.23,Germany,Online Payment,Tablet,16,9,126.69,0,0,0
2853,1431,395.58,Portugal,Transfer,Tablet,23,5,89.94,0,1,0
2854,2734,69.62,Spain,Cash Withdrawal,Mobile,7,11,110.79,0,0,0
2855,250,32.56,Senegal,Transfer,Mobile,8,21,99.71,0,6,0
2856,1589,60.76,Portugal,Card Payment,Tablet,18,8,82.77,0,4,0
2857,1421,25.63,France,Transfer,Tablet,18,5,27.68,0,3,0
2858,94,129.53,France,Transfer,Tablet,18,17,171.47,0,2,0
2859,379,107.98,United Kingdom,Transfer,Web,8,14,62.75,0,4,0
2860,790,316.37,Senegal,Transfer,Mobile,18,14,63.2,0,2,0
2861,862,283.05,Portugal,Online Payment,Mobile,19,13,225.33,0,3,0
2862,199,246.02,Portugal,Transfer,Tablet,4,20,131.78,1,0,0
2863,3551,276.63,Portugal,Online Payment,Web,14,8,95.83,0,2,0
2864,472,170.77,Spain,Card Payment,Mobile,3,13,89.72,0,0,0
2865,3741,71.92,France,Card Payment,Mobile,19,24,95.9,0,1,0
2866,2962,215.16,United Kingdom,Online Payment,Mobile,6,24,44.49,0,3,0
2867,877,263.67,Senegal,Cash Withdrawal,Tablet,6,18,169.88,0,3,0
2868,2197,28.56,Senegal,Transfer,Web,20,37,166.26,0,1,0
2869,3182,57.52,Spain,Card Payment,Mobile,9,34,195.63,0,1,0
2870,94,180.7,Spain,Online Payment,Tablet,16,37,103.43,1,2,0
2871,36,164.01,Spain,Cash Withdrawal,Mobile,4,7,65.87,0,0,0
2872,71,302.06,Spain,Transfer,Tablet,11,10,208.49,0,0,0
2873,1559,85.15,Senegal,Card Payment,Mobile,22,11,38.67,0,0,0
2874,526,302.48,Portugal,Online Payment,Mobile,3,17,79.07,0,1,0
2875,582,54.16,United Kingdom,Transfer,Web,11,21,78.91,0,0,0
2876,1587,82.34,United Kingdom,Transfer,Mobile,0,15,365.68,0,1,0
2877,3042,85.43,France,Card Payment,Mobile,15,11,69.58,0,1,0
2878,1483,280.06,Spain,Transfer,Web,7,34,127.28,0,2,0
2879,682,54.59,Spain,Card Payment,Web,23,24,324.59,0,3,0
2880,1746,46.66,Spain,Card Payment,Web,7,16,102.24,1,2,0
2881,2176,116.59,Portugal,Card Payment,Web,10,11,121.39,0,0,0
2882,3391,300.57,Portugal,Card Payment,Mobile,22,1,67.35,0,3,0
2883,1023,219.05,Senegal,Card Payment,Mobile,19,33,83.88,0,3,0
2884,3919,86.28,Germany,Online Payment,Web,13,18,316.74,0,1,0
2885,266,112.04,United Kingdom,Online Payment,Tablet,21,31,82.58,0,2,0
2886,1168,74.2,Germany,Transfer,Mobile,8,11,57.44,0,1,0
2887,3428,155.61,United Kingdom,Online Payment,Web,0,13,110.28,1,1,0
2888,3151,412.28,Senegal,Card Payment,Mobile,6,24,102.9,1,1,0
2889,3247,237.79,Germany,Transfer,Mobile,14,1,74.32,0,4,0
2890,369,775.89,Germany,Transfer,Web,16,10,63.47,1,3,1
2891,400,54.73,Portugal,Cash Withdrawal,Web,3,23,52.83,1,0,1
2892,2949,122.86,Senegal,Cash Withdrawal,Tablet,1,12,92.82,0,1,0
2893,174,106.58,Germany,Online Payment,Mobile,7,24,194.33,1,4,0
2894,1361,83.85,Senegal,Card Payment,Web,11,37,195.34,0,1,0
2895,2016,19.97,United Kingdom,Transfer,Web,5,26,120.25,1,0,0
2896,72,435.36,Spain,Online Payment,Mobile,11,28,190.4,0,0,0
2897,1456,54.45,Germany,Online Payment,Tablet,13,18,41.22,0,2,0
2898,838,359.54,Senegal,Card Payment,Web,6,23,248.79,0,2,0
2899,3183,85.27,France,Online Payment,Mobile,14,29,96.88,0,5,0
2900,3644,822.57,Germany,Online Payment,Mobile,2,25,181.68,0,2,1
2901,986,454.57,France,Online Payment,Mobile,1,28,81.08,1,2,0
2902,1700,41.56,Germany,Card Payment,Web,10,27,184.04,0,0,0
2903,278,349.66,Senegal,Card Payment,Web,18,3,269.17,0,1,0
2904,3744,99.2,United Kingdom,Card Payment,Mobile,23,12,143.24,0,1,0
2905,2228,101.85,Spain,Card Payment,Tablet,18,6,124.29,0,1,0
2906,2585,47.01,Portugal,Cash Withdrawal,Tablet,0,17,127.77,0,1,0
2907,2899,115.41,Senegal,Cash Withdrawal,Mobile,1,1,127.54,0,1,0
2908,156,95.52,Spain,Cash Withdrawal,Tablet,19,31,82.63,0,1,0
2909,1618,41.74,Spain,Online Payment,Tablet,7,13,228.94,0,1,0
2910,2418,127.71,Germany,Card Payment,Web,12,21,184.46,0,1,0
2911,419,352.23,Germany,Online Payment,Mobile,4,38,134.12,0,2,0
2912,202,182.26,Germany,Online Payment,Tablet,8,30,70.96,0,2,0
2913,3122,710.83,United Kingdom,Online Payment,Mobile,6,21,200.11,0,1,0
2914,2744,125.78,Spain,Cash Withdrawal,Tablet,18,9,266.68,0,2,0
2915,1828,151.13,Senegal,Card Payment,Tablet,8,35,65.36,0,2,0
2916,3915,129.87,Portugal,Transfer,Mobile,6,15,217.24,0,2,0
2917,3358,77.39,Spain,Transfer,Mobile,2,17,83.0,0,3,0
2918,2707,24.38,Portugal,Card Payment,Tablet,21,20,47.98,0,1,0
2919,3813,100.51,Spain,Card Payment,Mobile,11,5,229.03,0,1,0
2920,2342,55.83,Spain,Online Payment,Mobile,3,16,157.73,1,4,0
2921,92,329.33,Portugal,Cash Withdrawal,Tablet,16,8,26.08,1,1,0
2922,290,39.38,Spain,Online Payment,Web,9,1,390.43,0,2,0
2923,493,473.97,Germany,Cash Withdrawal,Tablet,16,28,66.51,0,1,0
2924,1804,156.27,Spain,Cash Withdrawal,Web,0,23,149.29,0,3,0
2925,106,61.54,United Kingdom,Card Payment,Web,15,16,69.92,0,3,0
2926,3395,181.19,France,Transfer,Web,18,8,54.61,1,1,0
2927,375,184.04,Portugal,Card Payment,Mobile,16,26,156.87,0,2,0
2928,2419,61.67,United Kingdom,Transfer,Tablet,21,15,76.45,0,2,0
2929,617,57.93,Germany,Online Payment,Tablet,21,7,62.68,0,1,0
2930,2603,132.71,Senegal,Cash Withdrawal,Mobile,18,30,141.83,0,0,0
2931,1060,126.91,Senegal,Online Payment,Mobile,11,27,44.21,0,3,0
2932,2261,455.56,Portugal,Transfer,Mobile,15,7,78.4,0,2,0
2933,2831,193.12,Spain,Transfer,Web,23,19,79.73,0,0,0
2934,3814,156.97,Germany,Online Payment,Mobile,9,17,150.98,0,2,0
2935,3794,658.62,Germany,Cash Withdrawal,Tablet,12,28,239.52,0,4,0
2936,1085,114.45,Spain,Online Payment,Mobile,8,19,237.2,0,1,0
2937,266,171.41,Germany,Card Payment,Mobile,17,11,52.98,0,6,0
2938,655,62.34,United Kingdom,Transfer,Tablet,13,18,158.07,0,1,0
2939,2,740.58,Spain,Transfer,Web,17,28,104.42,0,3,0
2940,934,150.15,Spain,Card Payment,Web,4,25,110.39,0,3,0
2941,620,226.81,Spain,Online Payment,Tablet,18,34,133.09,1,0,1
2942,3413,77.91,Senegal,Card Payment,Web,2,1,82.06,0,3,0
2943,2403,18.75,Portugal,Transfer,Web,21,11,86.43,0,1,0
2944,3338,241.45,France,Transfer,Tablet,13,29,86.32,1,2,0
2945,2948,34.57,Germany,Card Payment,Web,5,8,238.86,0,3,0
2946,1043,107.28,United Kingdom,Card Payment,Web,10,23,325.0,0,0,0
2947,3728,148.36,France,Cash Withdrawal,Web,9,18,111.22,0,4,0
2948,2525,36.1,Senegal,Online Payment,Web,20,18,198.08,1,2,0
2949,1185,23.19,United Kingdom,Card Payment,Tablet,13,20,149.64,0,0,0
2950,3095,71.58,Portugal,Online Payment,Tablet,2,2,145.56,0,0,0
2951,1060,68.82,Spain,Card Payment,Tablet,17,26,70.74,0,2,0
2952,3549,59.01,Germany,Online Payment,Tablet,4,15,43.92,1,3,0
2953,1110,334.67,Germany,Card Payment,Mobile,10,9,132.38,0,3,0
2954,2567,298.01,Germany,Cash Withdrawal,Tablet,13,12,163.83,0,4,0
2955,3297,150.24,France,Online Payment,Tablet,19,15,132.8,0,0,0
2956,2076,231.53,Germany,Cash Withdrawal,Tablet,2,39,47.75,0,3,0
2957,1285,483.19,Portugal,Card Payment,Mobile,3,27,110.65,0,2,0
2958,2784,170.39,France,Card Payment,Tablet,15,27,78.09,0,2,0
2959,3805,173.63,Germany,Card Payment,Web,3,31,109.04,1,0,0
2960,2797,64.98,Portugal,Card Payment,Mobile,19,14,87.94,0,1,0
2961,3308,254.1,Germany,Transfer,Web,10,18,203.21,0,5,0
2962,2653,415.83,France,Card Payment,Tablet,18,26,88.6,0,2,0
2963,229,191.33,Germany,Online Payment,Mobile,1,18,355.99,1,6,0
2964,2345,239.55,United Kingdom,Transfer,Web,16,18,56.3,0,2,0
2965,193,32.42,United Kingdom,Online Payment,Web,21,14,74.47,0,0,0
2966,3034,133.41,Spain,Online Payment,Web,15,12,156.48,0,1,0
2967,1786,109.15,United Kingdom,Transfer,Mobile,9,11,79.12,0,2,0
2968,2008,150.35,Germany,Cash Withdrawal,Tablet,0,37,52.44,0,2,0
2969,1264,341.16,United Kingdom,Transfer,Mobile,16,11,88.67,0,2,1
2970,536,26.69,France,Cash Withdrawal,Web,12,31,249.17,0,1,0
2971,3500,21.01,Portugal,Transfer,Web,10,16,180.23,0,1,0
2972,1625,119.82,Portugal,Cash Withdrawal,Tablet,19,32,94.93,0,2,0
2973,38,853.02,Portugal,Online Payment,Mobile,5,6,104.45,1,2,1
2974,742,574.44,Germany,Online Payment,Web,22,19,121.46,0,0,0
2975,551,97.13,United Kingdom,Card Payment,Web,0,21,70.17,1,2,0
2976,2905,43.76,Senegal,Card Payment,Web,16,6,317.11,0,3,0
2977,3265,229.82,Spain,Online Payment,Mobile,0,29,344.81,0,0,0
2978,62,77.74,Senegal,Online Payment,Tablet,16,26,101.87,0,2,0
2979,2026,197.98,Spain,Transfer,Mobile,2,36,147.54,0,0,0
2980,3858,121.57,United Kingdom,Online Payment,Mobile,8,23,161.93,0,2,0
2981,1674,86.5,United Kingdom,Transfer,Tablet,13,32,138.63,1,0,0
2982,3767,268.76,France,Card Payment,Mobile,16,8,151.62,0,1,0
2983,3623,38.65,Germany,Cash Withdrawal,Mobile,13,48,40.76,0,2,0
2984,1581,122.47,Spain,Card Payment,Web,17,23,182.69,0,1,0
2985,692,108.86,United Kingdom,Cash Withdrawal,Tablet,5,21,268.86,0,2,0
2986,2284,47.93,Portugal,Transfer,Tablet,10,11,100.26,0,1,0
2987,3082,127.92,United Kingdom,Card Payment,Mobile,21,29,70.22,0,2,0
2988,2674,61.74,United Kingdom,Cash Withdrawal,Tablet,14,21,98.68,0,2,0
2989,807,234.15,Senegal,Card Payment,Mobile,6,29,72.76,0,0,0
2990,1833,103.66,United Kingdom,Online Payment,Tablet,19,15,46.01,0,0,0
2991,1847,210.04,Germany,Online Payment,Mobile,7,21,241.5,0,0,0
2992,2780,48.76,Portugal,Transfer,Web,5,10,132.04,1,0,0
2993,2274,131.02,Spain,Online Payment,Tablet,5,27,96.67,0,1,0
2994,1449,188.84,Portugal,Card Payment,Tablet,17,25,313.06,1,1,0
2995,2486,54.77,Germany,Transfer,Mobile,8,32,112.85,0,1,0
2996,136,41.74,Germany,Transfer,Web,23,15,50.01,0,1,0
2997,1093,141.89,Spain,Transfer,Web,7,19,81.39,0,0,0
2998,3514,142.81,Portugal,Card Payment,Tablet,2,22,168.01,0,3,0
2999,1943,90.81,Spain,Cash Withdrawal,Tablet,2,7,33.64,0,1,0
3000,706,71.14,United Kingdom,Cash Withdrawal,Web,21,25,122.5,0,0,0
3001,1752,432.2,Senegal,Transfer,Tablet,11,20,154.3,0,2,0
3002,2538,82.18,France,Online Payment,Tablet,17,21,124.53,1,1,0
3003,2667,89.18,Portugal,Cash Withdrawal,Mobile,20,23,139.56,0,1,0
3004,1870,38.69,Spain,Cash Withdrawal,Tablet,23,11,127.13,0,2,0
3005,2373,31.26,Germany,Transfer,Tablet,19,30,37.42,1,1,0
3006,1289,92.53,Germany,Transfer,Web,3,20,119.45,0,1,0
3007,564,20.42,United Kingdom,Online Payment,Mobile,1,27,78.8,0,1,0
3008,2451,21.64,Spain,Online Payment,Tablet,8,31,123.72,0,0,0
3009,835,212.55,Spain,Transfer,Tablet,14,21,134.05,0,1,0
3010,2327,117.93,Senegal,Transfer,Mobile,20,6,270.21,0,1,0
3011,1606,37.8,France,Transfer,Mobile,16,27,197.01,0,1,0
3012,2916,305.39,Spain,Transfer,Mobile,4,13,64.59,1,1,0
3013,62,125.85,France,Transfer,Mobile,0,28,76.93,1,2,0
3014,1581,158.12,Germany,Online Payment,Web,3,10,75.44,1,0,1
3015,3446,207.31,Portugal,Online Payment,Tablet,12,7,401.49,1,0,0
3016,3350,28.97,United Kingdom,Transfer,Web,12,25,160.46,0,0,0
3017,3758,72.34,Portugal,Transfer,Tablet,9,18,164.56,0,1,0
3018,2627,235.57,Senegal,Card Payment,Web,8,6,98.44,0,1,0
3019,3508,129.64,Spain,Transfer,Mobile,10,18,235.54,0,4,0
3020,2412,138.89,United Kingdom,Card Payment,Mobile,0,23,239.27,0,0,0
3021,70,312.87,Germany,Online Payment,Mobile,0,29,111.77,0,1,0
3022,3865,157.17,United Kingdom,Online Payment,Web,2,24,33.7,0,0,0
3023,189,405.92,Germany,Online Payment,Tablet,12,15,156.67,0,0,0
3024,54,111.97,Portugal,Online Payment,Web,9,27,239.77,0,1,0
3025,2884,345.34,France,Cash Withdrawal,Mobile,14,5,85.34,0,3,0
3026,2516,82.08,Spain,Cash Withdrawal,Tablet,15,20,51.52,1,1,0
3027,1505,64.18,Spain,Transfer,Web,13,33,79.0,0,2,0
3028,577,53.38,Germany,Online Payment,Mobile,12,8,115.38,0,3,0
3029,2163,708.14,France,Online Payment,Tablet,17,26,118.58,0,2,0
3030,485,182.24,Germany,Online Payment,Tablet,2,8,102.24,0,2,0
3031,2423,97.03,Germany,Transfer,Web,14,17,225.53,0,2,0
3032,3674,211.93,Germany,Card Payment,Tablet,19,14,47.55,0,3,0
3033,357,34.21,France,Online Payment,Tablet,11,2,116.23,0,3,0
3034,2139,172.0,Spain,Transfer,Web,0,24,89.43,0,6,0
3035,3502,1054.36,Senegal,Cash Withdrawal,Mobile,2,19,192.83,0,3,1
3036,2091,83.36,United Kingdom,Card Payment,Web,15,23,299.33,0,1,0
3037,2749,144.01,Portugal,Transfer,Web,9,28,122.44,0,0,0
3038,306,339.88,Senegal,Transfer,Web,2,8,43.58,0,1,0
3039,3851,120.77,France,Online Payment,Web,5,21,103.63,0,0,0
3040,1956,172.52,United Kingdom,Card Payment,Web,1,20,91.56,0,0,0
3041,3742,82.41,United Kingdom,Cash Withdrawal,Web,4,17,129.16,1,4,0
3042,2790,283.64,United Kingdom,Cash Withdrawal,Web,1,14,545.88,0,4,0
3043,518,49.26,Senegal,Transfer,Mobile,11,25,314.53,0,1,1
3044,2354,234.65,Senegal,Card Payment,Mobile,20,31,87.63,0,3,0
3045,3681,174.82,United Kingdom,Online Payment,Web,1,26,59.26,0,2,0
3046,558,337.27,United Kingdom,Online Payment,Mobile,16,12,205.85,0,0,0
3047,1344,62.61,Portugal,Cash Withdrawal,Mobile,1,31,195.95,1,3,0
3048,3873,277.07,Spain,Transfer,Mobile,22,25,279.3,0,0,0
3049,370,132.07,France,Online Payment,Mobile,12,29,140.5,0,1,0
3050,3815,11.6,United Kingdom,Card Payment,Web,2,21,127.01,1,0,0
3051,2304,357.65,Portugal,Card Payment,Mobile,3,24,73.24,0,2,0
3052,2501,321.69,France,Online Payment,Mobile,21,36,154.17,1,1,0
3053,332,84.61,Portugal,Card Payment,Tablet,11,12,30.37,0,1,0
3054,3252,131.88,Germany,Card Payment,Tablet,4,1,121.74,0,2,0
3055,291,184.03,Germany,Cash Withdrawal,Tablet,0,22,206.47,1,0,0
3056,3712,132.47,Portugal,Card Payment,Tablet,18,1,84.07,0,0,0
3057,1341,23.48,Portugal,Cash Withdrawal,Mobile,20,11,145.19,1,0,0
3058,1919,140.27,Germany,Transfer,Web,11,13,34.83,1,2,0
3059,3919,125.15,Germany,Card Payment,Web,23,30,54.27,1,0,0
3060,2954,152.4,Spain,Transfer,Web,6,16,44.65,0,2,0
3061,339,68.52,France,Card Payment,Mobile,8,5,60.51,0,1,0
3062,3174,624.35,Spain,Online Payment,Mobile,21,18,102.59,0,0,0
3063,1216,91.05,France,Cash Withdrawal,Web,8,17,219.59,0,3,0
3064,992,69.89,United Kingdom,Transfer,Web,16,17,191.42,1,1,0
3065,2236,88.85,Germany,Card Payment,Tablet,13,11,80.64,0,0,0
3066,898,101.94,Portugal,Cash Withdrawal,Web,17,16,184.65,0,0,0
3067,3964,65.67,France,Cash Withdrawal,Mobile,12,10,41.77,0,4,0
3068,2584,128.46,United Kingdom,Online Payment,Mobile,17,24,92.79,1,3,0
3069,1825,594.63,Germany,Cash Withdrawal,Tablet,1,10,43.04,0,0,0
3070,1375,44.42,United Kingdom,Card Payment,Web,12,21,119.13,0,3,0
3071,2987,306.72,Senegal,Card Payment,Tablet,10,31,164.19,0,3,0
3072,175,49.23,Germany,Cash Withdrawal,Tablet,0,28,185.98,0,1,0
3073,3644,131.14,France,Card Payment,Mobile,3,27,75.14,0,2,0
3074,1589,203.6,Senegal,Card Payment,Mobile,10,1,359.2,0,1,0
3075,1824,58.19,Portugal,Online Payment,Mobile,21,21,144.0,0,3,0
3076,98,45.09,Germany,Cash Withdrawal,Mobile,10,27,103.87,0,2,0
3077,2862,63.87,Senegal,Transfer,Mobile,2,32,66.67,0,0,0
3078,3691,93.69,United Kingdom,Cash Withdrawal,Mobile,0,14,59.85,0,3,0
3079,3328,81.07,Portugal,Card Payment,Mobile,10,45,271.77,1,0,0
3080,2947,99.67,France,Cash Withdrawal,Tablet,21,12,117.64,0,1,0
3081,2596,113.78,Spain,Cash Withdrawal,Mobile,14,38,116.8,0,0,0
3082,2017,456.57,Senegal,Online Payment,Tablet,6,27,150.24,0,4,0
3083,2256,96.15,Senegal,Cash Withdrawal,Tablet,23,1,192.79,0,0,0
3084,115,291.76,France,Card Payment,Mobile,0,20,72.83,0,4,0
3085,2776,239.81,Spain,Transfer,Web,23,36,107.04,1,1,0
3086,2372,106.44,Senegal,Card Payment,Web,11,4,175.15,1,4,1
3087,879,81.08,Germany,Card Payment,Tablet,19,24,65.08,0,3,0
3088,264,76.31,Senegal,Cash Withdrawal,Tablet,19,1,125.05,0,1,0
3089,2679,98.56,United Kingdom,Transfer,Tablet,11,9,70.64,0,3,0
3090,3725,64.76,United Kingdom,Cash Withdrawal,Mobile,1,22,224.02,0,0,0
3091,243,106.55,Germany,Online Payment,Tablet,18,1,57.85,1,2,1
3092,2340,229.51,Germany,Card Payment,Mobile,17,24,108.07,0,0,0
3093,1077,459.54,Senegal,Transfer,Web,16,33,57.98,0,0,0
3094,2936,115.17,France,Transfer,Tablet,9,31,232.57,0,1,0
3095,1536,495.04,France,Card Payment,Mobile,12,13,87.93,0,2,0
3096,3474,124.34,France,Cash Withdrawal,Web,0,26,123.33,0,0,0
3097,3394,10.07,Senegal,Card Payment,Web,6,22,221.3,0,1,0
3098,533,94.67,Germany,Transfer,Web,3,35,73.79,0,0,0
3099,2385,360.21,Senegal,Transfer,Tablet,18,30,158.17,0,2,0
3100,3233,37.32,France,Cash Withdrawal,Web,3,22,113.95,1,1,0
3101,131,63.98,Spain,Card Payment,Tablet,13,19,34.45,0,0,0
3102,1001,196.41,Senegal,Online Payment,Tablet,8,18,109.35,0,1,0
3103,3699,29.79,Senegal,Card Payment,Web,12,23,19.81,0,1,0
3104,2525,96.39,Senegal,Cash Withdrawal,Tablet,10,27,219.96,0,2,0
3105,1870,23.87,United Kingdom,Online Payment,Web,18,8,837.75,0,2,0
3106,2431,117.99,Portugal,Online Payment,Web,5,2,52.59,0,2,0
3107,3454,198.91,France,Online Payment,Tablet,5,23,136.2,0,0,0
3108,580,132.1,Germany,Cash Withdrawal,Web,16,21,76.31,0,2,0
3109,1898,689.4,Senegal,Transfer,Mobile,14,23,218.21,1,3,0
3110,3449,55.34,France,Transfer,Tablet,17,6,41.54,1,0,0
3111,2869,71.37,France,Card Payment,Tablet,19,32,122.45,0,1,0
3112,1445,533.34,Spain,Card Payment,Tablet,18,30,44.45,0,0,0
3113,2812,38.29,United Kingdom,Card Payment,Web,3,27,112.46,0,2,0
3114,867,92.26,Spain,Cash Withdrawal,Web,17,22,184.57,0,0,0
3115,3608,56.88,United Kingdom,Online Payment,Tablet,15,57,120.26,0,2,0
3116,1564,74.31,Spain,Card Payment,Tablet,1,16,187.59,0,1,0
3117,3757,917.46,France,Online Payment,Tablet,22,16,177.85,0,1,0
3118,2243,66.93,Germany,Transfer,Tablet,18,18,481.93,0,0,0
3119,2086,162.09,United Kingdom,Cash Withdrawal,Web,1,1,208.81,0,3,0
3120,566,68.74,France,Online Payment,Mobile,0,26,100.58,1,2,0
3121,2520,61.25,United Kingdom,Transfer,Tablet,7,8,123.82,1,2,0
3122,243,178.3,United Kingdom,Card Payment,Web,8,20,52.16,0,1,0
3123,866,391.79,Portugal,Transfer,Tablet,16,23,142.42,0,0,0
3124,3990,225.05,United Kingdom,Transfer,Tablet,0,5,77.46,0,0,0
3125,3010,29.87,Senegal,Transfer,Mobile,20,22,198.74,0,1,0
3126,3839,252.19,Portugal,Transfer,Mobile,4,11,247.97,1,2,0
3127,1472,82.62,France,Card Payment,Mobile,11,22,64.42,0,1,0
3128,3182,25.57,France,Card Payment,Web,10,16,61.85,0,1,0
3129,1622,65.62,France,Card Payment,Tablet,1,25,165.5,0,4,0
3130,946,815.92,Germany,Online Payment,Web,11,11,191.14,0,2,0
3131,2504,96.54,Spain,Transfer,Mobile,2,17,101.22,0,2,0
3132,2451,62.27,Senegal,Online Payment,Tablet,21,21,267.89,0,0,0
3133,1223,58.69,Germany,Card Payment,Mobile,18,33,55.52,0,3,0
3134,489,72.02,Senegal,Cash Withdrawal,Mobile,23,35,152.27,0,0,0
3135,2540,188.39,Germany,Online Payment,Mobile,4,21,140.38,0,2,0
3136,832,100.53,Senegal,Online Payment,Web,0,27,65.14,0,1,0
3137,2283,242.51,United Kingdom,Online Payment,Web,14,25,58.57,0,0,0
3138,167,85.0,Germany,Transfer,Tablet,12,23,113.72,0,2,0
3139,2098,65.17,Germany,Cash Withdrawal,Web,1,14,19.96,0,3,0
3140,3126,39.77,United Kingdom,Cash Withdrawal,Tablet,1,24,132.68,0,1,0
3141,805,39.82,Portugal,Cash Withdrawal,Tablet,6,21,159.11,0,0,0
3142,1409,153.2,Senegal,Cash Withdrawal,Tablet,19,22,87.9,0,1,0
3143,531,51.48,France,Online Payment,Mobile,13,31,124.71,0,3,0
3144,1211,350.39,France,Cash Withdrawal,Mobile,13,16,97.89,0,2,0
3145,3027,85.36,United Kingdom,Cash Withdrawal,Web,21,28,171.1,0,2,0
3146,3483,95.66,Spain,Card Payment,Tablet,23,21,158.18,0,1,0
3147,3893,257.49,Portugal,Card Payment,Tablet,19,19,80.25,0,0,0
3148,984,28.38,Portugal,Cash Withdrawal,Tablet,2,11,156.27,0,2,0
3149,1558,161.04,United Kingdom,Transfer,Mobile,17,13,83.61,0,0,0
3150,549,38.44,Portugal,Cash Withdrawal,Web,5,15,67.35,0,3,0
3151,1494,38.5,Spain,Transfer,Mobile,7,25,53.34,0,1,0
3152,3340,48.3,Senegal,Transfer,Mobile,2,1,159.77,0,0,0
3153,2739,142.92,Spain,Online Payment,Web,0,17,134.26,0,1,0
3154,1515,76.68,Germany,Online Payment,Tablet,18,23,237.34,0,1,0
3155,3261,236.19,Germany,Online Payment,Tablet,22,30,91.65,0,2,0
3156,1099,108.12,Portugal,Cash Withdrawal,Mobile,11,28,112.26,0,0,0
3157,2312,168.16,Germany,Cash Withdrawal,Web,12,34,281.79,0,1,0
3158,2060,82.82,Germany,Card Payment,Web,6,13,343.34,0,4,0
3159,726,256.57,United Kingdom,Cash Withdrawal,Web,0,6,314.15,0,1,0
3160,2346,34.92,United Kingdom,Cash Withdrawal,Tablet,2,39,91.38,0,2,0
3161,1635,365.2,Spain,Transfer,Web,11,15,301.22,0,1,0
3162,3459,66.97,Germany,Transfer,Mobile,7,5,118.5,1,0,0
3163,1132,71.18,France,Transfer,Web,22,64,202.59,0,2,0
3164,744,241.99,Germany,Card Payment,Web,1,2,309.33,0,2,0
3165,2666,50.01,Spain,Transfer,Mobile,5,9,62.4,0,3,0
3166,1233,157.4,United Kingdom,Cash Withdrawal,Mobile,22,39,109.52,0,2,0
3167,1691,63.5,France,Online Payment,Mobile,3,19,251.04,0,4,0
3168,75,54.5,Senegal,Card Payment,Web,16,15,123.96,0,1,0
3169,582,97.02,Senegal,Card Payment,Web,23,18,80.76,0,0,0
3170,3820,249.6,Spain,Cash Withdrawal,Web,5,18,96.69,0,0,0
3171,2695,68.86,United Kingdom,Transfer,Web,16,30,81.82,0,2,0
3172,3458,175.57,Portugal,Online Payment,Mobile,3,27,121.78,0,1,0
3173,671,41.11,Portugal,Card Payment,Tablet,16,27,98.65,0,1,0
3174,3040,40.96,France,Transfer,Web,14,28,43.8,0,3,0
3175,1640,92.22,Portugal,Cash Withdrawal,Web,6,2,97.83,0,2,1
3176,1142,362.99,Senegal,Card Payment,Tablet,22,10,91.66,0,1,0
3177,1800,56.01,Spain,Card Payment,Mobile,11,14,124.03,0,3,0
3178,187,182.96,Senegal,Card Payment,Mobile,15,14,74.51,0,1,0
3179,525,135.12,Senegal,Cash Withdrawal,Mobile,10,14,251.96,0,2,0
3180,799,314.33,Senegal,Online Payment,Mobile,19,21,98.86,0,1,0
3181,2836,97.01,Senegal,Transfer,Web,16,1,191.76,0,2,0
3182,2025,69.01,France,Card Payment,Mobile,3,12,52.87,0,3,0
3183,1438,188.5,Portugal,Transfer,Tablet,12,16,220.53,0,2,0
3184,2462,173.52,Portugal,Transfer,Tablet,23,20,69.46,0,3,0
3185,1009,65.97,United Kingdom,Transfer,Tablet,11,29,58.72,0,4,0
3186,3659,54.74,Portugal,Transfer,Mobile,4,4,120.45,0,3,0
3187,3158,80.53,Germany,Transfer,Tablet,19,29,378.5,0,0,0
3188,2491,51.71,France,Card Payment,Web,11,21,158.69,0,3,0
3189,3393,146.18,France,Cash Withdrawal,Mobile,4,10,80.38,0,1,0
3190,2078,22.11,United Kingdom,Card Payment,Web,12,23,227.45,1,2,0
3191,3999,61.5,Germany,Card Payment,Tablet,5,7,129.63,0,1,0
3192,3931,104.97,Senegal,Transfer,Mobile,12,24,88.6,1,2,1
3193,511,179.35,France,Online Payment,Mobile,11,26,115.33,0,2,0
3194,2268,360.59,France,Transfer,Tablet,2,23,327.37,0,1,0
3195,3252,82.5,Portugal,Online Payment,Tablet,8,28,90.3,0,2,0
3196,1649,132.74,Germany,Transfer,Web,14,21,45.32,0,2,0
3197,860,213.32,France,Transfer,Mobile,5,29,111.13,0,2,0
3198,2600,880.29,Senegal,Cash Withdrawal,Web,4,13,88.01,0,3,0
3199,3515,322.45,Portugal,Transfer,Tablet,21,26,219.54,0,2,0
3200,755,78.66,France,Cash Withdrawal,Web,1,24,113.41,0,2,0
3201,2532,25.09,United Kingdom,Transfer,Web,20,31,37.36,1,1,0
3202,3413,148.47,Portugal,Online Payment,Mobile,2,26,121.17,0,3,0
3203,228,51.65,United Kingdom,Online Payment,Tablet,15,8,101.2,0,1,0
3204,26,121.83,Germany,Cash Withdrawal,Mobile,17,33,86.78,0,1,0
3205,2676,645.03,Spain,Cash Withdrawal,Mobile,0,34,84.64,0,2,1
3206,3174,232.4,Germany,Transfer,Web,21,10,47.8,1,1,0
3207,2720,135.85,Germany,Transfer,Tablet,23,27,164.26,0,0,0
3208,260,86.77,United Kingdom,Cash Withdrawal,Web,1,10,99.52,0,2,0
3209,298,63.23,France,Card Payment,Web,2,32,117.7,0,1,0
3210,295,147.36,Senegal,Cash Withdrawal,Web,13,21,176.59,0,2,0
3211,2747,217.39,Senegal,Online Payment,Tablet,6,35,453.4,0,0,0
3212,2035,124.02,United Kingdom,Transfer,Mobile,15,16,168.03,0,2,0
3213,75,226.04,United Kingdom,Transfer,Web,5,20,229.1,0,0,0
3214,3551,1287.7,Portugal,Online Payment,Mobile,4,18,177.36,0,3,1
3215,1260,239.24,Senegal,Transfer,Tablet,7,14,76.17,0,1,0
3216,3878,63.44,Spain,Online Payment,Web,17,26,57.47,0,0,0
3217,149,124.41,Spain,Online Payment,Mobile,2,8,115.08,0,3,0
3218,1982,146.88,France,Card Payment,Tablet,5,1,183.23,1,2,0
3219,2765,77.66,Senegal,Online Payment,Web,22,18,147.77,0,1,0
3220,2547,95.27,Germany,Online Payment,Web,7,11,93.46,0,0,0
3221,3854,113.38,Portugal,Cash Withdrawal,Mobile,3,13,136.67,0,1,0
3222,1566,341.98,United Kingdom,Cash Withdrawal,Mobile,0,29,84.74,0,0,0
3223,3218,116.51,Spain,Cash Withdrawal,Mobile,7,31,81.93,1,2,0
3224,496,251.26,Spain,Card Payment,Web,0,35,164.42,0,2,0
3225,1549,34.75,United Kingdom,Cash Withdrawal,Tablet,20,27,82.5,0,0,0
3226,1966,13.11,Senegal,Card Payment,Mobile,4,1,80.73,0,2,0
3227,1621,71.64,United Kingdom,Cash Withdrawal,Tablet,21,12,149.26,0,3,0
3228,1220,52.86,Spain,Online Payment,Tablet,14,25,93.83,0,2,0
3229,365,82.21,Germany,Transfer,Web,11,23,163.68,0,0,0
3230,1053,189.01,United Kingdom,Card Payment,Mobile,13,19,170.94,0,1,0
3231,904,41.01,Germany,Transfer,Mobile,18,16,329.37,0,0,0
3232,2315,61.48,Germany,Transfer,Web,14,27,239.89,1,0,0
3233,2317,372.64,Portugal,Cash Withdrawal,Mobile,18,24,67.89,0,0,0
3234,844,1099.47,Senegal,Cash Withdrawal,Tablet,14,1,253.13,0,2,1
3235,1433,381.47,Senegal,Transfer,Tablet,5,22,238.56,0,2,0
3236,1748,556.36,United Kingdom,Transfer,Mobile,10,31,60.44,0,0,0
3237,2543,124.76,Spain,Cash Withdrawal,Tablet,12,18,120.03,0,3,0
3238,2693,195.01,Germany,Transfer,Web,10,14,158.88,0,1,0
3239,3859,270.29,United Kingdom,Transfer,Web,22,18,53.25,0,3,0
3240,3673,36.9,United Kingdom,Card Payment,Web,18,40,103.25,0,0,0
3241,3085,91.06,Spain,Transfer,Tablet,8,7,151.35,0,4,0
3242,928,120.94,Spain,Cash Withdrawal,Web,8,35,66.81,1,0,0
3243,3428,148.26,Portugal,Transfer,Mobile,7,17,50.12,1,3,0
3244,1721,373.42,France,Online Payment,Tablet,6,16,73.49,0,2,0
3245,2184,276.33,Portugal,Cash Withdrawal,Mobile,7,19,286.75,0,1,0
3246,3663,241.26,Spain,Online Payment,Mobile,1,25,196.4,0,2,0
3247,1961,161.41,Senegal,Online Payment,Web,9,19,187.69,0,0,0
3248,790,91.05,United Kingdom,Online Payment,Web,10,7,49.3,0,0,0
3249,3520,104.7,France,Card Payment,Mobile,0,17,191.42,1,2,0
3250,1773,404.3,United Kingdom,Online Payment,Mobile,4,28,157.77,0,0,0
3251,224,32.33,Senegal,Transfer,Tablet,11,19,150.71,1,1,0
3252,836,66.99,Portugal,Online Payment,Web,12,42,71.67,0,1,0
3253,2437,426.57,Germany,Transfer,Web,18,3,174.49,0,0,0
3254,1931,83.37,Senegal,Online Payment,Mobile,18,10,90.79,0,1,0
3255,1070,71.12,Portugal,Cash Withdrawal,Tablet,9,4,565.15,0,1,0
3256,1625,40.82,Germany,Transfer,Mobile,2,1,116.59,0,2,0
3257,1520,38.01,Senegal,Transfer,Web,5,11,187.09,0,1,0
3258,3821,153.76,Portugal,Transfer,Mobile,7,22,134.48,0,3,0
3259,751,133.56,United Kingdom,Online Payment,Mobile,20,29,85.44,1,1,0
3260,2717,33.87,Germany,Online Payment,Tablet,23,15,131.94,0,2,0
3261,1624,85.02,Spain,Card Payment,Mobile,17,29,67.78,0,4,0
3262,2668,222.96,United Kingdom,Transfer,Tablet,8,1,76.39,0,2,0
3263,206,62.65,France,Card Payment,Tablet,21,13,129.41,0,4,0
3264,1172,272.44,Senegal,Online Payment,Web,6,16,52.26,0,3,0
3265,3447,125.55,United Kingdom,Card Payment,Mobile,7,36,129.17,0,3,0
3266,1502,47.24,Senegal,Transfer,Mobile,17,19,65.4,0,2,0
3267,1601,57.37,United Kingdom,Transfer,Web,10,23,64.23,0,3,0
3268,3108,150.93,France,Transfer,Mobile,4,23,120.19,0,1,0
3269,3249,183.87,France,Card Payment,Mobile,0,13,68.87,1,2,0
3270,442,167.53,France,Transfer,Mobile,7,25,239.94,1,2,0
3271,1673,105.05,Germany,Online Payment,Mobile,23,25,187.97,0,2,0
3272,1753,444.13,Germany,Cash Withdrawal,Mobile,14,23,37.82,0,0,0
3273,1960,149.2,Spain,Cash Withdrawal,Web,7,27,247.73,0,2,0
3274,1139,112.6,Portugal,Cash Withdrawal,Mobile,1,10,88.82,1,2,0
3275,3729,37.87,France,Cash Withdrawal,Web,5,18,112.26,0,1,0
3276,2936,297.33,France,Card Payment,Mobile,17,20,203.83,0,2,0
3277,3983,31.03,Spain,Card Payment,Mobile,14,10,227.51,0,1,0
3278,2712,67.99,France,Cash Withdrawal,Mobile,11,16,166.42,1,4,0
3279,2959,35.92,Germany,Cash Withdrawal,Tablet,17,21,164.21,0,0,0
3280,417,38.15,Germany,Online Payment,Web,8,23,26.56,0,3,0
3281,3410,22.55,Spain,Transfer,Web,1,4,394.45,0,1,0
3282,932,136.6,Spain,Online Payment,Mobile,21,18,112.33,0,2,0
3283,2072,273.88,Senegal,Transfer,Mobile,10,5,110.51,0,1,0
3284,2396,440.38,Portugal,Cash Withdrawal,Web,12,17,192.21,0,2,0
3285,1044,107.59,Spain,Transfer,Mobile,15,22,168.46,0,0,0
3286,2349,76.45,Senegal,Transfer,Mobile,4,20,43.85,1,1,0
3287,489,506.59,Spain,Online Payment,Tablet,1,24,159.99,0,1,0
3288,2820,308.46,Spain,Online Payment,Tablet,19,44,104.85,1,3,0
3289,3998,136.65,Senegal,Online Payment,Mobile,15,23,69.93,0,3,0
3290,2578,49.72,France,Transfer,Web,3,31,327.14,0,2,0
3291,1032,97.01,Portugal,Cash Withdrawal,Mobile,19,12,214.06,0,4,0
3292,3131,180.75,Senegal,Online Payment,Mobile,5,13,62.52,0,6,0
3293,3873,107.79,Germany,Cash Withdrawal,Mobile,7,23,188.06,0,0,0
3294,88,86.89,United Kingdom,Cash Withdrawal,Mobile,4,20,164.95,1,3,0
3295,2782,129.62,United Kingdom,Cash Withdrawal,Tablet,20,43,135.8,0,1,0
3296,3723,102.42,France,Card Payment,Tablet,17,10,64.86,0,2,0
3297,1188,142.33,United Kingdom,Cash Withdrawal,Web,0,21,358.38,0,2,0
3298,2045,188.96,Spain,Cash Withdrawal,Mobile,8,8,100.45,0,2,0
3299,43,392.55,United Kingdom,Online Payment,Tablet,21,16,266.4,0,0,0
3300,3584,112.51,United Kingdom,Transfer,Tablet,14,22,48.87,0,1,0
3301,3702,46.63,France,Online Payment,Web,20,36,75.74,0,2,0
3302,3595,57.15,Spain,Cash Withdrawal,Web,7,18,144.62,0,2,0
3303,2040,158.87,Germany,Cash Withdrawal,Mobile,5,23,266.91,0,1,0
3304,72,30.36,Germany,Card Payment,Web,11,28,82.68,0,0,0
3305,2477,125.18,France,Card Payment,Tablet,11,6,161.45,0,1,0
3306,619,68.26,Spain,Cash Withdrawal,Mobile,2,22,112.55,0,4,0
3307,3805,36.94,Germany,Transfer,Mobile,4,22,46.83,0,3,0
3308,2724,865.36,Portugal,Online Payment,Mobile,13,15,186.75,0,1,0
3309,3328,64.55,France,Online Payment,Mobile,19,5,266.87,0,2,0
3310,3908,519.33,France,Card Payment,Web,12,10,131.57,1,1,0
3311,2554,116.17,Spain,Card Payment,Tablet,21,19,81.22,0,3,0
3312,839,140.13,Portugal,Card Payment,Mobile,20,17,153.11,0,0,0
3313,179,619.45,United Kingdom,Transfer,Tablet,5,15,58.87,1,0,0
3314,725,193.78,France,Card Payment,Mobile,2,28,105.77,0,0,0
3315,2715,724.29,Senegal,Cash Withdrawal,Tablet,4,16,87.64,0,2,0
3316,2195,138.08,Germany,Online Payment,Web,0,23,65.53,1,1,0
3317,2175,242.68,United Kingdom,Cash Withdrawal,Tablet,17,20,94.67,1,2,0
3318,1252,49.21,France,Card Payment,Mobile,12,5,82.3,0,4,0
3319,3751,74.0,Germany,Online Payment,Tablet,16,26,107.68,0,2,0
3320,2134,96.85,United Kingdom,Online Payment,Tablet,12,20,133.77,0,0,0
3321,3068,552.67,United Kingdom,Card Payment,Tablet,13,33,63.71,0,2,0
3322,2698,435.63,France,Card Payment,Tablet,4,24,123.77,0,2,0
3323,594,848.78,France,Card Payment,Mobile,5,33,121.17,1,0,0
3324,187,97.02,United Kingdom,Transfer,Tablet,8,4,207.1,0,1,0
3325,462,147.76,United Kingdom,Online Payment,Tablet,18,30,117.21,0,0,0
3326,459,201.94,Senegal,Online Payment,Tablet,14,12,296.86,0,1,0
3327,2409,54.01,Spain,Cash Withdrawal,Tablet,22,8,111.95,0,0,0
3328,2105,44.86,Portugal,Transfer,Mobile,23,23,98.66,0,1,0
3329,3585,970.63,Germany,Online Payment,Web,0,8,80.55,0,3,0
3330,2893,183.75,Senegal,Card Payment,Mobile,11,20,91.17,0,2,0
3331,2209,150.5,United Kingdom,Transfer,Tablet,12,14,67.96,0,0,0
3332,1318,187.62,Portugal,Card Payment,Web,5,35,38.33,0,3,0
3333,3683,281.72,France,Card Payment,Web,17,11,143.39,0,2,0
3334,3451,243.98,Spain,Transfer,Tablet,18,11,357.67,0,0,0
3335,1848,230.74,Germany,Online Payment,Mobile,14,26,65.57,0,1,0
3336,3514,204.74,France,Transfer,Tablet,6,11,41.84,0,2,0
3337,3658,119.96,Germany,Transfer,Mobile,15,1,83.23,0,0,0
3338,2072,83.41,United Kingdom,Card Payment,Tablet,17,21,57.91,0,1,0
3339,3146,41.23,Germany,Transfer,Web,14,11,140.65,1,0,0
3340,1249,122.44,Senegal,Card Payment,Mobile,6,26,98.53,0,3,0
3341,643,109.55,France,Transfer,Tablet,19,52,147.38,0,2,0
3342,3479,48.76,Spain,Transfer,Web,5,42,217.23,0,0,0
3343,3507,70.8,Senegal,Online Payment,Web,22,11,175.08,0,3,0
3344,2869,418.18,Senegal,Online Payment,Web,15,11,96.79,0,2,0
3345,1731,53.27,Portugal,Cash Withdrawal,Tablet,5,14,75.88,1,1,0
3346,2205,238.94,Spain,Card Payment,Tablet,8,1,45.5,0,4,0
3347,522,96.71,Germany,Online Payment,Web,3,22,124.98,0,5,0
3348,454,344.2,United Kingdom,Online Payment,Tablet,17,25,74.49,0,1,0
3349,1225,52.0,United Kingdom,Online Payment,Mobile,23,6,148.18,0,3,0
3350,3367,124.73,Portugal,Transfer,Tablet,12,12,70.31,0,2,0
3351,3367,126.35,Germany,Online Payment,Mobile,19,13,148.12,0,2,0
3352,386,48.12,France,Cash Withdrawal,Web,6,30,144.18,0,3,0
3353,2317,171.24,France,Cash Withdrawal,Web,7,21,72.9,0,0,0
3354,2574,63.62,Portugal,Card Payment,Web,23,13,275.14,0,0,0
3355,3530,138.08,Spain,Card Payment,Web,8,30,53.64,0,1,0
3356,2529,43.13,Germany,Online Payment,Tablet,9,25,33.24,1,2,0
3357,2535,325.4,Germany,Online Payment,Mobile,17,21,372.73,1,0,0
3358,1874,234.45,United Kingdom,Online Payment,Web,17,27,237.8,0,1,0
3359,2339,96.75,United Kingdom,Online Payment,Web,2,21,298.63,0,2,0
3360,2492,649.52,Spain,Cash Withdrawal,Mobile,13,4,117.25,0,1,0
3361,1878,158.6,Spain,Cash Withdrawal,Mobile,12,23,92.77,0,1,0
3362,2185,150.95,Senegal,Online Payment,Web,18,24,170.88,0,2,0
3363,1295,27.84,Senegal,Transfer,Tablet,20,22,125.2,0,2,0
3364,41,133.38,United Kingdom,Transfer,Mobile,1,29,188.51,0,0,0
3365,1879,385.53,Senegal,Online Payment,Web,9,22,105.32,0,1,0
3366,75,38.65,Spain,Transfer,Web,17,12,199.74,0,0,0
3367,428,22.97,France,Card Payment,Tablet,17,33,28.84,0,1,0
3368,2727,98.39,Senegal,Cash Withdrawal,Web,9,33,124.04,0,1,0
3369,971,65.87,Spain,Online Payment,Web,23,19,121.97,0,1,0
3370,1704,553.61,France,Card Payment,Mobile,14,16,194.01,0,2,0
3371,194,182.54,Senegal,Transfer,Mobile,21,29,258.32,0,4,0
3372,2781,314.19,Germany,Card Payment,Tablet,19,23,96.41,0,0,0
3373,3733,365.62,United Kingdom,Online Payment,Web,3,11,86.9,0,0,0
3374,785,115.81,Germany,Cash Withdrawal,Web,14,22,116.38,0,2,0
3375,1966,89.47,Portugal,Card Payment,Tablet,3,2,154.24,0,2,0
3376,3598,155.87,Portugal,Card Payment,Mobile,3,14,132.44,0,5,0
3377,1526,152.36,Portugal,Card Payment,Mobile,7,18,69.18,0,1,0
3378,3890,88.86,United Kingdom,Transfer,Tablet,19,14,170.55,0,3,0
3379,1124,86.35,Portugal,Cash Withdrawal,Web,17,8,84.48,0,0,0
3380,3755,886.26,United Kingdom,Transfer,Web,1,21,62.5,0,0,0
3381,517,287.29,Senegal,Cash Withdrawal,Web,19,23,56.45,0,0,0
3382,561,92.25,United Kingdom,Online Payment,Mobile,5,21,211.74,0,0,0
3383,2495,352.26,Senegal,Cash Withdrawal,Mobile,6,18,104.28,0,1,0
3384,1208,503.77,Germany,Card Payment,Web,15,28,155.16,0,2,0
3385,1244,253.2,Spain,Cash Withdrawal,Tablet,10,1,86.57,0,1,0
3386,1791,33.31,United Kingdom,Transfer,Mobile,7,28,84.45,0,2,0
3387,2004,56.12,Senegal,Transfer,Web,10,18,133.53,0,1,0
3388,681,54.75,Portugal,Card Payment,Mobile,23,31,104.85,0,0,0
3389,758,73.12,Senegal,Card Payment,Tablet,15,43,328.72,0,0,0
3390,587,29.99,Portugal,Online Payment,Web,5,21,161.05,0,0,0
3391,2632,51.55,Spain,Transfer,Tablet,11,21,110.66,0,2,0
3392,1316,117.72,Spain,Cash Withdrawal,Mobile,5,14,119.5,0,2,0
3393,2791,167.67,United Kingdom,Transfer,Tablet,10,26,107.45,1,2,0
3394,2058,330.84,United Kingdom,Online Payment,Web,19,25,127.53,1,0,0
3395,1377,159.19,Senegal,Card Payment,Web,9,24,57.7,0,0,0
3396,1861,40.64,United Kingdom,Cash Withdrawal,Web,7,19,89.07,0,0,0
3397,1461,169.88,France,Cash Withdrawal,Web,16,16,350.16,0,0,0
3398,1212,276.15,Senegal,Online Payment,Mobile,11,21,120.57,0,4,0
3399,2340,95.3,Germany,Transfer,Web,9,14,46.69,0,1,0
3400,151,185.46,United Kingdom,Transfer,Web,16,15,125.65,0,2,0
3401,512,97.62,Spain,Transfer,Web,2,21,92.86,0,2,0
3402,824,120.92,France,Transfer,Web,1,10,83.71,0,1,0
3403,3644,51.63,France,Card Payment,Web,5,26,88.56,0,3,0
3404,40,20.63,United Kingdom,Online Payment,Mobile,10,35,98.31,0,0,0
3405,501,246.01,Germany,Cash Withdrawal,Web,10,25,80.75,0,2,0
3406,1342,52.79,Portugal,Transfer,Web,16,24,97.95,1,1,0
3407,3537,45.73,Senegal,Cash Withdrawal,Web,21,15,111.13,0,3,0
3408,3561,179.13,Germany,Online Payment,Mobile,23,32,75.66,0,2,0
3409,3824,295.09,France,Online Payment,Tablet,2,18,80.79,0,1,0
3410,3333,355.74,Germany,Transfer,Tablet,19,13,160.4,0,1,0
3411,2577,299.73,Germany,Cash Withdrawal,Web,1,1,33.43,0,0,0
3412,3238,185.28,Senegal,Card Payment,Mobile,1,14,254.45,0,3,0
3413,1965,119.98,France,Card Payment,Tablet,7,22,113.17,0,1,0
3414,1395,178.11,France,Card Payment,Tablet,2,8,166.34,0,0,0
3415,2139,288.03,United Kingdom,Cash Withdrawal,Mobile,20,1,81.5,0,0,0
3416,3842,29.71,Spain,Cash Withdrawal,Tablet,21,35,137.7,0,0,0
3417,1519,174.82,Germany,Transfer,Tablet,11,25,98.88,0,2,0
3418,1346,76.91,Portugal,Cash Withdrawal,Tablet,4,31,39.34,0,4,0
3419,3452,85.47,Spain,Card Payment,Mobile,4,37,110.8,1,2,0
3420,1896,95.03,Portugal,Card Payment,Mobile,9,19,106.05,0,5,0
3421,2493,524.12,Germany,Card Payment,Web,0,23,320.92,0,0,0
3422,2168,61.26,United Kingdom,Cash Withdrawal,Web,3,27,80.93,0,2,0
3423,845,143.05,Germany,Online Payment,Mobile,16,24,313.18,0,1,0
3424,430,35.88,Senegal,Transfer,Tablet,6,11,84.23,0,0,0
3425,2060,109.0,United Kingdom,Online Payment,Tablet,3,19,233.49,0,0,0
3426,2498,586.94,Germany,Card Payment,Web,10,14,220.06,0,0,0
3427,93,53.3,Portugal,Transfer,Mobile,14,8,386.94,0,1,0
3428,1293,154.79,France,Online Payment,Web,18,8,56.96,0,4,0
3429,1531,31.27,Senegal,Cash Withdrawal,Tablet,16,5,22.46,0,2,0
3430,2957,90.84,Germany,Card Payment,Tablet,10,25,140.11,0,2,0
3431,82,74.83,Portugal,Card Payment,Mobile,18,20,115.61,0,2,0
3432,43,91.91,France,Transfer,Tablet,15,24,72.87,0,1,0
3433,1291,307.65,United Kingdom,Card Payment,Mobile,23,36,177.2,0,3,0
3434,2827,124.38,Spain,Cash Withdrawal,Tablet,3,6,102.06,0,2,0
3435,175,114.71,United Kingdom,Cash Withdrawal,Mobile,4,10,127.04,0,2,0
3436,847,78.03,Germany,Card Payment,Web,22,44,224.86,0,2,0
3437,843,571.43,Germany,Online Payment,Mobile,14,12,173.22,1,0,0
3438,2088,169.75,Portugal,Online Payment,Tablet,7,32,182.69,0,0,0
3439,2535,131.45,Senegal,Card Payment,Tablet,10,11,144.79,0,2,0
3440,3078,90.93,Germany,Card Payment,Web,20,8,68.69,0,2,0
3441,1009,219.18,Senegal,Cash Withdrawal,Web,12,14,118.76,0,4,0
3442,762,96.55,United Kingdom,Cash Withdrawal,Mobile,3,23,86.05,0,1,0
3443,3918,55.58,Portugal,Card Payment,Tablet,4,30,37.15,0,2,0
3444,1932,108.68,Germany,Transfer,Web,0,30,172.57,0,0,0
3445,1728,59.81,Portugal,Online Payment,Web,0,19,162.57,0,0,0
3446,726,175.97,Spain,Card Payment,Web,8,25,162.06,0,2,0
3447,2798,130.24,Germany,Card Payment,Mobile,3,27,275.19,0,4,0
3448,3928,297.08,United Kingdom,Transfer,Web,17,31,207.55,0,1,0
3449,1228,36.25,Germany,Cash Withdrawal,Mobile,11,15,222.09,0,4,0
3450,2742,181.0,Spain,Card Payment,Mobile,15,25,47.21,0,4,1
3451,585,97.57,Germany,Online Payment,Mobile,13,16,321.6,1,1,0
3452,3574,34.15,Senegal,Cash Withdrawal,Tablet,8,7,33.05,0,2,0
3453,2167,29.09,Spain,Transfer,Tablet,10,9,94.81,0,3,0
3454,2357,34.87,Germany,Card Payment,Web,15,34,102.73,0,2,0
3455,3525,136.06,Portugal,Card Payment,Tablet,5,28,158.71,0,0,0
3456,3516,479.18,United Kingdom,Online Payment,Web,10,30,33.27,0,3,0
3457,3505,80.68,Portugal,Transfer,Web,17,35,256.94,0,1,0
3458,3465,115.3,Germany,Card Payment,Web,8,46,338.54,0,2,0
3459,3965,471.07,Germany,Card Payment,Mobile,12,28,123.09,0,0,0
3460,3178,527.42,Portugal,Card Payment,Mobile,9,33,37.35,0,3,0
3461,3113,69.95,Spain,Card Payment,Tablet,15,24,91.46,0,1,0
3462,2671,95.05,Portugal,Cash Withdrawal,Tablet,7,13,167.19,0,3,0
3463,1164,170.31,Germany,Online Payment,Mobile,8,17,337.09,1,1,0
3464,2479,34.77,Senegal,Card Payment,Web,6,27,58.35,0,1,0
3465,1717,175.92,Senegal,Transfer,Tablet,4,23,175.71,0,0,0
3466,3226,86.47,France,Card Payment,Web,2,11,38.52,0,2,0
3467,3564,149.07,France,Card Payment,Tablet,1,28,32.79,0,1,0
3468,1892,156.4,France,Card Payment,Web,8,28,102.83,1,2,0
3469,2827,91.04,Germany,Cash Withdrawal,Mobile,18,33,163.25,0,2,0
3470,3199,86.85,France,Card Payment,Mobile,19,10,216.61,0,0,0
3471,405,97.34,Portugal,Transfer,Mobile,8,22,85.62,0,1,0
3472,2406,145.04,Portugal,Online Payment,Mobile,23,41,132.5,0,0,0
3473,3823,200.94,Spain,Online Payment,Mobile,5,18,249.78,0,5,0
3474,2032,98.66,United Kingdom,Transfer,Mobile,9,18,115.69,1,2,0
3475,2843,297.95,Portugal,Transfer,Mobile,13,16,99.66,1,1,0
3476,2548,63.39,Senegal,Card Payment,Mobile,9,9,73.74,0,0,0
3477,2817,206.73,Germany,Transfer,Mobile,15,22,35.14,1,0,0
3478,1838,129.88,Portugal,Transfer,Mobile,4,6,62.08,0,2,0
3479,1374,377.41,France,Online Payment,Web,23,28,151.73,1,2,0
3480,806,456.55,Germany,Card Payment,Mobile,10,19,57.62,0,1,0
3481,123,49.46,Senegal,Card Payment,Web,7,17,35.07,1,1,0
3482,2307,161.34,Senegal,Card Payment,Web,6,6,229.41,0,0,0
3483,3083,106.62,Senegal,Online Payment,Mobile,5,21,107.46,1,2,0
3484,3331,224.64,Germany,Card Payment,Tablet,16,7,38.71,0,3,0
3485,1597,77.47,Germany,Transfer,Mobile,3,13,65.37,1,1,0
3486,1296,66.18,Portugal,Cash Withdrawal,Tablet,13,35,47.56,0,1,0
3487,455,176.21,Spain,Transfer,Tablet,2,29,99.92,0,1,1
3488,1052,72.99,United Kingdom,Transfer,Web,1,1,520.21,0,1,0
3489,924,187.74,United Kingdom,Cash Withdrawal,Mobile,5,23,187.01,0,2,0
3490,1628,257.26,Senegal,Transfer,Web,5,21,80.38,0,3,0
3491,3094,53.39,Senegal,Transfer,Tablet,21,20,36.84,0,0,0
3492,1250,50.89,Portugal,Online Payment,Web,5,28,130.62,0,2,0
3493,2763,76.45,France,Online Payment,Tablet,20,28,125.14,0,1,0
3494,3781,172.18,France,Online Payment,Web,2,32,133.21,0,1,0
3495,1230,416.16,Portugal,Card Payment,Tablet,4,29,80.31,0,0,0
3496,2835,341.9,United Kingdom,Cash Withdrawal,Mobile,12,25,143.29,1,1,0
3497,2356,617.39,Portugal,Card Payment,Web,17,26,93.25,0,0,0
3498,700,345.85,Germany,Online Payment,Tablet,9,20,167.0,0,4,0
3499,3625,357.46,Germany,Cash Withdrawal,Web,17,1,192.92,0,4,0
3500,2105,103.29,Portugal,Online Payment,Mobile,6,16,204.56,0,0,0
3501,3719,120.87,Senegal,Cash Withdrawal,Web,14,32,147.02,0,1,0
3502,946,71.8,Germany,Card Payment,Tablet,3,15,172.76,0,3,0
3503,2539,266.88,Spain,Transfer,Mobile,13,15,64.91,0,1,0
3504,2340,568.02,Portugal,Transfer,Web,19,23,110.61,0,1,0
3505,3415,570.47,France,Cash Withdrawal,Mobile,8,11,100.85,0,1,0
3506,1108,38.45,Germany,Card Payment,Tablet,5,30,341.34,1,2,0
3507,2162,88.3,Germany,Cash Withdrawal,Web,13,24,259.6,0,3,0
3508,40,84.17,France,Card Payment,Mobile,6,6,41.8,0,2,0
3509,3846,30.74,Portugal,Transfer,Mobile,11,15,87.34,0,4,1
3510,853,149.37,France,Card Payment,Mobile,0,9,98.78,1,2,0
3511,1019,227.01,United Kingdom,Online Payment,Web,7,31,446.77,0,0,0
3512,14,66.46,Spain,Card Payment,Mobile,8,21,201.39,1,0,0
3513,95,119.46,Spain,Card Payment,Web,18,28,150.43,0,2,0
3514,3361,91.7,France,Transfer,Tablet,15,13,78.5,0,1,0
3515,3407,121.72,Spain,Online Payment,Tablet,22,17,51.74,0,1,0
3516,2220,117.26,Portugal,Cash Withdrawal,Web,17,20,127.12,0,0,0
3517,3862,126.63,Spain,Online Payment,Web,8,13,69.29,0,1,0
3518,95,53.47,Spain,Cash Withdrawal,Tablet,7,12,116.83,0,2,0
3519,397,141.31,Portugal,Transfer,Web,2,29,159.59,0,0,0
3520,349,1090.61,United Kingdom,Card Payment,Tablet,19,21,151.09,0,0,0
3521,1062,419.53,United Kingdom,Transfer,Tablet,9,34,34.12,0,2,1
3522,2605,121.18,United Kingdom,Card Payment,Mobile,11,18,105.52,0,3,0
3523,1138,149.47,Germany,Online Payment,Mobile,14,29,44.83,0,2,0
3524,2488,99.27,Spain,Cash Withdrawal,Web,18,25,64.09,0,2,0
3525,1657,27.61,Germany,Online Payment,Mobile,22,7,141.34,1,1,0
3526,566,187.64,United Kingdom,Card Payment,Mobile,22,21,149.81,0,4,0
3527,2821,325.18,Spain,Transfer,Mobile,20,6,275.8,0,3,0
3528,3779,162.68,United Kingdom,Card Payment,Mobile,12,16,45.38,1,1,0
3529,2052,57.03,Senegal,Online Payment,Web,22,36,224.43,0,5,0
3530,932,353.1,United Kingdom,Transfer,Web,9,23,154.53,0,5,0
3531,1411,57.49,Germany,Card Payment,Mobile,9,18,147.79,1,2,0
3532,3161,93.66,Spain,Transfer,Tablet,22,13,151.85,0,1,0
3533,2813,114.3,Germany,Card Payment,Tablet,5,32,89.94,0,1,0
3534,1418,236.65,Spain,Card Payment,Web,21,17,274.24,0,0,0
3535,3619,71.38,Senegal,Card Payment,Web,19,4,98.55,0,4,0
3536,1747,132.31,Germany,Card Payment,Mobile,2,26,118.6,1,3,0
3537,588,182.23,Germany,Card Payment,Mobile,2,22,95.65,0,5,0
3538,720,37.12,France,Transfer,Tablet,23,3,54.19,0,2,0
3539,282,194.25,United Kingdom,Card Payment,Mobile,0,27,112.71,0,1,0
3540,2181,107.57,Portugal,Cash Withdrawal,Mobile,15,21,241.66,0,4,0
3541,1332,36.03,France,Cash Withdrawal,Web,12,16,111.89,0,1,0
3542,1252,158.79,Portugal,Transfer,Mobile,14,8,51.94,0,2,0
3543,2597,379.2,United Kingdom,Online Payment,Mobile,3,24,118.06,0,2,0
3544,29,105.6,United Kingdom,Online Payment,Tablet,23,5,82.39,0,4,0
3545,3949,76.77,Portugal,Cash Withdrawal,Web,4,20,169.96,0,2,0
3546,3937,401.05,Germany,Card Payment,Web,13,24,256.44,0,4,0
3547,1302,536.65,Senegal,Transfer,Web,21,20,42.25,0,1,0
3548,16,124.49,Spain,Online Payment,Web,22,7,184.59,0,2,0
3549,3817,731.61,Portugal,Online Payment,Mobile,4,20,227.0,0,0,1
3550,3796,50.53,Spain,Online Payment,Web,17,22,133.38,0,3,0
3551,1105,75.87,Spain,Cash Withdrawal,Web,14,23,71.04,0,2,0
3552,2369,91.47,Senegal,Transfer,Web,0,26,55.51,1,1,0
3553,446,475.99,Spain,Cash Withdrawal,Tablet,18,1,143.59,0,0,0
3554,597,209.22,France,Transfer,Web,8,13,59.71,0,0,0
3555,1259,158.6,Portugal,Online Payment,Tablet,12,19,304.73,0,2,0
3556,618,131.91,Senegal,Cash Withdrawal,Tablet,13,24,133.85,0,0,0
3557,3077,142.73,United Kingdom,Transfer,Web,8,19,71.54,0,2,0
3558,3973,254.68,Germany,Cash Withdrawal,Web,20,6,64.96,0,3,0
3559,415,78.01,Portugal,Online Payment,Mobile,17,27,187.27,0,1,0
3560,1899,106.85,France,Card Payment,Tablet,13,19,52.48,0,6,0
3561,2774,106.56,Spain,Cash Withdrawal,Tablet,16,26,199.07,0,3,0
3562,2164,250.35,Spain,Cash Withdrawal,Tablet,13,8,80.75,0,1,0
3563,1660,247.56,United Kingdom,Card Payment,Web,3,21,101.28,0,1,0
3564,745,101.45,Senegal,Transfer,Web,9,33,38.15,0,2,0
3565,337,241.51,Portugal,Transfer,Mobile,0,25,74.08,1,1,0
3566,1274,99.96,Spain,Online Payment,Mobile,7,7,102.63,0,1,0
3567,2991,44.75,Portugal,Online Payment,Mobile,1,22,73.14,0,2,0
3568,2863,153.31,France,Card Payment,Tablet,14,29,97.64,0,1,0
3569,2476,299.64,Senegal,Card Payment,Mobile,8,12,206.9,1,1,1
3570,1220,235.56,Germany,Card Payment,Mobile,3,33,173.35,0,5,0
3571,406,123.92,Spain,Online Payment,Tablet,17,17,41.52,0,2,0
3572,430,21.67,Portugal,Online Payment,Mobile,11,1,108.11,0,2,0
3573,3078,96.58,Senegal,Cash Withdrawal,Mobile,18,15,86.5,0,1,0
3574,2606,68.38,Germany,Cash Withdrawal,Web,0,21,127.72,0,3,0
3575,3925,249.3,Germany,Cash Withdrawal,Mobile,10,15,103.16,0,0,0
3576,93,248.5,Germany,Transfer,Tablet,16,13,190.04,0,0,0
3577,2141,129.54,Portugal,Card Payment,Web,4,34,154.43,0,2,0
3578,231,148.76,Portugal,Transfer,Web,3,29,74.75,0,1,0
3579,113,115.75,Spain,Card Payment,Tablet,15,10,386.72,0,1,0
3580,3661,82.85,France,Online Payment,Web,15,29,111.1,0,0,0
3581,811,234.54,Germany,Cash Withdrawal,Mobile,1,36,74.95,0,3,0
3582,3537,174.78,Senegal,Card Payment,Mobile,9,28,168.78,0,1,0
3583,2935,70.01,Spain,Cash Withdrawal,Web,14,22,153.78,0,0,0
3584,61,52.29,France,Cash Withdrawal,Tablet,9,31,144.17,0,2,0
3585,874,90.49,Germany,Transfer,Mobile,3,7,312.37,0,0,0
3586,1575,177.54,Spain,Online Payment,Tablet,11,27,43.67,0,2,0
3587,2730,77.72,Germany,Card Payment,Web,14,15,67.52,0,0,0
3588,1790,660.99,Spain,Card Payment,Mobile,18,7,58.16,0,0,0
3589,1494,421.9,Portugal,Transfer,Mobile,10,22,230.47,1,0,0
3590,1666,152.66,United Kingdom,Transfer,Web,2,40,53.92,1,4,0
3591,892,289.89,France,Cash Withdrawal,Mobile,20,29,120.78,0,4,0
3592,3203,589.92,France,Cash Withdrawal,Mobile,22,29,203.29,0,1,0
3593,2205,42.65,France,Transfer,Web,17,29,68.72,0,1,0
3594,903,227.74,Senegal,Card Payment,Web,3,23,68.8,0,2,0
3595,3316,79.7,Senegal,Card Payment,Web,7,31,119.5,1,0,0
3596,3734,141.84,Senegal,Online Payment,Web,23,2,60.98,0,2,0
3597,2254,157.33,Germany,Cash Withdrawal,Web,22,20,102.76,0,3,0
3598,3555,209.67,Spain,Cash Withdrawal,Mobile,9,9,54.45,0,1,0
3599,1335,660.02,Senegal,Card Payment,Web,15,19,387.82,0,0,0
3600,637,118.31,Germany,Online Payment,Mobile,10,29,130.08,0,0,0
3601,1315,96.27,Portugal,Card Payment,Mobile,17,22,39.58,0,1,0
3602,3718,59.66,Germany,Cash Withdrawal,Mobile,4,6,256.47,0,2,0
3603,2306,255.45,Germany,Card Payment,Web,11,15,169.42,0,2,0
3604,3846,19.53,Portugal,Card Payment,Tablet,19,5,101.75,0,1,0
3605,1571,51.48,Senegal,Transfer,Web,9,8,116.33,0,1,0
3606,1515,179.03,United Kingdom,Online Payment,Web,14,8,146.09,1,1,0
3607,1809,428.61,Senegal,Card Payment,Web,6,27,195.13,1,4,0
3608,502,53.69,United Kingdom,Online Payment,Web,20,21,98.97,0,1,0
3609,3083,319.98,France,Online Payment,Tablet,23,16,137.28,1,0,0
3610,1303,63.87,United Kingdom,Transfer,Tablet,0,16,68.37,0,0,0
3611,1215,63.87,Senegal,Cash Withdrawal,Tablet,10,27,48.97,0,1,0
3612,1571,131.55,Senegal,Transfer,Tablet,5,15,128.18,0,2,0
3613,1616,28.11,Portugal,Online Payment,Mobile,14,22,81.23,0,1,0
3614,1230,171.49,Senegal,Online Payment,Web,13,6,91.59,0,2,1
3615,2674,58.84,Germany,Transfer,Mobile,15,12,246.4,0,2,0
3616,2894,74.39,France,Cash Withdrawal,Mobile,23,16,81.42,0,1,0
3617,1950,67.48,Germany,Transfer,Web,19,18,176.24,1,1,0
3618,1767,209.91,Portugal,Online Payment,Tablet,1,26,62.56,0,2,0
3619,124,482.08,United Kingdom,Online Payment,Tablet,21,1,166.27,0,1,0
3620,1371,106.97,United Kingdom,Transfer,Web,0,37,175.06,0,0,0
3621,2150,218.92,Spain,Transfer,Web,6,17,46.55,0,0,0
3622,3920,159.49,United Kingdom,Online Payment,Web,8,48,210.02,0,1,0
3623,2793,69.01,Portugal,Cash Withdrawal,Web,14,20,60.3,1,2,0
3624,2439,437.17,Germany,Online Payment,Tablet,10,20,320.5,0,3,0
3625,3484,311.99,Senegal,Card Payment,Mobile,16,1,95.39,0,2,0
3626,1954,69.76,France,Online Payment,Tablet,4,29,104.67,0,1,0
3627,245,491.56,Portugal,Transfer,Mobile,20,14,34.79,1,1,0
3628,3120,21.21,Senegal,Online Payment,Web,20,13,144.98,0,2,0
3629,495,208.59,Germany,Card Payment,Web,5,28,65.25,1,0,0
3630,2527,93.73,Spain,Cash Withdrawal,Mobile,9,41,150.45,0,3,0
3631,2364,81.33,Spain,Transfer,Mobile,11,14,93.39,0,3,0
3632,1741,73.87,Spain,Card Payment,Mobile,18,17,90.3,0,2,0
3633,122,92.43,France,Online Payment,Tablet,17,31,93.22,1,1,0
3634,3648,175.41,United Kingdom,Transfer,Tablet,12,5,138.4,0,3,0
3635,249,426.77,Germany,Card Payment,Mobile,14,1,311.22,0,2,0
3636,80,74.76,France,Card Payment,Web,6,9,81.08,0,3,0
3637,3638,233.38,United Kingdom,Card Payment,Mobile,9,22,141.11,0,1,0
3638,1693,50.77,Germany,Transfer,Web,8,28,169.74,0,2,0
3639,464,286.83,Germany,Transfer,Tablet,8,11,447.82,0,1,0
3640,990,59.69,Spain,Card Payment,Tablet,7,30,136.05,0,0,0
3641,1629,114.68,United Kingdom,Cash Withdrawal,Mobile,5,12,72.19,0,1,0
3642,2510,179.38,Spain,Cash Withdrawal,Mobile,22,6,81.26,0,2,0
3643,922,145.08,France,Online Payment,Tablet,5,13,171.84,0,1,0
3644,2216,117.75,Senegal,Transfer,Tablet,3,11,169.98,0,3,0
3645,2672,188.14,Senegal,Cash Withdrawal,Tablet,13,4,109.72,1,2,0
3646,2944,24.22,Germany,Online Payment,Web,20,1,64.03,0,0,0
3647,3535,69.99,France,Cash Withdrawal,Web,6,13,102.99,0,0,0
3648,3068,213.25,Portugal,Cash Withdrawal,Mobile,14,7,136.23,0,1,0
3649,2237,75.17,Germany,Cash Withdrawal,Mobile,13,30,315.19,0,3,0
3650,3087,93.24,Germany,Card Payment,Mobile,1,25,110.24,0,2,0
3651,3779,248.77,Senegal,Transfer,Tablet,1,19,69.19,0,1,0
3652,3704,112.24,United Kingdom,Cash Withdrawal,Mobile,19,19,60.7,1,0,0
3653,2345,79.89,Senegal,Transfer,Mobile,5,23,71.46,0,3,0
3654,845,74.27,France,Card Payment,Mobile,7,33,131.14,0,0,0
3655,3317,190.23,United Kingdom,Cash Withdrawal,Web,1,35,41.45,1,2,0
3656,927,150.02,United Kingdom,Cash Withdrawal,Web,22,21,185.92,0,0,0
3657,3504,204.26,Germany,Cash Withdrawal,Tablet,6,19,207.6,0,1,0
3658,1006,100.49,France,Transfer,Web,7,42,95.91,0,0,0
3659,1748,61.26,France,Card Payment,Tablet,0,10,93.7,0,2,0
3660,2206,81.98,Portugal,Transfer,Mobile,4,22,107.73,0,0,0
3661,3083,690.62,United Kingdom,Card Payment,Mobile,18,16,116.17,1,0,0
3662,3078,104.56,Spain,Online Payment,Web,19,18,100.91,0,4,0
3663,232,42.71,Senegal,Transfer,Mobile,15,37,143.19,0,0,0
3664,1884,62.89,United Kingdom,Cash Withdrawal,Web,5,24,82.26,1,2,1
3665,747,439.02,Spain,Cash Withdrawal,Tablet,2,11,114.86,0,4,0
3666,1401,477.54,Spain,Card Payment,Tablet,4,13,111.14,0,4,0
3667,2880,44.54,France,Card Payment,Web,11,13,173.29,0,1,0
3668,3868,29.85,Germany,Cash Withdrawal,Web,10,2,81.5,0,0,0
3669,2579,36.16,Germany,Cash Withdrawal,Web,3,23,94.02,0,1,0
3670,105,127.6,Spain,Online Payment,Mobile,14,12,146.71,0,1,0
3671,19,175.84,Spain,Transfer,Tablet,23,34,178.31,0,2,0
3672,1292,130.57,France,Cash Withdrawal,Mobile,6,3,105.04,0,1,0
3673,1450,222.1,Portugal,Transfer,Web,11,25,72.07,1,1,0
3674,860,246.75,Portugal,Transfer,Mobile,18,7,107.76,0,2,0
3675,2729,128.74,Senegal,Online Payment,Web,18,33,167.84,0,2,0
3676,1910,47.9,Spain,Transfer,Web,22,15,63.13,0,6,0
3677,629,24.11,Senegal,Transfer,Tablet,8,34,101.54,0,3,0
3678,2869,67.49,Spain,Card Payment,Tablet,5,10,114.49,0,0,0
3679,1240,120.78,Spain,Online Payment,Web,1,29,316.2,0,0,0
3680,3398,62.03,Spain,Transfer,Mobile,7,15,98.22,0,6,0
3681,2287,16.11,Germany,Cash Withdrawal,Mobile,11,24,83.42,0,0,0
3682,680,175.62,United Kingdom,Online Payment,Tablet,17,32,58.42,0,1,0
3683,1127,208.66,Senegal,Cash Withdrawal,Tablet,16,26,77.16,0,0,0
3684,2160,76.19,Spain,Transfer,Tablet,17,12,261.75,0,1,0
3685,2866,651.58,Germany,Online Payment,Mobile,12,12,114.58,0,2,1
3686,2081,282.41,United Kingdom,Online Payment,Web,4,18,67.86,0,1,0
3687,1485,484.56,United Kingdom,Transfer,Tablet,10,35,98.36,0,1,0
3688,2399,163.71,Germany,Transfer,Tablet,5,33,68.13,0,4,0
3689,36,152.78,Senegal,Transfer,Web,23,38,103.64,0,4,0
3690,1662,355.81,France,Cash Withdrawal,Web,5,25,325.88,0,1,0
3691,3115,119.65,United Kingdom,Transfer,Tablet,0,1,78.81,1,2,0
3692,3248,82.12,France,Transfer,Web,2,28,123.24,0,3,0
3693,2434,116.34,Senegal,Card Payment,Tablet,22,10,43.11,0,1,0
3694,3406,535.78,Portugal,Online Payment,Mobile,4,21,103.54,0,0,1
3695,3763,65.56,United Kingdom,Card Payment,Tablet,11,12,189.52,0,3,0
3696,1955,159.85,United Kingdom,Card Payment,Mobile,22,38,39.53,0,4,0
3697,3021,51.38,Senegal,Transfer,Mobile,11,15,158.64,0,1,0
3698,728,49.09,France,Transfer,Web,14,3,50.44,1,4,0
3699,911,139.21,Germany,Card Payment,Tablet,1,20,284.96,0,1,1
3700,2167,56.01,France,Online Payment,Web,21,23,113.53,1,3,0
3701,1640,472.09,Senegal,Online Payment,Mobile,15,8,63.3,0,3,0
3702,1602,125.57,United Kingdom,Transfer,Tablet,16,19,64.95,0,3,0
3703,61,53.04,Spain,Cash Withdrawal,Mobile,14,32,110.56,0,1,0
3704,370,66.94,Germany,Online Payment,Tablet,4,19,105.85,0,1,0
3705,843,53.02,France,Online Payment,Mobile,0,10,160.4,0,2,0
3706,1061,120.9,United Kingdom,Card Payment,Web,9,11,130.33,1,2,0
3707,407,22.63,Germany,Cash Withdrawal,Web,9,1,145.95,1,2,0
3708,1884,174.44,France,Online Payment,Web,21,33,56.24,0,3,0
3709,1953,47.29,Germany,Card Payment,Web,22,21,413.65,0,3,0
3710,1198,26.34,France,Card Payment,Web,13,12,76.72,0,0,0
3711,3516,88.36,United Kingdom,Card Payment,Tablet,17,19,128.54,0,2,0
3712,3424,118.69,Germany,Transfer,Mobile,9,1,95.83,0,1,0
3713,691,775.79,United Kingdom,Transfer,Web,9,9,237.77,0,1,0
3714,3149,126.94,Germany,Transfer,Mobile,8,21,262.97,0,1,0
3715,3261,272.68,France,Online Payment,Tablet,8,23,42.8,0,0,0
3716,45,131.51,France,Cash Withdrawal,Web,17,19,404.45,0,4,0
3717,3450,103.67,France,Online Payment,Tablet,18,1,40.14,1,0,0
3718,709,265.09,France,Online Payment,Tablet,22,13,107.41,0,2,0
3719,3922,173.16,Senegal,Cash Withdrawal,Mobile,16,20,104.67,0,3,0
3720,1282,572.44,Germany,Cash Withdrawal,Mobile,2,15,175.31,0,4,0
3721,1316,96.35,Spain,Card Payment,Mobile,18,5,109.6,0,4,0
3722,319,145.43,United Kingdom,Online Payment,Mobile,9,14,92.31,0,1,0
3723,1682,181.89,Portugal,Card Payment,Web,7,16,168.83,0,1,0
3724,2141,27.48,United Kingdom,Cash Withdrawal,Mobile,14,8,38.5,1,2,0
3725,338,211.95,Spain,Online Payment,Tablet,11,27,85.81,0,2,0
3726,1697,349.69,Germany,Transfer,Tablet,12,9,71.23,0,0,0
3727,3788,305.17,Senegal,Cash Withdrawal,Tablet,9,22,69.72,0,0,0
3728,1527,122.6,Spain,Card Payment,Mobile,4,18,104.86,0,1,0
3729,684,64.92,Spain,Card Payment,Mobile,16,11,175.12,0,3,0
3730,1862,51.08,Portugal,Online Payment,Mobile,9,14,58.52,0,2,0
3731,3084,226.73,Germany,Card Payment,Web,1,9,76.93,0,2,0
3732,1094,23.43,Germany,Transfer,Mobile,0,25,175.24,0,2,0
3733,2728,46.41,France,Card Payment,Web,15,18,51.91,0,1,0
3734,493,134.18,Spain,Transfer,Mobile,23,11,158.99,0,2,0
3735,3513,196.08,Germany,Cash Withdrawal,Mobile,19,32,63.46,1,1,0
3736,2082,35.3,Portugal,Online Payment,Web,6,32,63.9,0,1,0
3737,2449,52.96,Senegal,Online Payment,Web,6,12,135.96,0,2,0
3738,2785,17.4,France,Online Payment,Web,0,18,143.31,0,1,0
3739,2612,82.86,United Kingdom,Card Payment,Tablet,20,32,149.2,0,1,0
3740,3394,157.88,Senegal,Online Payment,Mobile,8,25,158.34,0,3,0
3741,3134,115.13,Portugal,Card Payment,Tablet,12,12,106.59,0,1,0
3742,1668,110.94,Germany,Transfer,Mobile,1,29,152.37,0,2,0
3743,668,157.97,Spain,Card Payment,Web,6,23,54.14,0,2,0
3744,727,52.71,Spain,Card Payment,Tablet,18,29,39.4,0,0,0
3745,2010,125.75,Senegal,Transfer,Web,22,19,80.55,0,0,0
3746,836,76.41,France,Online Payment,Mobile,14,28,244.75,0,0,0
3747,2187,71.2,Germany,Cash Withdrawal,Tablet,8,29,96.09,0,0,0
3748,647,52.1,Senegal,Transfer,Tablet,22,12,47.99,0,3,0
3749,2724,26.78,France,Card Payment,Tablet,7,28,191.84,0,3,0
3750,2621,302.96,Spain,Card Payment,Mobile,9,16,177.52,0,0,0
3751,1715,32.08,Germany,Card Payment,Web,19,33,92.76,0,1,0
3752,3357,341.4,Spain,Online Payment,Mobile,0,15,50.88,0,4,0
3753,2173,106.11,France,Cash Withdrawal,Mobile,17,16,115.35,0,2,0
3754,1139,49.5,Portugal,Transfer,Mobile,22,16,68.11,1,1,0
3755,2779,679.21,Portugal,Card Payment,Web,23,38,172.05,0,1,0
3756,2057,56.35,Senegal,Online Payment,Tablet,12,28,95.28,0,1,0
3757,909,61.96,Portugal,Card Payment,Web,20,11,94.61,0,0,0
3758,3108,81.56,Senegal,Card Payment,Web,20,26,38.18,0,1,0
3759,2380,242.47,Portugal,Transfer,Tablet,16,13,107.27,1,0,1
3760,3849,134.63,Germany,Card Payment,Mobile,15,34,129.24,1,4,0
3761,640,128.67,Germany,Cash Withdrawal,Mobile,14,1,480.6,0,0,0
3762,2102,126.08,Portugal,Card Payment,Tablet,20,14,375.62,0,1,0
3763,269,39.42,Germany,Transfer,Web,4,16,107.71,0,1,0
3764,1699,285.93,Spain,Transfer,Tablet,9,9,163.7,0,2,0
3765,1337,44.07,Senegal,Card Payment,Web,4,28,78.79,0,3,0
3766,3957,255.21,United Kingdom,Transfer,Tablet,20,32,67.41,0,1,0
3767,309,42.47,Germany,Card Payment,Web,18,12,42.63,0,1,0
3768,3624,305.35,Germany,Card Payment,Mobile,15,7,87.25,0,1,0
3769,2284,108.38,Senegal,Transfer,Mobile,7,28,49.74,0,2,0
3770,2604,75.13,France,Online Payment,Mobile,21,19,135.03,0,2,0
3771,1104,113.67,France,Cash Withdrawal,Tablet,12,11,197.58,0,0,0
3772,1037,143.81,United Kingdom,Online Payment,Mobile,2,25,74.74,0,1,0
3773,1210,39.61,Portugal,Transfer,Web,5,4,131.41,0,1,0
3774,1671,257.46,Spain,Card Payment,Tablet,2,17,56.76,0,0,0
3775,913,74.62,Germany,Cash Withdrawal,Mobile,0,22,108.41,0,2,0
3776,2335,69.38,Germany,Online Payment,Tablet,1,20,116.06,0,1,0
3777,3118,127.1,Germany,Card Payment,Mobile,9,5,40.4,0,0,0
3778,3459,85.11,Portugal,Cash Withdrawal,Mobile,11,20,33.7,0,0,0
3779,1741,68.3,United Kingdom,Card Payment,Tablet,17,20,87.51,0,4,0
3780,3191,138.95,United Kingdom,Card Payment,Mobile,12,13,141.18,0,2,0
3781,3593,68.0,Spain,Transfer,Mobile,11,19,73.23,0,0,0
3782,2042,143.66,France,Cash Withdrawal,Web,22,28,66.29,0,0,0
3783,810,112.46,France,Transfer,Web,1,15,128.62,0,2,0
3784,2476,87.22,Spain,Online Payment,Web,18,3,92.45,1,3,0
3785,1272,108.39,Spain,Online Payment,Tablet,5,22,158.03,1,1,0
3786,1051,40.3,France,Online Payment,Mobile,5,4,250.11,0,3,0
3787,528,349.32,Senegal,Online Payment,Web,12,27,95.78,1,2,0
3788,3816,32.92,Spain,Online Payment,Mobile,6,22,46.81,0,2,0
3789,2417,351.95,Spain,Transfer,Tablet,23,34,55.82,0,2,0
3790,2246,157.16,France,Transfer,Web,17,22,111.41,0,2,0
3791,1638,77.99,Spain,Online Payment,Tablet,15,23,149.81,0,3,0
3792,3754,32.51,Germany,Card Payment,Web,3,19,183.85,0,1,0
3793,201,427.48,Spain,Cash Withdrawal,Tablet,7,12,123.7,1,1,0
3794,2163,58.78,Portugal,Transfer,Tablet,2,34,149.64,0,1,0
3795,41,124.93,Senegal,Card Payment,Mobile,9,16,147.73,0,1,0
3796,2697,833.16,Portugal,Online Payment,Web,4,42,80.97,0,4,0
3797,3867,335.3,Senegal,Cash Withdrawal,Tablet,20,6,67.36,0,2,0
3798,3567,111.67,United Kingdom,Card Payment,Mobile,9,28,147.35,1,3,0
3799,3325,545.64,Spain,Online Payment,Web,4,12,73.48,0,2,0
3800,1926,126.19,France,Card Payment,Tablet,19,43,77.39,0,0,0
3801,3412,65.87,Portugal,Online Payment,Web,5,21,397.43,0,2,0
3802,2857,522.4,France,Cash Withdrawal,Mobile,10,21,194.75,0,1,0
3803,620,225.58,Senegal,Transfer,Mobile,10,15,51.66,0,2,0
3804,3820,117.53,Germany,Online Payment,Web,19,8,89.2,0,0,0
3805,3864,173.67,United Kingdom,Online Payment,Mobile,18,18,69.97,0,3,0
3806,2234,293.95,Senegal,Cash Withdrawal,Web,17,5,82.41,1,1,1
3807,1941,434.54,Portugal,Cash Withdrawal,Mobile,20,21,248.68,0,2,0
3808,1674,59.81,Germany,Card Payment,Tablet,13,34,232.7,0,0,0
3809,627,26.84,Portugal,Cash Withdrawal,Mobile,9,27,355.24,0,4,0
3810,2011,44.9,United Kingdom,Card Payment,Tablet,5,26,65.31,0,0,0
3811,2690,47.22,France,Online Payment,Tablet,19,19,281.78,0,1,0
3812,53,86.89,Senegal,Online Payment,Web,15,12,49.25,0,0,0
3813,2033,509.72,United Kingdom,Card Payment,Mobile,13,34,100.88,1,1,0
3814,2717,72.66,France,Card Payment,Mobile,22,1,171.41,0,2,0
3815,3424,132.94,Spain,Card Payment,Tablet,6,43,211.06,0,2,0
3816,1883,57.69,Senegal,Transfer,Web,23,29,132.83,0,0,0
3817,1272,37.13,United Kingdom,Online Payment,Web,17,21,114.75,0,2,0
3818,2021,58.95,Germany,Card Payment,Web,23,1,83.28,0,1,0
3819,528,343.96,France,Cash Withdrawal,Mobile,0,6,155.97,0,1,0
3820,1317,608.72,Senegal,Card Payment,Web,20,33,85.69,1,2,0
3821,2283,48.23,United Kingdom,Card Payment,Web,22,27,60.45,0,3,0
3822,3539,74.85,Spain,Cash Withdrawal,Mobile,8,16,43.61,0,3,0
3823,1048,93.15,Senegal,Card Payment,Tablet,11,35,80.73,0,1,0
3824,2231,591.65,Portugal,Card Payment,Tablet,23,27,323.28,0,0,0
3825,3421,90.58,Germany,Cash Withdrawal,Web,22,15,152.46,0,4,0
3826,1499,36.75,France,Card Payment,Web,1,16,117.86,0,0,0
3827,12,308.51,Senegal,Cash Withdrawal,Mobile,18,22,82.68,0,4,0
3828,52,109.92,Portugal,Cash Withdrawal,Web,9,25,86.57,1,2,0
3829,76,199.67,France,Transfer,Mobile,2,32,200.13,0,0,0
3830,857,332.09,Spain,Online Payment,Web,5,18,57.04,0,0,0
3831,164,113.6,France,Cash Withdrawal,Tablet,17,18,147.72,0,4,0
3832,2574,183.94,Portugal,Card Payment,Tablet,14,12,203.79,0,3,1
3833,1605,1178.15,United Kingdom,Transfer,Tablet,22,23,184.38,0,1,0
3834,1566,211.62,United Kingdom,Online Payment,Tablet,19,23,94.08,0,1,0
3835,970,55.82,United Kingdom,Online Payment,Mobile,6,41,117.74,1,1,0
3836,1919,45.67,United Kingdom,Cash Withdrawal,Mobile,16,44,64.67,0,0,0
3837,3122,36.79,Germany,Online Payment,Mobile,16,13,93.88,0,2,0
3838,1979,95.6,Senegal,Transfer,Mobile,21,17,77.07,0,2,0
3839,2520,324.32,Senegal,Cash Withdrawal,Mobile,2,1,115.6,1,1,0
3840,3730,94.97,France,Online Payment,Web,3,31,198.08,1,1,0
3841,2268,18.78,United Kingdom,Card Payment,Web,5,26,167.54,0,0,0
3842,2696,467.84,Senegal,Card Payment,Tablet,20,33,206.85,0,3,0
3843,1863,109.5,Portugal,Transfer,Mobile,0,28,180.92,0,1,0
3844,1927,195.01,Portugal,Card Payment,Web,15,18,121.61,0,1,0
3845,1141,176.0,United Kingdom,Online Payment,Tablet,22,16,155.22,0,0,0
3846,2179,71.04,Portugal,Transfer,Tablet,6,20,131.09,1,1,0
3847,1185,155.97,Germany,Card Payment,Tablet,18,27,135.24,0,1,0
3848,1116,152.75,Germany,Online Payment,Web,13,6,204.84,1,1,0
3849,1017,113.42,United Kingdom,Online Payment,Mobile,11,4,213.75,0,3,1
3850,3069,80.43,Germany,Card Payment,Tablet,17,19,150.22,0,3,0
3851,1992,88.13,Spain,Online Payment,Mobile,6,4,57.02,0,3,0
3852,199,172.11,United Kingdom,Card Payment,Web,7,8,202.54,1,2,0
3853,1778,41.41,Senegal,Cash Withdrawal,Mobile,4,29,77.09,0,0,0
3854,360,120.81,Portugal,Online Payment,Web,0,32,93.43,0,3,0
3855,45,223.47,France,Card Payment,Tablet,3,24,78.57,0,2,0
3856,3035,48.03,France,Card Payment,Mobile,11,18,94.81,1,1,0
3857,1389,233.76,France,Transfer,Web,11,22,188.9,0,0,0
3858,1502,85.65,France,Card Payment,Tablet,20,20,77.11,0,0,0
3859,171,240.65,Senegal,Online Payment,Mobile,4,17,177.87,0,1,0
3860,3757,54.32,Germany,Cash Withdrawal,Tablet,10,32,124.53,0,3,0
3861,2582,199.55,Spain,Transfer,Mobile,10,11,302.07,0,1,0
3862,2478,122.78,United Kingdom,Cash Withdrawal,Web,7,16,584.02,0,3,0
3863,67,270.18,Portugal,Card Payment,Tablet,17,1,161.71,0,1,0
3864,1436,124.26,Spain,Transfer,Web,9,42,153.56,0,2,0
3865,1664,114.58,France,Transfer,Tablet,21,17,73.15,0,3,0
3866,2526,111.07,Germany,Card Payment,Web,22,19,72.56,0,0,0
3867,3972,217.46,Germany,Card Payment,Web,4,18,68.57,0,1,0
3868,1834,101.62,Senegal,Cash Withdrawal,Web,20,18,49.08,0,2,0
3869,3775,81.33,Germany,Card Payment,Mobile,6,12,39.08,0,2,0
3870,1500,311.43,Spain,Cash Withdrawal,Mobile,2,11,129.96,0,1,0
3871,18,168.05,Senegal,Online Payment,Mobile,21,8,51.49,0,2,0
3872,1734,148.2,Germany,Card Payment,Web,13,22,61.05,1,4,0
3873,2344,568.14,Senegal,Cash Withdrawal,Mobile,5,20,194.44,0,0,0
3874,1005,92.15,Spain,Cash Withdrawal,Web,14,25,19.87,0,1,0
3875,1538,76.64,United Kingdom,Cash Withdrawal,Mobile,3,1,207.6,0,3,0
3876,3847,216.83,Germany,Card Payment,Web,23,12,75.66,0,1,0
3877,3012,169.05,Senegal,Online Payment,Web,23,25,83.5,0,1,0
3878,1658,213.79,Spain,Transfer,Web,10,23,72.65,0,0,0
3879,963,314.04,France,Cash Withdrawal,Tablet,19,33,89.7,0,5,0
3880,2292,153.48,Germany,Online Payment,Tablet,0,29,194.73,0,3,0
3881,3163,32.43,France,Transfer,Tablet,22,24,99.33,0,2,0
3882,2995,117.63,Senegal,Cash Withdrawal,Mobile,0,19,93.66,0,1,0
3883,761,209.93,France,Card Payment,Tablet,11,18,115.38,0,2,0
3884,777,103.48,France,Online Payment,Mobile,21,14,112.67,1,1,0
3885,3526,1266.81,Germany,Cash Withdrawal,Web,1,38,113.47,0,1,1
3886,547,138.12,United Kingdom,Transfer,Mobile,12,23,80.24,0,2,0
3887,1885,209.68,Germany,Transfer,Web,5,32,115.96,0,1,0
3888,2548,177.22,Portugal,Transfer,Mobile,23,25,67.75,0,1,0
3889,577,107.99,Senegal,Transfer,Mobile,21,22,50.91,0,3,0
3890,1030,58.62,Portugal,Card Payment,Mobile,13,9,247.57,0,2,0
3891,3271,46.71,France,Cash Withdrawal,Web,4,20,114.26,0,3,0
3892,2703,108.01,Senegal,Transfer,Tablet,0,32,305.5,0,1,0
3893,3359,86.02,United Kingdom,Card Payment,Web,8,3,269.78,0,1,0
3894,1594,96.07,Senegal,Online Payment,Web,13,12,72.51,0,3,0
3895,285,239.62,France,Transfer,Mobile,0,23,172.24,1,4,0
3896,3231,122.85,United Kingdom,Transfer,Mobile,21,12,50.43,0,1,0
3897,1772,29.98,Portugal,Transfer,Mobile,15,32,188.85,0,2,0
3898,835,98.25,Senegal,Online Payment,Tablet,16,1,73.71,0,1,0
3899,1632,27.52,Germany,Cash Withdrawal,Tablet,15,24,51.22,1,1,0
3900,15,300.64,France,Cash Withdrawal,Mobile,7,20,127.3,0,0,0
3901,2517,287.78,United Kingdom,Transfer,Tablet,16,21,171.49,0,0,0
3902,1179,271.53,Senegal,Card Payment,Tablet,15,31,167.93,0,2,0
3903,220,185.5,France,Online Payment,Web,0,16,192.94,0,0,0
3904,1939,89.32,United Kingdom,Transfer,Web,14,47,198.16,0,1,0
3905,3793,752.06,Senegal,Online Payment,Mobile,0,17,113.13,0,2,0
3906,1659,56.35,France,Cash Withdrawal,Tablet,12,25,39.01,0,1,0
3907,3875,94.38,Germany,Card Payment,Web,18,18,118.02,0,0,0
3908,1990,118.49,Portugal,Transfer,Mobile,16,18,111.04,0,1,0
3909,2864,90.35,Spain,Online Payment,Tablet,18,11,89.04,0,1,0
3910,3450,147.5,Spain,Card Payment,Web,19,20,141.64,0,2,0
3911,141,54.09,Spain,Cash Withdrawal,Web,0,22,249.54,0,1,0
3912,3279,25.4,Portugal,Transfer,Mobile,13,16,125.01,0,0,0
3913,887,148.53,France,Transfer,Tablet,7,23,42.16,0,1,0
3914,1561,114.53,Senegal,Transfer,Mobile,5,19,353.57,0,3,0
3915,3828,118.63,Spain,Card Payment,Tablet,3,23,112.77,0,1,0
3916,3821,87.94,United Kingdom,Transfer,Web,0,4,135.61,1,2,0
3917,2806,38.17,Germany,Online Payment,Tablet,22,12,154.58,0,1,0
3918,564,232.13,France,Cash Withdrawal,Web,9,21,52.46,0,3,0
3919,2610,113.21,France,Cash Withdrawal,Web,22,1,276.27,0,3,0
3920,2014,50.67,Senegal,Transfer,Mobile,6,12,398.72,0,3,0
3921,2659,68.46,Germany,Card Payment,Web,21,6,58.03,0,0,0
3922,277,61.66,Germany,Card Payment,Web,22,21,71.71,1,2,0
3923,2859,261.79,Portugal,Cash Withdrawal,Tablet,20,7,31.11,0,3,0
3924,3063,124.52,Spain,Cash Withdrawal,Web,0,20,179.96,0,0,0
3925,1755,109.41,Portugal,Online Payment,Tablet,8,16,135.93,0,2,0
3926,790,141.41,Portugal,Transfer,Mobile,19,21,75.7,0,2,0
3927,825,68.61,Germany,Card Payment,Mobile,17,12,89.87,1,3,0
3928,1709,110.44,Senegal,Online Payment,Web,4,21,76.31,1,4,0
3929,1460,194.36,United Kingdom,Online Payment,Tablet,16,8,38.13,0,1,0
3930,2045,83.0,Portugal,Online Payment,Web,10,23,38.03,0,4,0
3931,2022,99.42,United Kingdom,Card Payment,Mobile,8,5,185.09,0,3,0
3932,29,180.79,Senegal,Online Payment,Tablet,14,18,77.1,0,1,0
3933,1700,803.28,Spain,Transfer,Web,21,28,37.83,1,1,1
3934,1568,101.56,United Kingdom,Cash Withdrawal,Web,3,18,139.09,0,1,0
3935,3530,110.29,United Kingdom,Cash Withdrawal,Mobile,16,12,64.97,0,1,0
3936,1213,253.42,Senegal,Transfer,Mobile,6,27,96.43,0,2,0
3937,1745,191.22,Senegal,Transfer,Web,15,14,46.42,0,5,0
3938,1854,43.78,Senegal,Transfer,Web,6,25,140.53,1,2,0
3939,3318,261.64,United Kingdom,Transfer,Mobile,16,21,54.36,0,1,0
3940,186,76.35,Portugal,Cash Withdrawal,Tablet,1,29,109.71,0,2,0
3941,915,144.25,Senegal,Cash Withdrawal,Tablet,2,28,116.01,0,1,0
3942,50,94.46,Spain,Online Payment,Tablet,2,27,120.92,0,0,0
3943,1986,85.94,Spain,Online Payment,Mobile,8,42,229.77,0,0,0
3944,1101,37.37,Senegal,Transfer,Web,12,20,34.12,0,1,0
3945,1224,127.94,United Kingdom,Card Payment,Web,6,30,42.01,0,0,0
3946,3080,70.97,Portugal,Online Payment,Web,16,26,107.9,0,2,0
3947,1319,110.87,Germany,Transfer,Tablet,8,8,101.04,0,1,0
3948,2395,175.1,Portugal,Card Payment,Mobile,21,34,294.87,0,1,1
3949,2938,77.16,Spain,Cash Withdrawal,Web,4,13,112.64,0,4,0
3950,182,78.72,France,Card Payment,Web,16,10,189.21,0,3,0
3951,1361,58.01,Spain,Cash Withdrawal,Tablet,0,17,179.96,0,1,0
3952,630,189.41,Senegal,Transfer,Mobile,18,7,66.51,0,0,0
3953,1930,480.37,United Kingdom,Online Payment,Web,11,6,101.09,0,3,0
3954,466,365.68,Portugal,Cash Withdrawal,Mobile,16,1,88.24,0,3,0
3955,3724,238.86,Portugal,Transfer,Mobile,0,21,156.19,0,1,0
3956,529,53.85,Spain,Cash Withdrawal,Tablet,16,30,79.1,0,2,0
3957,3302,39.24,United Kingdom,Card Payment,Tablet,13,24,92.45,0,1,0
3958,901,123.02,France,Online Payment,Mobile,23,31,256.13,0,1,0
3959,1544,215.96,Portugal,Cash Withdrawal,Mobile,14,6,234.07,0,1,0
3960,3802,216.85,Spain,Transfer,Mobile,14,29,77.07,0,3,1
3961,1651,120.05,France,Transfer,Tablet,20,35,74.07,0,0,0
3962,378,233.1,Spain,Card Payment,Web,17,26,103.04,0,2,0
3963,601,95.98,Germany,Cash Withdrawal,Web,18,10,90.81,0,0,0
3964,2432,47.22,Senegal,Online Payment,Mobile,7,13,48.9,1,1,0
3965,902,215.3,Portugal,Online Payment,Mobile,14,12,105.39,0,1,0
3966,111,140.89,France,Transfer,Mobile,15,22,150.61,0,1,0
3967,148,209.34,Portugal,Online Payment,Web,8,44,59.46,0,2,0
3968,2572,59.49,Portugal,Online Payment,Mobile,21,7,127.92,0,0,0
3969,1909,36.75,Germany,Cash Withdrawal,Tablet,8,29,32.9,1,3,0
3970,1724,61.61,Germany,Cash Withdrawal,Web,6,11,185.16,0,2,0
3971,3353,29.14,Spain,Card Payment,Web,23,17,201.7,0,1,0
3972,1445,220.82,Spain,Card Payment,Web,15,25,246.01,0,0,0
3973,1240,222.18,United Kingdom,Online Payment,Mobile,12,14,75.47,0,2,0
3974,1080,50.4,Spain,Online Payment,Web,6,18,127.96,0,1,0
3975,3931,261.92,Senegal,Online Payment,Web,2,22,312.47,0,1,0
3976,2791,93.56,Senegal,Transfer,Mobile,20,24,126.06,0,1,0
3977,2589,90.08,United Kingdom,Card Payment,Tablet,17,14,112.11,1,0,0
3978,2651,56.3,Spain,Online Payment,Tablet,3,16,45.4,0,2,0
3979,3312,110.67,Senegal,Online Payment,Mobile,12,13,19.58,0,4,0
3980,3956,67.84,Spain,Card Payment,Mobile,1,15,225.5,0,1,0
3981,1971,269.37,France,Transfer,Web,17,8,73.7,0,1,0
3982,1126,69.01,Portugal,Online Payment,Tablet,9,23,170.01,0,2,0
3983,190,134.3,France,Cash Withdrawal,Mobile,13,10,56.67,0,2,0
3984,2516,70.49,Germany,Transfer,Mobile,10,26,177.89,0,2,0
3985,3279,260.36,Germany,Online Payment,Mobile,23,23,251.24,1,2,0
3986,3299,164.46,Portugal,Transfer,Mobile,10,23,172.91,0,0,0
3987,2791,36.89,United Kingdom,Online Payment,Tablet,1,13,33.13,0,2,0
3988,2150,422.8,Germany,Transfer,Tablet,8,16,139.71,0,1,0
3989,184,111.34,United Kingdom,Cash Withdrawal,Tablet,17,23,276.62,0,3,0
3990,1276,46.85,Senegal,Cash Withdrawal,Web,1,14,121.57,0,2,0
3991,3083,543.95,France,Transfer,Tablet,10,11,104.62,0,2,0
3992,2195,84.78,Germany,Card Payment,Web,20,16,48.47,0,6,0
3993,3181,321.73,Spain,Card Payment,Tablet,1,4,89.19,0,1,0
3994,3575,114.73,Germany,Online Payment,Tablet,1,11,194.21,0,0,0
3995,2617,61.2,United Kingdom,Cash Withdrawal,Web,13,9,72.53,0,1,0
3996,4000,838.79,Germany,Cash Withdrawal,Mobile,7,22,105.05,0,1,0
3997,3508,60.65,Germany,Cash Withdrawal,Mobile,2,36,41.8,0,0,0
3998,2512,162.14,United Kingdom,Online Payment,Mobile,15,24,80.02,0,1,0
3999,488,30.44,United Kingdom,Online Payment,Web,14,2,160.8,0,0,0
4000,3728,179.51,Portugal,Transfer,Tablet,14,35,137.12,0,1,0
4001,3940,305.1,Spain,Transfer,Tablet,1,20,70.63,1,1,0
4002,1358,29.08,Spain,Cash Withdrawal,Tablet,21,15,178.5,0,0,0
4003,3366,99.51,France,Transfer,Mobile,9,18,129.66,1,0,0
4004,3017,76.34,United Kingdom,Card Payment,Tablet,11,20,171.97,0,1,0
4005,1014,83.92,Spain,Online Payment,Web,0,38,69.93,0,2,0
4006,1229,109.79,United Kingdom,Online Payment,Web,22,25,207.75,0,3,0
4007,502,30.12,United Kingdom,Cash Withdrawal,Tablet,9,27,34.96,0,2,0
4008,1995,64.57,United Kingdom,Card Payment,Web,2,2,257.65,0,2,0
4009,3885,84.27,France,Transfer,Mobile,16,6,131.45,0,0,0
4010,2261,102.46,Senegal,Cash Withdrawal,Mobile,7,7,153.99,0,2,0
4011,1121,489.53,Portugal,Online Payment,Web,22,27,209.83,0,2,0
4012,1046,377.53,Spain,Transfer,Tablet,15,30,241.12,0,1,0
4013,3015,70.42,France,Transfer,Tablet,12,11,118.27,0,1,0
4014,989,142.22,France,Card Payment,Mobile,13,17,254.36,0,2,0
4015,3971,48.25,Portugal,Card Payment,Tablet,23,8,111.96,0,1,0
4016,3356,23.09,France,Card Payment,Tablet,6,33,69.3,0,2,0
4017,505,94.85,Spain,Online Payment,Web,13,14,120.64,0,1,0
4018,572,71.96,United Kingdom,Online Payment,Mobile,8,19,114.73,0,3,0
4019,132,75.28,France,Transfer,Mobile,21,17,178.13,0,4,0
4020,2514,105.13,Spain,Card Payment,Mobile,6,22,95.3,0,1,0
4021,2269,151.99,France,Online Payment,Web,11,10,45.64,0,5,1
4022,1943,205.09,Germany,Card Payment,Web,4,11,56.93,0,1,0
4023,1654,100.13,Senegal,Cash Withdrawal,Web,0,1,308.9,0,2,0
4024,3183,97.59,United Kingdom,Card Payment,Web,9,7,83.54,0,0,0
4025,1779,105.76,United Kingdom,Transfer,Web,1,34,164.69,1,0,0
4026,2006,261.5,France,Online Payment,Mobile,2,1,151.46,0,3,0
4027,1462,87.95,Portugal,Online Payment,Tablet,20,3,110.82,0,2,0
4028,647,731.29,Portugal,Transfer,Web,21,19,222.73,0,2,0
4029,1077,159.89,Senegal,Cash Withdrawal,Tablet,1,27,63.85,1,0,0
4030,3968,125.47,Spain,Cash Withdrawal,Mobile,5,13,91.5,0,3,0
4031,261,112.6,Portugal,Transfer,Web,9,7,71.23,0,1,0
4032,2251,9.4,Germany,Online Payment,Mobile,5,18,360.72,0,2,0
4033,2346,129.6,Senegal,Cash Withdrawal,Web,7,18,107.08,0,1,0
4034,3790,166.54,United Kingdom,Cash Withdrawal,Web,23,10,53.28,0,2,0
4035,2813,108.38,Germany,Cash Withdrawal,Tablet,6,14,109.59,1,2,0
4036,1068,309.18,Portugal,Online Payment,Tablet,16,26,61.99,0,3,0
4037,876,18.78,Senegal,Transfer,Tablet,0,27,430.8,0,0,0
4038,1170,223.08,France,Online Payment,Web,20,2,64.16,0,1,0
4039,796,96.55,Senegal,Cash Withdrawal,Tablet,1,17,180.4,1,0,0
4040,2196,98.28,Germany,Transfer,Mobile,9,2,69.47,0,1,0
4041,378,76.46,Senegal,Cash Withdrawal,Mobile,13,13,111.14,0,0,0
4042,2586,134.27,Senegal,Card Payment,Web,17,12,80.19,1,0,0
4043,186,119.52,Spain,Online Payment,Tablet,16,34,45.91,0,1,0
4044,1355,300.47,Germany,Card Payment,Web,20,30,49.69,0,0,0
4045,585,278.23,Germany,Transfer,Mobile,23,23,95.97,1,2,0
4046,735,73.36,Portugal,Transfer,Mobile,12,27,116.24,1,0,0
4047,223,159.92,France,Online Payment,Web,20,27,54.67,0,2,0
4048,2849,82.23,Senegal,Cash Withdrawal,Mobile,5,32,96.5,0,1,0
4049,1185,102.65,France,Card Payment,Web,13,27,55.55,0,1,0
4050,309,76.18,United Kingdom,Cash Withdrawal,Tablet,18,28,132.5,0,0,0
4051,3523,93.69,Germany,Online Payment,Mobile,6,31,53.75,0,1,0
4052,528,396.05,France,Transfer,Web,1,16,55.32,1,1,0
4053,3560,120.85,Spain,Transfer,Mobile,21,31,260.2,0,1,0
4054,573,47.16,Portugal,Card Payment,Mobile,21,11,213.26,0,0,0
4055,3483,186.03,Senegal,Card Payment,Mobile,8,25,849.66,0,2,0
4056,2359,94.92,Senegal,Transfer,Mobile,20,29,125.81,0,2,0
4057,1552,213.8,Senegal,Transfer,Mobile,7,15,278.95,0,0,0
4058,3410,64.92,Germany,Cash Withdrawal,Web,4,23,284.78,0,1,0
4059,1638,203.87,United Kingdom,Cash Withdrawal,Tablet,14,41,168.58,0,1,1
4060,1081,64.71,Spain,Online Payment,Web,6,40,90.34,0,1,0
4061,2989,71.51,Spain,Cash Withdrawal,Mobile,13,18,90.91,0,2,0
4062,1940,425.86,Portugal,Transfer,Web,21,26,113.53,0,0,0
4063,1477,430.99,France,Online Payment,Mobile,11,20,91.01,0,2,0
4064,1371,128.12,Portugal,Transfer,Web,12,49,60.28,0,2,0
4065,3470,18.88,Senegal,Cash Withdrawal,Web,12,27,75.84,0,0,0
4066,1009,84.44,Portugal,Card Payment,Tablet,13,23,243.23,0,1,0
4067,1937,171.06,United Kingdom,Transfer,Mobile,12,19,152.6,0,0,0
4068,653,226.82,United Kingdom,Online Payment,Web,12,13,226.61,0,2,0
4069,956,247.53,United Kingdom,Transfer,Tablet,18,32,105.16,0,1,0
4070,1671,66.66,France,Cash Withdrawal,Tablet,7,12,87.86,0,2,0
4071,3731,463.69,Portugal,Online Payment,Web,18,22,196.97,0,0,0
4072,1945,95.69,Senegal,Transfer,Tablet,14,15,65.54,0,2,0
4073,1714,58.77,France,Transfer,Web,8,23,150.19,0,1,0
4074,1683,196.87,Spain,Cash Withdrawal,Tablet,23,9,139.89,0,0,0
4075,108,144.47,Germany,Card Payment,Web,23,29,112.07,0,2,0
4076,1927,121.75,Spain,Transfer,Tablet,19,16,96.99,0,1,0
4077,3225,48.87,Portugal,Card Payment,Web,3,1,125.43,0,0,0
4078,3877,123.59,Spain,Card Payment,Mobile,12,10,90.63,0,2,0
4079,806,204.58,Portugal,Online Payment,Mobile,0,6,51.17,0,1,0
4080,853,137.2,Germany,Transfer,Web,1,25,133.29,0,2,0
4081,3401,449.69,Senegal,Card Payment,Web,17,17,52.74,0,1,0
4082,3928,156.21,Spain,Card Payment,Tablet,4,11,51.91,0,5,0
4083,852,82.59,Senegal,Transfer,Mobile,9,18,71.9,0,3,0
4084,3147,372.5,United Kingdom,Online Payment,Web,5,27,41.46,0,5,0
4085,591,45.89,Portugal,Transfer,Web,22,15,66.05,0,2,0
4086,841,276.98,France,Card Payment,Web,4,15,200.23,0,2,0
4087,3304,171.59,Spain,Cash Withdrawal,Mobile,6,18,205.25,0,1,0
4088,2072,232.73,Portugal,Card Payment,Tablet,3,19,46.25,0,1,0
4089,3732,108.79,Germany,Cash Withdrawal,Tablet,14,13,98.65,1,2,0
4090,2754,139.61,Senegal,Online Payment,Tablet,17,28,111.7,0,1,0
4091,2458,332.22,Senegal,Card Payment,Mobile,12,37,90.92,1,2,0
4092,3168,32.2,Spain,Card Payment,Mobile,12,20,207.61,0,0,0
4093,2465,346.08,United Kingdom,Card Payment,Mobile,6,18,59.09,0,1,0
4094,1114,34.09,France,Online Payment,Tablet,13,28,56.12,0,2,0
4095,841,33.64,Portugal,Cash Withdrawal,Tablet,3,23,84.71,0,2,0
4096,2235,123.44,Portugal,Cash Withdrawal,Mobile,23,11,71.6,1,0,0
4097,1779,77.01,Germany,Transfer,Mobile,2,1,237.75,0,4,0
4098,374,350.75,Senegal,Online Payment,Mobile,9,28,129.01,0,2,0
4099,2716,165.79,Portugal,Card Payment,Mobile,1,19,256.3,0,0,0
4100,3780,68.9,France,Card Payment,Mobile,16,24,122.51,0,1,0
4101,3495,78.03,Germany,Card Payment,Web,17,23,96.29,0,2,0
4102,297,140.39,Spain,Card Payment,Mobile,9,19,157.53,1,3,0
4103,3153,68.37,France,Cash Withdrawal,Tablet,23,8,109.49,0,1,0
4104,1070,312.59,France,Card Payment,Mobile,10,27,43.87,0,4,0
4105,2849,108.36,Germany,Card Payment,Web,18,9,72.94,1,2,0
4106,1566,57.89,Senegal,Card Payment,Web,15,8,91.02,1,0,0
4107,354,329.26,Germany,Card Payment,Mobile,4,24,56.33,0,1,0
4108,2793,34.27,United Kingdom,Card Payment,Mobile,9,20,58.79,0,3,0
4109,18,36.34,France,Card Payment,Web,2,15,149.35,1,1,0
4110,1882,161.4,Portugal,Cash Withdrawal,Web,4,15,93.03,0,1,0
4111,308,114.49,Spain,Transfer,Web,15,23,78.08,0,0,0
4112,1559,82.81,United Kingdom,Online Payment,Mobile,19,25,72.15,1,0,0
4113,3949,122.08,Senegal,Card Payment,Tablet,15,21,31.18,0,2,0
4114,2694,204.86,Germany,Card Payment,Tablet,9,22,99.77,0,1,0
4115,488,70.97,United Kingdom,Cash Withdrawal,Mobile,2,17,81.68,0,2,0
4116,1375,81.38,France,Cash Withdrawal,Mobile,13,11,158.56,0,3,0
4117,2712,58.12,France,Online Payment,Mobile,13,29,44.08,0,3,0
4118,1381,170.7,France,Cash Withdrawal,Mobile,20,22,149.16,0,0,0
4119,308,159.76,Senegal,Transfer,Tablet,11,30,169.4,0,1,0
4120,267,141.14,Portugal,Online Payment,Tablet,17,36,115.85,0,2,0
4121,2133,310.35,Spain,Cash Withdrawal,Web,12,24,153.93,0,2,0
4122,3890,58.34,Spain,Transfer,Mobile,0,8,48.0,0,1,0
4123,2576,270.41,Portugal,Cash Withdrawal,Web,14,27,290.51,0,1,0
4124,1647,51.76,France,Cash Withdrawal,Web,16,31,246.95,0,0,0
4125,755,150.49,Germany,Card Payment,Web,4,32,172.89,0,0,0
4126,2677,36.4,United Kingdom,Online Payment,Web,0,16,129.02,0,3,0
4127,1952,81.36,Senegal,Card Payment,Mobile,9,18,54.2,0,2,0
4128,1125,206.71,Senegal,Transfer,Mobile,12,1,235.17,0,3,0
4129,1725,30.31,France,Cash Withdrawal,Mobile,22,23,131.1,0,0,0
4130,421,30.42,Senegal,Card Payment,Tablet,13,17,72.44,0,0,0
4131,2754,17.23,United Kingdom,Card Payment,Web,4,14,72.05,0,2,1
4132,1670,189.75,France,Transfer,Tablet,23,3,77.26,1,2,0
4133,3248,218.09,Portugal,Transfer,Mobile,7,13,70.69,1,3,0
4134,717,268.5,Spain,Transfer,Web,0,12,119.7,0,2,0
4135,3549,79.81,France,Transfer,Web,19,16,68.37,0,2,0
4136,6,159.44,United Kingdom,Card Payment,Mobile,23,3,176.04,0,2,0
4137,2480,26.18,Senegal,Transfer,Web,3,14,168.52,0,1,0
4138,1422,86.33,Portugal,Card Payment,Web,6,6,148.08,0,1,0
4139,1815,32.77,France,Transfer,Tablet,16,12,112.03,0,2,0
4140,32,70.99,Germany,Cash Withdrawal,Mobile,20,30,131.35,0,3,0
4141,3918,66.52,Germany,Card Payment,Tablet,14,14,251.32,0,3,0
4142,3796,605.69,Spain,Card Payment,Mobile,0,5,53.82,0,1,1
4143,1179,75.87,Portugal,Cash Withdrawal,Mobile,9,34,198.24,1,1,0
4144,3110,80.86,France,Card Payment,Tablet,8,29,79.85,0,0,0
4145,3277,76.88,Germany,Cash Withdrawal,Tablet,20,1,82.65,1,4,0
4146,349,83.76,Portugal,Transfer,Mobile,12,26,69.35,0,1,0
4147,3739,71.43,Spain,Card Payment,Tablet,7,11,51.72,0,1,0
4148,473,97.49,Portugal,Transfer,Mobile,7,35,81.18,0,1,0
4149,3707,139.53,Portugal,Online Payment,Web,7,1,163.6,0,1,0
4150,2359,666.99,Senegal,Cash Withdrawal,Web,17,1,105.09,0,3,0
4151,2020,474.24,United Kingdom,Cash Withdrawal,Tablet,0,31,86.33,0,1,0
4152,2359,128.17,Portugal,Card Payment,Web,19,11,95.74,0,0,0
4153,201,92.08,Portugal,Cash Withdrawal,Web,4,33,74.92,0,1,0
4154,1758,239.35,Senegal,Online Payment,Mobile,23,31,142.88,1,1,0
4155,1883,15.54,France,Transfer,Web,8,16,93.31,0,0,0
4156,340,83.16,Germany,Cash Withdrawal,Mobile,14,22,194.2,0,3,0
4157,1714,323.75,Portugal,Card Payment,Web,18,10,55.17,0,0,0
4158,1466,183.9,France,Card Payment,Tablet,8,19,161.03,0,0,0
4159,2523,225.19,Spain,Transfer,Tablet,19,34,94.39,0,0,0
4160,1235,72.24,Germany,Online Payment,Mobile,10,14,471.36,0,0,0
4161,2178,118.82,United Kingdom,Transfer,Mobile,23,20,66.64,1,0,0
4162,871,67.93,United Kingdom,Card Payment,Mobile,8,29,94.38,1,2,0
4163,1261,63.51,Senegal,Cash Withdrawal,Web,7,27,161.31,0,4,0
4164,443,144.59,United Kingdom,Cash Withdrawal,Web,14,25,45.79,0,2,0
4165,3802,530.33,Senegal,Online Payment,Mobile,15,16,27.04,0,0,0
4166,665,178.55,United Kingdom,Transfer,Web,14,30,128.96,1,2,0
4167,873,396.0,France,Transfer,Tablet,10,12,114.43,0,1,0
4168,743,14.89,France,Card Payment,Web,20,5,120.85,0,1,0
4169,2152,128.98,Germany,Transfer,Mobile,8,16,194.78,1,0,0
4170,2479,45.87,Germany,Online Payment,Mobile,22,28,240.86,0,3,0
4171,647,292.26,Senegal,Online Payment,Web,5,36,179.34,0,1,0
4172,109,138.96,United Kingdom,Card Payment,Web,14,15,102.34,0,3,0
4173,3708,100.82,Senegal,Cash Withdrawal,Tablet,7,12,217.0,0,3,0
4174,1567,62.68,Spain,Transfer,Web,0,27,106.09,0,2,0
4175,3357,94.03,United Kingdom,Card Payment,Mobile,3,33,58.18,0,2,0
4176,2049,395.27,Senegal,Cash Withdrawal,Tablet,11,10,157.14,1,3,0
4177,1713,191.69,Senegal,Card Payment,Mobile,18,26,111.98,0,1,0
4178,1531,14.49,Spain,Transfer,Web,19,22,137.56,0,2,0
4179,9,99.16,Senegal,Card Payment,Mobile,22,25,94.11,0,1,0
4180,408,424.63,Germany,Transfer,Mobile,10,15,92.86,0,2,0
4181,1151,201.45,Portugal,Online Payment,Mobile,16,11,107.07,0,2,0
4182,2457,35.88,United Kingdom,Card Payment,Tablet,14,19,169.27,0,3,0
4183,3681,51.27,France,Transfer,Mobile,9,22,188.69,0,1,0
4184,3293,37.36,France,Transfer,Tablet,7,45,224.65,1,0,0
4185,2571,530.9,Germany,Online Payment,Tablet,2,20,226.14,0,0,0
4186,1807,151.49,Portugal,Cash Withdrawal,Mobile,14,7,85.78,1,2,0
4187,2519,162.05,United Kingdom,Cash Withdrawal,Mobile,21,10,144.52,0,2,0
4188,3769,139.09,Senegal,Online Payment,Web,13,22,28.73,0,4,0
4189,1393,219.99,Senegal,Cash Withdrawal,Mobile,21,14,78.84,0,3,0
4190,1713,230.51,Senegal,Transfer,Mobile,18,23,169.39,0,0,0
4191,2869,277.22,Portugal,Cash Withdrawal,Web,17,28,94.13,1,1,0
4192,3266,162.23,Portugal,Card Payment,Mobile,4,36,209.04,0,1,0
4193,1601,154.07,Germany,Online Payment,Mobile,12,27,57.19,0,0,0
4194,1752,120.66,France,Cash Withdrawal,Mobile,4,20,102.51,0,0,0
4195,505,78.59,Spain,Cash Withdrawal,Tablet,4,32,120.15,1,1,0
4196,3354,60.15,Portugal,Cash Withdrawal,Tablet,16,32,199.27,0,2,0
4197,2040,159.4,Senegal,Card Payment,Web,4,33,41.99,0,0,0
4198,165,90.12,Senegal,Transfer,Web,10,8,165.14,0,0,0
4199,3082,30.49,Spain,Transfer,Mobile,22,12,78.14,0,3,0
4200,1064,26.87,Germany,Cash Withdrawal,Tablet,21,5,100.99,0,1,0
4201,1557,14.04,Spain,Transfer,Mobile,15,16,160.3,0,1,0
4202,1057,147.02,Senegal,Online Payment,Tablet,17,27,76.78,0,2,0
4203,1691,164.45,United Kingdom,Card Payment,Web,6,20,61.01,0,3,0
4204,387,843.91,Senegal,Cash Withdrawal,Tablet,0,20,133.7,0,2,0
4205,671,119.43,Portugal,Online Payment,Web,9,16,109.51,0,3,0
4206,3249,473.17,France,Cash Withdrawal,Mobile,4,18,65.74,0,1,0
4207,1295,224.64,United Kingdom,Transfer,Mobile,15,8,266.7,0,2,0
4208,1607,40.24,United Kingdom,Online Payment,Tablet,15,4,397.5,0,3,0
4209,1808,86.19,Spain,Cash Withdrawal,Tablet,13,9,349.0,0,1,0
4210,3286,228.4,Spain,Cash Withdrawal,Tablet,11,21,150.3,0,0,0
4211,1667,322.19,Portugal,Transfer,Web,0,43,88.9,0,2,0
4212,3976,245.1,Spain,Online Payment,Web,12,9,121.79,0,1,0
4213,450,82.77,France,Card Payment,Web,4,11,198.5,0,0,0
4214,2913,350.87,Germany,Transfer,Tablet,7,8,127.29,0,1,0
4215,2515,177.2,Germany,Transfer,Web,21,14,203.37,0,1,0
4216,299,103.92,France,Card Payment,Web,13,12,107.78,0,2,0
4217,3691,74.49,Senegal,Transfer,Mobile,6,22,182.83,0,1,0
4218,2254,56.82,Portugal,Card Payment,Web,11,35,48.65,0,2,0
4219,1900,397.14,France,Cash Withdrawal,Mobile,16,16,72.53,0,0,0
4220,1880,216.57,Senegal,Transfer,Mobile,20,15,97.1,0,1,0
4221,1199,506.3,Germany,Transfer,Mobile,6,11,77.47,0,2,0
4222,640,47.14,Portugal,Card Payment,Tablet,22,31,169.66,0,1,0
4223,2940,188.91,Germany,Online Payment,Web,23,29,120.37,0,2,0
4224,1668,66.68,Portugal,Transfer,Tablet,4,32,133.6,0,0,0
4225,3310,475.88,Spain,Online Payment,Mobile,0,31,298.12,1,1,0
4226,3618,301.1,France,Card Payment,Mobile,23,26,49.08,0,0,0
4227,3761,381.77,United Kingdom,Transfer,Web,8,31,151.88,0,1,0
4228,834,38.67,France,Transfer,Web,14,28,104.82,0,2,0
4229,3879,72.7,Spain,Transfer,Tablet,17,31,171.88,0,0,0
4230,3032,63.05,Portugal,Card Payment,Tablet,6,15,43.44,0,1,0
4231,2622,51.57,Portugal,Cash Withdrawal,Tablet,9,3,124.5,0,2,0
4232,2456,141.01,France,Card Payment,Tablet,11,22,262.85,0,0,0
4233,2930,195.18,Senegal,Card Payment,Mobile,4,27,82.81,0,1,0
4234,3552,179.65,Senegal,Transfer,Web,1,8,111.58,0,1,0
4235,3583,250.22,Senegal,Card Payment,Mobile,10,9,81.24,0,0,0
4236,1414,128.68,Spain,Card Payment,Tablet,1,30,188.74,0,3,0
4237,2088,76.76,Spain,Card Payment,Web,8,16,75.47,0,0,0
4238,252,210.62,United Kingdom,Transfer,Mobile,11,13,123.89,0,0,0
4239,1393,191.17,Senegal,Transfer,Web,6,37,73.99,0,3,0
4240,1125,68.46,Spain,Transfer,Web,9,9,123.08,0,1,0
4241,205,102.44,France,Card Payment,Tablet,20,22,231.47,1,0,0
4242,2115,69.45,United Kingdom,Online Payment,Web,14,36,173.0,1,4,0
4243,1847,112.44,Spain,Cash Withdrawal,Mobile,2,19,70.37,0,2,0
4244,634,152.22,Germany,Card Payment,Web,19,27,141.74,0,1,0
4245,2881,171.88,France,Online Payment,Tablet,3,26,44.19,0,2,0
4246,2114,51.32,Germany,Online Payment,Tablet,13,20,34.29,1,0,0
4247,1926,147.95,Germany,Online Payment,Web,18,23,125.68,0,0,0
4248,2720,183.59,France,Transfer,Web,2,18,34.1,0,2,0
4249,1315,435.66,Senegal,Cash Withdrawal,Tablet,6,14,60.38,0,0,0
4250,2637,44.98,Spain,Card Payment,Tablet,11,30,132.72,0,0,0
4251,615,434.63,Spain,Cash Withdrawal,Mobile,11,9,108.14,0,1,0
4252,2370,55.6,Portugal,Transfer,Web,5,10,72.6,0,3,0
4253,387,112.09,Germany,Online Payment,Web,17,15,127.66,1,1,0
4254,2210,139.04,United Kingdom,Online Payment,Web,17,12,99.2,0,1,0
4255,18,92.92,France,Card Payment,Mobile,16,7,26.82,0,2,0
4256,3383,57.33,Germany,Transfer,Web,12,1,143.93,0,1,0
4257,2652,510.54,France,Cash Withdrawal,Web,2,19,248.36,0,1,0
4258,2909,150.91,Senegal,Transfer,Web,4,8,165.31,0,2,0
4259,1229,616.93,Germany,Card Payment,Mobile,0,7,113.95,0,0,0
4260,781,28.46,Senegal,Online Payment,Mobile,23,27,71.11,0,0,0
4261,3136,183.11,France,Transfer,Web,15,25,139.55,0,0,0
4262,3892,193.32,Senegal,Card Payment,Tablet,9,1,181.48,1,2,0
4263,3001,112.11,Germany,Online Payment,Mobile,0,18,138.56,0,2,0
4264,1813,97.9,Senegal,Transfer,Mobile,1,32,170.93,0,6,0
4265,1142,49.0,France,Transfer,Web,21,16,220.01,0,1,0
4266,2777,68.4,Senegal,Cash Withdrawal,Tablet,21,40,234.58,0,5,0
4267,2713,287.7,Germany,Online Payment,Mobile,19,32,28.34,0,1,0
4268,3700,75.23,Germany,Card Payment,Tablet,18,1,32.22,0,3,0
4269,1541,136.6,United Kingdom,Online Payment,Web,12,29,75.23,0,0,0
4270,1213,141.08,Senegal,Online Payment,Tablet,7,1,255.32,0,4,0
4271,66,448.93,Senegal,Cash Withdrawal,Mobile,5,9,57.35,0,4,0
4272,3871,58.88,France,Online Payment,Tablet,22,1,405.19,0,1,0
4273,2557,146.06,France,Transfer,Mobile,2,23,133.56,0,1,0
4274,999,134.88,Spain,Card Payment,Web,0,13,117.86,0,1,0
4275,2752,29.87,France,Online Payment,Mobile,3,23,103.63,0,2,0
4276,2404,238.21,Senegal,Card Payment,Web,1,1,241.65,0,1,0
4277,284,506.02,Germany,Transfer,Web,0,14,75.45,1,2,1
4278,1644,109.32,United Kingdom,Transfer,Tablet,8,27,123.51,0,0,0
4279,2449,425.24,Germany,Transfer,Mobile,10,26,262.34,0,0,0
4280,848,105.36,United Kingdom,Online Payment,Mobile,19,24,199.07,0,1,0
4281,1651,801.62,Germany,Card Payment,Web,12,19,85.97,0,0,0
4282,2070,115.99,Germany,Online Payment,Web,21,10,41.79,0,2,0
4283,94,101.37,France,Card Payment,Web,22,9,80.36,1,1,0
4284,1734,146.79,United Kingdom,Transfer,Tablet,4,20,81.13,0,1,0
4285,1081,159.06,Spain,Transfer,Tablet,15,14,40.48,0,0,0
4286,162,329.16,Senegal,Transfer,Mobile,17,33,145.22,0,1,0
4287,1246,207.88,Portugal,Online Payment,Mobile,10,9,87.57,1,1,1
4288,3137,106.24,United Kingdom,Cash Withdrawal,Mobile,4,14,247.79,0,2,0
4289,3910,262.89,Portugal,Transfer,Tablet,1,22,116.99,0,3,0
4290,812,63.69,France,Cash Withdrawal,Web,20,30,205.03,0,2,0
4291,2920,153.21,France,Card Payment,Mobile,1,11,106.95,1,7,1
4292,215,198.15,Spain,Transfer,Mobile,17,22,157.69,0,2,0
4293,15,335.75,United Kingdom,Card Payment,Mobile,16,9,109.99,0,1,0
4294,1376,27.31,Portugal,Cash Withdrawal,Mobile,10,28,114.61,0,1,0
4295,3097,173.16,France,Card Payment,Tablet,23,12,108.7,0,2,0
4296,2893,75.78,France,Online Payment,Web,13,28,108.28,1,2,0
4297,1614,75.41,France,Card Payment,Tablet,2,12,37.77,1,3,0
4298,2602,150.66,Germany,Card Payment,Web,18,28,220.61,0,0,0
4299,2857,139.23,United Kingdom,Online Payment,Mobile,11,14,59.23,0,0,0
4300,3393,92.67,Senegal,Card Payment,Web,21,22,314.79,0,3,0
4301,3194,51.34,Portugal,Transfer,Mobile,19,22,84.92,0,0,0
4302,2477,113.24,Germany,Cash Withdrawal,Mobile,3,18,72.53,0,3,0
4303,3060,33.77,United Kingdom,Transfer,Tablet,13,20,196.37,0,1,0
4304,1672,405.47,Portugal,Cash Withdrawal,Tablet,0,30,97.97,0,3,0
4305,3328,56.89,Germany,Online Payment,Web,22,3,113.87,0,1,0
4306,1961,248.9,Germany,Transfer,Tablet,16,28,109.77,0,1,0
4307,1676,116.31,France,Online Payment,Tablet,16,18,79.19,0,3,0
4308,101,130.25,Senegal,Online Payment,Tablet,5,21,272.24,0,2,0
4309,2426,25.54,France,Transfer,Web,13,24,519.22,0,0,0
4310,2831,360.78,Spain,Card Payment,Tablet,22,31,259.4,0,1,0
4311,1627,267.06,Senegal,Online Payment,Web,5,6,140.17,0,0,0
4312,2467,62.66,Portugal,Card Payment,Web,9,29,84.35,0,4,0
4313,1303,35.89,Spain,Card Payment,Mobile,10,36,92.4,0,0,0
4314,1905,191.85,France,Online Payment,Web,19,18,101.69,0,2,0
4315,103,177.4,Spain,Transfer,Tablet,11,14,959.88,0,2,0
4316,1299,316.99,Senegal,Card Payment,Tablet,9,17,77.82,1,2,0
4317,3654,156.86,Germany,Cash Withdrawal,Web,17,12,57.13,0,2,0
4318,3906,383.88,France,Cash Withdrawal,Web,11,13,293.53,0,0,0
4319,1808,218.39,Senegal,Card Payment,Web,16,25,216.81,0,3,0
4320,2669,36.88,United Kingdom,Card Payment,Mobile,22,43,158.47,0,2,0
4321,2435,75.15,Portugal,Transfer,Tablet,14,16,89.58,0,4,0
4322,1432,326.68,Portugal,Online Payment,Mobile,20,16,170.1,0,0,1
4323,579,143.51,Spain,Transfer,Mobile,3,1,116.3,1,2,0
4324,1393,55.75,Portugal,Card Payment,Mobile,20,25,96.1,0,0,0
4325,148,32.19,Germany,Cash Withdrawal,Mobile,18,16,39.89,0,1,0
4326,2710,33.63,Portugal,Cash Withdrawal,Mobile,5,10,136.55,0,3,0
4327,1672,48.84,Spain,Transfer,Mobile,20,13,149.75,0,2,0
4328,3631,133.52,Senegal,Card Payment,Web,20,18,151.91,0,1,0
4329,3328,266.58,United Kingdom,Transfer,Web,20,29,493.83,0,0,0
4330,2875,20.79,Spain,Online Payment,Web,7,9,50.03,0,2,0
4331,2602,56.74,United Kingdom,Card Payment,Tablet,10,27,78.9,0,2,0
4332,377,154.52,Portugal,Cash Withdrawal,Web,12,25,49.88,0,2,0
4333,1506,787.54,Germany,Online Payment,Web,1,23,200.31,0,1,0
4334,2020,102.55,France,Cash Withdrawal,Tablet,9,17,44.88,0,1,0
4335,1042,89.61,United Kingdom,Card Payment,Web,12,20,126.59,0,0,0
4336,3995,156.09,Spain,Online Payment,Web,16,18,144.19,0,6,0
4337,1097,267.38,Spain,Transfer,Web,17,5,128.11,0,0,0
4338,3850,479.56,United Kingdom,Online Payment,Tablet,5,6,82.54,0,0,0
4339,885,226.86,Germany,Online Payment,Web,16,9,330.4,0,1,0
4340,3526,181.2,Portugal,Online Payment,Web,11,27,148.99,0,2,1
4341,2081,75.39,Spain,Cash Withdrawal,Mobile,5,14,90.05,0,1,0
4342,3160,112.06,Spain,Transfer,Tablet,20,13,124.68,0,1,0
4343,3996,64.57,Portugal,Online Payment,Tablet,22,2,72.26,0,0,0
4344,1459,85.64,Senegal,Cash Withdrawal,Web,1,18,142.68,0,2,0
4345,2441,204.92,France,Cash Withdrawal,Web,14,14,89.61,0,2,0
4346,210,264.29,Germany,Transfer,Web,5,16,80.02,0,1,0
4347,3107,474.23,France,Card Payment,Tablet,14,18,68.6,0,2,0
4348,2008,123.99,France,Cash Withdrawal,Web,20,18,78.44,0,0,0
4349,2576,134.69,Portugal,Card Payment,Mobile,17,26,201.17,0,1,0
4350,565,52.64,United Kingdom,Cash Withdrawal,Mobile,11,26,51.62,1,0,0
4351,2856,60.76,Portugal,Card Payment,Web,10,13,159.72,1,4,0
4352,2304,53.83,Senegal,Cash Withdrawal,Mobile,10,16,53.92,0,1,0
4353,3723,84.18,Germany,Cash Withdrawal,Tablet,21,16,176.36,0,1,0
4354,917,123.17,Germany,Cash Withdrawal,Mobile,2,9,203.41,0,1,0
4355,412,233.76,Senegal,Transfer,Mobile,21,25,39.09,0,1,0
4356,3560,240.81,France,Online Payment,Web,5,21,156.33,0,0,0
4357,611,72.73,Spain,Online Payment,Tablet,12,39,151.89,0,1,0
4358,1409,63.85,Senegal,Card Payment,Tablet,11,24,331.71,0,0,0
4359,2270,343.62,Portugal,Cash Withdrawal,Web,9,34,86.69,0,1,0
4360,2589,57.58,Germany,Card Payment,Tablet,20,43,151.94,1,1,0
4361,385,73.76,Senegal,Online Payment,Tablet,9,11,87.12,0,2,0
4362,3096,163.29,Portugal,Transfer,Tablet,14,1,320.86,0,0,0
4363,1712,136.7,France,Online Payment,Mobile,17,28,112.83,0,0,0
4364,819,126.54,France,Online Payment,Web,12,15,88.17,1,3,0
4365,3465,149.45,Senegal,Cash Withdrawal,Web,11,16,421.37,0,1,0
4366,3124,109.16,Portugal,Transfer,Web,8,27,71.27,0,2,0
4367,1738,151.76,Senegal,Cash Withdrawal,Tablet,3,43,232.24,0,1,0
4368,1811,99.64,Germany,Transfer,Mobile,18,23,87.39,0,1,0
4369,2339,57.18,France,Card Payment,Tablet,13,38,273.16,0,0,0
4370,963,205.68,Spain,Cash Withdrawal,Mobile,13,35,137.19,0,3,0
4371,1273,153.68,United Kingdom,Card Payment,Tablet,10,13,133.43,0,3,0
4372,2212,154.12,France,Transfer,Tablet,22,13,152.89,0,1,0
4373,2772,49.2,Senegal,Transfer,Mobile,8,8,80.09,0,0,0
4374,2176,61.69,Spain,Card Payment,Web,16,35,100.03,0,3,0
4375,2694,101.7,United Kingdom,Transfer,Mobile,4,18,217.44,0,2,0
4376,1642,356.13,United Kingdom,Cash Withdrawal,Mobile,21,23,201.23,1,2,0
4377,2959,102.84,France,Card Payment,Mobile,8,16,187.88,1,2,0
4378,1520,113.17,Germany,Online Payment,Web,5,32,56.18,0,0,0
4379,2943,357.66,United Kingdom,Cash Withdrawal,Tablet,0,10,144.02,0,0,0
4380,795,62.58,Senegal,Transfer,Tablet,9,24,69.04,0,2,0
4381,1526,294.51,France,Card Payment,Mobile,21,27,162.45,0,1,0
4382,2398,266.97,Germany,Online Payment,Mobile,21,23,86.48,0,2,0
4383,1672,83.07,France,Card Payment,Tablet,14,1,28.07,0,4,0
4384,3205,157.6,United Kingdom,Card Payment,Web,6,22,52.36,0,1,0
4385,3449,57.3,Germany,Transfer,Tablet,19,9,98.97,1,0,0
4386,2063,91.66,Germany,Transfer,Tablet,4,38,109.62,0,1,0
4387,1009,44.0,Germany,Card Payment,Web,14,10,93.16,0,1,0
4388,3187,64.35,Germany,Card Payment,Mobile,11,18,201.62,1,1,0
4389,1849,117.65,Germany,Card Payment,Web,20,19,149.48,0,3,0
4390,3034,27.46,Spain,Card Payment,Web,6,31,142.65,1,3,0
4391,210,96.0,Senegal,Transfer,Mobile,4,16,182.16,0,2,0
4392,3306,174.56,Spain,Transfer,Tablet,15,1,51.92,0,2,0
4393,873,130.86,Portugal,Cash Withdrawal,Tablet,11,6,84.71,0,2,0
4394,1296,229.1,Spain,Online Payment,Web,12,11,182.97,1,0,0
4395,195,431.94,United Kingdom,Card Payment,Tablet,23,27,83.32,0,2,0
4396,2806,111.67,Portugal,Online Payment,Tablet,11,15,109.74,0,1,0
4397,2913,37.71,Portugal,Transfer,Mobile,13,20,71.19,0,1,0
4398,310,269.69,France,Transfer,Web,5,6,89.01,1,2,0
4399,1285,118.73,Senegal,Transfer,Mobile,8,15,134.56,0,3,0
4400,1272,44.55,France,Transfer,Mobile,3,26,175.08,0,1,0
4401,693,33.98,United Kingdom,Transfer,Mobile,1,10,119.28,0,2,0
4402,2807,178.56,Portugal,Card Payment,Tablet,12,21,50.6,0,2,0
4403,2610,76.86,Germany,Transfer,Web,0,29,48.07,0,2,0
4404,2735,161.61,Portugal,Card Payment,Tablet,22,13,184.62,0,0,0
4405,1559,154.91,Spain,Card Payment,Web,23,15,179.73,0,2,0
4406,2655,44.19,Germany,Online Payment,Web,5,25,101.99,1,1,0
4407,531,382.81,Senegal,Cash Withdrawal,Tablet,22,8,145.62,1,2,1
4408,1942,144.66,Senegal,Online Payment,Mobile,13,23,122.62,0,1,0
4409,3570,97.78,Senegal,Cash Withdrawal,Mobile,5,27,190.62,0,1,1
4410,1521,117.29,Senegal,Card Payment,Tablet,2,8,48.77,0,4,0
4411,1245,60.57,United Kingdom,Cash Withdrawal,Web,13,35,239.59,0,2,0
4412,1620,443.41,United Kingdom,Cash Withdrawal,Web,3,13,290.57,0,2,0
4413,2042,60.52,Senegal,Transfer,Web,14,13,150.46,0,1,0
4414,2819,66.04,Portugal,Online Payment,Mobile,13,24,44.24,0,2,0
4415,437,54.86,France,Online Payment,Web,14,31,118.57,0,1,0
4416,1525,52.89,United Kingdom,Online Payment,Mobile,14,45,157.5,1,1,0
4417,3491,442.22,Spain,Online Payment,Tablet,9,19,69.36,0,1,0
4418,2988,125.9,France,Transfer,Tablet,20,6,185.89,0,1,0
4419,1183,95.27,Portugal,Online Payment,Mobile,9,22,82.7,0,0,0
4420,1562,142.16,France,Online Payment,Web,6,21,53.53,0,1,1
4421,3898,26.68,Portugal,Card Payment,Mobile,14,31,117.46,0,2,0
4422,1222,48.99,France,Card Payment,Web,5,9,368.89,0,1,0
4423,2462,317.12,Germany,Online Payment,Mobile,13,8,116.12,0,1,0
4424,1026,200.63,Germany,Cash Withdrawal,Web,17,21,144.31,0,3,0
4425,2092,215.81,Germany,Card Payment,Mobile,12,4,102.63,0,1,0
4426,948,119.94,Senegal,Card Payment,Web,17,1,118.73,0,1,0
4427,3771,170.36,Portugal,Transfer,Web,23,8,87.5,0,0,0
4428,3136,99.13,United Kingdom,Transfer,Tablet,4,19,87.62,0,1,0
4429,3884,87.2,Spain,Card Payment,Tablet,20,23,121.54,0,0,0
4430,1571,228.98,United Kingdom,Transfer,Web,2,2,86.09,1,2,0
4431,1545,154.75,Portugal,Transfer,Tablet,3,14,79.58,1,2,0
4432,526,88.87,Spain,Transfer,Web,15,27,80.47,1,0,0
4433,359,178.96,Spain,Card Payment,Web,22,21,66.35,0,2,0
4434,1641,86.56,Portugal,Card Payment,Web,10,29,145.14,0,1,0
4435,2987,118.72,Portugal,Cash Withdrawal,Tablet,15,18,92.97,0,2,0
4436,1839,91.69,Spain,Card Payment,Web,5,45,138.64,0,0,0
4437,2009,147.76,Senegal,Card Payment,Web,17,19,112.69,0,1,0
4438,1711,60.15,United Kingdom,Card Payment,Tablet,19,37,307.3,0,2,0
4439,3853,223.63,Senegal,Online Payment,Mobile,15,14,72.17,0,0,0
4440,3499,93.82,Portugal,Cash Withdrawal,Web,7,19,108.82,1,1,0
4441,3396,48.59,Senegal,Transfer,Tablet,14,20,352.08,0,0,0
4442,1444,39.98,Germany,Transfer,Tablet,13,3,67.12,1,1,0
4443,2494,503.86,Germany,Transfer,Web,17,32,81.72,0,0,0
4444,3438,64.73,France,Card Payment,Web,16,1,395.08,0,2,0
4445,194,74.31,Senegal,Transfer,Tablet,0,32,44.83,0,2,0
4446,2023,48.88,United Kingdom,Transfer,Tablet,22,26,413.89,0,0,0
4447,3287,52.31,Portugal,Transfer,Web,3,18,72.25,0,1,0
4448,1926,60.99,Spain,Cash Withdrawal,Web,18,7,99.39,1,1,0
4449,1272,107.8,Portugal,Card Payment,Mobile,15,21,71.05,0,1,0
4450,3071,328.38,United Kingdom,Cash Withdrawal,Tablet,10,28,146.36,0,1,0
4451,1725,54.3,France,Card Payment,Mobile,15,25,70.53,0,2,0
4452,893,149.02,Spain,Transfer,Mobile,10,12,369.13,0,0,0
4453,434,110.47,Germany,Cash Withdrawal,Mobile,19,1,71.64,0,2,0
4454,2285,154.14,Senegal,Cash Withdrawal,Web,13,29,63.54,0,2,0
4455,436,71.16,Portugal,Transfer,Tablet,6,5,85.77,0,2,0
4456,2852,58.91,Spain,Online Payment,Mobile,18,26,81.46,0,2,0
4457,401,271.81,France,Cash Withdrawal,Web,7,26,113.39,1,1,0
4458,3179,98.64,Senegal,Transfer,Mobile,15,15,279.47,0,2,0
4459,3019,395.83,United Kingdom,Card Payment,Tablet,18,26,105.19,0,0,0
4460,1485,153.41,Spain,Online Payment,Mobile,20,11,87.69,0,3,0
4461,2304,146.93,Portugal,Transfer,Tablet,3,9,352.18,0,1,0
4462,3654,127.84,France,Cash Withdrawal,Tablet,2,20,94.04,0,3,0
4463,273,172.17,France,Transfer,Tablet,15,17,121.36,0,1,0
4464,118,177.55,Germany,Transfer,Mobile,15,15,149.06,0,1,0
4465,3993,459.57,Senegal,Transfer,Web,4,32,15.22,0,0,0
4466,3011,306.56,United Kingdom,Card Payment,Tablet,19,2,87.38,0,1,0
4467,2957,47.06,France,Card Payment,Web,21,6,118.32,0,3,0
4468,962,214.49,Germany,Cash Withdrawal,Web,0,21,145.72,1,0,0
4469,2658,54.39,United Kingdom,Cash Withdrawal,Web,5,26,54.62,0,1,0
4470,3575,70.11,United Kingdom,Transfer,Tablet,21,16,164.79,1,0,0
4471,1003,133.19,United Kingdom,Card Payment,Tablet,19,11,101.1,0,1,0
4472,2874,58.82,Senegal,Card Payment,Tablet,23,13,38.87,0,2,0
4473,1378,210.65,Germany,Cash Withdrawal,Mobile,19,14,90.03,0,1,0
4474,1266,30.63,Germany,Cash Withdrawal,Mobile,19,26,40.25,0,2,0
4475,3676,680.88,France,Online Payment,Mobile,10,15,68.19,0,2,0
4476,1230,306.48,United Kingdom,Card Payment,Tablet,20,14,72.12,0,2,0
4477,3378,18.56,France,Online Payment,Mobile,21,8,231.07,0,4,0
4478,112,167.02,Portugal,Transfer,Web,12,37,105.73,0,1,0
4479,3070,42.79,Spain,Transfer,Mobile,20,23,208.24,0,0,0
4480,1566,110.3,Portugal,Online Payment,Web,18,20,87.59,0,1,0
4481,2458,64.49,France,Transfer,Tablet,11,18,87.95,0,2,0
4482,383,39.01,Spain,Cash Withdrawal,Mobile,2,37,114.33,0,3,0
4483,3091,664.25,France,Card Payment,Tablet,7,14,73.35,0,0,0
4484,1149,139.28,Portugal,Transfer,Web,0,29,69.53,0,1,0
4485,2099,881.06,Portugal,Transfer,Web,13,8,179.91,0,1,0
4486,2763,112.84,Spain,Transfer,Mobile,8,17,64.15,0,1,0
4487,3847,49.64,Portugal,Online Payment,Web,19,22,113.69,0,1,0
4488,1781,56.65,United Kingdom,Cash Withdrawal,Mobile,9,19,112.5,0,0,0
4489,1572,80.8,Spain,Transfer,Tablet,10,15,25.32,0,2,0
4490,837,112.35,United Kingdom,Card Payment,Tablet,11,10,68.17,0,1,0
4491,2292,635.35,Portugal,Cash Withdrawal,Tablet,8,21,170.11,0,0,0
4492,3456,261.87,Portugal,Card Payment,Mobile,18,21,60.01,0,0,0
4493,3579,127.07,Germany,Cash Withdrawal,Web,6,11,219.01,0,3,0
4494,3531,65.28,Germany,Online Payment,Web,1,48,140.06,0,2,0
4495,2251,40.15,Spain,Transfer,Mobile,1,12,100.8,0,0,0
4496,1394,161.3,United Kingdom,Transfer,Tablet,16,22,96.9,0,4,0
4497,1126,94.35,United Kingdom,Online Payment,Tablet,12,17,35.05,0,2,0
4498,1844,282.85,Spain,Cash Withdrawal,Web,0,11,159.28,0,4,0
4499,2869,58.97,Portugal,Card Payment,Web,18,22,263.17,1,2,0
4500,2545,69.04,Germany,Card Payment,Mobile,0,13,182.48,0,2,0
4501,2145,50.28,United Kingdom,Online Payment,Mobile,10,44,81.97,0,1,0
4502,1716,669.55,Germany,Cash Withdrawal,Mobile,20,24,181.75,0,2,0
4503,2070,221.76,Germany,Card Payment,Tablet,3,24,153.04,0,0,0
4504,1069,290.3,Spain,Transfer,Mobile,9,17,72.24,0,2,0
4505,1508,170.43,Spain,Online Payment,Tablet,16,35,112.98,0,1,0
4506,3795,81.84,United Kingdom,Cash Withdrawal,Mobile,20,17,136.64,0,0,0
4507,3510,153.65,Portugal,Transfer,Web,10,17,245.67,0,2,0
4508,2917,90.15,Portugal,Cash Withdrawal,Mobile,17,33,89.78,0,0,0
4509,2880,373.84,Spain,Transfer,Web,14,29,97.63,1,2,0
4510,3460,152.83,France,Cash Withdrawal,Mobile,21,24,164.69,0,2,0
4511,3569,259.88,Portugal,Online Payment,Web,23,23,86.51,0,3,0
4512,3404,284.7,United Kingdom,Card Payment,Tablet,13,18,114.77,0,2,0
4513,2650,183.01,United Kingdom,Transfer,Tablet,13,22,73.96,0,1,0
4514,2750,208.22,Germany,Transfer,Web,16,28,130.41,0,0,0
4515,3441,164.12,Senegal,Card Payment,Mobile,4,24,33.9,0,2,0
4516,2463,125.34,United Kingdom,Card Payment,Tablet,20,12,120.45,0,0,0
4517,2633,65.32,Spain,Cash Withdrawal,Mobile,22,30,109.98,0,1,0
4518,1541,159.48,Germany,Card Payment,Mobile,12,1,182.66,0,2,0
4519,3873,121.37,France,Online Payment,Mobile,8,7,93.08,0,0,0
4520,2576,378.85,Spain,Cash Withdrawal,Web,16,9,73.6,0,0,0
4521,3026,219.31,Portugal,Transfer,Mobile,3,1,121.7,0,3,0
4522,617,69.58,France,Transfer,Web,14,6,122.48,0,4,0
4523,2925,62.2,Portugal,Card Payment,Web,7,33,68.07,0,2,0
4524,1235,161.13,United Kingdom,Cash Withdrawal,Web,14,2,78.1,0,2,0
4525,1694,60.34,France,Online Payment,Mobile,12,33,233.84,0,1,0
4526,169,68.38,Spain,Online Payment,Web,8,16,83.18,0,1,0
4527,3518,266.38,United Kingdom,Cash Withdrawal,Tablet,9,25,129.52,0,1,0
4528,3438,41.76,Spain,Cash Withdrawal,Mobile,18,28,128.4,0,0,0
4529,3072,145.46,Germany,Cash Withdrawal,Mobile,7,12,56.0,0,0,0
4530,2284,91.61,Germany,Cash Withdrawal,Mobile,8,2,151.14,0,2,0
4531,3550,41.82,Germany,Online Payment,Web,11,26,13.94,1,2,0
4532,1437,47.73,France,Cash Withdrawal,Mobile,2,20,116.29,0,1,0
4533,851,57.75,Portugal,Transfer,Mobile,19,7,77.0,0,1,0
4534,2636,128.97,Portugal,Card Payment,Tablet,8,14,90.55,0,1,0
4535,1527,41.8,Germany,Cash Withdrawal,Tablet,16,25,128.96,0,3,0
4536,2959,158.05,United Kingdom,Cash Withdrawal,Mobile,16,7,77.34,0,4,0
4537,2682,275.39,Portugal,Online Payment,Web,7,33,220.81,0,0,0
4538,821,362.3,Portugal,Transfer,Web,13,19,76.41,0,1,0
4539,3750,214.11,Portugal,Card Payment,Mobile,8,28,96.89,0,5,0
4540,2338,233.59,Portugal,Card Payment,Mobile,1,24,164.74,0,1,0
4541,2396,80.81,Portugal,Cash Withdrawal,Web,2,1,172.12,1,1,0
4542,2449,102.53,Spain,Online Payment,Web,2,34,53.7,1,2,0
4543,3633,213.08,United Kingdom,Transfer,Tablet,14,12,57.81,0,2,0
4544,1747,86.79,Senegal,Cash Withdrawal,Tablet,9,28,76.5,0,1,0
4545,381,244.38,Spain,Online Payment,Tablet,15,6,148.89,0,3,0
4546,1891,83.83,Portugal,Online Payment,Web,21,27,54.16,0,1,0
4547,1571,51.07,Spain,Transfer,Tablet,19,3,203.51,1,2,0
4548,546,53.76,United Kingdom,Online Payment,Web,19,6,65.33,0,0,0
4549,2630,59.44,Spain,Card Payment,Web,22,8,272.05,0,5,0
4550,949,149.96,Senegal,Transfer,Tablet,22,10,128.88,0,2,0
4551,1171,79.48,Senegal,Cash Withdrawal,Web,15,38,25.48,0,4,0
4552,1730,192.02,France,Transfer,Mobile,8,17,143.26,1,1,0
4553,3587,432.75,Senegal,Online Payment,Web,1,16,57.27,0,2,0
4554,3554,518.41,France,Transfer,Tablet,18,8,154.94,0,1,0
4555,3004,20.82,Portugal,Cash Withdrawal,Mobile,8,30,120.54,0,4,0
4556,3390,26.13,France,Card Payment,Mobile,10,16,104.08,0,2,0
4557,69,30.42,Portugal,Transfer,Tablet,7,17,96.8,0,2,0
4558,925,111.33,United Kingdom,Card Payment,Tablet,23,34,125.44,0,3,0
4559,1665,98.52,Germany,Cash Withdrawal,Web,15,8,144.86,0,1,0
4560,3971,479.73,France,Cash Withdrawal,Mobile,16,7,114.79,0,0,1
4561,1456,274.55,Spain,Cash Withdrawal,Mobile,8,9,77.9,0,2,0
4562,3164,935.19,United Kingdom,Card Payment,Web,6,36,179.15,0,2,0
4563,3178,65.11,Spain,Cash Withdrawal,Tablet,5,15,127.41,0,3,0
4564,2468,84.16,United Kingdom,Cash Withdrawal,Tablet,19,40,205.77,1,3,0
4565,1244,204.71,Portugal,Card Payment,Mobile,17,32,301.42,0,2,0
4566,3309,409.25,Spain,Card Payment,Web,14,26,153.08,0,2,0
4567,882,178.29,Spain,Transfer,Mobile,18,5,137.17,0,1,0
4568,3911,69.88,Spain,Card Payment,Tablet,22,17,125.46,0,1,0
4569,804,100.57,Spain,Card Payment,Web,12,13,117.98,0,2,0
4570,2486,40.86,France,Cash Withdrawal,Mobile,3,17,105.17,0,2,0
4571,2353,645.12,Germany,Transfer,Mobile,18,12,133.83,0,1,0
4572,260,42.96,Spain,Cash Withdrawal,Mobile,15,24,78.25,0,1,0
4573,357,247.86,United Kingdom,Online Payment,Mobile,6,28,161.66,0,2,0
4574,2627,89.26,United Kingdom,Cash Withdrawal,Mobile,1,11,166.11,0,2,0
4575,160,258.5,France,Card Payment,Web,9,42,86.99,1,3,0
4576,361,42.69,Portugal,Card Payment,Mobile,19,13,56.16,0,1,0
4577,1477,275.31,Spain,Cash Withdrawal,Tablet,10,8,127.85,0,0,0
4578,3439,156.55,Portugal,Online Payment,Mobile,23,15,114.19,0,2,0
4579,3631,103.38,United Kingdom,Card Payment,Tablet,23,8,84.18,0,1,0
4580,403,44.41,France,Online Payment,Tablet,19,21,167.22,0,3,0
4581,1708,61.98,United Kingdom,Card Payment,Tablet,23,16,297.43,0,2,0
4582,3981,88.95,Senegal,Online Payment,Tablet,12,15,189.61,0,0,0
4583,242,187.17,Portugal,Transfer,Mobile,21,17,83.06,0,3,0
4584,506,57.65,Germany,Transfer,Web,16,6,112.75,0,4,0
4585,343,124.5,Portugal,Online Payment,Web,20,31,255.78,0,1,0
4586,1561,193.61,Spain,Online Payment,Mobile,0,32,44.76,0,0,0
4587,2034,84.27,Spain,Card Payment,Tablet,0,12,78.3,1,2,0
4588,570,90.86,Portugal,Cash Withdrawal,Web,4,26,99.98,0,1,0
4589,1868,172.23,Senegal,Transfer,Mobile,4,29,82.1,1,2,0
4590,2708,187.83,Germany,Cash Withdrawal,Tablet,10,29,144.79,0,3,0
4591,1041,125.6,France,Online Payment,Mobile,4,27,184.53,0,1,0
4592,1371,157.85,France,Card Payment,Web,21,16,111.4,0,1,0
4593,3289,204.58,Portugal,Card Payment,Tablet,4,19,131.25,0,1,0
4594,1637,194.47,Senegal,Online Payment,Mobile,9,12,95.31,0,2,0
4595,3832,79.01,France,Cash Withdrawal,Mobile,13,1,250.88,0,0,0
4596,3631,148.48,Germany,Cash Withdrawal,Web,12,10,93.4,0,0,0
4597,1398,45.4,Senegal,Card Payment,Web,2,24,56.57,0,0,0
4598,2394,132.05,Spain,Cash Withdrawal,Web,12,19,58.96,0,2,0
4599,145,45.58,Senegal,Online Payment,Web,20,37,255.23,0,1,0
4600,552,106.56,France,Online Payment,Tablet,16,17,138.4,0,1,0
4601,3605,272.8,Germany,Cash Withdrawal,Web,22,26,81.07,0,0,0
4602,2554,50.94,France,Card Payment,Mobile,12,1,136.46,0,1,0
4603,2651,111.91,France,Transfer,Tablet,0,13,104.04,0,1,0
4604,3275,102.31,Portugal,Transfer,Tablet,12,17,101.44,1,1,0
4605,3403,105.27,Spain,Cash Withdrawal,Tablet,14,11,151.25,0,1,0
4606,2366,22.51,Spain,Card Payment,Mobile,16,40,48.45,1,2,0
4607,3113,17.0,Portugal,Cash Withdrawal,Tablet,18,24,47.2,0,1,0
4608,2990,112.52,France,Transfer,Tablet,18,25,270.89,0,0,0
4609,2914,149.64,Senegal,Cash Withdrawal,Web,18,28,93.99,0,2,0
4610,956,111.65,United Kingdom,Online Payment,Mobile,17,27,60.62,0,1,0
4611,381,73.23,Portugal,Online Payment,Web,6,29,268.07,0,1,0
4612,1358,118.15,Portugal,Transfer,Mobile,21,20,95.62,0,0,0
4613,3309,65.21,Spain,Cash Withdrawal,Tablet,16,28,218.07,0,1,0
4614,3065,360.57,Germany,Cash Withdrawal,Web,22,26,85.71,0,0,0
4615,684,168.77,United Kingdom,Transfer,Mobile,16,8,81.81,0,2,0
4616,3691,293.54,Senegal,Card Payment,Tablet,6,31,144.44,0,1,0
4617,171,56.9,Germany,Cash Withdrawal,Web,17,37,92.13,0,1,0
4618,3408,58.38,Germany,Online Payment,Web,20,1,102.52,0,1,0
4619,3888,267.05,Germany,Cash Withdrawal,Web,17,23,112.89,0,2,0
4620,3007,35.42,United Kingdom,Cash Withdrawal,Tablet,15,17,114.66,0,1,0
4621,1464,122.15,Portugal,Transfer,Mobile,15,15,228.86,0,0,0
4622,3225,217.39,Portugal,Cash Withdrawal,Tablet,20,6,71.55,0,3,0
4623,2551,44.85,Germany,Cash Withdrawal,Tablet,22,4,200.53,0,1,0
4624,3961,52.81,Portugal,Card Payment,Tablet,20,29,88.18,0,3,0
4625,2802,279.66,France,Online Payment,Web,10,36,247.35,0,1,0
4626,2671,283.48,Senegal,Online Payment,Web,8,32,334.78,0,1,0
4627,1665,139.34,United Kingdom,Cash Withdrawal,Mobile,11,15,64.68,0,1,0
4628,3633,266.01,Senegal,Online Payment,Web,16,11,99.95,0,2,0
4629,2960,86.0,Senegal,Card Payment,Tablet,6,21,44.18,0,1,0
4630,753,62.43,Senegal,Card Payment,Web,6,32,197.28,0,4,0
4631,3017,156.61,United Kingdom,Online Payment,Tablet,20,37,56.43,0,1,0
4632,593,48.55,France,Cash Withdrawal,Tablet,23,1,47.73,0,0,0
4633,2459,165.76,France,Online Payment,Web,13,1,111.07,0,4,0
4634,2130,66.89,United Kingdom,Online Payment,Tablet,22,19,109.48,1,1,0
4635,2596,167.69,Spain,Card Payment,Web,0,36,39.85,0,1,0
4636,1229,191.99,Spain,Card Payment,Mobile,10,32,51.3,0,1,0
4637,992,606.17,United Kingdom,Online Payment,Web,23,41,51.29,0,0,0
4638,1337,95.41,United Kingdom,Cash Withdrawal,Web,0,12,133.0,0,1,0
4639,3656,52.29,Germany,Card Payment,Tablet,13,1,328.04,0,3,0
4640,3063,61.16,Germany,Transfer,Web,4,38,43.82,1,1,0
4641,845,256.68,Germany,Cash Withdrawal,Tablet,18,36,57.5,1,1,0
4642,628,376.83,Portugal,Cash Withdrawal,Web,14,7,102.19,0,0,0
4643,629,57.81,Spain,Cash Withdrawal,Tablet,1,15,260.92,0,0,0
4644,3610,294.08,United Kingdom,Cash Withdrawal,Tablet,20,33,108.45,0,2,0
4645,1008,56.7,Senegal,Online Payment,Web,10,28,127.06,0,1,0
4646,366,37.79,France,Online Payment,Mobile,13,23,204.36,0,3,0
4647,1519,53.79,Germany,Online Payment,Tablet,16,13,40.73,0,1,0
4648,11,73.32,Germany,Card Payment,Web,10,24,82.81,1,0,0
4649,2305,464.42,Portugal,Card Payment,Tablet,16,18,28.59,1,4,0
4650,1517,100.13,Senegal,Transfer,Tablet,21,20,154.6,0,2,0
4651,3251,154.1,United Kingdom,Transfer,Web,6,30,327.6,0,2,0
4652,1129,251.18,Spain,Transfer,Tablet,21,23,108.19,0,4,0
4653,2639,271.6,United Kingdom,Online Payment,Web,14,6,249.51,0,2,0
4654,3196,94.95,United Kingdom,Card Payment,Web,0,1,105.88,0,2,0
4655,2510,57.88,United Kingdom,Transfer,Tablet,9,6,126.14,0,0,0
4656,2200,37.68,Germany,Online Payment,Mobile,10,14,160.78,0,1,0
4657,716,117.91,France,Card Payment,Tablet,8,23,151.72,0,2,0
4658,221,203.35,Germany,Online Payment,Tablet,7,8,186.67,0,3,0
4659,863,38.86,United Kingdom,Online Payment,Web,3,6,357.24,0,3,0
4660,450,295.74,Senegal,Cash Withdrawal,Tablet,8,19,70.27,0,3,0
4661,3140,51.75,United Kingdom,Cash Withdrawal,Mobile,21,9,139.23,1,0,0
4662,1075,112.6,Portugal,Online Payment,Mobile,5,14,205.69,0,3,0
4663,3941,170.24,Spain,Cash Withdrawal,Web,8,14,84.44,1,0,0
4664,2655,72.12,Portugal,Online Payment,Web,3,13,96.95,0,3,0
4665,2658,342.55,United Kingdom,Online Payment,Mobile,19,27,281.52,0,2,0
4666,3526,1494.2,France,Cash Withdrawal,Web,11,7,64.59,0,1,0
4667,2762,19.06,Portugal,Cash Withdrawal,Web,23,29,325.6,0,1,0
4668,1484,484.07,Spain,Card Payment,Tablet,13,13,186.33,0,5,0
4669,3678,82.89,Spain,Cash Withdrawal,Tablet,20,12,53.87,1,3,0
4670,687,171.81,France,Transfer,Tablet,23,16,99.72,0,1,0
4671,1237,108.64,Germany,Card Payment,Web,0,25,60.77,0,0,0
4672,3305,560.09,Spain,Online Payment,Tablet,22,12,110.35,1,3,0
4673,2019,159.21,Portugal,Online Payment,Tablet,22,13,142.31,0,1,0
4674,2278,171.58,United Kingdom,Cash Withdrawal,Tablet,10,25,111.5,0,4,0
4675,888,79.4,Germany,Cash Withdrawal,Web,22,27,56.7,0,3,0
4676,1891,76.75,Senegal,Transfer,Tablet,12,24,42.45,1,2,0
4677,1426,158.05,Spain,Card Payment,Tablet,1,22,326.62,0,4,0
4678,145,130.29,Germany,Online Payment,Tablet,20,31,129.92,0,2,0
4679,2225,549.9,Germany,Transfer,Tablet,10,8,217.62,0,2,0
4680,3703,93.29,Portugal,Transfer,Mobile,23,24,73.58,0,0,0
4681,3198,157.46,France,Online Payment,Web,12,31,143.86,0,0,0
4682,811,880.11,Germany,Online Payment,Mobile,11,21,58.5,0,0,0
4683,2881,146.18,Spain,Online Payment,Mobile,15,22,114.47,1,2,0
4684,2188,74.6,Spain,Transfer,Web,2,23,66.9,0,1,0
4685,1415,620.25,Senegal,Transfer,Tablet,0,16,376.31,1,5,1
4686,2473,114.32,Germany,Cash Withdrawal,Mobile,15,24,84.65,0,0,0
4687,929,138.12,Germany,Online Payment,Tablet,7,27,81.11,0,2,0
4688,2979,364.15,Spain,Online Payment,Web,2,39,81.81,0,4,0
4689,3946,67.78,Senegal,Transfer,Tablet,21,25,107.52,1,2,0
4690,1869,18.57,Portugal,Transfer,Web,20,21,285.91,0,0,0
4691,3334,164.7,France,Online Payment,Mobile,16,20,111.32,0,0,0
4692,744,51.68,Portugal,Online Payment,Mobile,23,30,44.16,0,4,0
4693,1084,106.32,Portugal,Card Payment,Mobile,16,36,115.83,0,1,0
4694,1758,133.37,Spain,Card Payment,Mobile,4,31,182.64,0,2,0
4695,3264,61.1,France,Card Payment,Web,20,8,123.77,0,0,0
4696,652,143.04,Germany,Card Payment,Mobile,18,6,85.71,0,3,0
4697,2325,85.51,France,Cash Withdrawal,Tablet,9,8,49.24,0,2,0
4698,1305,73.53,Germany,Cash Withdrawal,Tablet,20,23,30.67,0,1,0
4699,2868,30.99,France,Transfer,Web,21,11,107.22,0,1,0
4700,3787,129.27,Senegal,Card Payment,Tablet,3,12,72.37,0,2,0
4701,2727,84.19,Portugal,Cash Withdrawal,Mobile,6,39,38.55,0,0,0
4702,2094,127.3,Senegal,Cash Withdrawal,Mobile,1,19,31.52,0,0,0
4703,2636,101.45,Spain,Card Payment,Tablet,18,16,50.44,0,0,0
4704,2959,33.3,Germany,Cash Withdrawal,Mobile,17,12,65.9,0,0,0
4705,2035,80.0,Senegal,Cash Withdrawal,Web,21,17,65.88,1,1,0
4706,306,411.23,United Kingdom,Transfer,Mobile,7,12,70.5,0,2,0
4707,3684,39.22,Senegal,Card Payment,Mobile,14,26,132.6,0,0,0
4708,1595,75.14,Senegal,Transfer,Mobile,16,40,65.05,0,4,0
4709,3769,61.03,United Kingdom,Online Payment,Web,1,14,259.88,0,2,1
4710,1728,110.4,Portugal,Online Payment,Web,3,34,98.87,0,0,0
4711,1905,67.63,Germany,Transfer,Tablet,19,27,168.0,0,4,0
4712,2680,34.96,Germany,Card Payment,Tablet,13,16,228.18,0,0,0
4713,604,44.64,Senegal,Cash Withdrawal,Tablet,16,12,69.94,0,0,0
4714,203,57.25,Portugal,Cash Withdrawal,Mobile,16,28,322.99,0,1,0
4715,184,82.92,France,Transfer,Web,9,23,40.75,0,1,0
4716,1052,184.79,Spain,Online Payment,Web,9,22,123.3,1,1,0
4717,1644,166.15,Senegal,Cash Withdrawal,Tablet,21,17,164.53,0,4,0
4718,84,112.56,Germany,Cash Withdrawal,Tablet,1,27,97.96,0,1,0
4719,3075,303.06,Germany,Card Payment,Mobile,9,16,217.6,1,2,0
4720,469,149.02,Portugal,Online Payment,Tablet,1,19,171.31,1,0,0
4721,3537,49.58,United Kingdom,Card Payment,Mobile,12,6,158.24,0,1,0
4722,1603,230.03,Germany,Card Payment,Web,8,19,113.14,0,1,0
4723,3778,592.99,France,Card Payment,Tablet,7,30,105.04,0,1,0
4724,568,106.64,United Kingdom,Transfer,Web,0,16,47.15,1,1,0
4725,2341,57.65,Portugal,Card Payment,Tablet,22,17,56.21,0,1,0
4726,1132,227.77,Spain,Card Payment,Mobile,19,30,90.56,0,1,0
4727,1508,437.88,Spain,Transfer,Tablet,9,33,105.19,0,1,0
4728,2617,59.95,Senegal,Card Payment,Web,11,14,144.07,0,0,0
4729,1337,36.94,Senegal,Online Payment,Web,10,13,75.31,0,1,0
4730,892,673.34,Portugal,Cash Withdrawal,Mobile,0,36,170.47,0,3,0
4731,1247,255.28,Senegal,Card Payment,Mobile,17,18,217.79,0,0,0
4732,1354,84.96,United Kingdom,Online Payment,Tablet,18,22,71.11,1,2,0
4733,3310,521.5,Spain,Online Payment,Mobile,15,12,100.88,0,0,0
4734,1991,426.54,Portugal,Card Payment,Mobile,1,12,211.31,0,0,0
4735,3718,67.31,Senegal,Cash Withdrawal,Mobile,4,22,115.25,0,3,0
4736,1565,151.93,Senegal,Cash Withdrawal,Mobile,12,11,105.37,0,1,0
4737,3117,311.17,Portugal,Cash Withdrawal,Mobile,7,5,146.94,0,2,0
4738,473,74.53,Spain,Online Payment,Web,14,20,131.6,0,1,0
4739,3514,231.99,Senegal,Card Payment,Web,8,25,117.34,0,2,0
4740,3909,74.38,Portugal,Online Payment,Tablet,20,16,121.2,0,1,0
4741,328,86.85,Portugal,Online Payment,Mobile,1,13,123.91,0,0,0
4742,2377,127.06,Germany,Online Payment,Web,15,16,61.04,0,2,0
4743,3557,33.08,United Kingdom,Card Payment,Mobile,9,24,40.27,0,4,0
4744,3518,55.11,Senegal,Cash Withdrawal,Tablet,14,23,79.12,0,2,0
4745,480,226.38,Spain,Card Payment,Web,12,30,184.67,1,3,0
4746,1186,46.19,France,Online Payment,Mobile,14,23,182.95,0,1,0
4747,3650,63.91,United Kingdom,Cash Withdrawal,Web,13,27,105.47,0,1,0
4748,210,94.0,Germany,Online Payment,Web,9,14,127.23,0,1,0
4749,2760,85.53,Portugal,Cash Withdrawal,Web,10,7,49.58,0,1,0
4750,3237,47.39,Germany,Transfer,Mobile,12,22,132.23,0,2,0
4751,2077,103.65,United Kingdom,Cash Withdrawal,Tablet,0,18,150.86,0,3,0
4752,2494,100.09,Spain,Cash Withdrawal,Tablet,12,31,109.18,0,2,0
4753,1708,55.77,Senegal,Online Payment,Web,23,30,100.21,0,1,0
4754,3778,130.8,Portugal,Online Payment,Mobile,6,9,65.01,0,1,0
4755,3203,188.95,Spain,Online Payment,Mobile,19,25,42.4,0,1,0
4756,1806,120.86,Germany,Online Payment,Tablet,11,20,94.61,0,1,0
4757,841,182.95,Spain,Online Payment,Mobile,12,20,79.08,0,3,0
4758,753,254.83,Portugal,Online Payment,Mobile,21,2,63.6,0,0,0
4759,1794,286.55,France,Cash Withdrawal,Mobile,4,40,63.71,0,1,0
4760,768,113.6,Portugal,Card Payment,Web,17,22,64.98,0,1,0
4761,688,325.12,United Kingdom,Transfer,Mobile,7,13,43.34,0,0,0
4762,991,344.61,Senegal,Transfer,Mobile,19,28,130.69,0,3,0
4763,1147,145.1,Germany,Card Payment,Web,22,23,100.94,0,3,0
4764,3900,239.48,Germany,Cash Withdrawal,Tablet,7,29,142.18,0,0,1
4765,2507,273.28,United Kingdom,Transfer,Mobile,10,25,71.62,0,2,0
4766,1324,33.81,France,Cash Withdrawal,Mobile,4,11,67.12,0,3,0
4767,2931,23.92,Senegal,Card Payment,Web,8,18,145.18,0,1,0
4768,2277,226.82,United Kingdom,Cash Withdrawal,Tablet,15,23,316.35,0,3,0
4769,437,46.05,Senegal,Card Payment,Web,5,29,102.28,0,5,0
4770,3705,161.78,France,Card Payment,Web,7,23,60.53,0,1,0
4771,1240,205.96,France,Cash Withdrawal,Web,0,38,131.87,0,2,0
4772,3897,272.06,Germany,Online Payment,Tablet,12,39,72.79,1,1,0
4773,937,56.03,Portugal,Transfer,Mobile,3,12,183.73,0,1,0
4774,1969,91.15,Senegal,Card Payment,Tablet,22,11,94.67,0,3,0
4775,3951,81.1,Germany,Transfer,Tablet,18,26,42.22,0,2,0
4776,1934,249.39,Spain,Online Payment,Mobile,16,28,82.87,0,2,0
4777,2866,48.37,Senegal,Cash Withdrawal,Mobile,9,16,107.11,0,2,0
4778,712,144.48,Spain,Card Payment,Web,21,16,140.17,0,0,0
4779,471,277.97,Germany,Card Payment,Mobile,6,13,45.75,0,2,0
4780,2075,42.53,Senegal,Online Payment,Mobile,0,32,147.9,0,0,0
4781,733,88.31,Spain,Online Payment,Web,10,21,40.07,0,1,0
4782,87,140.59,France,Transfer,Tablet,22,21,139.42,0,2,1
4783,2963,172.9,Germany,Cash Withdrawal,Web,11,17,82.35,0,1,0
4784,1129,63.29,Spain,Online Payment,Tablet,4,16,42.02,0,1,0
4785,228,145.38,United Kingdom,Online Payment,Web,4,15,429.64,0,3,0
4786,3030,32.51,Senegal,Card Payment,Web,5,1,116.43,0,1,0
4787,1833,575.5,United Kingdom,Cash Withdrawal,Mobile,1,23,164.55,0,4,0
4788,227,47.83,Germany,Cash Withdrawal,Web,23,26,63.01,0,0,0
4789,773,62.1,France,Card Payment,Tablet,11,17,159.11,0,3,0
4790,3695,69.2,France,Transfer,Web,17,20,213.02,0,2,1
4791,201,92.53,Senegal,Cash Withdrawal,Web,14,33,61.74,0,1,0
4792,552,68.81,Germany,Online Payment,Mobile,8,22,154.33,0,3,0
4793,2049,159.98,Portugal,Card Payment,Tablet,20,23,317.41,0,3,0
4794,182,316.69,Portugal,Card Payment,Tablet,13,25,47.62,0,1,0
4795,3996,205.03,Germany,Transfer,Mobile,19,12,135.96,1,4,0
4796,536,58.53,Senegal,Card Payment,Tablet,4,22,65.69,0,5,0
4797,518,143.36,France,Transfer,Tablet,4,17,165.03,0,0,0
4798,16,70.52,United Kingdom,Transfer,Web,18,28,46.02,0,1,0
4799,3726,51.06,Senegal,Cash Withdrawal,Tablet,20,13,70.94,0,3,0
4800,3321,106.71,Senegal,Card Payment,Web,6,19,135.13,0,1,0
4801,342,218.3,United Kingdom,Transfer,Mobile,14,20,150.44,0,0,0
4802,1240,434.85,Portugal,Card Payment,Web,5,20,53.8,0,2,0
4803,3387,100.47,France,Online Payment,Mobile,12,11,116.03,1,1,0
4804,2119,235.41,Spain,Transfer,Tablet,2,19,56.83,0,3,0
4805,3902,294.38,Germany,Online Payment,Mobile,20,27,103.11,0,3,0
4806,1967,339.02,France,Cash Withdrawal,Web,6,16,280.78,0,2,0
4807,3619,90.37,United Kingdom,Cash Withdrawal,Tablet,14,35,44.39,0,2,0
4808,3992,49.91,Germany,Cash Withdrawal,Web,3,29,45.09,0,1,0
4809,2913,38.52,United Kingdom,Transfer,Tablet,21,17,111.58,0,1,0
4810,2513,72.21,Spain,Card Payment,Mobile,8,38,90.19,0,2,0
4811,2625,55.91,United Kingdom,Transfer,Web,15,5,55.81,0,2,0
4812,208,164.64,Portugal,Card Payment,Tablet,1,25,110.04,0,0,1
4813,270,100.43,Germany,Cash Withdrawal,Web,7,6,53.3,0,3,0
4814,3601,193.34,France,Online Payment,Web,22,15,214.86,0,2,0
4815,567,115.47,France,Cash Withdrawal,Web,19,26,111.09,0,1,0
4816,1690,144.32,Spain,Transfer,Mobile,19,37,108.36,0,1,0
4817,1100,30.79,Portugal,Card Payment,Mobile,21,2,101.45,0,2,0
4818,446,57.61,Portugal,Card Payment,Web,5,35,154.69,0,3,0
4819,3734,399.77,Senegal,Cash Withdrawal,Web,10,21,156.42,0,5,0
4820,53,243.82,Senegal,Card Payment,Tablet,8,27,221.61,1,2,0
4821,913,65.4,France,Cash Withdrawal,Tablet,16,11,146.37,0,3,0
4822,3282,179.66,United Kingdom,Transfer,Mobile,18,19,74.55,0,3,0
4823,3252,282.47,Portugal,Cash Withdrawal,Tablet,13,24,66.68,0,0,0
4824,1972,527.3,Germany,Card Payment,Web,7,17,144.22,0,1,1
4825,692,36.81,France,Online Payment,Mobile,23,30,56.15,0,1,0
4826,968,150.95,Germany,Cash Withdrawal,Mobile,1,36,680.6,0,1,0
4827,2306,107.23,Senegal,Card Payment,Tablet,20,30,195.27,1,0,0
4828,1857,375.33,Germany,Card Payment,Tablet,9,28,394.34,0,2,0
4829,2003,100.78,France,Cash Withdrawal,Web,8,15,201.1,0,1,0
4830,3773,438.21,United Kingdom,Transfer,Tablet,7,16,45.59,1,0,0
4831,2453,26.3,France,Card Payment,Tablet,13,33,59.46,0,0,0
4832,3536,48.5,United Kingdom,Transfer,Tablet,6,6,86.74,0,1,0
4833,2354,195.36,Germany,Card Payment,Web,10,22,95.46,0,1,0
4834,2752,98.5,Spain,Transfer,Tablet,11,27,38.25,0,0,0
4835,2843,40.19,France,Cash Withdrawal,Web,6,13,120.86,0,1,0
4836,2093,124.93,Senegal,Transfer,Mobile,0,32,77.98,0,0,0
4837,1395,112.91,France,Transfer,Mobile,5,25,122.67,0,0,0
4838,416,190.25,France,Transfer,Web,15,12,225.86,0,1,0
4839,2335,465.26,Spain,Cash Withdrawal,Mobile,22,21,123.64,0,0,0
4840,991,112.06,France,Cash Withdrawal,Mobile,10,21,78.19,0,3,0
4841,515,143.97,France,Transfer,Web,3,7,34.17,0,1,0
4842,368,547.54,United Kingdom,Cash Withdrawal,Web,17,7,150.9,0,2,1
4843,2408,186.88,United Kingdom,Card Payment,Web,4,18,141.36,0,0,0
4844,2815,405.42,Portugal,Cash Withdrawal,Web,12,34,86.72,0,1,0
4845,2543,70.19,France,Cash Withdrawal,Web,2,22,112.74,1,1,0
4846,3281,87.57,Senegal,Online Payment,Tablet,2,19,316.68,0,3,0
4847,3369,202.6,Portugal,Cash Withdrawal,Mobile,11,5,152.0,0,1,0
4848,2821,80.59,United Kingdom,Cash Withdrawal,Mobile,19,25,120.42,0,0,0
4849,1365,83.96,Portugal,Online Payment,Web,11,1,131.11,0,4,0
4850,3817,1132.97,Germany,Online Payment,Mobile,5,6,76.92,0,1,0
4851,539,182.2,United Kingdom,Online Payment,Mobile,0,10,46.01,0,2,0
4852,3052,51.2,Germany,Transfer,Mobile,21,26,135.96,0,1,0
4853,1494,70.06,Portugal,Online Payment,Mobile,10,25,117.89,1,1,0
4854,4,84.95,Germany,Online Payment,Mobile,10,20,245.79,1,0,0
4855,1288,184.05,Spain,Online Payment,Tablet,11,23,149.23,0,3,0
4856,1825,66.12,Germany,Card Payment,Web,6,18,49.84,0,2,0
4857,1731,420.21,Senegal,Card Payment,Tablet,18,27,147.16,1,2,1
4858,3754,66.31,United Kingdom,Online Payment,Tablet,3,26,56.36,0,0,0
4859,2458,112.33,France,Online Payment,Tablet,16,41,43.8,0,4,0
4860,2433,60.55,France,Card Payment,Web,12,15,192.04,0,2,0
4861,996,427.46,Spain,Card Payment,Web,16,13,127.07,0,0,0
4862,1444,89.77,Senegal,Cash Withdrawal,Web,19,17,142.36,1,1,0
4863,145,72.77,Portugal,Online Payment,Web,12,4,99.57,0,1,0
4864,657,415.32,Germany,Online Payment,Mobile,16,27,437.04,1,0,0
4865,640,211.24,Portugal,Online Payment,Mobile,0,9,56.55,0,0,0
4866,460,43.12,Portugal,Cash Withdrawal,Web,4,1,186.86,0,3,0
4867,1441,31.88,Germany,Cash Withdrawal,Mobile,14,20,124.34,0,3,0
4868,2917,155.73,Senegal,Transfer,Mobile,12,20,63.97,0,3,0
4869,2132,325.4,Spain,Cash Withdrawal,Mobile,20,27,73.28,0,3,0
4870,2489,16.22,Spain,Transfer,Web,14,16,215.91,0,4,0
4871,1970,81.7,United Kingdom,Card Payment,Web,12,22,211.02,0,2,0
4872,1841,437.07,United Kingdom,Card Payment,Tablet,10,11,271.09,0,2,0
4873,345,145.99,Germany,Cash Withdrawal,Web,13,38,172.55,1,3,0
4874,3259,231.27,United Kingdom,Online Payment,Mobile,9,14,228.94,0,2,0
4875,2064,105.59,Senegal,Online Payment,Mobile,18,1,60.67,0,2,0
4876,133,60.37,France,Cash Withdrawal,Tablet,11,25,153.28,0,1,0
4877,877,100.81,France,Online Payment,Tablet,15,14,109.98,0,1,0
4878,2774,78.49,France,Card Payment,Web,15,18,35.15,0,1,0
4879,2425,354.84,France,Online Payment,Mobile,11,31,114.85,0,2,0
4880,630,127.88,Senegal,Card Payment,Mobile,8,20,109.12,0,1,0
4881,1536,92.81,United Kingdom,Cash Withdrawal,Web,0,16,70.67,0,1,0
4882,1212,240.24,Spain,Card Payment,Tablet,23,31,189.71,0,2,0
4883,2401,292.77,Spain,Transfer,Tablet,15,29,94.68,0,0,0
4884,2132,86.34,Spain,Online Payment,Mobile,9,15,60.98,0,2,0
4885,55,225.38,France,Cash Withdrawal,Mobile,16,26,146.38,0,2,0
4886,113,12.55,Senegal,Card Payment,Web,7,24,270.42,0,1,0
4887,2534,40.51,France,Card Payment,Web,22,26,216.16,0,0,0
4888,1793,36.99,Spain,Online Payment,Web,8,6,92.16,0,1,0
4889,2098,345.93,Spain,Online Payment,Tablet,6,5,143.96,0,3,0
4890,3271,188.24,Germany,Transfer,Mobile,10,9,341.53,0,2,0
4891,2589,188.88,Germany,Card Payment,Mobile,5,32,58.32,1,2,1
4892,920,220.6,United Kingdom,Card Payment,Web,12,12,151.84,0,0,0
4893,3474,962.76,Senegal,Transfer,Web,2,33,79.92,0,2,0
4894,3018,50.78,Senegal,Cash Withdrawal,Mobile,16,9,171.0,0,1,0
4895,3531,114.35,Spain,Card Payment,Web,2,25,159.47,0,1,0
4896,2907,133.46,Spain,Card Payment,Mobile,6,16,213.51,0,1,0
4897,2267,49.47,United Kingdom,Cash Withdrawal,Web,20,16,259.51,0,0,0
4898,1564,723.12,France,Online Payment,Mobile,10,24,112.61,1,3,0
4899,1323,136.23,Spain,Cash Withdrawal,Web,9,9,152.92,0,2,0
4900,3274,71.91,United Kingdom,Transfer,Web,17,3,76.36,0,2,0
4901,2967,89.25,Senegal,Transfer,Web,7,24,106.63,0,1,0
4902,171,142.43,France,Card Payment,Mobile,17,31,78.21,1,5,0
4903,2782,320.82,Germany,Card Payment,Web,3,22,146.51,0,2,0
4904,2351,90.49,Germany,Card Payment,Web,2,12,208.16,1,2,0
4905,3206,314.82,Senegal,Card Payment,Mobile,18,35,103.09,0,2,0
4906,3005,125.82,United Kingdom,Online Payment,Tablet,21,14,248.79,0,3,0
4907,2975,246.84,Germany,Online Payment,Tablet,17,23,153.98,0,0,0
4908,260,66.17,Senegal,Transfer,Web,2,12,92.26,0,1,0
4909,286,29.66,Spain,Card Payment,Mobile,17,18,87.67,0,0,0
4910,3887,119.5,United Kingdom,Card Payment,Tablet,22,20,103.08,0,1,0
4911,475,235.29,Germany,Card Payment,Web,9,23,176.16,0,1,0
4912,1697,79.71,Senegal,Cash Withdrawal,Mobile,12,21,26.85,0,1,0
4913,3349,64.98,Spain,Online Payment,Tablet,6,17,106.56,1,3,0
4914,1076,41.58,United Kingdom,Online Payment,Web,10,17,113.89,0,2,0
4915,625,52.6,Germany,Cash Withdrawal,Tablet,15,23,225.07,0,4,0
4916,1864,164.87,Portugal,Cash Withdrawal,Mobile,7,23,184.52,0,3,0
4917,1843,82.55,United Kingdom,Cash Withdrawal,Tablet,20,26,51.64,0,2,0
4918,2152,92.97,Germany,Card Payment,Tablet,7,12,135.26,0,0,0
4919,937,40.68,Germany,Cash Withdrawal,Mobile,5,2,55.49,0,1,0
4920,1231,61.62,Senegal,Card Payment,Web,0,28,97.57,0,1,0
4921,3314,89.48,Germany,Cash Withdrawal,Mobile,2,10,143.4,0,2,0
4922,1425,105.12,Germany,Online Payment,Mobile,2,16,101.85,0,1,0
4923,110,145.89,Spain,Online Payment,Tablet,10,12,230.31,0,0,0
4924,679,37.72,United Kingdom,Transfer,Web,1,32,192.96,0,0,0
4925,252,70.76,United Kingdom,Online Payment,Web,16,14,67.54,0,1,0
4926,3592,506.75,Spain,Online Payment,Tablet,20,17,125.57,0,1,0
4927,1113,166.53,Spain,Cash Withdrawal,Tablet,2,11,211.37,0,3,0
4928,1010,313.68,Germany,Card Payment,Mobile,1,16,94.84,0,1,0
4929,1920,38.14,Senegal,Card Payment,Web,15,21,189.2,0,4,0
4930,909,83.47,Portugal,Online Payment,Web,18,34,187.75,0,1,0
4931,3314,99.01,France,Card Payment,Web,16,31,125.55,1,3,0
4932,303,37.35,Germany,Card Payment,Tablet,22,17,67.01,0,1,0
4933,150,151.32,United Kingdom,Card Payment,Mobile,2,29,80.22,0,1,0
4934,3870,320.58,United Kingdom,Cash Withdrawal,Tablet,13,40,55.39,0,3,0
4935,956,229.55,Portugal,Cash Withdrawal,Tablet,18,33,94.8,0,0,0
4936,3792,136.24,United Kingdom,Cash Withdrawal,Mobile,7,18,100.7,0,1,0
4937,3180,147.64,Portugal,Card Payment,Mobile,23,31,75.78,0,1,0
4938,6,104.39,Senegal,Cash Withdrawal,Tablet,22,27,160.42,0,1,0
4939,1576,70.68,Portugal,Online Payment,Web,6,30,99.8,0,3,0
4940,3921,36.03,Portugal,Online Payment,Tablet,14,22,80.88,0,0,0
4941,887,63.62,Spain,Cash Withdrawal,Web,22,15,52.75,0,5,0
4942,2029,57.5,Portugal,Transfer,Mobile,23,16,163.9,0,1,0
4943,3465,141.89,Spain,Online Payment,Web,21,18,35.77,0,4,0
4944,3547,157.67,Germany,Online Payment,Tablet,14,16,79.77,0,2,0
4945,321,275.56,France,Cash Withdrawal,Tablet,6,20,189.36,0,2,0
4946,1973,186.77,Spain,Online Payment,Web,1,21,107.38,0,4,0
4947,2291,166.99,Portugal,Card Payment,Web,7,11,89.77,0,0,0
4948,514,351.13,Senegal,Card Payment,Web,4,16,109.66,0,3,0
4949,3324,147.35,Spain,Transfer,Web,8,11,83.07,0,1,0
4950,3358,196.97,Spain,Online Payment,Mobile,3,20,194.52,0,2,0
4951,2574,150.3,Portugal,Cash Withdrawal,Web,15,39,109.67,1,0,0
4952,2455,285.46,Portugal,Transfer,Web,21,13,190.75,1,2,0
4953,406,72.11,Portugal,Online Payment,Web,23,19,109.64,0,0,0
4954,1320,78.27,France,Card Payment,Web,0,1,80.57,0,0,0
4955,220,462.82,Senegal,Card Payment,Tablet,2,26,61.17,0,0,0
4956,456,442.24,Portugal,Card Payment,Mobile,10,29,109.86,0,1,0
4957,3466,61.42,Spain,Online Payment,Mobile,17,31,158.15,0,0,0
4958,3160,94.54,Portugal,Card Payment,Mobile,2,38,131.35,0,1,1
4959,2755,152.69,Portugal,Transfer,Tablet,6,18,247.13,0,4,0
4960,3980,131.52,Germany,Card Payment,Tablet,21,36,195.14,0,2,0
4961,3359,329.58,Spain,Online Payment,Web,4,8,87.89,0,5,0
4962,302,34.55,Senegal,Cash Withdrawal,Tablet,8,20,55.06,0,2,0
4963,3642,197.05,Germany,Transfer,Tablet,13,6,85.64,0,0,0
4964,3971,122.44,United Kingdom,Online Payment,Mobile,19,19,250.74,1,0,0
4965,3163,32.4,Spain,Transfer,Mobile,0,17,84.37,0,2,0
4966,2156,109.14,Portugal,Online Payment,Web,3,30,93.88,0,1,0
4967,2580,18.42,Portugal,Transfer,Mobile,4,28,85.36,0,0,0
4968,477,708.34,Portugal,Online Payment,Tablet,7,19,114.63,0,2,0
4969,3740,419.48,Portugal,Card Payment,Web,14,14,136.82,0,3,1
4970,999,60.31,France,Transfer,Tablet,21,15,60.49,1,1,0
4971,935,127.91,Portugal,Transfer,Web,4,15,73.37,0,1,0
4972,3628,224.27,Portugal,Online Payment,Web,3,24,52.55,0,2,0
4973,985,228.31,Germany,Cash Withdrawal,Tablet,19,16,96.15,0,1,0
4974,678,148.84,France,Cash Withdrawal,Mobile,19,22,71.7,0,1,0
4975,1235,84.75,Portugal,Cash Withdrawal,Mobile,23,21,89.39,0,1,0
4976,2989,28.18,Spain,Online Payment,Tablet,3,27,51.99,0,3,0
4977,305,116.44,United Kingdom,Transfer,Mobile,1,24,106.32,0,3,1
4978,2899,198.42,Spain,Card Payment,Web,17,33,87.25,0,1,0
4979,1368,278.42,United Kingdom,Cash Withdrawal,Tablet,21,22,214.94,0,6,0
4980,3158,191.5,Portugal,Online Payment,Tablet,5,23,43.44,0,1,0
4981,3806,97.28,Spain,Card Payment,Mobile,11,14,143.16,0,2,0
4982,65,156.45,Portugal,Cash Withdrawal,Web,7,2,50.44,0,2,0
4983,732,37.32,Portugal,Online Payment,Web,23,16,108.01,1,0,0
4984,1328,82.87,Spain,Cash Withdrawal,Mobile,17,2,88.09,0,3,0
4985,1309,102.74,United Kingdom,Online Payment,Web,7,26,80.4,0,2,0
4986,3264,64.04,Spain,Transfer,Tablet,11,24,69.83,0,0,0
4987,1294,95.08,United Kingdom,Card Payment,Tablet,20,26,156.27,0,0,0
4988,1850,100.04,United Kingdom,Card Payment,Mobile,2,16,49.99,0,4,0
4989,1604,501.05,Germany,Card Payment,Mobile,22,21,68.5,0,0,0
4990,1455,639.98,Germany,Online Payment,Web,3,11,90.13,1,1,0
4991,2276,171.77,United Kingdom,Transfer,Mobile,6,23,127.79,1,3,1
4992,176,17.24,United Kingdom,Online Payment,Mobile,1,19,217.29,0,0,0
4993,599,179.95,Spain,Transfer,Tablet,8,18,141.44,0,0,0
4994,2095,62.22,Germany,Transfer,Mobile,3,27,71.65,1,1,0
4995,2934,38.72,Spain,Transfer,Mobile,5,15,60.41,0,2,0
4996,1749,196.2,United Kingdom,Cash Withdrawal,Tablet,11,29,48.51,1,0,1
4997,548,23.08,Senegal,Card Payment,Tablet,14,17,88.35,0,0,0
4998,565,162.27,Spain,Online Payment,Web,21,18,103.5,1,2,0
4999,657,19.95,Germany,Online Payment,Mobile,20,12,51.41,0,1,0
5000,2559,46.21,Portugal,Cash Withdrawal,Web,10,12,179.57,1,1,0
5001,76,76.43,United Kingdom,Card Payment,Mobile,16,17,89.38,1,1,0
5002,2203,71.69,United Kingdom,Transfer,Mobile,13,11,200.6,0,2,0
5003,196,527.0,Senegal,Transfer,Web,0,37,147.22,0,4,1
5004,986,108.89,United Kingdom,Card Payment,Mobile,23,13,246.03,0,0,0
5005,2890,230.35,France,Cash Withdrawal,Tablet,4,19,131.65,0,1,0
5006,809,96.89,Germany,Cash Withdrawal,Mobile,18,9,57.3,1,2,0
5007,2348,217.92,France,Card Payment,Tablet,3,10,39.65,0,3,0
5008,906,57.04,Senegal,Online Payment,Web,19,22,138.67,0,0,0
5009,2978,93.74,Portugal,Cash Withdrawal,Mobile,7,20,202.92,0,1,1
5010,1532,251.88,United Kingdom,Cash Withdrawal,Mobile,0,8,144.06,0,2,0
5011,1081,188.09,Spain,Online Payment,Mobile,0,9,308.13,0,1,0
5012,3231,106.1,Portugal,Cash Withdrawal,Tablet,0,21,50.51,1,2,0
5013,390,150.45,Germany,Online Payment,Web,4,37,65.14,0,0,0
5014,2840,77.89,France,Card Payment,Tablet,4,10,104.56,0,2,0
5015,25,30.15,United Kingdom,Card Payment,Tablet,19,8,465.34,0,2,0
5016,2348,196.08,Portugal,Online Payment,Mobile,23,2,164.36,0,1,0
5017,1352,185.2,France,Cash Withdrawal,Web,5,14,144.61,0,2,0
5018,546,48.4,Portugal,Card Payment,Web,16,29,79.88,0,2,0
5019,1868,405.96,Portugal,Online Payment,Tablet,9,20,122.18,0,1,0
5020,3032,24.67,Senegal,Cash Withdrawal,Web,12,28,50.62,0,3,0
5021,3566,160.43,Portugal,Transfer,Tablet,11,25,63.71,1,2,0
5022,475,33.54,United Kingdom,Transfer,Web,10,9,112.62,0,1,0
5023,744,145.71,Germany,Online Payment,Tablet,17,14,167.42,0,1,0
5024,166,64.18,France,Card Payment,Web,8,27,99.99,0,0,0
5025,975,126.15,Senegal,Cash Withdrawal,Web,17,27,102.6,0,1,0
5026,2895,58.19,Spain,Online Payment,Mobile,17,8,623.11,0,1,0
5027,3480,113.36,United Kingdom,Transfer,Mobile,19,34,142.26,0,1,0
5028,3922,170.65,Portugal,Cash Withdrawal,Tablet,9,21,129.68,0,0,0
5029,3602,124.04,France,Card Payment,Web,23,15,131.17,0,0,0
5030,1815,225.57,United Kingdom,Online Payment,Web,19,9,45.41,0,1,0
5031,439,33.37,Portugal,Transfer,Web,18,39,354.72,0,0,0
5032,2903,246.75,United Kingdom,Cash Withdrawal,Web,13,22,98.41,0,1,0
5033,1025,213.31,United Kingdom,Card Payment,Mobile,12,21,57.85,1,2,0
5034,3655,79.68,United Kingdom,Online Payment,Mobile,3,25,91.17,0,2,0
5035,3950,42.9,France,Transfer,Mobile,6,17,91.26,0,0,0
5036,2438,52.98,Germany,Card Payment,Mobile,16,8,90.02,0,1,0
5037,2789,408.14,Portugal,Card Payment,Mobile,21,22,116.97,0,0,0
5038,2115,146.51,Spain,Transfer,Mobile,21,22,85.61,0,0,0
5039,1600,168.19,Senegal,Card Payment,Tablet,7,19,136.05,0,3,0
5040,3093,157.92,Portugal,Online Payment,Tablet,19,3,163.55,1,0,0
5041,3713,25.92,United Kingdom,Online Payment,Mobile,7,28,263.05,0,1,0
5042,3065,632.42,Spain,Cash Withdrawal,Mobile,16,33,94.43,0,1,0
5043,3865,300.7,Spain,Online Payment,Tablet,20,19,70.98,1,4,0
5044,1058,152.49,France,Online Payment,Web,22,37,100.22,0,4,0
5045,3673,133.01,Spain,Card Payment,Tablet,0,10,61.6,0,1,0
5046,1166,170.37,Spain,Cash Withdrawal,Web,10,30,131.94,0,3,0
5047,2702,188.35,United Kingdom,Cash Withdrawal,Web,3,30,28.2,0,3,0
5048,1651,158.33,Spain,Transfer,Tablet,13,36,32.77,1,2,0
5049,3794,313.88,United Kingdom,Cash Withdrawal,Tablet,7,1,118.59,0,1,0
5050,1453,127.22,Spain,Card Payment,Tablet,12,34,180.75,1,2,0
5051,1062,93.35,France,Cash Withdrawal,Tablet,20,13,141.53,0,2,0
5052,2504,114.29,Spain,Cash Withdrawal,Tablet,20,9,63.81,0,2,0
5053,222,60.79,Germany,Online Payment,Web,16,37,97.5,0,4,0
5054,3098,247.6,France,Online Payment,Web,13,37,58.59,0,1,0
5055,296,279.72,Germany,Online Payment,Tablet,9,22,368.69,0,0,0
5056,1256,82.5,Portugal,Card Payment,Web,22,20,72.65,0,1,0
5057,2672,350.52,Portugal,Card Payment,Tablet,14,7,88.5,0,2,0
5058,3606,81.08,Portugal,Transfer,Web,21,1,91.12,1,1,0
5059,2015,307.84,Spain,Transfer,Web,18,22,50.32,0,1,0
5060,2931,29.4,Portugal,Cash Withdrawal,Web,0,27,154.69,0,4,0
5061,2383,182.1,Spain,Cash Withdrawal,Mobile,17,41,97.81,0,1,0
5062,2983,106.57,France,Transfer,Mobile,4,38,198.48,0,1,0
5063,1609,43.07,United Kingdom,Transfer,Mobile,14,10,120.26,0,1,0
5064,2912,81.81,United Kingdom,Card Payment,Web,19,19,42.93,0,1,0
5065,2827,34.1,Senegal,Transfer,Mobile,4,1,216.45,0,0,0
5066,307,112.37,United Kingdom,Online Payment,Tablet,10,22,66.74,0,0,0
5067,2910,109.45,United Kingdom,Cash Withdrawal,Web,11,12,76.36,0,1,0
5068,172,45.51,France,Card Payment,Mobile,13,15,113.65,1,3,0
5069,797,260.78,Germany,Cash Withdrawal,Web,11,11,81.03,0,1,0
5070,3274,204.97,Germany,Card Payment,Mobile,3,26,73.17,0,0,0
5071,2715,228.98,Spain,Card Payment,Tablet,4,24,107.83,0,2,0
5072,3219,192.8,Senegal,Online Payment,Web,0,41,124.17,0,2,0
5073,3712,200.42,France,Transfer,Mobile,17,20,40.12,0,2,0
5074,2590,121.4,Senegal,Cash Withdrawal,Web,9,18,84.78,0,0,0
5075,1445,147.96,France,Card Payment,Web,11,13,195.42,0,1,0
5076,1394,95.9,Spain,Cash Withdrawal,Mobile,4,28,260.56,0,2,0
5077,1364,53.6,Germany,Card Payment,Web,15,36,179.16,0,1,0
5078,3286,114.79,Portugal,Cash Withdrawal,Mobile,7,12,94.5,0,2,0
5079,3514,312.84,France,Card Payment,Web,21,15,191.98,0,0,0
5080,2129,102.76,France,Transfer,Web,18,25,84.91,0,1,0
5081,3358,243.36,France,Online Payment,Tablet,0,12,17.95,0,2,0
5082,614,209.28,Senegal,Online Payment,Web,10,24,124.68,0,0,0
5083,1876,181.3,Spain,Card Payment,Web,20,28,113.74,0,1,0
5084,3759,891.58,Portugal,Card Payment,Web,21,8,186.4,1,1,1
5085,849,73.22,Spain,Transfer,Web,9,22,76.92,0,0,0
5086,2455,76.07,Germany,Transfer,Mobile,12,24,50.63,0,3,0
5087,2659,200.58,France,Transfer,Tablet,7,22,60.35,0,1,0
5088,3437,212.94,Senegal,Transfer,Tablet,12,35,271.98,0,1,0
5089,461,192.52,Senegal,Cash Withdrawal,Mobile,0,27,87.05,0,2,0
5090,3767,58.34,Germany,Card Payment,Mobile,17,20,106.56,1,0,0
5091,956,164.38,Portugal,Online Payment,Web,23,16,267.78,0,2,0
5092,222,433.13,United Kingdom,Cash Withdrawal,Tablet,17,26,366.79,0,0,0
5093,2194,50.15,Germany,Transfer,Tablet,4,15,136.6,1,1,0
5094,651,109.06,Portugal,Card Payment,Mobile,5,17,325.48,0,4,0
5095,218,141.55,United Kingdom,Cash Withdrawal,Web,22,3,37.03,0,0,0
5096,1328,643.07,France,Cash Withdrawal,Web,13,12,63.08,1,0,0
5097,3353,147.9,Portugal,Card Payment,Tablet,13,25,165.03,0,3,0
5098,1803,502.47,France,Cash Withdrawal,Web,5,29,87.32,0,2,0
5099,2254,67.16,Germany,Cash Withdrawal,Web,15,15,91.63,0,1,0
5100,58,10.41,Germany,Card Payment,Tablet,22,26,84.0,0,0,0
5101,1961,362.86,Germany,Online Payment,Mobile,13,5,71.18,1,4,0
5102,2106,140.43,Spain,Online Payment,Mobile,17,18,242.4,0,0,0
5103,252,148.23,Spain,Transfer,Tablet,4,24,63.14,0,2,0
5104,292,44.03,Portugal,Online Payment,Web,3,24,75.9,0,1,1
5105,803,224.08,Germany,Card Payment,Tablet,16,28,273.86,0,0,0
5106,1586,192.29,Portugal,Online Payment,Tablet,16,29,90.59,1,2,0
5107,2827,61.72,Portugal,Online Payment,Web,9,12,107.48,0,1,0
5108,2365,33.47,United Kingdom,Card Payment,Mobile,14,22,184.74,0,4,0
5109,505,131.89,France,Cash Withdrawal,Mobile,17,3,43.33,0,1,0
5110,1529,126.35,Portugal,Cash Withdrawal,Mobile,12,15,342.05,0,3,0
5111,2474,83.0,Senegal,Cash Withdrawal,Tablet,0,39,148.99,0,1,1
5112,2878,190.69,Senegal,Online Payment,Mobile,22,14,155.42,0,0,0
5113,1640,111.24,Germany,Card Payment,Web,5,4,66.92,1,0,0
5114,424,214.77,Portugal,Card Payment,Web,9,36,183.68,1,4,0
5115,1740,144.57,Spain,Cash Withdrawal,Tablet,14,9,121.38,0,2,0
5116,622,386.5,Portugal,Cash Withdrawal,Web,2,29,134.01,0,3,0
5117,276,308.1,Senegal,Card Payment,Tablet,0,37,56.63,1,1,0
5118,3340,168.48,Senegal,Online Payment,Tablet,23,23,115.18,0,1,0
5119,49,303.69,United Kingdom,Card Payment,Mobile,11,16,101.45,0,1,0
5120,670,143.91,Portugal,Transfer,Tablet,21,31,79.09,0,3,0
5121,49,184.56,Portugal,Transfer,Tablet,15,24,100.98,0,3,0
5122,2471,57.28,Germany,Cash Withdrawal,Tablet,14,12,62.21,0,0,0
5123,3523,271.78,United Kingdom,Transfer,Tablet,13,10,161.95,0,1,0
5124,1849,81.6,Portugal,Cash Withdrawal,Web,5,36,72.88,0,1,0
5125,2778,142.29,Portugal,Cash Withdrawal,Tablet,20,35,68.32,0,1,0
5126,1657,122.55,United Kingdom,Card Payment,Web,23,20,198.2,0,1,0
5127,3855,48.36,Portugal,Cash Withdrawal,Mobile,6,29,120.92,0,1,0
5128,2510,86.46,France,Online Payment,Web,12,23,74.32,0,0,0
5129,2813,87.96,Spain,Online Payment,Web,17,27,122.25,1,1,0
5130,1544,97.13,Senegal,Cash Withdrawal,Web,15,16,106.01,0,2,0
5131,1876,393.09,United Kingdom,Card Payment,Web,16,32,152.41,0,1,0
5132,2115,321.31,Spain,Card Payment,Web,8,22,87.18,0,1,0
5133,239,149.31,France,Cash Withdrawal,Tablet,12,30,87.96,0,2,0
5134,2761,119.92,United Kingdom,Online Payment,Web,8,21,108.88,0,2,0
5135,2366,143.72,Spain,Online Payment,Mobile,5,24,103.31,0,0,0
5136,1300,108.43,France,Online Payment,Tablet,18,5,116.59,1,2,0
5137,371,66.04,Portugal,Card Payment,Tablet,16,25,82.66,0,1,0
5138,291,284.99,Spain,Cash Withdrawal,Web,21,11,99.47,0,1,0
5139,2269,94.75,Portugal,Cash Withdrawal,Tablet,7,14,98.1,0,1,0
5140,1463,111.32,Spain,Online Payment,Mobile,16,24,151.94,0,1,0
5141,2700,10.12,Germany,Transfer,Tablet,8,15,259.41,0,1,0
5142,35,173.98,Senegal,Transfer,Mobile,21,14,208.94,0,1,0
5143,1418,122.47,Spain,Online Payment,Tablet,4,8,75.49,1,3,0
5144,1215,75.81,Spain,Transfer,Tablet,16,33,106.04,0,1,0
5145,3775,143.68,Spain,Card Payment,Tablet,19,18,335.45,1,1,0
5146,3108,147.72,United Kingdom,Online Payment,Tablet,8,10,149.66,0,0,0
5147,1831,184.5,United Kingdom,Online Payment,Mobile,9,24,62.72,0,1,0
5148,1867,175.65,Senegal,Online Payment,Tablet,17,28,78.02,0,3,0
5149,3254,74.31,France,Card Payment,Web,13,25,97.06,1,1,0
5150,1377,37.4,Spain,Card Payment,Web,11,7,130.01,0,0,0
5151,3675,205.73,France,Online Payment,Web,13,46,207.31,0,2,0
5152,2659,354.41,Spain,Online Payment,Tablet,17,34,211.21,0,2,0
5153,1355,171.09,United Kingdom,Cash Withdrawal,Web,16,10,93.25,0,2,0
5154,1208,33.76,Senegal,Transfer,Web,0,14,299.76,1,0,0
5155,558,146.81,Portugal,Transfer,Web,0,14,57.48,0,2,0
5156,1782,67.69,France,Online Payment,Web,21,29,137.08,0,0,0
5157,2382,65.06,France,Cash Withdrawal,Web,7,22,418.16,0,0,0
5158,628,335.94,United Kingdom,Cash Withdrawal,Web,15,31,87.35,0,0,0
5159,3229,216.43,Portugal,Cash Withdrawal,Web,3,18,321.06,0,1,0
5160,1476,124.72,Germany,Online Payment,Mobile,22,27,69.57,1,1,0
5161,3555,57.35,Senegal,Online Payment,Mobile,21,3,92.45,0,4,0
5162,2124,321.63,Senegal,Cash Withdrawal,Mobile,3,21,71.78,0,1,0
5163,535,90.17,Germany,Cash Withdrawal,Mobile,7,39,77.42,1,0,0
5164,3934,386.82,Portugal,Transfer,Tablet,22,26,106.45,0,1,0
5165,2200,210.1,Germany,Transfer,Web,9,18,88.76,0,1,0
5166,1714,78.53,France,Card Payment,Mobile,4,12,99.76,0,1,0
5167,2862,138.48,Senegal,Online Payment,Tablet,5,44,69.63,0,2,0
5168,3106,120.43,Senegal,Online Payment,Web,2,36,270.74,0,0,0
5169,1421,92.56,Spain,Cash Withdrawal,Tablet,12,15,174.61,0,3,0
5170,1336,507.91,Portugal,Cash Withdrawal,Mobile,16,30,82.7,0,1,0
5171,3501,41.18,Spain,Transfer,Web,4,15,57.87,1,3,0
5172,2715,231.26,Spain,Online Payment,Web,18,24,140.15,1,0,0
5173,3417,142.33,Spain,Cash Withdrawal,Web,18,26,139.06,0,0,0
5174,3118,227.45,United Kingdom,Transfer,Tablet,16,12,124.78,0,2,0
5175,3444,140.69,Spain,Cash Withdrawal,Web,1,22,207.19,0,0,0
5176,325,345.8,Portugal,Transfer,Tablet,5,21,117.47,0,3,0
5177,3552,42.44,Germany,Card Payment,Tablet,5,34,251.55,0,2,0
5178,69,240.69,France,Online Payment,Web,16,27,127.89,0,0,0
5179,3227,145.41,Germany,Online Payment,Tablet,12,25,117.1,1,2,0
5180,2878,192.19,Portugal,Cash Withdrawal,Mobile,15,13,28.06,1,1,0
5181,1552,290.98,Senegal,Transfer,Mobile,0,13,80.77,0,0,0
5182,1839,51.86,Spain,Transfer,Web,14,40,209.58,0,2,0
5183,30,122.28,Germany,Transfer,Tablet,17,20,45.71,0,3,0
5184,2613,114.79,Portugal,Cash Withdrawal,Tablet,22,25,44.18,0,2,0
5185,3649,102.1,Germany,Transfer,Mobile,20,22,32.02,1,1,0
5186,3438,198.48,Germany,Online Payment,Tablet,22,12,131.73,0,0,0
5187,1355,238.84,France,Cash Withdrawal,Tablet,11,33,113.17,0,2,0
5188,250,263.51,France,Online Payment,Mobile,23,12,54.35,0,5,0
5189,698,271.7,Spain,Cash Withdrawal,Web,0,21,149.17,0,0,0
5190,1043,9.19,Senegal,Transfer,Web,10,1,50.24,0,2,0
5191,2135,128.6,Spain,Transfer,Tablet,14,26,63.67,0,2,0
5192,2660,194.66,Senegal,Cash Withdrawal,Mobile,3,16,70.84,0,0,0
5193,2202,157.94,Senegal,Cash Withdrawal,Tablet,13,12,162.06,0,2,0
5194,1638,50.08,Portugal,Online Payment,Mobile,16,1,243.18,0,1,0
5195,3579,133.25,United Kingdom,Online Payment,Tablet,0,22,105.25,0,3,0
5196,2110,49.99,Portugal,Cash Withdrawal,Tablet,21,31,39.98,0,1,0
5197,849,44.2,France,Transfer,Tablet,2,32,54.22,0,3,0
5198,2230,422.26,Spain,Cash Withdrawal,Web,17,9,103.36,0,0,0
5199,119,59.81,Senegal,Online Payment,Mobile,7,34,81.67,0,1,0
5200,1282,557.87,Spain,Cash Withdrawal,Mobile,13,30,103.02,0,0,0
5201,99,184.02,Portugal,Cash Withdrawal,Mobile,1,20,64.81,1,4,0
5202,194,607.67,France,Transfer,Tablet,16,44,111.92,1,3,1
5203,2955,241.28,Spain,Online Payment,Mobile,12,27,208.49,1,0,0
5204,1458,270.49,Germany,Card Payment,Web,17,32,95.4,0,1,0
5205,2216,348.78,Portugal,Card Payment,Mobile,11,23,162.48,0,0,0
5206,1148,367.07,France,Cash Withdrawal,Web,14,29,172.14,1,4,0
5207,1843,211.99,Germany,Transfer,Tablet,14,21,212.86,1,1,0
5208,1561,963.2,United Kingdom,Online Payment,Tablet,19,46,142.03,0,2,0
5209,2382,15.22,Portugal,Cash Withdrawal,Web,15,30,209.78,0,2,0
5210,2335,40.18,United Kingdom,Cash Withdrawal,Mobile,10,14,66.64,0,2,0
5211,2820,61.07,Portugal,Online Payment,Mobile,18,38,137.16,0,0,0
5212,470,64.52,United Kingdom,Cash Withdrawal,Web,2,1,116.08,0,1,0
5213,3859,184.12,France,Cash Withdrawal,Mobile,23,19,211.86,0,1,0
5214,588,40.59,Senegal,Online Payment,Tablet,16,27,125.35,0,2,0
5215,3174,512.95,Senegal,Online Payment,Tablet,10,6,71.81,1,2,1
5216,2578,39.61,Portugal,Transfer,Mobile,9,7,155.35,0,1,0
5217,1210,101.27,Portugal,Cash Withdrawal,Web,4,35,162.45,1,0,0
5218,3234,98.57,Portugal,Transfer,Web,20,29,214.46,0,3,0
5219,1074,46.64,Germany,Transfer,Mobile,16,3,124.54,0,4,0
5220,1230,85.23,Senegal,Transfer,Tablet,11,12,231.32,0,1,0
5221,2964,120.22,Senegal,Transfer,Tablet,9,1,170.39,0,0,0
5222,3018,232.21,Portugal,Transfer,Tablet,6,15,68.1,0,2,0
5223,1187,62.85,Portugal,Card Payment,Tablet,8,38,250.2,1,1,0
5224,363,425.71,Spain,Card Payment,Web,22,9,84.11,0,1,0
5225,1959,103.41,Spain,Cash Withdrawal,Tablet,18,7,58.89,1,0,0
5226,3790,101.85,Germany,Cash Withdrawal,Mobile,4,33,195.22,0,1,0
5227,3704,744.06,France,Cash Withdrawal,Web,13,25,240.08,1,2,0
5228,2435,86.73,Senegal,Card Payment,Mobile,9,19,99.64,0,0,0
5229,956,104.62,United Kingdom,Cash Withdrawal,Web,2,24,35.29,0,1,0
5230,2809,188.03,Spain,Online Payment,Tablet,5,29,43.33,0,3,0
5231,1704,130.11,Senegal,Transfer,Web,7,28,98.55,0,2,0
5232,3146,44.62,Senegal,Transfer,Mobile,5,22,62.35,0,0,0
5233,2899,136.09,France,Card Payment,Mobile,1,20,64.17,1,3,0
5234,1251,134.81,Spain,Card Payment,Mobile,19,13,184.23,0,1,0
5235,2278,39.42,Spain,Card Payment,Tablet,12,14,101.01,0,4,0
5236,1477,204.84,France,Transfer,Mobile,18,24,341.72,1,1,0
5237,2418,141.84,Senegal,Transfer,Mobile,21,18,80.73,0,0,0
5238,3950,30.12,Spain,Transfer,Mobile,14,16,85.23,0,2,0
5239,1766,208.6,Portugal,Online Payment,Web,1,1,167.98,0,1,0
5240,2915,99.76,Portugal,Card Payment,Web,2,34,122.25,1,1,0
5241,2830,160.07,Spain,Card Payment,Tablet,3,32,91.3,0,1,0
5242,1963,122.68,United Kingdom,Card Payment,Web,0,12,64.34,1,0,0
5243,3202,28.34,France,Card Payment,Mobile,8,18,110.44,0,1,0
5244,1507,126.07,Germany,Card Payment,Web,2,10,95.26,0,2,0
5245,3154,187.84,Germany,Cash Withdrawal,Mobile,22,21,73.28,0,2,0
5246,2881,147.24,France,Cash Withdrawal,Tablet,20,24,84.95,0,3,0
5247,3382,558.74,Germany,Transfer,Mobile,12,24,195.19,1,2,0
5248,2038,206.11,Portugal,Card Payment,Mobile,20,34,55.69,0,0,0
5249,3151,77.13,Senegal,Cash Withdrawal,Tablet,14,26,110.26,0,2,0
5250,3909,96.8,France,Online Payment,Mobile,1,7,95.53,0,0,0
5251,94,63.14,Senegal,Cash Withdrawal,Tablet,19,35,115.63,0,1,0
5252,3534,241.91,Germany,Online Payment,Tablet,19,22,59.84,0,2,0
5253,3137,78.11,France,Transfer,Tablet,14,17,76.44,1,3,0
5254,3041,30.59,Portugal,Cash Withdrawal,Tablet,0,15,75.01,0,1,0
5255,3550,250.97,Senegal,Cash Withdrawal,Tablet,1,15,199.05,0,0,0
5256,748,340.53,France,Cash Withdrawal,Mobile,0,11,236.14,0,1,0
5257,3644,109.49,Spain,Online Payment,Web,9,14,120.11,0,6,0
5258,2156,91.92,Spain,Transfer,Tablet,20,22,109.94,0,2,0
5259,2457,165.91,Portugal,Card Payment,Tablet,15,27,135.56,0,4,0
5260,3643,103.42,United Kingdom,Transfer,Tablet,11,15,87.15,0,2,0
5261,1124,130.22,United Kingdom,Cash Withdrawal,Mobile,6,29,163.96,0,2,0
5262,2360,143.6,Germany,Card Payment,Mobile,9,28,233.25,0,0,0
5263,3077,34.66,France,Online Payment,Web,17,10,122.3,0,3,0
5264,2910,61.61,Germany,Transfer,Web,18,20,55.46,0,3,0
5265,3903,546.07,France,Card Payment,Mobile,8,25,202.9,0,0,0
5266,1799,206.31,United Kingdom,Cash Withdrawal,Web,13,28,106.87,0,1,0
5267,1765,170.35,Portugal,Online Payment,Tablet,8,5,100.31,1,2,0
5268,3141,62.76,Senegal,Transfer,Mobile,12,11,301.33,0,1,0
5269,1414,435.1,France,Online Payment,Web,12,30,273.93,1,0,0
5270,2103,462.18,United Kingdom,Card Payment,Tablet,3,21,105.7,1,3,0
5271,1037,142.75,Senegal,Cash Withdrawal,Web,5,16,58.47,0,3,0
5272,2914,137.44,France,Online Payment,Mobile,2,16,168.81,0,1,0
5273,418,80.25,United Kingdom,Online Payment,Mobile,6,15,42.96,0,2,0
5274,2116,183.03,Spain,Transfer,Web,23,33,185.24,0,2,0
5275,1400,244.69,United Kingdom,Cash Withdrawal,Web,11,15,92.05,0,0,0
5276,1632,186.29,Spain,Transfer,Web,16,16,199.21,0,1,0
5277,3863,28.47,France,Online Payment,Web,2,7,68.48,0,5,0
5278,813,134.24,United Kingdom,Cash Withdrawal,Tablet,21,20,32.27,0,3,0
5279,3472,29.51,Spain,Cash Withdrawal,Tablet,13,22,122.08,0,2,0
5280,946,197.14,Senegal,Card Payment,Mobile,19,20,151.85,0,2,0
5281,564,510.34,France,Online Payment,Mobile,7,12,60.32,0,3,0
5282,2405,127.06,Germany,Cash Withdrawal,Tablet,4,35,125.76,0,3,0
5283,2977,93.29,Germany,Transfer,Web,16,23,98.31,0,1,0
5284,3220,108.26,Senegal,Cash Withdrawal,Tablet,20,15,77.93,0,2,0
5285,2399,44.86,France,Cash Withdrawal,Mobile,22,21,75.28,0,2,0
5286,2798,87.97,United Kingdom,Card Payment,Tablet,3,14,153.45,1,1,0
5287,2840,147.37,United Kingdom,Card Payment,Mobile,8,26,75.99,0,2,0
5288,2302,53.86,United Kingdom,Transfer,Tablet,15,4,57.17,0,0,0
5289,2831,70.05,Germany,Transfer,Web,18,16,173.77,0,0,0
5290,1374,119.9,Portugal,Card Payment,Web,5,16,106.83,0,3,0
5291,1168,104.89,Spain,Online Payment,Web,18,28,350.34,0,1,0
5292,347,135.84,Portugal,Online Payment,Tablet,22,13,93.26,0,2,0
5293,535,235.0,Germany,Cash Withdrawal,Mobile,16,22,55.27,1,2,1
5294,1700,71.14,Portugal,Card Payment,Tablet,14,37,64.02,0,2,0
5295,2376,73.91,Portugal,Cash Withdrawal,Tablet,10,30,238.18,0,1,0
5296,2762,82.29,Senegal,Online Payment,Tablet,6,19,44.55,0,2,0
5297,1731,104.28,United Kingdom,Online Payment,Tablet,2,13,536.86,0,2,0
5298,190,278.81,Senegal,Card Payment,Web,0,17,120.66,0,0,0
5299,424,59.72,France,Cash Withdrawal,Tablet,20,29,31.96,0,1,0
5300,307,114.18,Portugal,Transfer,Mobile,8,28,130.01,0,2,0
5301,3850,370.6,Spain,Cash Withdrawal,Tablet,9,19,214.73,1,0,0
5302,1182,151.53,France,Transfer,Web,22,13,290.5,0,2,0
5303,3634,28.97,Spain,Transfer,Tablet,6,21,293.18,0,0,0
5304,3317,169.37,Germany,Cash Withdrawal,Web,21,43,133.1,0,2,0
5305,511,21.04,Portugal,Transfer,Mobile,4,27,361.94,0,0,0
5306,1122,355.33,Portugal,Online Payment,Tablet,15,25,118.25,1,3,0
5307,2121,104.33,Spain,Transfer,Tablet,23,8,204.74,0,1,0
5308,3545,161.23,Germany,Card Payment,Tablet,16,12,369.13,0,1,0
5309,3819,119.93,Portugal,Card Payment,Web,23,23,44.78,0,1,0
5310,1707,139.68,Senegal,Card Payment,Web,12,13,65.4,0,0,0
5311,2661,25.43,Senegal,Card Payment,Tablet,16,32,142.37,0,2,0
5312,1874,86.35,United Kingdom,Cash Withdrawal,Mobile,23,29,111.04,0,0,0
5313,2005,84.94,France,Cash Withdrawal,Tablet,5,24,52.52,0,3,0
5314,2741,85.92,Germany,Cash Withdrawal,Tablet,21,32,159.87,0,1,0
5315,1878,100.97,Senegal,Card Payment,Web,17,8,207.01,0,1,0
5316,603,295.62,United Kingdom,Transfer,Mobile,10,8,261.59,0,2,0
5317,3076,163.08,Portugal,Card Payment,Tablet,5,22,33.31,0,1,0
5318,2342,59.84,Spain,Card Payment,Tablet,13,25,123.62,0,0,0
5319,80,254.04,France,Online Payment,Web,23,21,108.99,0,3,0
5320,881,57.05,Spain,Cash Withdrawal,Web,2,21,63.95,0,0,0
5321,3381,170.51,Portugal,Transfer,Mobile,22,14,162.62,1,0,1
5322,2798,177.98,Portugal,Online Payment,Mobile,23,24,84.5,0,5,0
5323,1831,570.51,Senegal,Transfer,Web,16,29,219.66,0,0,0
5324,2098,69.35,Portugal,Online Payment,Tablet,22,31,109.53,0,0,0
5325,3848,45.23,Spain,Transfer,Mobile,1,20,68.83,0,1,0
5326,3083,194.19,Portugal,Card Payment,Tablet,16,33,142.76,0,1,0
5327,2433,45.49,France,Online Payment,Web,23,19,165.46,0,1,0
5328,1677,490.75,Portugal,Transfer,Tablet,13,31,54.86,0,0,0
5329,3271,250.29,United Kingdom,Cash Withdrawal,Web,12,21,392.79,0,1,0
5330,1929,301.48,Germany,Cash Withdrawal,Tablet,8,24,62.67,1,3,0
5331,657,55.74,Spain,Card Payment,Web,18,13,78.46,0,2,0
5332,1434,220.32,Senegal,Card Payment,Mobile,9,21,108.15,0,1,0
5333,611,79.72,Senegal,Transfer,Web,5,29,85.15,0,1,0
5334,925,37.29,Senegal,Transfer,Mobile,23,5,52.95,0,1,0
5335,1048,227.89,United Kingdom,Transfer,Web,14,4,44.45,0,1,1
5336,3730,123.78,Portugal,Card Payment,Web,8,21,78.38,0,1,0
5337,1561,140.41,France,Cash Withdrawal,Mobile,13,20,108.76,0,1,0
5338,609,63.97,United Kingdom,Online Payment,Web,23,9,89.4,0,1,0
5339,1404,88.83,Portugal,Transfer,Web,20,20,103.99,0,1,0
5340,254,498.81,Portugal,Cash Withdrawal,Mobile,12,8,82.28,0,1,0
5341,2460,37.37,France,Transfer,Mobile,15,27,151.08,0,2,0
5342,1057,629.13,France,Transfer,Tablet,11,25,176.65,0,3,0
5343,3877,132.83,Spain,Transfer,Web,4,12,156.25,0,3,0
5344,3333,22.4,France,Online Payment,Tablet,5,19,103.13,0,2,0
5345,852,102.16,Senegal,Card Payment,Mobile,7,17,112.45,0,1,0
5346,3004,1266.16,Portugal,Card Payment,Mobile,17,21,65.51,0,2,1
5347,2683,222.92,France,Cash Withdrawal,Mobile,6,24,90.94,0,0,1
5348,810,54.52,France,Transfer,Mobile,21,22,68.92,1,5,0
5349,3635,161.66,Spain,Transfer,Tablet,8,13,45.56,0,2,0
5350,3967,53.07,Senegal,Transfer,Web,20,29,72.4,0,1,0
5351,3777,46.57,Senegal,Cash Withdrawal,Web,7,24,72.2,0,2,0
5352,3281,62.06,Portugal,Cash Withdrawal,Tablet,21,26,134.33,1,0,0
5353,2341,498.11,Portugal,Online Payment,Tablet,0,4,91.59,0,0,0
5354,1582,126.95,United Kingdom,Cash Withdrawal,Tablet,11,21,72.95,0,1,0
5355,2831,45.48,France,Card Payment,Web,15,7,82.22,0,4,0
5356,912,182.32,Germany,Transfer,Web,9,25,171.4,1,1,0
5357,596,127.83,Portugal,Online Payment,Mobile,20,18,121.79,0,1,0
5358,1756,332.01,Spain,Cash Withdrawal,Tablet,6,29,224.68,0,2,0
5359,2156,217.43,Spain,Transfer,Tablet,18,23,189.09,1,2,0
5360,2514,80.2,Spain,Online Payment,Tablet,21,33,218.37,0,4,0
5361,866,375.99,Senegal,Cash Withdrawal,Mobile,7,1,99.95,0,1,0
5362,1533,81.47,Spain,Online Payment,Web,11,17,166.68,0,3,0
5363,2980,81.27,Senegal,Transfer,Web,0,1,42.6,0,1,0
5364,3734,81.6,Portugal,Online Payment,Tablet,21,31,44.67,0,3,0
5365,1875,44.92,France,Cash Withdrawal,Web,13,18,270.27,0,0,0
5366,3395,68.73,Spain,Online Payment,Mobile,4,15,55.06,0,4,0
5367,2522,111.27,Senegal,Card Payment,Mobile,16,15,358.31,0,0,0
5368,3509,1134.16,Germany,Online Payment,Mobile,4,17,90.34,1,0,1
5369,3111,59.93,Germany,Transfer,Tablet,14,9,112.67,0,3,0
5370,1699,19.72,France,Cash Withdrawal,Tablet,10,14,210.25,0,3,0
5371,824,217.7,Spain,Cash Withdrawal,Web,23,28,215.62,0,3,0
5372,3190,64.99,Portugal,Cash Withdrawal,Mobile,2,14,204.62,0,2,0
5373,890,61.24,Senegal,Card Payment,Mobile,23,25,120.8,0,1,0
5374,600,61.26,Portugal,Online Payment,Mobile,12,20,240.58,0,5,0
5375,3043,52.5,France,Cash Withdrawal,Tablet,12,12,73.5,0,0,0
5376,2949,176.94,Portugal,Transfer,Mobile,23,23,164.92,0,1,0
5377,1852,34.98,United Kingdom,Transfer,Tablet,2,12,69.18,0,1,0
5378,3265,101.25,Senegal,Card Payment,Mobile,19,20,101.44,1,5,0
5379,1765,185.98,Germany,Card Payment,Tablet,14,37,119.59,0,4,0
5380,632,204.5,Germany,Cash Withdrawal,Web,14,26,160.65,0,0,0
5381,2339,174.78,Portugal,Transfer,Tablet,15,34,110.25,0,3,0
5382,2581,54.84,United Kingdom,Card Payment,Web,13,1,109.54,0,2,0
5383,2525,49.68,Portugal,Card Payment,Tablet,6,16,731.7,0,2,0
5384,1199,98.58,Portugal,Cash Withdrawal,Tablet,17,16,170.72,1,2,0
5385,3078,122.58,Germany,Transfer,Tablet,8,7,49.72,0,3,0
5386,3422,63.51,United Kingdom,Cash Withdrawal,Web,6,15,229.14,0,3,0
5387,2211,135.77,Germany,Card Payment,Tablet,22,26,146.54,0,3,0
5388,2346,83.36,Senegal,Cash Withdrawal,Web,13,16,476.24,0,2,0
5389,2266,48.96,France,Online Payment,Tablet,9,30,360.42,0,2,0
5390,2431,306.17,Spain,Transfer,Web,8,7,33.92,0,2,0
5391,178,111.01,Spain,Online Payment,Tablet,10,26,73.4,0,0,0
5392,1619,24.76,France,Cash Withdrawal,Mobile,4,15,82.4,0,2,0
5393,2338,371.05,Portugal,Online Payment,Web,12,8,140.09,0,0,0
5394,678,86.64,United Kingdom,Transfer,Web,7,18,32.13,0,2,0
5395,2437,223.75,United Kingdom,Transfer,Mobile,5,18,127.3,0,1,0
5396,1593,270.83,Senegal,Transfer,Tablet,14,13,69.09,1,2,0
5397,185,106.17,France,Cash Withdrawal,Web,13,9,148.12,0,0,0
5398,3,71.25,United Kingdom,Card Payment,Mobile,15,39,98.99,0,1,0
5399,1883,72.77,Germany,Card Payment,Tablet,23,20,269.02,0,1,0
5400,763,183.66,France,Card Payment,Web,1,19,175.2,0,1,0
5401,2354,261.39,Portugal,Online Payment,Tablet,10,33,73.35,0,3,0
5402,1675,88.02,Portugal,Card Payment,Tablet,18,16,71.99,0,2,0
5403,3227,106.21,United Kingdom,Card Payment,Web,16,22,211.04,0,1,0
5404,1528,248.11,France,Online Payment,Tablet,22,15,101.67,0,4,1
5405,3338,540.41,France,Cash Withdrawal,Web,23,26,83.98,1,0,0
5406,686,368.5,Spain,Cash Withdrawal,Web,6,17,257.52,0,2,1
5407,3588,185.98,Senegal,Card Payment,Mobile,9,12,35.75,0,2,0
5408,388,393.81,Spain,Card Payment,Web,17,5,65.41,1,1,0
5409,2680,89.68,Senegal,Cash Withdrawal,Tablet,18,8,44.72,0,1,0
5410,3742,63.96,Germany,Cash Withdrawal,Mobile,11,9,145.72,0,4,0
5411,2752,86.84,Portugal,Transfer,Tablet,13,11,57.72,0,1,0
5412,1774,32.29,Portugal,Online Payment,Mobile,15,10,179.94,1,0,1
5413,1275,11.55,Spain,Transfer,Tablet,6,14,42.34,0,1,0
5414,3882,127.43,Spain,Cash Withdrawal,Mobile,15,19,87.92,0,2,0
5415,2459,120.4,Germany,Card Payment,Mobile,18,16,155.95,0,1,0
5416,305,48.14,France,Cash Withdrawal,Tablet,11,31,130.56,0,1,0
5417,2305,91.16,United Kingdom,Card Payment,Tablet,1,13,203.68,0,2,0
5418,1958,180.41,Portugal,Card Payment,Web,15,28,89.6,0,2,0
5419,1579,311.81,France,Online Payment,Web,17,18,111.31,1,1,0
5420,280,123.86,Portugal,Transfer,Web,23,14,126.41,1,1,0
5421,941,90.66,Senegal,Online Payment,Tablet,11,20,265.3,0,1,0
5422,2009,291.88,Portugal,Card Payment,Mobile,3,16,74.59,1,2,0
5423,3406,273.87,Portugal,Card Payment,Tablet,2,30,33.54,0,4,0
5424,540,69.36,Portugal,Transfer,Tablet,19,18,67.81,0,1,0
5425,802,50.22,Senegal,Transfer,Web,11,24,120.55,0,1,0
5426,3150,289.74,Germany,Transfer,Mobile,13,7,321.2,0,2,0
5427,3239,205.15,United Kingdom,Cash Withdrawal,Tablet,13,10,42.66,0,1,0
5428,2872,134.46,Spain,Card Payment,Mobile,18,37,261.66,0,3,0
5429,2338,95.95,Germany,Card Payment,Web,11,12,89.11,1,1,0
5430,267,343.57,France,Card Payment,Mobile,13,27,46.91,1,1,0
5431,3220,127.04,United Kingdom,Card Payment,Tablet,17,16,91.1,0,1,0
5432,3061,71.39,Germany,Card Payment,Tablet,22,16,159.4,1,1,0
5433,3716,101.8,Senegal,Cash Withdrawal,Mobile,17,18,172.88,0,2,0
5434,2310,86.11,United Kingdom,Cash Withdrawal,Web,18,4,94.6,0,3,0
5435,1655,56.83,Senegal,Cash Withdrawal,Tablet,1,9,42.89,0,1,0
5436,3870,32.65,Germany,Cash Withdrawal,Web,12,23,58.46,0,1,0
5437,2803,86.02,Spain,Cash Withdrawal,Tablet,20,28,56.46,1,1,0
5438,2492,27.49,United Kingdom,Card Payment,Web,4,5,73.59,0,2,0
5439,1190,63.06,Spain,Cash Withdrawal,Web,20,1,174.97,0,1,0
5440,1296,63.54,France,Cash Withdrawal,Web,12,20,200.65,0,2,0
5441,3597,93.05,Spain,Cash Withdrawal,Mobile,1,41,238.32,1,4,0
5442,3962,655.9,United Kingdom,Online Payment,Mobile,16,23,61.77,0,1,0
5443,1923,55.07,United Kingdom,Online Payment,Tablet,10,21,189.52,0,1,0
5444,3958,451.03,Portugal,Online Payment,Mobile,19,2,111.65,0,4,0
5445,348,215.75,Senegal,Online Payment,Web,4,15,48.71,0,2,0
5446,1784,194.22,Senegal,Transfer,Web,19,16,118.01,0,1,0
5447,3856,87.24,Germany,Online Payment,Web,20,14,136.08,1,1,0
5448,1551,225.5,France,Online Payment,Tablet,15,28,36.13,0,0,0
5449,648,15.87,Senegal,Cash Withdrawal,Web,4,14,61.49,0,0,0
5450,605,116.07,United Kingdom,Transfer,Web,5,33,88.81,0,1,0
5451,1400,52.78,Portugal,Online Payment,Mobile,0,8,272.11,0,5,0
5452,2141,516.43,Spain,Cash Withdrawal,Tablet,12,23,47.07,0,3,0
5453,443,38.81,United Kingdom,Card Payment,Web,4,42,78.04,1,2,0
5454,2999,430.37,France,Cash Withdrawal,Mobile,2,8,146.7,0,2,0
5455,1115,113.87,United Kingdom,Online Payment,Mobile,10,6,126.92,0,2,0
5456,942,63.01,United Kingdom,Transfer,Mobile,4,21,107.52,1,0,0
5457,507,140.71,Senegal,Card Payment,Mobile,18,20,212.01,0,0,0
5458,3049,244.02,France,Card Payment,Web,22,7,60.9,0,0,0
5459,3532,49.88,Senegal,Online Payment,Tablet,7,5,155.58,0,4,0
5460,3515,166.29,France,Online Payment,Web,18,7,62.55,0,4,0
5461,3580,173.17,United Kingdom,Card Payment,Mobile,3,23,157.49,0,1,0
5462,2175,140.41,France,Transfer,Mobile,6,22,46.07,0,1,0
5463,3546,366.42,Portugal,Card Payment,Tablet,3,25,48.03,0,0,0
5464,3294,63.19,Portugal,Online Payment,Mobile,9,16,93.14,0,3,0
5465,1898,110.78,Spain,Online Payment,Mobile,21,24,133.93,0,1,0
5466,1850,177.33,United Kingdom,Cash Withdrawal,Mobile,13,11,140.41,0,1,0
5467,2058,183.25,Spain,Transfer,Mobile,23,22,305.68,0,1,0
5468,2567,255.09,France,Cash Withdrawal,Web,9,31,97.81,0,1,0
5469,1319,347.48,France,Cash Withdrawal,Mobile,2,17,102.17,0,3,0
5470,2784,157.09,Spain,Transfer,Tablet,0,17,66.77,0,2,0
5471,1032,123.84,United Kingdom,Cash Withdrawal,Mobile,17,19,187.46,0,1,0
5472,3942,178.0,Germany,Transfer,Mobile,8,21,91.44,0,5,0
5473,1556,71.15,Germany,Card Payment,Tablet,4,28,154.16,0,0,0
5474,1226,62.97,United Kingdom,Online Payment,Mobile,23,21,53.65,0,2,0
5475,1936,158.83,United Kingdom,Transfer,Mobile,21,33,88.53,0,1,0
5476,3733,133.24,Germany,Cash Withdrawal,Tablet,6,16,58.18,1,2,0
5477,2906,127.0,France,Online Payment,Mobile,3,12,14.26,0,1,0
5478,3447,474.89,United Kingdom,Card Payment,Web,8,17,107.19,0,0,0
5479,499,46.72,Senegal,Online Payment,Mobile,8,20,71.15,0,0,0
5480,2421,248.96,Spain,Online Payment,Web,11,13,51.8,0,0,0
5481,3816,86.94,France,Transfer,Mobile,19,11,199.04,0,1,0
5482,397,73.75,Senegal,Cash Withdrawal,Mobile,7,23,64.32,0,2,0
5483,3218,424.92,Spain,Online Payment,Mobile,19,14,54.65,0,0,0
5484,117,269.76,Senegal,Card Payment,Mobile,23,7,107.39,0,3,0
5485,927,558.2,United Kingdom,Cash Withdrawal,Tablet,19,16,166.49,0,1,0
5486,2224,19.88,Portugal,Cash Withdrawal,Tablet,22,9,373.73,0,2,0
5487,2174,554.21,Spain,Card Payment,Web,16,18,111.07,0,3,0
5488,3811,35.67,France,Card Payment,Web,18,22,58.59,0,1,0
5489,1046,101.44,France,Online Payment,Web,7,25,463.25,0,2,0
5490,1182,342.69,Spain,Card Payment,Mobile,6,18,185.89,1,2,0
5491,939,128.23,Spain,Cash Withdrawal,Web,17,35,223.25,1,3,0
5492,57,209.7,United Kingdom,Online Payment,Mobile,21,12,131.17,1,0,0
5493,3858,96.78,Portugal,Transfer,Web,17,13,115.91,0,2,0
5494,2962,94.36,Germany,Cash Withdrawal,Mobile,14,15,48.36,1,1,0
5495,1684,58.57,United Kingdom,Online Payment,Mobile,0,27,93.07,0,2,0
5496,3942,256.72,Portugal,Transfer,Mobile,17,47,343.39,0,0,0
5497,3962,218.83,France,Transfer,Mobile,18,13,109.13,0,2,0
5498,3508,78.16,Spain,Online Payment,Tablet,5,19,38.74,0,1,0
5499,3124,180.78,Germany,Transfer,Web,8,10,260.24,0,3,0
5500,844,37.91,France,Card Payment,Web,23,1,66.45,0,2,0
5501,3435,303.35,Germany,Transfer,Tablet,1,16,210.49,0,1,0
5502,3960,118.63,Germany,Card Payment,Web,17,22,41.61,0,1,0
5503,745,234.26,France,Cash Withdrawal,Tablet,8,22,123.03,0,3,0
5504,3324,176.04,Portugal,Cash Withdrawal,Tablet,17,11,31.77,1,4,0
5505,2695,60.52,United Kingdom,Online Payment,Web,3,26,237.21,0,2,0
5506,485,89.33,Senegal,Online Payment,Tablet,7,12,161.95,0,2,0
5507,1941,91.49,Portugal,Card Payment,Web,17,10,164.81,0,4,0
5508,3233,566.32,Germany,Cash Withdrawal,Tablet,16,27,32.86,1,0,0
5509,2977,53.43,United Kingdom,Cash Withdrawal,Web,23,12,159.54,0,1,0
5510,2562,45.09,Portugal,Cash Withdrawal,Tablet,8,16,201.54,0,0,0
5511,2047,94.63,Spain,Transfer,Mobile,6,14,141.2,0,6,0
5512,3726,94.65,Portugal,Online Payment,Web,18,17,93.24,0,1,0
5513,1890,143.91,Germany,Online Payment,Web,15,27,20.3,0,3,0
5514,3229,117.02,Spain,Online Payment,Mobile,6,26,126.54,0,1,0
5515,1989,86.01,United Kingdom,Card Payment,Tablet,11,23,63.0,0,2,0
5516,2275,112.19,Senegal,Cash Withdrawal,Mobile,13,30,275.09,0,2,0
5517,787,157.26,France,Card Payment,Tablet,15,19,126.5,0,1,0
5518,3547,28.66,Senegal,Card Payment,Mobile,2,31,79.02,1,1,0
5519,1370,390.51,United Kingdom,Card Payment,Web,9,31,162.59,0,2,0
5520,3981,168.25,United Kingdom,Online Payment,Tablet,5,15,169.06,0,2,0
5521,2397,168.9,Spain,Card Payment,Mobile,0,27,54.85,0,1,0
5522,1613,205.47,Senegal,Online Payment,Web,14,27,260.0,0,0,0
5523,3438,97.91,Portugal,Card Payment,Web,15,1,187.75,0,1,0
5524,110,243.09,Germany,Online Payment,Tablet,18,9,65.68,0,1,0
5525,1586,607.26,Germany,Transfer,Mobile,18,15,181.89,0,3,0
5526,3281,230.01,France,Transfer,Web,5,40,81.15,0,3,0
5527,711,217.31,Senegal,Cash Withdrawal,Tablet,12,10,87.63,0,1,0
5528,649,46.37,United Kingdom,Cash Withdrawal,Tablet,15,1,222.06,1,1,0
5529,2645,66.96,United Kingdom,Cash Withdrawal,Tablet,14,30,52.49,0,1,0
5530,3590,65.0,Germany,Online Payment,Mobile,3,25,112.1,1,2,0
5531,2777,65.35,Spain,Card Payment,Web,21,22,68.05,0,3,0
5532,750,413.26,Portugal,Online Payment,Mobile,18,7,138.64,0,2,0
5533,2083,66.78,Spain,Online Payment,Mobile,1,26,123.77,0,3,0
5534,2759,49.62,Spain,Online Payment,Mobile,11,1,88.16,0,1,0
5535,1962,155.67,Spain,Cash Withdrawal,Mobile,22,18,117.63,0,2,0
5536,1683,65.21,United Kingdom,Cash Withdrawal,Web,1,19,47.06,0,0,0
5537,2008,254.25,Germany,Online Payment,Tablet,13,25,80.59,0,1,0
5538,1437,501.96,Spain,Online Payment,Web,23,19,39.35,0,0,0
5539,3037,102.77,Germany,Online Payment,Tablet,8,11,55.35,0,0,0
5540,3984,111.39,Germany,Card Payment,Web,11,7,80.02,0,0,0
5541,978,236.15,United Kingdom,Online Payment,Web,10,37,195.89,0,2,0
5542,532,68.3,United Kingdom,Card Payment,Web,7,22,157.08,0,1,0
5543,2652,481.89,Senegal,Cash Withdrawal,Tablet,23,7,41.32,0,2,0
5544,3599,11.62,France,Cash Withdrawal,Web,0,18,86.41,0,1,0
5545,1432,49.98,United Kingdom,Card Payment,Web,16,25,199.27,1,0,0
5546,885,219.76,France,Cash Withdrawal,Web,18,23,117.22,0,0,0
5547,496,143.21,France,Online Payment,Tablet,12,27,77.34,0,3,0
5548,176,133.65,Portugal,Cash Withdrawal,Mobile,15,2,121.96,0,0,0
5549,3964,123.55,United Kingdom,Card Payment,Web,0,19,92.59,0,2,0
5550,724,57.51,Portugal,Cash Withdrawal,Mobile,10,14,86.49,1,2,0
5551,3603,154.39,France,Online Payment,Web,16,10,102.32,0,0,0
5552,2588,34.8,Spain,Online Payment,Mobile,6,24,352.67,0,1,0
5553,1914,243.47,United Kingdom,Online Payment,Web,22,13,157.54,0,1,0
5554,3690,452.48,Germany,Online Payment,Tablet,1,24,151.49,0,2,0
5555,3898,128.98,France,Online Payment,Mobile,18,20,53.11,0,0,0
5556,1375,406.14,Spain,Transfer,Mobile,22,22,142.8,0,1,0
5557,3352,216.96,Senegal,Card Payment,Mobile,0,25,187.22,0,1,0
5558,184,362.95,Germany,Card Payment,Tablet,19,21,297.66,0,3,0
5559,2121,123.85,United Kingdom,Online Payment,Web,18,31,201.31,0,1,0
5560,805,161.34,France,Card Payment,Web,2,27,124.93,0,0,0
5561,1317,70.99,Germany,Cash Withdrawal,Web,22,12,53.61,0,3,0
5562,862,56.77,United Kingdom,Card Payment,Web,21,23,194.61,0,0,0
5563,752,317.48,Germany,Card Payment,Mobile,14,14,149.03,1,0,0
5564,2163,430.61,Germany,Cash Withdrawal,Web,15,13,196.9,1,2,0
5565,3466,87.8,Portugal,Card Payment,Mobile,19,16,75.48,0,2,0
5566,1635,83.24,Senegal,Transfer,Tablet,3,31,148.42,1,1,0
5567,1039,66.35,United Kingdom,Cash Withdrawal,Tablet,3,21,134.45,0,2,0
5568,3725,62.79,France,Online Payment,Web,16,20,22.05,0,3,0
5569,2841,32.0,Spain,Card Payment,Web,18,6,124.33,1,3,0
5570,3288,177.98,Germany,Cash Withdrawal,Mobile,0,26,35.71,0,0,0
5571,2032,421.7,Senegal,Online Payment,Tablet,6,16,138.45,0,0,0
5572,1235,293.18,Germany,Cash Withdrawal,Tablet,6,25,210.66,0,1,0
5573,2120,151.88,United Kingdom,Online Payment,Mobile,13,17,627.4,0,1,0
5574,1167,175.35,Portugal,Card Payment,Web,8,20,99.12,0,1,0
5575,2106,114.06,Senegal,Card Payment,Mobile,3,19,116.36,0,1,0
5576,3356,145.03,Spain,Transfer,Tablet,12,11,101.21,0,4,0
5577,3029,62.2,Senegal,Online Payment,Web,23,12,69.86,0,0,0
5578,2059,130.28,United Kingdom,Cash Withdrawal,Web,1,28,117.89,0,1,0
5579,3691,141.93,United Kingdom,Transfer,Mobile,6,10,140.86,0,0,0
5580,138,237.6,Germany,Cash Withdrawal,Web,0,15,116.86,0,2,0
5581,633,126.35,Germany,Card Payment,Mobile,23,29,82.42,0,0,0
5582,3736,45.85,Portugal,Card Payment,Mobile,19,20,278.02,0,1,0
5583,1648,79.77,Germany,Transfer,Mobile,0,22,52.47,0,0,0
5584,677,159.56,France,Cash Withdrawal,Web,11,7,65.58,0,2,1
5585,1003,362.43,Senegal,Online Payment,Tablet,20,4,132.09,0,1,0
5586,1128,197.99,Senegal,Transfer,Tablet,14,16,143.83,0,2,0
5587,482,183.76,France,Cash Withdrawal,Mobile,2,8,194.15,0,1,0
5588,18,81.38,Senegal,Cash Withdrawal,Mobile,6,7,143.04,1,3,0
5589,574,204.52,Portugal,Card Payment,Tablet,12,19,86.14,0,2,0
5590,3722,153.1,Senegal,Cash Withdrawal,Tablet,3,19,233.32,0,0,0
5591,973,132.26,Senegal,Cash Withdrawal,Web,16,19,237.08,0,2,0
5592,3749,231.42,Spain,Cash Withdrawal,Web,15,20,177.76,0,2,0
5593,2404,96.56,Spain,Transfer,Web,22,18,106.06,0,0,0
5594,970,165.37,Spain,Card Payment,Web,2,43,108.65,0,4,0
5595,3521,56.43,Portugal,Transfer,Tablet,4,27,150.58,0,2,0
5596,539,78.55,Spain,Cash Withdrawal,Mobile,16,16,131.99,0,0,0
5597,1496,17.42,Portugal,Online Payment,Tablet,13,14,168.66,0,1,0
5598,2710,119.35,Portugal,Card Payment,Web,10,17,52.83,0,2,0
5599,3838,94.5,Spain,Card Payment,Tablet,13,22,374.12,0,0,0
5600,2542,270.16,United Kingdom,Cash Withdrawal,Web,23,24,218.5,0,3,0
5601,2766,40.99,United Kingdom,Card Payment,Tablet,9,13,150.18,0,0,0
5602,3029,113.59,Senegal,Cash Withdrawal,Tablet,0,27,121.79,0,4,0
5603,1046,31.19,United Kingdom,Online Payment,Tablet,9,21,317.14,1,0,0
5604,110,209.44,Germany,Online Payment,Tablet,11,26,288.82,0,1,0
5605,2859,164.2,France,Cash Withdrawal,Web,16,9,38.07,0,1,0
5606,2080,257.94,Portugal,Transfer,Tablet,4,24,109.31,0,3,0
5607,1229,205.96,Germany,Online Payment,Tablet,15,11,280.74,0,1,0
5608,2353,81.1,France,Cash Withdrawal,Web,22,24,83.34,1,1,0
5609,1833,143.25,France,Cash Withdrawal,Tablet,18,25,161.65,0,1,0
5610,2442,35.01,Germany,Card Payment,Mobile,15,15,124.16,1,3,0
5611,1356,55.4,United Kingdom,Cash Withdrawal,Tablet,9,18,53.51,0,0,0
5612,1892,192.91,United Kingdom,Card Payment,Web,13,24,69.04,1,1,0
5613,1397,135.17,Germany,Online Payment,Mobile,4,16,314.55,0,3,0
5614,1408,259.89,Senegal,Transfer,Web,13,34,105.26,0,1,0
5615,3241,461.58,Senegal,Online Payment,Web,3,24,152.41,0,1,0
5616,627,400.1,Germany,Transfer,Tablet,15,17,171.63,0,1,0
5617,258,69.82,United Kingdom,Cash Withdrawal,Mobile,22,7,53.19,0,0,0
5618,2034,304.76,Portugal,Card Payment,Mobile,10,14,70.67,0,0,0
5619,2277,201.86,France,Cash Withdrawal,Web,11,13,39.53,0,3,0
5620,3403,34.28,United Kingdom,Online Payment,Mobile,3,3,43.5,0,2,0
5621,3973,119.84,Portugal,Transfer,Mobile,11,34,74.7,0,0,0
5622,1982,224.87,Portugal,Online Payment,Web,16,25,99.43,1,3,0
5623,2510,125.87,United Kingdom,Card Payment,Web,23,12,102.7,0,2,0
5624,1710,51.23,Portugal,Card Payment,Web,6,35,48.4,1,0,0
5625,3731,202.3,United Kingdom,Online Payment,Tablet,10,15,152.84,0,3,0
5626,2942,194.97,Spain,Online Payment,Tablet,7,17,66.29,0,0,0
5627,3634,35.13,Senegal,Transfer,Mobile,21,11,39.95,0,3,0
5628,2359,319.52,Spain,Cash Withdrawal,Tablet,21,31,227.13,1,2,0
5629,1510,78.83,United Kingdom,Transfer,Tablet,2,12,233.15,1,1,0
5630,839,122.19,France,Card Payment,Mobile,12,14,92.5,0,3,0
5631,2901,224.37,France,Transfer,Tablet,6,21,100.34,0,0,0
5632,2048,121.77,Spain,Card Payment,Mobile,0,33,82.69,0,2,0
5633,2226,36.43,Spain,Online Payment,Tablet,5,26,174.27,0,0,0
5634,258,74.54,Spain,Transfer,Tablet,9,38,104.61,0,3,0
5635,2129,66.85,Senegal,Online Payment,Web,13,5,75.4,0,1,0
5636,1119,139.04,France,Card Payment,Tablet,7,7,667.77,0,3,0
5637,761,108.36,United Kingdom,Transfer,Tablet,12,20,175.39,0,1,0
5638,610,88.06,Portugal,Online Payment,Web,8,11,115.61,0,1,0
5639,2656,334.63,Spain,Transfer,Tablet,5,14,74.23,0,3,0
5640,1779,586.32,Germany,Transfer,Web,19,9,49.71,0,0,0
5641,381,142.89,Portugal,Online Payment,Web,9,33,213.41,0,2,0
5642,1275,33.37,Germany,Online Payment,Tablet,2,21,74.13,0,1,0
5643,1573,545.44,Spain,Transfer,Tablet,19,9,36.86,0,0,0
5644,3320,471.4,United Kingdom,Cash Withdrawal,Web,12,29,130.8,0,2,0
5645,2520,144.11,United Kingdom,Card Payment,Mobile,20,4,42.5,0,2,0
5646,3109,67.82,Senegal,Online Payment,Web,18,26,186.61,0,0,0
5647,3309,215.09,Spain,Card Payment,Mobile,21,11,48.39,0,2,0
5648,570,140.35,Spain,Transfer,Mobile,21,31,71.14,0,0,0
5649,3609,91.72,Portugal,Transfer,Web,12,19,81.69,0,1,0
5650,3700,273.8,Senegal,Transfer,Web,6,29,156.69,0,2,0
5651,3169,712.93,United Kingdom,Card Payment,Web,21,30,116.36,0,0,0
5652,1695,212.61,Germany,Cash Withdrawal,Tablet,16,16,165.23,0,1,0
5653,1002,280.15,Senegal,Cash Withdrawal,Web,10,8,353.12,0,2,0
5654,3742,51.32,United Kingdom,Online Payment,Tablet,12,27,193.21,0,1,0
5655,3240,38.89,United Kingdom,Online Payment,Tablet,12,1,243.66,0,0,1
5656,3632,54.29,United Kingdom,Cash Withdrawal,Mobile,23,30,189.65,1,2,0
5657,3067,103.37,Germany,Online Payment,Web,20,23,95.99,0,1,0
5658,880,133.13,Germany,Transfer,Mobile,14,23,343.34,1,1,0
5659,1046,89.57,Germany,Cash Withdrawal,Mobile,8,18,126.89,0,1,0
5660,252,262.84,United Kingdom,Transfer,Mobile,21,1,93.42,0,2,0
5661,1868,285.28,Portugal,Card Payment,Web,4,24,126.24,1,1,0
5662,2587,164.87,Spain,Card Payment,Tablet,16,29,138.88,0,0,0
5663,89,137.63,United Kingdom,Online Payment,Web,20,10,150.37,1,0,0
5664,3601,42.44,Spain,Cash Withdrawal,Mobile,17,21,60.01,1,3,0
5665,769,97.24,France,Transfer,Tablet,18,28,103.8,0,1,0
5666,3683,310.6,Germany,Online Payment,Tablet,6,12,118.63,0,2,0
5667,2421,228.01,Portugal,Card Payment,Web,4,36,96.95,0,1,0
5668,7,185.9,Germany,Card Payment,Tablet,16,25,279.3,0,1,0
5669,3373,92.52,Germany,Card Payment,Mobile,11,20,494.03,0,2,0
5670,2166,124.54,United Kingdom,Cash Withdrawal,Web,20,8,50.91,0,6,0
5671,2378,206.62,Germany,Cash Withdrawal,Tablet,19,13,51.42,1,1,0
5672,1938,197.19,Senegal,Transfer,Web,19,24,152.59,0,1,0
5673,464,98.05,United Kingdom,Transfer,Web,16,26,63.21,0,4,0
5674,3860,17.06,Senegal,Online Payment,Web,23,21,24.22,0,3,0
5675,506,102.57,France,Card Payment,Web,2,36,112.04,1,2,0
5676,3675,91.75,France,Card Payment,Web,17,10,111.82,0,0,0
5677,3292,40.81,France,Online Payment,Mobile,9,25,116.39,0,0,0
5678,3418,460.15,France,Card Payment,Web,7,19,109.88,1,1,0
5679,1156,65.91,France,Card Payment,Mobile,13,13,216.39,0,1,0
5680,3506,172.93,Senegal,Transfer,Mobile,6,10,120.83,0,0,0
5681,3966,93.8,United Kingdom,Cash Withdrawal,Tablet,0,4,109.93,0,1,0
5682,1859,74.08,United Kingdom,Cash Withdrawal,Web,4,30,141.09,0,1,0
5683,3663,134.3,Senegal,Transfer,Web,20,16,44.3,0,2,0
5684,590,153.53,Germany,Cash Withdrawal,Mobile,0,11,178.72,1,1,0
5685,3701,52.05,Portugal,Online Payment,Tablet,15,27,52.45,1,1,0
5686,1308,151.16,Germany,Card Payment,Mobile,5,16,85.49,1,0,0
5687,3480,178.8,Germany,Online Payment,Tablet,19,23,138.55,0,2,0
5688,987,126.23,United Kingdom,Transfer,Tablet,7,16,60.15,0,1,0
5689,69,254.52,Portugal,Cash Withdrawal,Web,16,16,95.97,0,0,0
5690,1310,42.01,Senegal,Online Payment,Web,15,21,249.69,0,2,0
5691,2383,112.91,United Kingdom,Transfer,Mobile,3,36,134.52,0,1,0
5692,606,131.61,United Kingdom,Transfer,Web,21,20,123.87,0,1,0
5693,3212,189.19,United Kingdom,Cash Withdrawal,Tablet,3,6,119.13,0,3,0
5694,142,327.13,United Kingdom,Card Payment,Tablet,2,40,76.75,0,3,0
5695,2067,131.7,Senegal,Cash Withdrawal,Mobile,1,23,67.29,0,1,0
5696,1603,48.96,United Kingdom,Transfer,Mobile,13,17,204.87,0,2,0
5697,1294,140.96,Germany,Cash Withdrawal,Tablet,9,20,120.82,0,1,0
5698,217,585.55,Senegal,Cash Withdrawal,Mobile,12,2,116.23,0,0,0
5699,1847,129.44,Germany,Card Payment,Tablet,20,7,100.37,1,3,0
5700,44,115.47,Portugal,Cash Withdrawal,Web,1,11,251.0,1,3,0
5701,2883,229.64,Portugal,Transfer,Tablet,21,20,258.81,0,1,0
5702,870,349.6,Portugal,Online Payment,Mobile,14,25,111.86,0,1,0
5703,1533,40.99,Germany,Card Payment,Web,12,24,54.02,0,2,0
5704,1453,141.73,Spain,Card Payment,Web,23,6,75.04,0,1,0
5705,2306,227.77,France,Card Payment,Tablet,2,12,59.61,0,0,0
5706,2954,254.55,United Kingdom,Card Payment,Web,19,23,103.02,0,2,0
5707,2939,116.15,Portugal,Card Payment,Web,18,21,28.04,0,2,0
5708,1178,60.38,Portugal,Online Payment,Mobile,16,19,116.76,0,2,0
5709,2961,66.41,United Kingdom,Card Payment,Web,11,14,81.54,0,3,0
5710,1213,403.45,United Kingdom,Transfer,Tablet,10,29,216.09,0,1,0
5711,1510,108.13,Germany,Card Payment,Tablet,15,23,80.09,0,1,0
5712,3544,411.85,United Kingdom,Card Payment,Tablet,8,22,77.26,0,0,0
5713,1921,207.93,Spain,Cash Withdrawal,Web,4,16,114.07,0,3,0
5714,1844,76.61,Senegal,Transfer,Web,0,20,45.37,0,1,0
5715,3401,316.0,Portugal,Online Payment,Tablet,2,16,52.06,1,2,0
5716,3526,102.75,Senegal,Card Payment,Mobile,19,16,49.94,0,2,0
5717,1786,130.5,Senegal,Card Payment,Tablet,8,4,45.66,0,4,1
5718,2277,112.89,Senegal,Online Payment,Mobile,1,32,129.17,0,0,0
5719,2047,16.39,Portugal,Online Payment,Tablet,5,18,79.81,0,2,0
5720,3458,44.25,Portugal,Online Payment,Web,15,5,157.11,0,4,0
5721,347,563.58,United Kingdom,Online Payment,Mobile,22,22,152.14,0,4,0
5722,3928,283.88,Senegal,Card Payment,Tablet,10,37,35.63,0,2,0
5723,3012,157.27,Spain,Online Payment,Web,13,17,234.63,1,2,0
5724,829,66.72,Portugal,Cash Withdrawal,Tablet,11,16,164.02,0,1,0
5725,2810,105.27,Senegal,Transfer,Mobile,1,13,59.85,0,4,0
5726,3459,86.12,Senegal,Transfer,Web,12,45,118.63,0,3,0
5727,3416,274.78,Spain,Online Payment,Web,23,19,165.81,0,1,0
5728,716,166.81,United Kingdom,Card Payment,Mobile,15,35,127.21,0,1,0
5729,3060,22.39,United Kingdom,Online Payment,Tablet,15,21,241.59,0,4,0
5730,2257,41.55,France,Card Payment,Web,23,10,44.7,0,3,0
5731,3867,223.46,United Kingdom,Online Payment,Web,19,35,63.76,0,3,0
5732,2516,249.11,Spain,Cash Withdrawal,Tablet,17,14,79.93,0,2,0
5733,1528,197.16,Germany,Online Payment,Mobile,5,24,134.0,0,2,0
5734,3451,35.16,Senegal,Transfer,Mobile,22,17,88.85,0,2,0
5735,2624,254.03,Spain,Card Payment,Mobile,12,37,62.43,0,2,0
5736,365,140.65,Spain,Online Payment,Tablet,18,19,51.05,0,2,0
5737,2779,50.22,Senegal,Transfer,Tablet,2,22,116.48,0,0,0
5738,2281,116.16,France,Card Payment,Web,20,17,62.34,0,1,0
5739,3268,157.83,Portugal,Online Payment,Web,7,11,180.34,0,1,0
5740,729,304.69,Germany,Transfer,Mobile,4,8,50.25,0,1,0
5741,2249,334.57,Germany,Cash Withdrawal,Web,16,19,141.43,1,1,0
5742,646,169.74,Germany,Transfer,Web,23,19,137.9,0,1,0
5743,2338,122.63,France,Transfer,Mobile,18,15,47.4,0,2,0
5744,1885,68.17,Spain,Online Payment,Web,0,20,89.62,0,0,0
5745,1135,211.89,Portugal,Online Payment,Web,20,10,64.31,0,1,0
5746,3955,81.74,Germany,Online Payment,Tablet,15,27,46.55,0,3,0
5747,1879,74.79,United Kingdom,Transfer,Mobile,4,25,142.99,0,2,0
5748,2625,57.98,United Kingdom,Transfer,Web,7,26,91.57,0,2,0
5749,282,142.98,Portugal,Cash Withdrawal,Web,11,19,133.39,1,2,0
5750,3687,250.85,Germany,Transfer,Mobile,19,24,59.07,0,0,0
5751,3225,322.94,France,Online Payment,Tablet,22,16,130.18,0,1,0
5752,1444,36.76,Germany,Transfer,Tablet,8,20,34.67,0,2,0
5753,1667,242.22,Spain,Online Payment,Web,0,30,41.85,0,2,0
5754,1330,115.98,Senegal,Online Payment,Tablet,8,11,84.41,0,1,0
5755,2635,418.79,United Kingdom,Cash Withdrawal,Mobile,1,12,103.83,0,0,0
5756,1229,357.94,France,Online Payment,Tablet,18,14,42.06,0,1,0
5757,1429,115.96,United Kingdom,Transfer,Mobile,0,15,61.84,1,1,0
5758,291,88.81,Spain,Online Payment,Tablet,19,27,136.19,0,0,0
5759,638,50.32,Portugal,Transfer,Web,14,38,120.39,0,2,0
5760,2166,280.42,United Kingdom,Card Payment,Mobile,2,7,91.5,0,3,0
5761,3503,105.87,France,Cash Withdrawal,Web,11,3,227.68,0,0,0
5762,3567,197.49,Germany,Cash Withdrawal,Tablet,5,30,185.37,0,1,0
5763,3854,144.86,United Kingdom,Cash Withdrawal,Web,13,51,22.75,0,0,1
5764,729,33.23,Senegal,Transfer,Web,22,11,64.81,0,1,0
5765,2905,226.1,Portugal,Transfer,Mobile,21,25,53.26,0,2,0
5766,2008,51.55,Senegal,Online Payment,Mobile,21,10,238.68,0,2,0
5767,1569,103.31,Senegal,Cash Withdrawal,Web,15,24,31.59,0,1,0
5768,208,648.26,Germany,Card Payment,Mobile,18,33,162.1,0,1,0
5769,211,228.68,Germany,Cash Withdrawal,Mobile,12,8,98.66,0,1,0
5770,1064,251.72,Portugal,Card Payment,Tablet,5,2,62.41,1,3,0
5771,1193,69.36,Portugal,Card Payment,Web,10,21,72.8,0,2,0
5772,171,79.48,Spain,Cash Withdrawal,Web,8,5,55.56,0,2,0
5773,2998,107.77,United Kingdom,Cash Withdrawal,Mobile,6,26,91.82,0,1,0
5774,1606,100.82,United Kingdom,Card Payment,Mobile,16,19,146.36,0,1,0
5775,3278,96.96,Senegal,Cash Withdrawal,Web,22,32,49.92,0,0,0
5776,478,128.95,Germany,Card Payment,Tablet,11,21,27.61,0,3,0
5777,2318,219.18,Senegal,Cash Withdrawal,Mobile,23,27,181.39,0,1,0
5778,698,172.11,Senegal,Card Payment,Tablet,21,34,147.08,1,1,0
5779,2337,51.91,Spain,Cash Withdrawal,Tablet,3,12,56.87,0,1,0
5780,3077,106.54,Senegal,Transfer,Tablet,11,16,56.29,0,1,0
5781,2365,96.96,Spain,Transfer,Tablet,3,20,94.83,0,1,0
5782,1317,480.29,France,Card Payment,Mobile,5,1,88.59,0,1,1
5783,1845,202.5,United Kingdom,Card Payment,Mobile,1,19,215.62,0,0,0
5784,1240,114.53,Portugal,Cash Withdrawal,Web,19,1,79.74,0,1,0
5785,2133,59.1,Germany,Online Payment,Web,19,23,121.7,0,2,0
5786,2222,341.45,France,Online Payment,Mobile,19,32,67.09,1,2,0
5787,1873,213.69,Portugal,Cash Withdrawal,Tablet,3,21,61.29,0,4,0
5788,1119,302.87,Portugal,Card Payment,Web,6,11,64.49,0,3,0
5789,2293,95.59,Portugal,Card Payment,Mobile,3,12,144.4,0,1,0
5790,3616,78.5,France,Transfer,Mobile,11,29,131.82,0,2,0
5791,3144,104.36,France,Transfer,Web,5,29,138.58,0,3,0
5792,3985,179.02,Senegal,Transfer,Mobile,23,15,110.06,0,4,0
5793,1617,25.12,France,Online Payment,Web,2,23,635.98,0,0,0
5794,648,94.31,Senegal,Transfer,Web,7,27,60.37,0,2,0
5795,3610,62.02,United Kingdom,Transfer,Mobile,17,18,45.81,0,2,0
5796,3333,173.09,Germany,Online Payment,Web,0,38,60.32,0,1,0
5797,3764,78.39,Portugal,Transfer,Tablet,20,39,79.97,0,2,0
5798,3078,89.1,Spain,Online Payment,Tablet,22,12,155.7,0,2,0
5799,1619,75.2,Germany,Cash Withdrawal,Mobile,17,16,90.71,0,1,0
5800,2045,35.24,Germany,Transfer,Mobile,1,11,116.26,0,1,0
5801,3251,77.43,United Kingdom,Card Payment,Mobile,7,7,176.66,0,1,0
5802,3615,239.2,United Kingdom,Card Payment,Mobile,22,20,37.01,0,3,0
5803,2451,51.83,Portugal,Online Payment,Mobile,9,32,49.05,0,1,0
5804,564,205.83,United Kingdom,Cash Withdrawal,Mobile,13,38,51.81,0,3,0
5805,1790,1778.74,Portugal,Transfer,Tablet,5,9,75.52,0,0,1
5806,3083,233.4,Portugal,Transfer,Tablet,17,17,182.67,0,1,0
5807,2276,300.15,Portugal,Card Payment,Tablet,5,10,74.34,0,3,0
5808,782,75.04,Germany,Transfer,Tablet,20,6,58.68,0,2,0
5809,2250,166.29,Portugal,Online Payment,Tablet,0,14,32.86,0,0,0
5810,3763,46.4,Senegal,Cash Withdrawal,Mobile,20,17,182.8,0,1,0
5811,3745,267.11,Germany,Transfer,Mobile,16,27,79.95,0,1,0
5812,964,222.82,Senegal,Card Payment,Tablet,13,44,126.26,0,0,0
5813,2763,259.15,Senegal,Transfer,Web,7,18,295.72,0,0,0
5814,234,143.94,United Kingdom,Card Payment,Web,20,17,86.57,1,1,0
5815,26,104.26,Portugal,Cash Withdrawal,Tablet,9,29,98.41,0,0,0
5816,3246,122.19,Germany,Transfer,Web,14,22,80.88,0,1,0
5817,3925,291.04,Germany,Transfer,Mobile,7,42,127.14,0,1,1
5818,1333,68.9,Spain,Cash Withdrawal,Mobile,19,10,159.73,0,3,0
5819,1145,37.84,Portugal,Cash Withdrawal,Web,23,14,190.62,0,0,0
5820,2387,325.33,United Kingdom,Cash Withdrawal,Mobile,6,25,124.18,0,0,0
5821,2900,432.89,Senegal,Cash Withdrawal,Tablet,2,14,55.62,0,0,0
5822,1694,212.13,France,Cash Withdrawal,Mobile,23,26,121.56,0,2,0
5823,107,81.08,Spain,Online Payment,Web,9,25,111.11,0,1,0
5824,3525,83.31,Germany,Transfer,Web,11,5,75.04,0,0,0
5825,3496,867.55,United Kingdom,Card Payment,Web,2,23,26.88,0,0,0
5826,3775,76.75,France,Transfer,Mobile,8,11,102.5,1,1,0
5827,1995,63.31,Spain,Online Payment,Mobile,22,17,71.44,0,0,0
5828,2779,282.62,France,Transfer,Tablet,17,28,114.26,1,2,0
5829,1808,34.77,Senegal,Transfer,Web,9,19,345.28,0,3,0
5830,3489,28.16,Portugal,Cash Withdrawal,Mobile,3,13,158.72,1,1,0
5831,3069,62.18,United Kingdom,Online Payment,Mobile,15,21,313.15,0,3,0
5832,360,46.73,United Kingdom,Transfer,Mobile,3,20,116.12,0,0,0
5833,2064,40.35,Germany,Transfer,Mobile,1,28,41.38,0,3,0
5834,1370,293.51,Spain,Cash Withdrawal,Tablet,0,26,64.63,1,1,0
5835,2182,118.37,Senegal,Card Payment,Mobile,22,19,112.22,0,1,0
5836,1525,180.43,Portugal,Card Payment,Tablet,1,24,283.84,0,2,0
5837,2052,205.47,France,Cash Withdrawal,Mobile,22,16,125.93,0,3,0
5838,1834,434.92,Senegal,Transfer,Tablet,8,4,201.47,0,2,0
5839,2599,57.96,Spain,Online Payment,Tablet,14,3,117.32,0,4,0
5840,753,59.48,Senegal,Cash Withdrawal,Tablet,19,20,100.95,0,1,0
5841,3499,239.09,Senegal,Transfer,Tablet,4,11,355.43,0,0,0
5842,2639,410.59,United Kingdom,Online Payment,Web,6,32,159.08,0,4,0
5843,532,168.21,Senegal,Card Payment,Web,11,17,463.88,1,3,0
5844,86,236.02,United Kingdom,Online Payment,Mobile,2,26,100.43,1,2,0
5845,817,199.64,Senegal,Transfer,Web,11,47,49.52,0,2,0
5846,2340,194.37,United Kingdom,Transfer,Mobile,23,13,84.33,0,0,0
5847,602,113.01,Portugal,Transfer,Tablet,7,18,172.77,0,2,0
5848,3093,38.27,Portugal,Online Payment,Mobile,21,32,262.33,1,1,0
5849,3200,76.02,Senegal,Online Payment,Tablet,17,31,70.47,0,1,0
5850,2012,52.28,Germany,Online Payment,Tablet,14,29,128.21,0,2,0
5851,892,68.51,Spain,Online Payment,Web,21,33,271.47,1,1,0
5852,2485,209.79,Spain,Card Payment,Tablet,18,31,105.96,0,2,0
5853,2605,272.57,France,Card Payment,Web,16,24,133.75,0,0,0
5854,1480,148.81,Senegal,Cash Withdrawal,Web,10,8,55.61,0,0,0
5855,2089,71.9,Senegal,Online Payment,Tablet,7,24,124.11,0,3,0
5856,3682,155.63,Portugal,Card Payment,Web,18,25,216.54,0,4,0
5857,2982,88.59,Portugal,Card Payment,Mobile,20,13,97.74,0,2,0
5858,3590,508.62,Germany,Cash Withdrawal,Tablet,10,22,89.02,0,2,0
5859,435,199.45,Spain,Cash Withdrawal,Mobile,21,14,160.88,0,1,0
5860,1482,383.23,United Kingdom,Cash Withdrawal,Tablet,6,1,177.8,0,2,0
5861,1836,43.32,Senegal,Cash Withdrawal,Web,0,27,77.91,0,1,0
5862,1287,252.61,Germany,Online Payment,Mobile,4,15,88.41,0,1,0
5863,3947,96.48,Portugal,Card Payment,Web,6,13,254.57,0,2,0
5864,762,249.34,Senegal,Cash Withdrawal,Web,21,29,86.22,0,3,0
5865,3096,724.53,France,Cash Withdrawal,Web,9,25,117.15,0,3,0
5866,1844,291.77,Spain,Online Payment,Web,14,13,442.61,0,3,0
5867,2153,28.65,Spain,Transfer,Tablet,22,30,240.23,0,2,0
5868,3988,75.64,Senegal,Card Payment,Tablet,1,15,45.26,0,2,0
5869,2729,137.82,Senegal,Cash Withdrawal,Mobile,19,19,133.86,0,0,0
5870,279,111.51,Senegal,Transfer,Web,12,25,68.24,1,3,0
5871,2739,257.61,Germany,Card Payment,Web,3,35,96.93,0,0,1
5872,2843,289.7,United Kingdom,Online Payment,Web,15,25,115.78,1,0,0
5873,3896,65.27,United Kingdom,Transfer,Web,4,9,70.46,0,1,0
5874,3880,296.65,Germany,Card Payment,Tablet,8,2,56.41,0,1,0
5875,337,310.53,Senegal,Card Payment,Mobile,16,14,301.36,0,0,0
5876,946,31.68,France,Transfer,Web,14,8,49.36,0,4,0
5877,2702,213.34,United Kingdom,Transfer,Mobile,14,13,303.87,0,0,0
5878,1541,62.28,Portugal,Online Payment,Tablet,18,9,117.45,0,1,0
5879,2693,589.51,United Kingdom,Card Payment,Mobile,20,14,95.07,0,4,0
5880,3935,243.07,France,Card Payment,Web,14,15,229.63,0,0,0
5881,2049,171.68,Spain,Transfer,Web,12,17,68.68,0,1,0
5882,1914,331.4,Senegal,Cash Withdrawal,Tablet,3,27,121.77,1,4,0
5883,785,135.43,Senegal,Card Payment,Tablet,13,13,62.35,0,2,0
5884,557,9.71,France,Card Payment,Web,11,5,98.95,0,1,0
5885,397,108.9,Spain,Card Payment,Mobile,14,18,76.8,0,0,0
5886,3346,125.14,Germany,Card Payment,Mobile,7,7,50.41,0,1,0
5887,1886,517.2,United Kingdom,Transfer,Tablet,4,34,65.93,0,5,0
5888,2797,25.0,Germany,Cash Withdrawal,Mobile,22,24,56.27,0,3,0
5889,1292,78.08,Senegal,Transfer,Mobile,3,39,49.6,1,2,0
5890,448,306.36,Portugal,Card Payment,Mobile,18,16,58.13,0,2,0
5891,2622,147.16,France,Card Payment,Web,0,27,205.8,0,1,0
5892,1647,70.29,Portugal,Transfer,Mobile,1,14,138.82,0,0,0
5893,309,226.42,Portugal,Cash Withdrawal,Web,5,27,73.41,0,4,0
5894,3799,259.23,Germany,Transfer,Tablet,11,23,76.39,0,1,0
5895,2744,161.72,France,Cash Withdrawal,Web,3,36,32.53,1,0,0
5896,3946,251.77,Portugal,Cash Withdrawal,Tablet,19,26,71.32,0,1,0
5897,1107,193.52,Portugal,Transfer,Web,22,22,238.22,1,3,0
5898,3388,171.36,United Kingdom,Cash Withdrawal,Mobile,14,32,105.86,0,3,0
5899,1298,64.98,Spain,Transfer,Web,16,29,191.33,1,0,0
5900,1511,84.24,Senegal,Card Payment,Web,19,19,167.52,0,0,0
5901,1274,212.27,Senegal,Transfer,Mobile,4,23,326.85,0,2,0
5902,2430,75.94,France,Cash Withdrawal,Tablet,1,13,39.26,0,1,0
5903,3018,635.02,Portugal,Cash Withdrawal,Tablet,5,11,213.87,0,2,1
5904,115,520.34,Germany,Cash Withdrawal,Mobile,15,22,45.86,0,1,0
5905,2400,230.82,Portugal,Online Payment,Mobile,11,14,23.15,0,1,0
5906,1208,142.5,France,Cash Withdrawal,Mobile,8,4,218.52,0,0,0
5907,2002,189.8,Germany,Cash Withdrawal,Web,8,7,115.09,0,3,0
5908,2406,88.95,France,Card Payment,Web,13,1,69.79,0,3,0
5909,1781,19.61,Senegal,Online Payment,Tablet,17,21,189.74,0,0,0
5910,1599,110.63,United Kingdom,Online Payment,Mobile,23,20,181.11,0,1,0
5911,1496,34.77,France,Online Payment,Web,18,23,47.28,0,0,0
5912,2304,238.65,United Kingdom,Cash Withdrawal,Tablet,12,48,125.72,1,1,0
5913,497,217.98,Senegal,Cash Withdrawal,Mobile,14,44,92.89,0,0,0
5914,3318,92.51,United Kingdom,Transfer,Tablet,13,22,347.46,1,2,0
5915,248,66.1,Spain,Transfer,Mobile,20,21,183.63,0,4,0
5916,1804,286.08,Spain,Transfer,Web,4,24,99.75,0,2,0
5917,3253,88.54,Senegal,Online Payment,Web,6,28,140.08,1,0,0
5918,233,54.49,France,Transfer,Web,1,31,82.9,0,3,0
5919,2787,123.38,Portugal,Cash Withdrawal,Mobile,21,23,226.09,0,1,0
5920,2176,148.1,United Kingdom,Cash Withdrawal,Mobile,14,35,218.16,0,4,0
5921,2809,159.44,France,Online Payment,Mobile,15,15,148.95,0,2,0
5922,1697,264.52,Portugal,Cash Withdrawal,Web,9,2,144.3,0,1,0
5923,1452,123.13,Portugal,Cash Withdrawal,Web,23,35,35.14,0,1,0
5924,1838,100.04,Portugal,Transfer,Tablet,3,28,67.66,0,1,0
5925,2790,327.51,Portugal,Transfer,Web,23,6,83.74,1,1,0
5926,3482,426.91,France,Cash Withdrawal,Mobile,5,21,444.21,0,1,0
5927,1615,46.98,Portugal,Transfer,Web,12,9,80.8,1,1,0
5928,3342,176.24,United Kingdom,Card Payment,Tablet,8,12,115.46,0,0,0
5929,3781,94.41,Germany,Cash Withdrawal,Tablet,11,12,203.44,1,1,0
5930,1548,82.04,France,Card Payment,Mobile,0,36,187.58,0,1,0
5931,2898,71.87,France,Transfer,Mobile,15,31,54.46,0,0,0
5932,2607,129.96,United Kingdom,Cash Withdrawal,Mobile,16,25,285.16,0,3,0
5933,1812,32.32,Germany,Online Payment,Web,8,12,100.8,0,1,0
5934,1304,68.76,Portugal,Cash Withdrawal,Mobile,7,29,47.57,0,5,0
5935,1872,134.82,France,Transfer,Tablet,14,21,110.09,0,2,0
5936,1714,520.54,Portugal,Transfer,Mobile,11,18,121.08,1,1,1
5937,1554,266.8,Senegal,Online Payment,Web,5,8,99.86,1,3,0
5938,2573,66.73,Portugal,Cash Withdrawal,Tablet,16,41,140.25,0,3,0
5939,2730,34.53,Germany,Cash Withdrawal,Mobile,15,20,363.72,1,0,0
5940,1952,137.85,France,Card Payment,Mobile,11,22,201.16,0,1,0
5941,2292,176.31,France,Card Payment,Tablet,14,25,87.45,0,2,0
5942,2328,61.54,United Kingdom,Card Payment,Web,19,41,87.73,0,1,0
5943,1841,490.32,France,Card Payment,Mobile,19,25,309.46,0,1,0
5944,3877,229.28,United Kingdom,Card Payment,Tablet,9,22,108.02,0,0,0
5945,3143,48.12,France,Online Payment,Tablet,11,15,42.92,0,2,0
5946,2854,159.43,Senegal,Transfer,Web,17,10,33.79,0,0,1
5947,241,37.42,Germany,Transfer,Mobile,0,15,109.01,0,2,0
5948,350,652.21,France,Card Payment,Tablet,18,21,104.78,0,1,0
5949,1423,88.38,France,Transfer,Tablet,20,17,111.67,0,2,0
5950,3164,83.33,Senegal,Transfer,Mobile,6,13,203.42,1,1,0
5951,2543,182.99,Spain,Online Payment,Web,3,31,65.1,0,0,0
5952,2544,143.11,Senegal,Transfer,Mobile,6,32,237.37,1,1,0
5953,2154,129.11,Spain,Card Payment,Web,0,26,92.43,0,5,0
5954,275,130.89,Germany,Cash Withdrawal,Mobile,5,21,125.91,0,0,0
5955,499,82.0,France,Card Payment,Mobile,14,5,302.46,0,0,0
5956,2022,211.68,Portugal,Cash Withdrawal,Tablet,22,22,128.72,0,3,0
5957,2797,123.56,Spain,Cash Withdrawal,Mobile,18,15,166.37,0,3,0
5958,1244,204.55,United Kingdom,Card Payment,Web,19,45,100.7,0,2,0
5959,3692,113.3,France,Online Payment,Web,19,5,22.16,0,1,0
5960,1825,75.43,France,Online Payment,Web,3,23,149.23,0,0,0
5961,3143,153.11,Portugal,Transfer,Mobile,9,19,64.67,0,1,0
5962,2668,159.64,Spain,Cash Withdrawal,Tablet,10,17,79.23,0,2,0
5963,2822,104.08,United Kingdom,Online Payment,Mobile,3,29,61.74,0,3,0
5964,2714,271.21,France,Cash Withdrawal,Tablet,6,11,295.42,0,0,0
5965,437,333.86,Germany,Online Payment,Web,8,1,90.05,0,1,0
5966,3664,90.63,Portugal,Online Payment,Tablet,16,4,27.16,0,0,0
5967,2853,161.24,United Kingdom,Cash Withdrawal,Web,8,16,145.9,0,2,0
5968,353,56.44,Senegal,Online Payment,Tablet,13,19,237.9,0,0,0
5969,1757,75.23,United Kingdom,Card Payment,Tablet,14,4,58.73,0,2,0
5970,1844,39.27,Spain,Cash Withdrawal,Mobile,14,27,162.55,0,0,0
5971,656,106.84,United Kingdom,Transfer,Mobile,13,38,86.35,0,0,0
5972,2745,73.6,Spain,Transfer,Web,7,6,70.04,0,1,0
5973,60,208.93,United Kingdom,Online Payment,Mobile,9,34,179.42,1,2,0
5974,823,167.1,Germany,Cash Withdrawal,Mobile,16,20,40.36,0,1,0
5975,3221,56.2,Spain,Transfer,Web,22,1,64.42,0,4,0
5976,206,104.04,France,Transfer,Web,6,11,163.98,0,1,0
5977,483,103.18,France,Cash Withdrawal,Web,15,9,108.46,0,2,0
5978,633,96.19,France,Card Payment,Mobile,17,24,54.26,0,1,0
5979,2073,394.36,Spain,Cash Withdrawal,Tablet,3,22,100.98,0,2,0
5980,1250,69.2,France,Cash Withdrawal,Web,12,26,91.72,1,1,0
5981,3214,174.65,Portugal,Card Payment,Web,15,30,37.88,0,3,0
5982,2677,163.57,Spain,Card Payment,Tablet,6,34,139.89,1,2,0
5983,1101,48.65,Senegal,Transfer,Tablet,12,5,126.25,0,1,0
5984,2410,70.64,Spain,Cash Withdrawal,Web,23,26,150.72,0,3,0
5985,3646,461.58,Portugal,Online Payment,Tablet,14,9,43.82,0,0,1
5986,2042,367.5,Senegal,Online Payment,Mobile,0,19,88.72,0,2,0
5987,407,95.01,United Kingdom,Transfer,Mobile,14,2,92.41,1,0,0
5988,1138,104.74,Portugal,Card Payment,Tablet,21,26,74.24,0,1,0
5989,3892,135.99,United Kingdom,Transfer,Web,17,25,178.46,0,0,0
5990,2609,738.35,Germany,Transfer,Tablet,22,3,363.7,0,1,0
5991,325,219.04,United Kingdom,Online Payment,Tablet,15,18,85.58,0,0,0
5992,3028,41.69,United Kingdom,Cash Withdrawal,Web,16,14,523.8,0,2,0
5993,612,54.6,United Kingdom,Online Payment,Web,2,21,255.42,0,0,0
5994,1481,94.91,France,Card Payment,Web,3,23,128.0,0,0,0
5995,2051,380.11,Germany,Transfer,Web,6,18,370.02,0,1,0
5996,705,30.24,Senegal,Transfer,Mobile,6,30,126.25,0,0,0
5997,2398,252.84,Spain,Transfer,Mobile,10,2,160.28,0,1,0
5998,1889,84.26,Portugal,Card Payment,Mobile,4,44,64.61,0,0,1
5999,2943,118.49,United Kingdom,Cash Withdrawal,Web,13,11,149.81,0,0,0
6000,292,318.64,United Kingdom,Cash Withdrawal,Mobile,23,30,43.31,0,4,0
6001,1556,309.15,Germany,Card Payment,Web,10,13,167.94,0,3,0
6002,945,242.23,Spain,Card Payment,Mobile,12,1,66.37,0,2,0
6003,1518,32.36,Germany,Online Payment,Web,21,16,62.25,0,0,0
6004,1637,100.82,United Kingdom,Online Payment,Tablet,13,26,170.17,0,0,0
6005,1969,280.18,Germany,Card Payment,Tablet,11,36,96.44,1,1,0
6006,3021,523.17,United Kingdom,Transfer,Tablet,13,7,77.76,0,2,0
6007,3796,242.64,France,Card Payment,Web,11,14,99.05,1,2,0
6008,2201,269.34,Spain,Online Payment,Tablet,4,30,166.75,0,1,0
6009,589,129.17,Germany,Cash Withdrawal,Web,23,17,93.54,0,1,0
6010,1766,30.62,Senegal,Cash Withdrawal,Tablet,1,1,161.48,0,1,0
6011,2437,196.2,Spain,Online Payment,Tablet,7,14,200.4,0,0,0
6012,2809,220.2,United Kingdom,Card Payment,Mobile,12,23,46.3,0,3,0
6013,1700,110.47,Germany,Transfer,Tablet,1,13,43.21,0,4,0
6014,360,144.11,United Kingdom,Transfer,Mobile,6,37,62.62,1,1,0
6015,2322,55.72,France,Transfer,Mobile,2,29,105.42,1,2,0
6016,3559,133.96,Spain,Cash Withdrawal,Tablet,0,20,67.93,0,0,0
6017,2179,269.76,United Kingdom,Cash Withdrawal,Tablet,15,8,43.84,0,1,0
6018,1186,126.39,United Kingdom,Transfer,Tablet,12,23,30.38,1,1,0
6019,790,119.36,Germany,Online Payment,Web,11,13,78.95,0,3,0
6020,865,471.15,United Kingdom,Card Payment,Web,18,21,159.49,0,4,0
6021,2055,47.29,Germany,Card Payment,Tablet,7,41,121.92,0,4,0
6022,3913,48.77,Germany,Online Payment,Mobile,21,15,76.9,0,0,0
6023,2223,273.68,Portugal,Cash Withdrawal,Tablet,23,25,84.43,0,1,0
6024,280,99.55,Germany,Transfer,Web,21,3,89.21,0,2,0
6025,503,189.26,Spain,Card Payment,Tablet,13,32,204.46,1,1,0
6026,3827,79.61,Spain,Cash Withdrawal,Tablet,15,20,107.82,0,1,0
6027,2425,106.29,France,Online Payment,Tablet,17,18,149.51,0,1,0
6028,3523,176.08,United Kingdom,Card Payment,Web,18,21,159.82,0,1,0
6029,2313,285.29,Portugal,Card Payment,Mobile,0,18,232.14,1,1,0
6030,3346,59.65,Germany,Card Payment,Tablet,1,16,128.64,0,5,0
6031,1282,143.99,Portugal,Transfer,Mobile,6,11,39.65,0,3,0
6032,651,114.66,Senegal,Transfer,Mobile,11,24,258.76,0,2,0
6033,2597,25.04,United Kingdom,Cash Withdrawal,Tablet,12,23,132.73,0,0,0
6034,2962,54.9,United Kingdom,Online Payment,Tablet,5,39,273.32,0,3,0
6035,1379,67.84,Germany,Online Payment,Mobile,20,34,43.07,0,0,0
6036,2778,252.21,United Kingdom,Card Payment,Tablet,4,24,129.36,0,0,0
6037,1570,102.82,France,Cash Withdrawal,Mobile,21,8,57.11,0,3,0
6038,60,34.03,France,Card Payment,Tablet,15,1,331.29,0,1,0
6039,2439,120.35,Spain,Cash Withdrawal,Mobile,21,22,45.45,0,3,0
6040,579,349.55,United Kingdom,Cash Withdrawal,Mobile,11,13,97.05,1,2,0
6041,60,33.43,Portugal,Transfer,Tablet,7,31,310.0,0,2,0
6042,3502,297.47,Spain,Online Payment,Mobile,4,18,159.12,0,1,1
6043,3801,128.23,France,Card Payment,Mobile,19,15,123.23,1,1,0
6044,2742,1059.1,Spain,Transfer,Mobile,21,13,78.42,0,5,0
6045,3845,229.24,France,Online Payment,Web,20,18,43.8,0,3,0
6046,1453,236.0,United Kingdom,Cash Withdrawal,Web,12,23,95.38,1,1,0
6047,1463,45.59,Germany,Transfer,Web,10,30,158.06,0,1,0
6048,1181,149.06,Germany,Card Payment,Mobile,12,17,75.86,0,3,0
6049,3651,172.34,Portugal,Transfer,Tablet,6,30,59.54,0,2,0
6050,3564,84.53,France,Cash Withdrawal,Mobile,14,3,137.58,0,2,0
6051,3940,668.87,Senegal,Cash Withdrawal,Mobile,20,40,103.87,1,2,0
6052,3402,303.97,France,Transfer,Tablet,1,18,17.04,0,2,0
6053,3501,125.12,Portugal,Cash Withdrawal,Tablet,5,30,83.73,0,1,0
6054,1939,92.77,France,Transfer,Tablet,18,30,25.06,1,0,0
6055,3543,17.06,Spain,Card Payment,Mobile,14,23,157.97,0,2,0
6056,450,181.41,France,Online Payment,Web,19,15,193.98,0,6,0
6057,1486,134.21,United Kingdom,Online Payment,Tablet,2,19,89.71,0,1,0
6058,346,180.21,Portugal,Card Payment,Web,21,20,155.41,0,1,0
6059,3413,126.45,Portugal,Online Payment,Tablet,23,22,109.6,0,0,0
6060,188,13.86,Senegal,Cash Withdrawal,Web,6,21,70.98,0,1,0
6061,1607,66.51,United Kingdom,Cash Withdrawal,Web,6,21,102.17,0,0,0
6062,2308,150.0,Germany,Card Payment,Web,4,16,52.28,0,1,0
6063,3782,220.9,Portugal,Card Payment,Tablet,1,18,194.19,0,0,0
6064,3768,71.85,Germany,Online Payment,Tablet,16,18,50.33,0,1,0
6065,2084,134.05,Senegal,Online Payment,Tablet,10,14,74.2,0,3,0
6066,2465,137.82,France,Transfer,Tablet,11,18,32.6,0,1,0
6067,2409,97.52,Senegal,Card Payment,Tablet,13,19,162.98,0,2,0
6068,1402,151.19,Spain,Online Payment,Tablet,15,25,150.02,0,1,0
6069,1162,62.02,Germany,Cash Withdrawal,Tablet,13,39,109.34,1,1,0
6070,2696,103.87,United Kingdom,Online Payment,Tablet,0,35,227.05,0,0,0
6071,1726,180.84,Portugal,Transfer,Mobile,5,19,96.34,0,1,0
6072,1449,259.6,Portugal,Online Payment,Tablet,9,14,211.95,0,0,0
6073,1369,479.9,United Kingdom,Online Payment,Tablet,6,31,314.7,0,4,0
6074,2028,69.98,France,Cash Withdrawal,Mobile,16,8,172.74,0,1,0
6075,3454,217.16,Germany,Online Payment,Tablet,21,18,84.71,0,1,0
6076,2320,81.77,United Kingdom,Online Payment,Web,13,9,335.31,1,2,0
6077,2624,311.19,France,Transfer,Web,23,9,56.74,0,1,0
6078,3453,457.1,Germany,Cash Withdrawal,Tablet,8,22,255.41,0,4,0
6079,2310,235.87,France,Transfer,Mobile,10,9,76.13,1,2,0
6080,1447,54.19,Germany,Cash Withdrawal,Tablet,6,27,68.94,0,3,0
6081,1986,167.96,Germany,Online Payment,Mobile,8,28,191.42,1,3,0
6082,1760,52.8,United Kingdom,Transfer,Mobile,5,28,161.28,0,2,0
6083,2233,96.62,Senegal,Transfer,Web,4,41,117.09,0,2,0
6084,500,174.37,Senegal,Transfer,Web,20,28,51.11,0,1,0
6085,2750,141.07,France,Transfer,Mobile,19,29,91.41,0,0,0
6086,2934,72.45,Portugal,Cash Withdrawal,Tablet,12,7,125.24,0,2,0
6087,105,247.16,Germany,Online Payment,Tablet,20,4,121.62,0,2,0
6088,812,22.66,Spain,Card Payment,Tablet,14,14,196.2,0,0,0
6089,2689,50.3,United Kingdom,Online Payment,Web,14,21,60.25,0,0,0
6090,3895,189.65,Germany,Transfer,Web,9,14,196.97,0,0,0
6091,1546,181.18,Spain,Cash Withdrawal,Tablet,17,26,156.65,0,1,0
6092,3358,150.04,Senegal,Cash Withdrawal,Mobile,16,18,85.42,0,0,0
6093,2795,93.59,Portugal,Cash Withdrawal,Tablet,0,20,50.81,0,2,0
6094,741,101.49,United Kingdom,Online Payment,Mobile,18,21,326.15,0,2,0
6095,1558,145.78,Spain,Transfer,Mobile,4,13,80.61,0,1,0
6096,651,107.11,Germany,Transfer,Tablet,9,23,60.44,0,2,0
6097,3776,406.37,Spain,Transfer,Web,1,18,81.57,0,1,0
6098,725,41.36,France,Transfer,Web,20,10,76.38,0,0,0
6099,1764,88.05,Germany,Online Payment,Mobile,1,9,86.55,0,3,0
6100,1222,352.4,Spain,Online Payment,Mobile,17,27,57.53,1,2,0
6101,2103,131.11,Germany,Transfer,Tablet,17,13,169.08,0,1,0
6102,2130,144.42,Portugal,Online Payment,Tablet,5,37,100.32,0,0,0
6103,3663,23.64,United Kingdom,Card Payment,Mobile,21,18,31.44,0,2,0
6104,2769,138.25,Spain,Cash Withdrawal,Mobile,16,24,142.32,0,0,0
6105,1328,76.86,Germany,Card Payment,Mobile,21,19,242.26,0,1,0
6106,2300,62.6,Spain,Transfer,Tablet,20,51,158.37,0,4,0
6107,1015,25.95,Spain,Card Payment,Mobile,12,29,105.55,0,4,0
6108,1921,185.19,Germany,Card Payment,Mobile,20,1,126.9,0,4,0
6109,2024,53.76,Germany,Transfer,Tablet,19,34,133.8,0,0,1
6110,3179,171.74,Portugal,Transfer,Mobile,0,36,183.48,1,2,0
6111,2053,223.12,United Kingdom,Transfer,Mobile,0,12,170.61,0,3,0
6112,408,125.96,United Kingdom,Transfer,Mobile,2,19,105.22,0,2,0
6113,3384,385.0,Germany,Transfer,Tablet,2,1,122.5,0,0,1
6114,2267,110.98,France,Card Payment,Mobile,15,32,253.35,1,1,0
6115,2250,102.44,Spain,Online Payment,Web,5,22,114.83,1,2,0
6116,2550,34.49,United Kingdom,Card Payment,Mobile,3,19,119.11,0,1,0
6117,2604,106.37,United Kingdom,Online Payment,Tablet,22,26,251.47,0,1,1
6118,24,101.16,Portugal,Card Payment,Tablet,18,40,61.89,0,2,0
6119,325,288.07,Germany,Online Payment,Web,6,10,118.28,0,1,0
6120,1205,89.05,United Kingdom,Transfer,Web,6,24,112.89,0,3,0
6121,3188,231.8,Germany,Card Payment,Web,2,1,180.84,0,1,0
6122,1248,122.38,Germany,Card Payment,Mobile,14,25,27.95,0,3,0
6123,2931,173.25,Portugal,Online Payment,Mobile,4,15,147.04,0,2,0
6124,764,243.06,Senegal,Cash Withdrawal,Mobile,1,14,136.55,0,1,0
6125,3002,177.72,Portugal,Card Payment,Tablet,23,29,236.41,0,2,0
6126,2327,104.16,Portugal,Card Payment,Mobile,6,38,115.57,0,0,0
6127,2791,62.41,Senegal,Card Payment,Web,19,2,107.87,0,1,0
6128,1087,389.24,Portugal,Card Payment,Tablet,7,26,36.81,1,0,0
6129,1435,246.48,France,Online Payment,Web,5,18,83.19,0,1,0
6130,176,60.74,France,Card Payment,Mobile,3,35,108.47,1,1,0
6131,1419,182.46,Portugal,Cash Withdrawal,Mobile,16,24,167.74,0,4,0
6132,686,138.32,Germany,Online Payment,Tablet,0,28,91.0,1,0,0
6133,1643,914.41,Germany,Card Payment,Mobile,13,2,365.12,0,1,0
6134,3397,216.34,Portugal,Online Payment,Tablet,4,24,189.95,0,2,1
6135,1311,63.55,Senegal,Cash Withdrawal,Mobile,16,34,303.65,0,2,0
6136,694,376.94,Germany,Online Payment,Mobile,0,8,233.42,0,1,1
6137,2349,769.36,United Kingdom,Card Payment,Web,21,15,105.99,0,1,0
6138,855,329.37,Portugal,Card Payment,Web,21,9,242.47,1,2,0
6139,318,85.88,Spain,Cash Withdrawal,Mobile,1,16,84.96,0,1,0
6140,1321,108.61,United Kingdom,Card Payment,Tablet,8,5,69.86,0,3,0
6141,1193,115.85,Germany,Online Payment,Web,1,20,93.82,0,1,0
6142,1027,85.22,Germany,Online Payment,Tablet,15,23,140.68,1,3,1
6143,2684,124.41,Portugal,Transfer,Mobile,20,15,63.04,0,2,0
6144,1205,35.19,Senegal,Cash Withdrawal,Tablet,7,24,75.13,0,1,0
6145,32,167.37,Senegal,Online Payment,Mobile,14,33,376.79,0,3,0
6146,1814,109.87,France,Transfer,Tablet,5,31,282.94,0,1,0
6147,2825,331.66,Spain,Transfer,Mobile,0,9,35.76,0,1,0
6148,646,37.0,Senegal,Transfer,Web,0,18,369.81,0,1,0
6149,1571,81.24,Spain,Card Payment,Mobile,19,10,54.35,0,3,0
6150,733,23.79,United Kingdom,Card Payment,Web,10,13,66.32,1,0,0
6151,2614,136.45,Portugal,Cash Withdrawal,Web,2,11,41.57,0,1,0
6152,2738,116.63,Germany,Cash Withdrawal,Tablet,11,21,271.32,0,0,0
6153,2322,28.94,Germany,Online Payment,Mobile,20,22,83.02,0,2,0
6154,3914,99.81,United Kingdom,Card Payment,Web,23,23,173.25,0,2,0
6155,2600,111.73,United Kingdom,Card Payment,Mobile,17,31,35.85,0,1,0
6156,2366,122.08,Senegal,Card Payment,Mobile,8,21,155.44,0,0,0
6157,1667,38.91,Germany,Online Payment,Web,14,9,71.8,0,4,0
6158,3525,187.19,United Kingdom,Transfer,Web,18,11,46.65,0,1,0
6159,1983,173.36,Senegal,Transfer,Mobile,14,18,59.22,0,4,0
6160,3818,68.03,Germany,Online Payment,Mobile,4,21,130.58,0,2,0
6161,2274,61.53,Senegal,Cash Withdrawal,Tablet,11,17,22.2,0,1,0
6162,2068,73.48,France,Online Payment,Web,21,14,91.74,1,3,0
6163,2985,56.83,France,Card Payment,Tablet,11,31,295.24,0,2,0
6164,748,317.22,Spain,Cash Withdrawal,Tablet,18,19,44.63,0,2,0
6165,1478,498.03,Portugal,Online Payment,Mobile,14,7,119.47,0,3,0
6166,3590,101.42,France,Transfer,Tablet,23,24,125.32,0,2,0
6167,2804,22.98,Portugal,Card Payment,Mobile,22,16,316.06,0,0,0
6168,3341,136.82,Spain,Transfer,Tablet,16,9,117.73,0,1,0
6169,2925,58.67,Spain,Cash Withdrawal,Web,9,20,39.47,0,3,0
6170,2775,237.16,Germany,Transfer,Tablet,17,19,72.37,0,0,0
6171,1610,162.77,Portugal,Cash Withdrawal,Mobile,22,7,80.42,0,2,0
6172,3003,132.18,Spain,Online Payment,Tablet,14,13,82.45,0,0,0
6173,638,90.82,Germany,Transfer,Web,7,26,79.67,0,3,0
6174,3666,458.0,Senegal,Online Payment,Tablet,5,18,224.51,1,3,0
6175,1738,69.3,France,Transfer,Web,1,26,192.87,1,1,0
6176,546,95.56,Senegal,Cash Withdrawal,Web,22,34,112.69,0,1,0
6177,1407,227.28,France,Online Payment,Mobile,12,18,233.9,0,1,0
6178,2280,242.91,Germany,Transfer,Mobile,6,1,227.27,0,0,0
6179,1131,198.78,United Kingdom,Cash Withdrawal,Web,22,13,81.91,1,1,0
6180,2673,59.84,United Kingdom,Transfer,Web,9,35,96.23,0,0,0
6181,432,158.89,Germany,Cash Withdrawal,Web,18,14,286.29,0,1,0
6182,1362,211.61,Germany,Cash Withdrawal,Mobile,2,44,84.49,0,0,0
6183,1226,201.85,France,Cash Withdrawal,Web,7,13,97.07,0,2,0
6184,306,108.58,France,Card Payment,Mobile,13,20,464.36,0,3,0
6185,2501,198.78,France,Cash Withdrawal,Tablet,12,16,113.26,0,2,0
6186,3599,87.48,Spain,Online Payment,Mobile,8,31,89.99,0,1,0
6187,879,172.55,Portugal,Online Payment,Web,20,19,45.28,0,2,0
6188,983,190.6,Senegal,Card Payment,Web,10,20,326.7,0,4,0
6189,3867,51.12,Portugal,Card Payment,Tablet,7,12,105.3,0,0,0
6190,2330,180.72,France,Transfer,Mobile,10,23,217.35,0,0,0
6191,2285,247.48,France,Cash Withdrawal,Web,23,14,358.73,0,1,0
6192,2967,67.08,Spain,Card Payment,Mobile,8,16,100.55,0,0,0
6193,3892,93.24,France,Online Payment,Tablet,20,4,31.94,0,0,0
6194,3850,50.5,France,Cash Withdrawal,Mobile,23,12,114.2,1,2,0
6195,291,45.34,United Kingdom,Online Payment,Mobile,13,26,64.5,0,1,0
6196,1595,49.49,Senegal,Card Payment,Web,19,6,130.64,0,1,0
6197,1827,167.42,United Kingdom,Card Payment,Mobile,2,41,63.65,0,0,0
6198,3915,216.14,Portugal,Card Payment,Web,10,12,134.93,1,1,0
6199,3166,212.43,United Kingdom,Online Payment,Mobile,11,33,138.18,0,2,0
6200,3689,45.46,France,Cash Withdrawal,Mobile,4,29,283.91,0,0,0
6201,1702,108.3,Senegal,Card Payment,Web,1,40,70.88,0,1,0
6202,677,196.27,Spain,Online Payment,Tablet,7,1,87.28,0,3,0
6203,708,96.33,Senegal,Online Payment,Mobile,8,37,107.34,0,4,0
6204,1210,85.47,France,Cash Withdrawal,Mobile,14,13,178.98,0,1,0
6205,2531,59.13,Spain,Online Payment,Tablet,8,21,140.3,0,0,0
6206,2652,143.76,Senegal,Cash Withdrawal,Mobile,8,36,97.12,0,3,0
6207,1607,112.8,Senegal,Online Payment,Mobile,15,25,119.44,0,2,0
6208,2185,80.05,Germany,Card Payment,Tablet,11,6,190.49,0,1,0
6209,2887,122.51,United Kingdom,Cash Withdrawal,Web,10,14,287.22,0,2,0
6210,874,115.0,Germany,Transfer,Tablet,7,1,89.8,1,4,0
6211,1958,87.52,Spain,Online Payment,Tablet,19,9,58.51,0,0,0
6212,856,30.38,Germany,Online Payment,Web,0,3,67.57,0,1,0
6213,409,397.73,Senegal,Cash Withdrawal,Tablet,6,37,204.34,0,2,0
6214,2194,166.25,Senegal,Cash Withdrawal,Mobile,8,21,332.46,0,1,0
6215,229,160.98,France,Cash Withdrawal,Web,23,28,54.32,1,2,0
6216,1457,180.43,Spain,Online Payment,Tablet,20,32,163.88,0,1,0
6217,62,95.28,Spain,Online Payment,Mobile,11,22,260.34,0,3,0
6218,3758,59.35,Germany,Card Payment,Web,10,22,220.06,0,2,0
6219,357,20.0,Senegal,Card Payment,Tablet,9,16,53.16,1,1,0
6220,561,63.34,Germany,Cash Withdrawal,Tablet,9,21,118.42,0,1,0
6221,3590,20.37,France,Cash Withdrawal,Web,18,11,277.49,0,2,0
6222,3221,46.64,Spain,Transfer,Web,12,9,48.76,0,4,0
6223,3282,225.25,United Kingdom,Transfer,Web,14,8,93.19,0,1,0
6224,1356,490.17,Senegal,Online Payment,Tablet,13,5,187.56,0,0,0
6225,3169,267.95,United Kingdom,Online Payment,Mobile,15,30,299.87,0,1,0
6226,3328,378.75,Portugal,Cash Withdrawal,Tablet,23,19,170.12,0,0,0
6227,699,60.29,United Kingdom,Cash Withdrawal,Web,14,16,236.29,0,0,0
6228,211,33.54,Senegal,Online Payment,Web,5,22,197.19,0,1,0
6229,2413,32.99,Portugal,Transfer,Tablet,8,17,65.06,0,0,0
6230,1754,93.23,United Kingdom,Transfer,Mobile,19,15,165.91,0,1,0
6231,3578,102.64,Spain,Card Payment,Mobile,1,20,38.89,0,1,0
6232,1391,79.99,United Kingdom,Card Payment,Web,0,20,152.12,1,3,0
6233,368,95.29,United Kingdom,Card Payment,Mobile,9,35,215.2,1,1,0
6234,1311,85.05,Germany,Cash Withdrawal,Mobile,22,39,143.76,0,0,0
6235,827,125.09,Portugal,Online Payment,Web,22,27,57.69,0,1,0
6236,1165,179.24,Germany,Card Payment,Web,4,19,38.91,0,2,0
6237,90,134.34,United Kingdom,Card Payment,Tablet,11,15,129.1,1,2,0
6238,1008,117.3,France,Cash Withdrawal,Web,2,13,156.56,1,2,0
6239,2153,109.62,Germany,Transfer,Web,4,9,139.46,0,2,0
6240,3695,135.74,United Kingdom,Transfer,Tablet,6,19,133.53,0,4,0
6241,420,293.26,Portugal,Card Payment,Web,2,18,42.34,0,0,0
6242,198,157.55,France,Transfer,Tablet,21,33,292.8,0,3,0
6243,1531,91.68,United Kingdom,Cash Withdrawal,Mobile,16,22,141.95,0,2,0
6244,2674,59.17,Germany,Card Payment,Tablet,5,28,92.53,0,7,0
6245,3761,132.2,France,Card Payment,Mobile,15,27,95.83,0,3,0
6246,2995,94.69,France,Card Payment,Mobile,18,2,63.71,0,2,0
6247,2970,53.54,Portugal,Online Payment,Web,14,5,221.75,0,0,0
6248,3496,106.39,Germany,Cash Withdrawal,Web,12,23,70.92,0,2,0
6249,1356,174.01,Spain,Card Payment,Mobile,8,20,28.18,0,3,0
6250,2513,181.8,United Kingdom,Cash Withdrawal,Mobile,11,23,44.38,0,1,0
6251,442,99.6,Senegal,Transfer,Web,19,28,133.98,0,0,0
6252,842,106.42,France,Card Payment,Tablet,19,27,233.7,0,3,0
6253,2831,210.33,France,Transfer,Tablet,2,19,70.62,0,1,0
6254,287,76.32,United Kingdom,Cash Withdrawal,Web,23,38,122.37,0,3,0
6255,587,682.85,Germany,Cash Withdrawal,Mobile,13,13,190.25,1,1,0
6256,59,141.52,Germany,Online Payment,Web,22,15,135.44,1,1,0
6257,506,204.83,Portugal,Cash Withdrawal,Web,16,18,110.17,0,2,0
6258,3820,194.59,Germany,Cash Withdrawal,Tablet,7,26,69.93,0,1,0
6259,557,165.09,Germany,Online Payment,Mobile,1,31,167.71,0,1,0
6260,1790,45.76,Spain,Cash Withdrawal,Web,5,22,102.11,0,1,0
6261,646,208.35,France,Cash Withdrawal,Tablet,19,18,73.07,0,1,0
6262,458,42.77,France,Cash Withdrawal,Tablet,5,13,326.44,0,0,0
6263,3140,57.24,Spain,Card Payment,Tablet,21,6,353.05,0,2,0
6264,3907,84.66,United Kingdom,Cash Withdrawal,Mobile,12,26,98.82,0,2,0
6265,2386,41.08,Senegal,Cash Withdrawal,Web,12,19,48.28,0,1,0
6266,1223,114.53,Germany,Cash Withdrawal,Web,4,26,127.06,0,2,0
6267,124,173.84,United Kingdom,Card Payment,Web,5,15,77.17,0,0,0
6268,3589,71.6,Portugal,Online Payment,Web,17,23,59.15,0,2,0
6269,3648,138.52,Senegal,Card Payment,Tablet,18,16,123.53,0,1,0
6270,2816,148.96,United Kingdom,Card Payment,Mobile,21,20,90.25,0,1,0
6271,179,441.78,Portugal,Transfer,Web,15,25,58.46,1,1,0
6272,1408,248.28,Senegal,Transfer,Tablet,22,22,88.21,1,2,0
6273,1269,91.6,Portugal,Card Payment,Web,15,28,91.09,0,0,0
6274,2602,76.39,Germany,Transfer,Web,22,26,109.06,0,1,0
6275,1017,151.53,Senegal,Online Payment,Mobile,7,28,116.84,0,1,0
6276,1997,40.84,Spain,Transfer,Tablet,23,9,189.64,1,0,0
6277,1434,103.25,Germany,Cash Withdrawal,Mobile,15,22,91.59,0,5,0
6278,2940,61.15,Spain,Transfer,Mobile,17,21,71.46,0,2,0
6279,3683,113.43,Spain,Cash Withdrawal,Mobile,11,14,29.02,0,1,0
6280,3623,83.78,Germany,Card Payment,Web,11,40,140.59,0,1,0
6281,1332,210.49,United Kingdom,Online Payment,Tablet,13,15,75.61,1,0,0
6282,2293,589.54,Spain,Cash Withdrawal,Mobile,18,19,73.16,0,2,0
6283,979,69.53,Germany,Cash Withdrawal,Web,20,23,61.03,1,1,0
6284,1518,168.29,United Kingdom,Card Payment,Tablet,13,32,33.25,1,0,0
6285,898,84.27,France,Cash Withdrawal,Web,6,11,217.6,0,0,0
6286,1522,110.42,Senegal,Transfer,Web,12,16,30.43,0,1,0
6287,527,237.1,Senegal,Transfer,Tablet,22,12,65.22,0,2,0
6288,3464,122.57,Portugal,Cash Withdrawal,Tablet,22,7,86.07,0,4,0
6289,2267,135.86,United Kingdom,Online Payment,Tablet,16,20,64.56,0,0,0
6290,3030,58.8,France,Card Payment,Tablet,13,10,107.81,0,1,0
6291,664,72.02,Germany,Card Payment,Web,22,34,127.3,0,0,0
6292,3403,215.36,France,Transfer,Web,18,18,93.5,0,1,0
6293,546,97.88,France,Card Payment,Mobile,4,25,171.39,0,2,0
6294,3755,90.35,Portugal,Card Payment,Mobile,15,2,111.29,0,1,0
6295,3085,187.84,Spain,Card Payment,Tablet,16,16,484.68,0,1,0
6296,2795,81.9,Portugal,Card Payment,Tablet,11,12,46.3,0,1,0
6297,1591,95.21,Senegal,Online Payment,Mobile,5,37,84.37,0,0,0
6298,1427,214.52,Germany,Online Payment,Mobile,20,15,194.76,0,2,0
6299,1531,34.06,Germany,Cash Withdrawal,Mobile,19,16,73.69,0,1,0
6300,8,188.88,United Kingdom,Card Payment,Tablet,1,16,243.18,0,0,0
6301,1921,40.59,France,Card Payment,Mobile,4,15,87.18,0,1,0
6302,2906,78.9,Germany,Cash Withdrawal,Tablet,12,29,140.13,0,1,0
6303,522,72.86,Portugal,Transfer,Web,13,23,240.71,1,1,0
6304,2829,62.56,France,Card Payment,Mobile,17,23,268.78,1,2,0
6305,3511,193.57,Portugal,Cash Withdrawal,Tablet,21,18,113.8,0,0,0
6306,2709,140.25,Senegal,Cash Withdrawal,Mobile,20,18,18.18,0,3,0
6307,2909,199.38,Senegal,Card Payment,Tablet,5,8,41.06,0,3,0
6308,1985,328.59,Spain,Card Payment,Mobile,20,23,69.95,0,1,0
6309,937,57.18,Germany,Cash Withdrawal,Web,5,16,278.63,0,0,0
6310,649,115.28,Germany,Cash Withdrawal,Tablet,16,19,193.85,0,2,1
6311,824,61.82,Portugal,Online Payment,Tablet,1,16,372.02,0,1,0
6312,2463,197.08,United Kingdom,Card Payment,Mobile,15,10,38.38,0,2,0
6313,2821,450.79,France,Card Payment,Tablet,6,18,111.77,0,0,0
6314,1405,60.34,France,Online Payment,Tablet,10,35,125.96,0,1,0
6315,2385,52.41,Portugal,Cash Withdrawal,Mobile,23,14,207.05,0,0,0
6316,2054,112.41,Germany,Card Payment,Web,2,31,49.94,1,1,0
6317,1631,271.69,United Kingdom,Transfer,Web,19,14,63.05,0,1,0
6318,296,138.4,Spain,Cash Withdrawal,Mobile,23,17,83.06,0,2,0
6319,2080,536.13,Spain,Transfer,Mobile,22,39,176.35,1,2,0
6320,2405,113.22,Germany,Online Payment,Web,13,14,20.66,0,1,0
6321,1639,106.05,Portugal,Card Payment,Web,11,18,74.67,0,1,0
6322,564,67.14,Spain,Transfer,Mobile,22,1,116.61,0,4,0
6323,445,30.37,Spain,Cash Withdrawal,Tablet,8,1,55.4,0,1,0
6324,3337,150.16,Senegal,Transfer,Tablet,9,27,80.1,0,1,0
6325,3190,406.7,United Kingdom,Transfer,Tablet,23,38,228.58,0,2,0
6326,1311,97.39,Germany,Online Payment,Web,12,37,111.05,1,1,0
6327,3763,225.53,Spain,Online Payment,Web,20,6,79.86,0,1,0
6328,3919,244.94,Senegal,Card Payment,Tablet,11,34,26.17,0,1,0
6329,3051,28.97,Germany,Transfer,Mobile,6,14,205.76,0,0,0
6330,3037,69.17,United Kingdom,Transfer,Web,0,27,157.4,0,2,0
6331,1167,173.4,Senegal,Transfer,Tablet,14,19,103.64,1,6,0
6332,2302,276.61,United Kingdom,Transfer,Web,1,19,124.38,0,3,0
6333,171,31.83,Germany,Transfer,Mobile,21,6,107.36,1,1,0
6334,3700,81.6,France,Transfer,Tablet,17,5,97.59,1,1,0
6335,47,60.39,Spain,Online Payment,Web,15,34,497.96,0,4,0
6336,672,94.73,Senegal,Transfer,Tablet,14,6,72.92,0,3,0
6337,2062,210.34,France,Online Payment,Web,13,8,148.66,0,2,0
6338,413,75.97,Spain,Card Payment,Web,12,18,68.32,0,2,0
6339,3300,113.97,United Kingdom,Transfer,Tablet,13,9,71.3,0,4,0
6340,1068,50.91,Germany,Online Payment,Mobile,19,23,227.46,0,2,0
6341,2973,116.02,Spain,Card Payment,Tablet,23,7,120.54,0,2,0
6342,1744,140.89,Spain,Online Payment,Tablet,7,25,125.24,0,2,0
6343,1450,130.6,Spain,Online Payment,Tablet,3,1,181.94,1,1,0
6344,870,110.64,Senegal,Transfer,Tablet,5,7,172.76,0,1,0
6345,524,118.08,United Kingdom,Cash Withdrawal,Web,16,10,178.84,0,0,0
6346,2309,175.36,United Kingdom,Card Payment,Web,0,4,86.63,0,1,0
6347,1582,98.52,Senegal,Cash Withdrawal,Tablet,14,20,51.78,0,3,1
6348,105,90.7,Senegal,Card Payment,Mobile,14,16,237.2,0,0,0
6349,1312,226.27,United Kingdom,Online Payment,Web,22,27,84.91,0,1,0
6350,2033,61.03,United Kingdom,Transfer,Web,18,21,266.11,0,3,0
6351,3971,135.92,Senegal,Cash Withdrawal,Mobile,6,18,108.52,1,3,0
6352,3877,134.42,Spain,Online Payment,Web,2,1,214.49,0,1,0
6353,824,799.91,Senegal,Cash Withdrawal,Web,4,19,122.49,0,3,0
6354,1037,94.8,Portugal,Transfer,Web,20,8,102.37,1,1,0
6355,3699,68.86,Spain,Card Payment,Mobile,11,17,110.53,0,1,0
6356,59,129.38,Spain,Cash Withdrawal,Mobile,21,12,115.5,0,0,0
6357,744,27.25,United Kingdom,Online Payment,Tablet,19,12,216.33,0,2,0
6358,2985,185.61,Portugal,Transfer,Mobile,7,28,62.19,0,1,0
6359,2783,191.78,Germany,Online Payment,Web,13,10,220.13,1,3,0
6360,3406,23.96,France,Cash Withdrawal,Mobile,6,9,117.8,0,2,0
6361,69,61.71,Portugal,Transfer,Tablet,19,21,220.12,0,2,0
6362,893,310.56,Spain,Online Payment,Web,9,17,62.69,0,1,0
6363,88,29.09,Spain,Card Payment,Tablet,6,26,115.77,0,3,0
6364,3098,270.54,Spain,Transfer,Tablet,19,41,89.7,0,0,0
6365,2891,98.43,Senegal,Transfer,Web,12,14,71.23,0,0,0
6366,19,236.01,Germany,Card Payment,Web,9,26,57.69,0,2,0
6367,481,111.23,France,Transfer,Mobile,2,29,162.93,0,4,0
6368,232,123.47,United Kingdom,Online Payment,Web,12,25,36.15,0,3,0
6369,2429,299.3,France,Transfer,Mobile,7,23,202.42,1,0,0
6370,3974,22.41,Germany,Cash Withdrawal,Web,8,17,261.71,1,1,0
6371,3082,148.32,France,Transfer,Tablet,0,1,171.45,0,1,1
6372,1794,109.37,Germany,Online Payment,Mobile,19,12,178.6,0,0,0
6373,3112,51.13,Spain,Online Payment,Tablet,5,30,169.84,0,3,0
6374,3607,61.08,Germany,Card Payment,Mobile,12,13,91.12,0,3,0
6375,1953,407.1,United Kingdom,Cash Withdrawal,Mobile,22,21,105.37,0,2,0
6376,1854,122.26,United Kingdom,Transfer,Web,14,13,65.6,0,1,0
6377,1218,76.53,Portugal,Transfer,Web,4,36,215.17,0,1,0
6378,3884,79.26,Spain,Card Payment,Tablet,3,16,187.53,0,2,0
6379,427,36.42,Senegal,Card Payment,Web,23,27,178.31,0,2,0
6380,3225,60.1,France,Cash Withdrawal,Mobile,10,8,167.25,0,2,0
6381,1723,226.27,Germany,Card Payment,Tablet,11,30,73.57,1,1,0
6382,3546,322.24,Spain,Card Payment,Tablet,17,34,135.3,0,1,0
6383,278,74.96,Spain,Transfer,Web,13,46,77.33,0,2,0
6384,3111,348.6,Germany,Cash Withdrawal,Tablet,13,20,81.07,1,1,0
6385,1226,387.55,Portugal,Cash Withdrawal,Web,6,36,92.2,0,1,0
6386,3185,51.24,Spain,Transfer,Mobile,9,17,307.01,0,3,0
6387,567,742.56,United Kingdom,Cash Withdrawal,Web,1,18,33.71,0,1,0
6388,3608,53.47,United Kingdom,Online Payment,Tablet,20,20,100.14,1,2,0
6389,2228,41.08,Senegal,Transfer,Mobile,8,14,66.02,0,4,0
6390,3720,220.78,France,Online Payment,Mobile,12,37,164.74,1,4,0
6391,2752,219.79,Germany,Transfer,Tablet,22,25,401.46,0,0,0
6392,2376,134.56,Germany,Cash Withdrawal,Web,13,10,511.44,0,3,0
6393,3655,445.78,France,Online Payment,Mobile,6,11,117.28,0,6,0
6394,1144,75.26,Germany,Online Payment,Tablet,5,13,32.61,0,3,0
6395,3555,100.54,France,Card Payment,Tablet,4,34,63.87,0,3,0
6396,1150,22.54,Senegal,Transfer,Tablet,7,25,172.48,1,1,0
6397,4,39.19,Germany,Transfer,Web,7,31,68.78,0,1,0
6398,3000,70.94,Senegal,Cash Withdrawal,Web,10,16,62.65,0,1,0
6399,2209,63.68,Spain,Transfer,Web,17,13,29.61,0,2,0
6400,3754,572.81,France,Card Payment,Web,0,17,79.59,1,3,1
6401,1648,7.26,France,Card Payment,Mobile,5,11,177.85,0,1,0
6402,782,17.07,United Kingdom,Cash Withdrawal,Tablet,0,27,117.92,0,0,0
6403,3332,79.23,Spain,Online Payment,Web,14,37,175.05,1,2,0
6404,2064,84.62,Spain,Online Payment,Tablet,4,21,69.64,1,1,0
6405,3028,115.11,United Kingdom,Card Payment,Tablet,13,20,161.18,0,0,0
6406,3716,71.6,Spain,Cash Withdrawal,Web,9,24,120.02,0,0,0
6407,1796,453.67,Germany,Card Payment,Tablet,21,1,398.26,0,1,0
6408,2205,59.93,France,Transfer,Mobile,18,22,88.41,0,1,0
6409,1800,72.61,France,Cash Withdrawal,Web,14,10,234.22,0,0,0
6410,1610,165.26,France,Card Payment,Web,6,13,48.38,0,0,0
6411,1203,42.14,Germany,Card Payment,Mobile,15,47,122.71,0,1,0
6412,3655,24.73,France,Card Payment,Mobile,6,22,39.7,0,1,0
6413,2494,113.71,Senegal,Cash Withdrawal,Tablet,15,14,85.7,0,1,0
6414,370,38.55,Germany,Transfer,Web,20,18,319.99,0,0,0
6415,2785,77.6,Senegal,Transfer,Mobile,1,19,171.8,0,0,0
6416,1591,93.23,Germany,Transfer,Web,13,21,121.63,0,0,0
6417,589,93.6,Spain,Cash Withdrawal,Web,10,12,80.23,0,1,0
6418,11,212.59,Spain,Cash Withdrawal,Web,19,17,69.98,0,2,0
6419,1550,59.89,France,Transfer,Tablet,11,23,97.02,1,3,0
6420,2597,181.79,Senegal,Cash Withdrawal,Tablet,13,17,63.4,1,1,0
6421,3171,147.47,Germany,Card Payment,Tablet,21,26,242.84,0,0,0
6422,1596,20.17,Senegal,Cash Withdrawal,Web,18,12,62.67,1,2,0
6423,1073,44.9,Spain,Cash Withdrawal,Mobile,16,20,141.44,0,5,0
6424,3724,452.48,Portugal,Online Payment,Mobile,9,16,225.94,0,0,0
6425,1706,70.62,Germany,Online Payment,Tablet,17,14,51.7,0,2,0
6426,3579,55.92,France,Transfer,Mobile,13,15,133.57,0,0,0
6427,3733,248.56,Portugal,Cash Withdrawal,Mobile,6,23,81.3,0,0,0
6428,1420,53.39,United Kingdom,Cash Withdrawal,Mobile,14,17,144.53,1,2,0
6429,3789,807.21,Senegal,Online Payment,Mobile,19,8,189.1,0,1,1
6430,999,69.01,Portugal,Card Payment,Web,20,21,62.9,0,1,0
6431,1744,67.22,Germany,Online Payment,Mobile,8,11,25.6,0,0,0
6432,911,130.26,Portugal,Transfer,Mobile,15,34,122.74,0,2,0
6433,2355,123.82,United Kingdom,Cash Withdrawal,Web,23,33,421.1,0,1,0
6434,3765,920.04,Spain,Transfer,Web,18,15,118.77,0,2,1
6435,3208,71.49,France,Card Payment,Web,20,13,64.02,0,2,0
6436,3521,50.88,Portugal,Cash Withdrawal,Mobile,3,19,44.99,0,0,0
6437,2243,16.06,Senegal,Card Payment,Mobile,13,21,197.51,0,2,0
6438,3953,79.47,Senegal,Cash Withdrawal,Mobile,15,20,199.33,0,4,0
6439,557,836.28,United Kingdom,Card Payment,Mobile,19,17,147.24,0,1,1
6440,3352,273.23,Portugal,Transfer,Web,1,21,67.13,0,4,0
6441,1027,470.1,Spain,Online Payment,Mobile,7,12,242.4,0,1,0
6442,1154,19.84,United Kingdom,Card Payment,Tablet,7,15,105.13,0,0,0
6443,1053,1071.6,France,Cash Withdrawal,Mobile,23,24,142.47,0,2,0
6444,2149,75.33,Senegal,Transfer,Mobile,0,24,76.65,0,1,0
6445,3364,55.53,Senegal,Cash Withdrawal,Tablet,13,15,100.43,0,3,0
6446,2420,116.65,Portugal,Card Payment,Tablet,10,18,202.57,0,0,0
6447,235,64.14,United Kingdom,Online Payment,Tablet,3,31,73.13,0,1,0
6448,1291,81.78,Senegal,Transfer,Mobile,14,18,267.49,0,1,0
6449,2517,118.6,Senegal,Online Payment,Web,9,33,276.71,0,0,0
6450,949,91.56,Spain,Card Payment,Tablet,2,30,35.36,0,1,0
6451,1030,51.88,Portugal,Card Payment,Mobile,6,9,152.16,0,1,0
6452,2163,81.78,Portugal,Cash Withdrawal,Tablet,12,42,216.37,0,1,0
6453,3090,82.2,France,Online Payment,Web,8,25,65.86,0,3,0
6454,3874,78.69,Senegal,Online Payment,Mobile,7,16,75.66,0,1,0
6455,3144,164.55,United Kingdom,Online Payment,Web,3,16,68.99,1,2,0
6456,2226,328.56,Senegal,Transfer,Web,16,5,66.14,0,0,0
6457,631,318.16,United Kingdom,Transfer,Tablet,21,19,78.14,0,3,0
6458,20,81.48,United Kingdom,Transfer,Tablet,7,18,176.68,0,0,0
6459,75,274.88,France,Online Payment,Tablet,22,26,57.95,0,0,0
6460,1530,311.67,France,Online Payment,Web,17,6,80.76,0,3,0
6461,211,57.71,France,Card Payment,Web,6,10,229.91,0,4,0
6462,1884,206.24,United Kingdom,Transfer,Web,20,17,113.21,0,0,0
6463,1000,17.85,Germany,Online Payment,Web,5,14,210.81,0,3,0
6464,2111,86.25,France,Transfer,Mobile,6,23,68.56,0,1,0
6465,1466,128.78,France,Cash Withdrawal,Mobile,23,30,138.41,0,1,0
6466,172,56.56,Spain,Cash Withdrawal,Mobile,5,33,82.76,0,1,0
6467,1917,66.39,France,Cash Withdrawal,Tablet,0,7,111.19,1,3,0
6468,3317,264.62,Spain,Online Payment,Tablet,9,26,176.81,0,1,0
6469,2980,55.27,Germany,Transfer,Tablet,20,27,164.09,0,1,0
6470,1129,56.5,Spain,Card Payment,Tablet,13,41,57.64,0,5,0
6471,1270,132.66,United Kingdom,Online Payment,Web,18,12,70.19,0,1,0
6472,2497,98.53,Germany,Card Payment,Mobile,21,1,136.62,0,3,0
6473,87,40.21,United Kingdom,Online Payment,Mobile,12,18,220.77,0,3,0
6474,2378,133.85,Senegal,Card Payment,Tablet,23,7,44.18,1,0,0
6475,2891,90.12,Portugal,Online Payment,Web,13,32,38.86,0,4,0
6476,879,114.51,Senegal,Online Payment,Tablet,5,22,92.22,0,4,0
6477,2060,282.66,Portugal,Online Payment,Tablet,14,33,53.31,0,2,0
6478,1739,1103.43,Spain,Card Payment,Web,10,12,165.06,0,1,1
6479,1681,190.12,France,Cash Withdrawal,Mobile,3,21,64.23,1,2,0
6480,1360,212.55,Germany,Online Payment,Web,3,22,109.88,0,0,0
6481,3315,55.33,Germany,Transfer,Tablet,2,34,267.89,0,1,0
6482,3155,185.1,Spain,Card Payment,Mobile,15,17,230.72,0,3,0
6483,3473,298.16,Spain,Cash Withdrawal,Tablet,5,26,114.41,0,3,0
6484,2386,91.34,Senegal,Online Payment,Mobile,20,26,56.76,0,1,0
6485,2850,59.4,United Kingdom,Cash Withdrawal,Web,6,5,230.7,0,3,0
6486,2893,68.27,United Kingdom,Transfer,Web,13,48,143.33,0,1,0
6487,1510,89.15,Spain,Online Payment,Web,0,17,73.44,0,0,0
6488,3078,142.09,Spain,Cash Withdrawal,Web,17,33,313.06,0,0,0
6489,1110,18.65,Portugal,Cash Withdrawal,Mobile,0,5,299.46,1,1,0
6490,149,157.95,Germany,Cash Withdrawal,Web,1,19,198.56,1,3,0
6491,504,59.77,Senegal,Online Payment,Web,1,15,45.47,0,2,0
6492,1992,61.97,France,Online Payment,Tablet,23,15,41.44,0,1,0
6493,2062,38.9,Portugal,Cash Withdrawal,Tablet,9,19,35.82,0,2,0
6494,3042,405.42,United Kingdom,Cash Withdrawal,Tablet,22,10,126.93,0,0,0
6495,2455,70.48,France,Cash Withdrawal,Mobile,20,28,75.21,0,3,0
6496,799,153.28,Germany,Online Payment,Tablet,10,29,101.26,0,0,0
6497,3849,341.07,United Kingdom,Online Payment,Tablet,22,32,50.41,0,1,0
6498,2978,78.59,France,Online Payment,Mobile,1,21,71.53,0,1,0
6499,3990,261.02,Spain,Transfer,Web,20,20,235.83,0,2,0
6500,1762,184.26,Portugal,Online Payment,Web,3,20,177.74,0,2,0
6501,1644,55.38,Senegal,Card Payment,Web,9,30,169.95,0,1,0
6502,1054,104.25,Senegal,Transfer,Web,12,13,176.39,0,2,0
6503,1203,100.38,Senegal,Transfer,Mobile,13,16,93.08,0,3,0
6504,1905,81.57,United Kingdom,Transfer,Web,0,10,144.27,0,1,0
6505,3610,71.91,Germany,Online Payment,Mobile,14,20,402.88,0,1,0
6506,1335,68.02,Senegal,Online Payment,Web,5,18,51.57,0,2,0
6507,2333,64.19,Portugal,Card Payment,Tablet,9,18,70.62,0,2,0
6508,413,234.03,Germany,Online Payment,Web,12,27,54.76,1,2,0
6509,3475,54.13,Germany,Card Payment,Mobile,23,16,166.27,0,2,0
6510,295,49.61,Germany,Transfer,Tablet,2,30,305.13,0,1,0
6511,1725,81.2,United Kingdom,Online Payment,Mobile,10,18,57.48,0,1,0
6512,1573,780.59,Germany,Transfer,Tablet,1,7,94.38,0,6,0
6513,88,97.52,Germany,Card Payment,Web,22,5,277.88,0,5,0
6514,2717,58.05,France,Online Payment,Mobile,7,29,146.21,0,1,0
6515,3567,205.61,Germany,Transfer,Mobile,4,1,134.72,0,1,0
6516,228,41.89,Portugal,Online Payment,Web,14,22,214.82,0,3,0
6517,1174,138.99,Portugal,Card Payment,Web,7,26,145.51,0,4,0
6518,643,13.84,Portugal,Card Payment,Tablet,13,30,104.39,0,2,0
6519,1372,286.42,France,Transfer,Tablet,23,43,120.08,0,1,0
6520,2254,158.72,Portugal,Card Payment,Web,17,18,222.88,0,2,0
6521,3961,107.33,Spain,Card Payment,Web,14,14,256.02,0,4,0
6522,1549,49.51,Germany,Online Payment,Web,11,12,134.46,0,5,0
6523,1675,554.93,Senegal,Cash Withdrawal,Mobile,0,34,178.63,0,1,0
6524,1425,115.4,Portugal,Cash Withdrawal,Web,0,15,173.24,0,3,0
6525,2552,221.74,United Kingdom,Card Payment,Tablet,12,8,128.95,0,4,0
6526,1094,169.02,United Kingdom,Card Payment,Mobile,6,13,206.91,0,2,0
6527,2387,217.88,Portugal,Online Payment,Tablet,5,7,58.89,0,0,0
6528,1627,52.62,Spain,Transfer,Web,7,15,44.41,0,1,0
6529,1569,93.91,Portugal,Transfer,Web,21,34,59.65,0,1,0
6530,1977,50.71,Spain,Online Payment,Tablet,11,17,50.58,1,0,0
6531,1945,226.52,Spain,Cash Withdrawal,Tablet,10,19,76.45,0,0,0
6532,708,175.19,Germany,Transfer,Web,8,36,121.92,0,1,0
6533,2648,153.64,Senegal,Card Payment,Tablet,15,17,63.09,0,3,0
6534,809,201.29,United Kingdom,Online Payment,Mobile,12,18,211.69,0,1,0
6535,1311,156.39,France,Online Payment,Web,7,17,78.52,0,2,0
6536,3469,253.8,Portugal,Cash Withdrawal,Web,1,4,164.52,0,0,0
6537,10,213.73,Senegal,Cash Withdrawal,Tablet,22,23,83.48,1,2,0
6538,1814,78.83,Senegal,Cash Withdrawal,Mobile,17,26,115.05,0,0,0
6539,1029,65.39,France,Online Payment,Web,17,27,70.35,0,2,0
6540,2654,101.18,Portugal,Card Payment,Mobile,12,11,46.99,0,0,0
6541,3793,219.72,Spain,Transfer,Mobile,23,26,131.14,1,1,0
6542,1326,311.41,Spain,Card Payment,Web,20,12,361.63,0,4,0
6543,2239,174.61,Senegal,Cash Withdrawal,Mobile,6,26,58.69,0,2,0
6544,104,264.05,United Kingdom,Card Payment,Tablet,23,17,200.86,1,2,0
6545,198,116.93,United Kingdom,Online Payment,Tablet,7,14,87.7,0,3,0
6546,2952,1259.97,Portugal,Online Payment,Tablet,18,14,128.21,1,0,1
6547,433,125.18,France,Card Payment,Mobile,13,29,67.21,0,1,0
6548,1713,134.55,Senegal,Transfer,Tablet,2,46,245.9,0,3,0
6549,1191,254.13,Germany,Online Payment,Web,8,15,136.5,1,0,0
6550,2891,54.45,Portugal,Cash Withdrawal,Tablet,16,25,45.34,0,2,0
6551,651,65.2,Senegal,Online Payment,Web,19,10,139.91,0,0,0
6552,3438,571.21,United Kingdom,Cash Withdrawal,Tablet,2,30,275.19,0,0,0
6553,3531,136.86,Spain,Transfer,Mobile,7,36,130.11,0,3,0
6554,1064,39.77,Portugal,Online Payment,Web,13,16,134.3,0,0,0
6555,2931,272.76,Senegal,Online Payment,Web,11,29,150.26,0,1,0
6556,2099,54.64,Portugal,Card Payment,Mobile,0,22,32.6,0,2,0
6557,1415,198.15,Senegal,Cash Withdrawal,Mobile,16,26,69.11,0,2,0
6558,1191,73.28,Portugal,Card Payment,Web,8,16,176.03,0,1,0
6559,591,45.57,Portugal,Cash Withdrawal,Mobile,4,33,121.45,0,3,0
6560,95,49.14,Germany,Transfer,Web,23,31,46.09,0,6,0
6561,2004,58.01,Germany,Cash Withdrawal,Mobile,5,24,35.44,0,2,0
6562,2743,96.9,Spain,Cash Withdrawal,Web,15,19,96.14,0,1,0
6563,486,140.56,Spain,Card Payment,Tablet,10,23,60.65,0,2,0
6564,1006,79.3,United Kingdom,Card Payment,Tablet,7,16,39.79,0,3,0
6565,3791,173.01,United Kingdom,Transfer,Tablet,20,22,109.53,0,3,0
6566,2313,157.42,Spain,Card Payment,Tablet,5,5,124.96,1,0,0
6567,1528,53.34,Germany,Transfer,Mobile,11,21,57.72,0,3,0
6568,3319,79.73,France,Online Payment,Web,22,9,61.77,0,1,0
6569,2208,59.3,France,Card Payment,Mobile,15,11,25.06,0,2,0
6570,503,134.82,Spain,Transfer,Tablet,23,18,250.33,0,0,0
6571,1411,173.99,United Kingdom,Online Payment,Tablet,23,14,114.05,0,1,0
6572,3708,554.4,France,Card Payment,Mobile,14,28,132.77,0,1,0
6573,110,54.69,Germany,Transfer,Tablet,9,24,345.28,0,1,0
6574,547,105.47,Portugal,Online Payment,Tablet,18,4,368.86,0,3,0
6575,3183,235.12,United Kingdom,Transfer,Web,3,26,50.56,0,2,0
6576,1155,407.64,Portugal,Transfer,Tablet,2,15,216.36,1,2,0
6577,3891,219.37,France,Card Payment,Tablet,13,33,97.75,0,2,0
6578,3959,110.84,Germany,Card Payment,Web,13,8,61.27,0,1,0
6579,1053,88.66,Germany,Online Payment,Tablet,20,15,153.17,1,1,0
6580,3796,157.89,Senegal,Card Payment,Tablet,1,6,139.93,0,0,0
6581,2087,119.21,United Kingdom,Transfer,Tablet,14,24,199.05,0,0,0
6582,74,66.4,Senegal,Online Payment,Web,22,11,66.02,0,2,0
6583,1417,195.51,Portugal,Transfer,Mobile,23,30,104.09,0,2,0
6584,1330,39.48,France,Transfer,Tablet,4,7,113.67,1,1,0
6585,3626,81.12,Germany,Online Payment,Web,5,26,38.33,0,2,0
6586,1827,34.36,Portugal,Cash Withdrawal,Mobile,5,20,70.72,0,1,0
6587,2135,90.27,Spain,Cash Withdrawal,Mobile,2,22,88.85,1,1,0
6588,2156,68.4,United Kingdom,Online Payment,Mobile,7,12,242.86,0,0,0
6589,944,319.45,Spain,Online Payment,Tablet,17,24,88.61,0,2,0
6590,3577,75.84,United Kingdom,Transfer,Mobile,23,1,81.49,0,0,0
6591,1357,135.16,Portugal,Transfer,Web,21,9,68.04,0,1,0
6592,1832,450.96,Germany,Card Payment,Web,18,12,35.35,0,2,0
6593,1002,44.26,Portugal,Transfer,Tablet,10,31,495.78,0,3,0
6594,224,34.55,France,Cash Withdrawal,Web,13,16,129.25,1,0,0
6595,2725,120.13,Portugal,Online Payment,Tablet,9,26,126.34,0,1,0
6596,2642,48.41,Germany,Card Payment,Tablet,18,29,133.16,0,0,0
6597,2940,106.17,Germany,Card Payment,Mobile,18,18,198.72,0,0,0
6598,3196,168.08,Portugal,Cash Withdrawal,Tablet,4,16,70.47,0,2,0
6599,2918,207.26,Spain,Cash Withdrawal,Tablet,14,7,90.33,0,1,0
6600,1361,220.57,Portugal,Card Payment,Mobile,19,18,262.93,0,1,0
6601,1997,118.73,Spain,Online Payment,Mobile,12,25,164.44,0,1,0
6602,3203,48.99,Spain,Online Payment,Web,9,25,145.4,0,2,0
6603,2549,282.43,Germany,Online Payment,Tablet,2,16,170.33,0,3,0
6604,2588,233.06,France,Transfer,Mobile,1,21,114.73,0,2,0
6605,96,137.9,Senegal,Card Payment,Tablet,8,23,260.94,0,3,0
6606,2736,161.62,Germany,Card Payment,Web,5,20,104.63,0,2,0
6607,1325,53.74,Spain,Cash Withdrawal,Mobile,8,4,128.18,0,0,0
6608,3118,104.67,Senegal,Online Payment,Web,3,13,237.7,0,1,0
6609,3296,75.68,Senegal,Card Payment,Mobile,22,3,123.83,0,0,0
6610,2109,296.53,Portugal,Online Payment,Mobile,8,12,108.49,0,2,0
6611,3514,183.85,Portugal,Cash Withdrawal,Tablet,22,31,315.49,0,0,0
6612,1432,204.54,Portugal,Transfer,Tablet,9,18,134.05,0,3,0
6613,184,276.18,United Kingdom,Card Payment,Web,3,11,71.13,0,2,0
6614,1360,139.04,Senegal,Transfer,Tablet,6,1,18.21,0,2,0
6615,3109,13.56,France,Cash Withdrawal,Mobile,13,21,146.02,0,0,0
6616,2785,101.09,Germany,Online Payment,Web,6,23,77.37,0,1,0
6617,3362,80.2,France,Online Payment,Web,17,27,87.69,0,0,0
6618,848,93.51,Portugal,Card Payment,Mobile,9,26,86.76,0,1,0
6619,2455,56.83,Senegal,Cash Withdrawal,Mobile,15,24,457.59,0,1,0
6620,3668,64.75,Portugal,Transfer,Tablet,0,27,154.38,0,0,0
6621,3852,260.53,Portugal,Card Payment,Web,8,1,251.69,0,3,0
6622,2900,537.1,Germany,Online Payment,Tablet,8,27,295.18,0,2,0
6623,3678,41.51,Portugal,Card Payment,Web,3,23,203.41,0,3,0
6624,3146,123.07,France,Cash Withdrawal,Web,13,10,103.38,0,2,0
6625,3206,166.98,Portugal,Card Payment,Mobile,4,35,40.64,0,0,0
6626,3811,251.19,Spain,Cash Withdrawal,Tablet,4,17,95.07,0,1,0
6627,1825,62.7,Portugal,Online Payment,Web,6,25,105.99,0,1,0
6628,3972,144.61,Spain,Card Payment,Tablet,1,14,158.34,0,2,0
6629,2821,157.96,France,Cash Withdrawal,Web,12,17,131.78,0,2,0
6630,3069,56.35,Portugal,Card Payment,Mobile,21,23,144.39,0,2,0
6631,2858,65.08,Portugal,Transfer,Tablet,12,11,119.18,0,0,0
6632,3158,168.26,Spain,Online Payment,Mobile,14,16,31.59,0,2,0
6633,1048,148.07,France,Card Payment,Tablet,10,50,61.22,1,2,0
6634,1380,94.45,Germany,Online Payment,Mobile,0,1,181.84,1,0,0
6635,1598,82.48,France,Card Payment,Mobile,11,4,281.92,0,2,0
6636,232,76.07,Germany,Online Payment,Tablet,22,21,54.62,0,2,0
6637,1231,232.78,Spain,Card Payment,Mobile,6,19,95.5,0,2,0
6638,3538,273.88,France,Online Payment,Tablet,20,14,46.85,0,0,0
6639,2476,121.75,Germany,Cash Withdrawal,Mobile,15,6,116.52,0,1,0
6640,3136,191.0,Spain,Cash Withdrawal,Tablet,23,25,57.19,0,2,0
6641,1921,96.66,Portugal,Card Payment,Web,11,21,240.07,0,1,0
6642,2926,61.82,Senegal,Online Payment,Mobile,5,27,56.51,0,1,0
6643,1574,164.07,Spain,Card Payment,Web,9,18,129.67,0,3,0
6644,3368,143.98,Germany,Card Payment,Mobile,21,34,86.68,1,0,0
6645,3179,241.19,Portugal,Card Payment,Mobile,4,26,172.54,0,2,0
6646,1930,176.25,United Kingdom,Online Payment,Mobile,5,23,61.8,1,1,0
6647,2233,67.12,Spain,Cash Withdrawal,Mobile,11,7,174.41,0,0,0
6648,555,408.9,Portugal,Card Payment,Tablet,8,12,185.86,0,1,0
6649,1534,152.56,Senegal,Cash Withdrawal,Web,2,36,221.23,0,0,0
6650,3716,79.55,United Kingdom,Cash Withdrawal,Tablet,19,29,239.83,0,1,0
6651,1510,99.68,United Kingdom,Transfer,Tablet,17,25,134.14,0,0,0
6652,106,68.88,Germany,Transfer,Mobile,21,13,107.66,0,3,0
6653,3188,206.3,Portugal,Transfer,Tablet,7,17,70.47,0,0,0
6654,589,27.45,Spain,Online Payment,Tablet,19,22,276.33,0,0,0
6655,3661,241.0,France,Cash Withdrawal,Tablet,20,31,43.77,0,3,0
6656,642,91.04,Germany,Cash Withdrawal,Tablet,15,6,218.98,0,2,0
6657,1475,45.06,United Kingdom,Card Payment,Web,21,27,93.2,0,1,0
6658,421,89.25,Senegal,Card Payment,Tablet,11,21,199.86,0,1,0
6659,2238,175.64,Senegal,Online Payment,Web,12,32,96.2,0,1,0
6660,3859,106.06,United Kingdom,Card Payment,Tablet,21,22,197.91,0,3,0
6661,50,75.44,United Kingdom,Card Payment,Mobile,0,35,78.78,0,0,0
6662,3645,80.89,Portugal,Online Payment,Web,19,22,45.23,0,1,0
6663,1039,24.39,Germany,Online Payment,Mobile,18,26,87.87,0,2,0
6664,3162,138.12,Portugal,Online Payment,Web,6,10,71.42,0,2,0
6665,1212,141.77,Germany,Cash Withdrawal,Mobile,7,1,109.26,0,1,0
6666,1814,45.54,United Kingdom,Online Payment,Mobile,6,39,89.75,0,1,0
6667,3526,60.83,France,Transfer,Tablet,13,17,153.51,0,0,0
6668,469,247.74,Spain,Card Payment,Web,0,41,45.24,0,0,0
6669,847,267.7,Spain,Online Payment,Mobile,9,31,121.61,0,2,0
6670,3948,263.44,France,Card Payment,Tablet,9,27,224.38,1,3,0
6671,16,102.18,United Kingdom,Online Payment,Mobile,13,26,103.89,1,0,0
6672,3724,173.77,Portugal,Online Payment,Mobile,19,22,129.87,1,1,0
6673,2407,147.69,Germany,Online Payment,Mobile,13,29,184.79,0,1,0
6674,3077,115.62,Portugal,Cash Withdrawal,Tablet,3,42,133.32,0,2,0
6675,3078,93.15,United Kingdom,Online Payment,Tablet,7,22,113.18,0,3,0
6676,2515,96.65,Germany,Cash Withdrawal,Tablet,14,18,113.6,0,0,0
6677,2440,254.03,Portugal,Cash Withdrawal,Tablet,11,27,437.43,0,1,0
6678,3276,287.52,Portugal,Cash Withdrawal,Web,8,17,379.44,0,3,0
6679,3821,40.79,Germany,Card Payment,Web,7,4,86.65,0,0,0
6680,1389,407.44,Germany,Cash Withdrawal,Web,15,19,137.36,0,0,0
6681,2623,314.53,France,Card Payment,Mobile,7,28,415.6,0,0,0
6682,1821,121.84,United Kingdom,Online Payment,Mobile,19,9,85.89,1,1,0
6683,2306,650.97,Spain,Online Payment,Web,11,7,32.93,0,0,0
6684,2204,123.41,France,Transfer,Tablet,5,12,74.85,0,4,0
6685,3191,225.56,Senegal,Card Payment,Web,18,35,110.3,1,4,0
6686,3029,62.31,Senegal,Online Payment,Mobile,12,13,128.7,0,2,0
6687,133,36.36,United Kingdom,Card Payment,Tablet,7,15,41.73,0,1,0
6688,1190,52.84,Germany,Transfer,Tablet,23,23,167.51,0,2,0
6689,552,49.34,France,Transfer,Mobile,1,27,128.4,0,1,0
6690,1378,202.08,France,Transfer,Web,6,11,142.04,0,1,0
6691,3871,581.45,Germany,Cash Withdrawal,Tablet,21,9,103.62,0,1,0
6692,3321,66.74,France,Transfer,Tablet,22,34,111.54,1,0,0
6693,1,105.25,Spain,Online Payment,Tablet,15,12,196.53,0,2,0
6694,1928,136.93,Spain,Transfer,Tablet,15,9,70.61,0,2,0
6695,3848,188.2,Germany,Transfer,Mobile,18,14,57.93,0,2,0
6696,2380,15.51,Portugal,Transfer,Web,12,27,135.88,0,0,0
6697,2693,161.3,Spain,Online Payment,Tablet,10,21,40.31,0,1,0
6698,3240,74.92,Senegal,Cash Withdrawal,Web,11,28,94.97,0,1,0
6699,576,294.63,Spain,Online Payment,Mobile,19,5,390.57,0,4,0
6700,3977,99.98,Portugal,Card Payment,Tablet,2,10,58.15,1,0,0
6701,948,69.07,Portugal,Transfer,Tablet,4,2,31.56,0,1,0
6702,2117,100.96,France,Cash Withdrawal,Web,12,6,162.65,0,1,0
6703,1247,101.84,Portugal,Card Payment,Tablet,11,4,274.47,0,3,0
6704,1880,86.39,Germany,Cash Withdrawal,Mobile,18,34,92.17,0,4,0
6705,2970,40.06,Germany,Transfer,Web,20,11,96.41,0,3,0
6706,3602,62.44,Spain,Online Payment,Tablet,1,17,140.75,0,1,0
6707,1246,256.25,Senegal,Online Payment,Web,22,36,125.57,0,1,0
6708,2256,95.12,Senegal,Cash Withdrawal,Mobile,23,24,23.14,0,0,0
6709,1955,27.6,France,Online Payment,Tablet,6,32,40.23,0,0,0
6710,137,889.07,Germany,Card Payment,Web,2,12,87.77,0,5,0
6711,1675,57.72,Spain,Online Payment,Web,5,29,127.82,1,1,0
6712,438,153.54,United Kingdom,Online Payment,Tablet,7,10,60.06,0,2,0
6713,3392,77.87,France,Online Payment,Tablet,10,16,333.46,0,1,0
6714,3336,181.19,Spain,Transfer,Mobile,9,20,171.6,0,0,0
6715,699,425.02,United Kingdom,Card Payment,Mobile,15,4,246.89,1,4,0
6716,3567,54.77,Germany,Transfer,Tablet,1,1,86.8,0,2,0
6717,2174,189.4,France,Card Payment,Web,17,28,107.75,0,2,0
6718,837,172.27,Germany,Card Payment,Web,14,9,64.98,0,3,0
6719,1744,137.78,United Kingdom,Online Payment,Mobile,12,26,384.92,0,1,0
6720,3826,115.97,United Kingdom,Cash Withdrawal,Web,7,28,192.52,0,8,0
6721,1340,79.8,United Kingdom,Card Payment,Mobile,10,27,32.8,0,1,0
6722,2741,360.32,Germany,Online Payment,Tablet,4,24,152.01,0,3,1
6723,161,433.72,France,Cash Withdrawal,Tablet,23,44,98.41,0,2,0
6724,2057,187.58,Spain,Card Payment,Mobile,20,16,50.05,0,2,0
6725,1333,317.6,Spain,Online Payment,Mobile,6,22,148.61,0,2,0
6726,3097,221.83,United Kingdom,Online Payment,Tablet,4,10,53.17,1,3,1
6727,1181,661.07,Senegal,Card Payment,Web,2,22,130.95,0,2,0
6728,3012,119.43,United Kingdom,Transfer,Mobile,12,30,127.31,0,2,0
6729,487,403.63,Germany,Card Payment,Mobile,10,27,51.2,0,2,0
6730,3970,41.86,Germany,Card Payment,Mobile,20,34,209.8,0,3,0
6731,1805,419.17,Portugal,Cash Withdrawal,Mobile,1,26,118.35,1,1,0
6732,1376,88.29,Spain,Cash Withdrawal,Mobile,20,25,89.13,0,1,0
6733,2565,198.53,Germany,Card Payment,Web,18,16,185.02,0,1,0
6734,2666,60.0,Germany,Cash Withdrawal,Tablet,9,28,54.86,0,1,0
6735,2659,99.74,United Kingdom,Card Payment,Tablet,7,5,22.97,0,0,0
6736,2304,162.9,France,Online Payment,Web,15,38,87.66,1,2,0
6737,1487,90.51,United Kingdom,Card Payment,Web,1,18,86.57,0,0,0
6738,1432,76.26,Senegal,Cash Withdrawal,Tablet,21,13,71.6,0,1,0
6739,2606,259.99,Spain,Online Payment,Web,22,8,74.58,0,0,0
6740,3156,80.18,Senegal,Card Payment,Web,11,32,109.94,0,0,0
6741,2909,639.26,Spain,Card Payment,Web,22,25,197.28,0,1,0
6742,2254,147.06,Spain,Online Payment,Web,20,34,55.37,0,2,0
6743,1236,257.37,Senegal,Online Payment,Mobile,23,12,505.33,0,1,0
6744,2057,35.65,Germany,Transfer,Mobile,15,42,78.45,0,1,0
6745,2053,99.6,Senegal,Online Payment,Web,17,26,105.38,0,0,0
6746,3660,61.21,Senegal,Transfer,Tablet,17,19,65.49,0,2,0
6747,2783,66.92,France,Card Payment,Web,1,38,48.29,1,1,0
6748,1070,272.19,Germany,Online Payment,Mobile,11,8,70.08,0,0,0
6749,3548,1540.75,United Kingdom,Transfer,Web,3,25,196.79,1,1,1
6750,2051,136.14,Germany,Online Payment,Mobile,5,3,98.66,0,0,0
6751,2393,365.34,United Kingdom,Online Payment,Tablet,20,33,155.13,0,2,0
6752,1148,59.66,United Kingdom,Card Payment,Tablet,1,20,235.48,0,2,0
6753,2527,122.04,Germany,Card Payment,Web,7,20,232.76,0,1,0
6754,1380,56.54,Germany,Card Payment,Web,1,14,470.64,0,2,0
6755,3842,82.38,Senegal,Cash Withdrawal,Web,14,34,99.41,1,2,0
6756,152,178.19,United Kingdom,Cash Withdrawal,Mobile,11,33,13.99,0,1,0
6757,3968,81.4,United Kingdom,Transfer,Tablet,13,19,53.62,0,3,0
6758,1512,13.2,United Kingdom,Card Payment,Tablet,21,35,35.16,0,0,0
6759,470,436.02,France,Online Payment,Tablet,1,10,181.76,0,1,0
6760,3394,105.07,Germany,Transfer,Mobile,19,35,105.08,0,3,0
6761,788,155.76,Germany,Transfer,Tablet,12,11,147.6,0,2,0
6762,1280,37.74,France,Online Payment,Tablet,13,10,138.75,1,3,0
6763,1153,126.57,Portugal,Card Payment,Web,13,34,144.78,0,3,0
6764,1107,387.03,Senegal,Transfer,Web,22,7,189.35,1,0,0
6765,1157,57.19,France,Cash Withdrawal,Web,10,9,75.16,0,2,0
6766,588,170.35,Germany,Transfer,Mobile,6,21,34.95,0,1,0
6767,3536,218.19,Portugal,Cash Withdrawal,Web,2,33,183.04,0,1,0
6768,1441,268.09,United Kingdom,Transfer,Tablet,11,19,122.88,0,4,0
6769,1390,53.59,Senegal,Cash Withdrawal,Web,17,17,155.22,0,0,0
6770,3706,61.13,United Kingdom,Transfer,Tablet,0,22,181.24,0,1,0
6771,620,56.2,Germany,Transfer,Mobile,9,32,97.03,1,0,0
6772,2690,80.62,Spain,Transfer,Web,16,26,189.4,0,2,0
6773,1017,507.26,France,Online Payment,Web,5,15,98.55,0,1,0
6774,3598,74.05,Germany,Transfer,Web,14,44,84.26,0,1,0
6775,1194,130.07,Germany,Cash Withdrawal,Tablet,16,8,83.51,0,2,0
6776,3460,273.67,United Kingdom,Online Payment,Tablet,14,35,199.47,0,0,0
6777,1206,49.5,Spain,Transfer,Tablet,9,7,53.77,0,0,0
6778,3226,183.58,Senegal,Transfer,Web,15,29,79.97,0,1,0
6779,644,449.48,Portugal,Online Payment,Web,16,17,64.29,0,0,0
6780,3949,117.34,Senegal,Cash Withdrawal,Mobile,12,20,48.27,0,0,0
6781,2647,222.72,Spain,Transfer,Mobile,1,4,247.22,0,5,0
6782,3695,57.05,Portugal,Transfer,Mobile,15,11,217.28,0,2,0
6783,997,224.75,United Kingdom,Card Payment,Mobile,17,31,86.69,0,0,0
6784,818,27.26,Senegal,Cash Withdrawal,Tablet,23,26,145.2,1,0,1
6785,1631,34.97,Germany,Cash Withdrawal,Tablet,0,9,50.58,0,2,0
6786,2203,150.26,Senegal,Card Payment,Tablet,7,12,220.17,0,1,0
6787,3022,101.47,Spain,Cash Withdrawal,Mobile,2,8,146.03,1,1,0
6788,3627,426.03,Portugal,Transfer,Tablet,15,23,51.93,0,0,0
6789,1986,91.24,France,Cash Withdrawal,Mobile,10,28,43.41,0,3,0
6790,2760,79.23,Germany,Online Payment,Mobile,16,13,28.22,0,1,0
6791,2932,80.07,Germany,Cash Withdrawal,Mobile,9,17,145.72,0,2,0
6792,1681,95.69,Portugal,Transfer,Mobile,9,35,72.33,0,2,0
6793,2618,389.95,Spain,Transfer,Mobile,10,24,131.79,1,2,0
6794,2853,132.79,France,Online Payment,Tablet,3,18,73.85,0,0,0
6795,1382,47.35,Senegal,Online Payment,Mobile,2,24,61.84,1,4,0
6796,317,124.84,United Kingdom,Online Payment,Tablet,18,21,244.89,0,1,0
6797,1617,144.31,France,Card Payment,Mobile,18,18,47.63,0,1,0
6798,1450,191.23,France,Online Payment,Tablet,12,1,74.5,0,2,0
6799,2185,178.0,France,Online Payment,Tablet,2,3,90.84,0,4,0
6800,3316,125.3,Portugal,Transfer,Mobile,9,26,62.49,1,0,0
6801,1930,69.75,France,Card Payment,Tablet,21,16,111.44,0,0,0
6802,1150,451.71,France,Card Payment,Mobile,19,28,180.99,1,1,0
6803,636,210.79,Senegal,Card Payment,Web,23,21,184.71,0,1,0
6804,3261,39.31,Senegal,Online Payment,Mobile,20,16,222.25,0,0,0
6805,1166,37.98,Germany,Cash Withdrawal,Tablet,10,32,38.24,0,1,0
6806,2144,29.45,Portugal,Transfer,Mobile,7,24,52.35,0,3,0
6807,481,208.56,United Kingdom,Transfer,Mobile,19,17,319.74,0,1,0
6808,554,121.47,Spain,Online Payment,Tablet,21,31,129.95,0,5,0
6809,1049,125.81,Senegal,Card Payment,Web,18,26,94.02,0,1,0
6810,2256,97.83,Portugal,Cash Withdrawal,Web,11,40,53.39,0,1,0
6811,2073,115.78,Spain,Online Payment,Web,11,23,82.97,0,3,0
6812,214,173.52,Senegal,Online Payment,Tablet,18,8,71.31,0,1,0
6813,3087,61.11,Germany,Transfer,Web,13,4,87.22,0,3,0
6814,992,30.48,Germany,Cash Withdrawal,Web,20,29,81.84,0,1,0
6815,1148,130.45,United Kingdom,Transfer,Tablet,15,38,83.1,0,3,1
6816,3038,85.12,Germany,Online Payment,Mobile,19,17,51.33,0,5,0
6817,474,54.49,Germany,Transfer,Mobile,20,17,273.49,0,0,0
6818,3138,104.68,United Kingdom,Card Payment,Web,6,21,200.08,0,1,0
6819,3103,146.29,United Kingdom,Online Payment,Tablet,13,12,60.46,0,0,0
6820,342,200.79,United Kingdom,Online Payment,Mobile,2,23,352.36,0,1,0
6821,3774,98.4,France,Cash Withdrawal,Mobile,0,30,113.39,0,1,0
6822,714,47.68,Germany,Card Payment,Tablet,18,26,91.34,0,2,0
6823,3045,48.84,United Kingdom,Transfer,Web,12,35,136.5,0,2,0
6824,480,70.05,Germany,Card Payment,Web,1,9,51.38,0,1,0
6825,780,108.4,Senegal,Card Payment,Mobile,15,13,137.29,1,0,0
6826,2467,209.07,Spain,Cash Withdrawal,Web,14,19,196.7,0,3,0
6827,1370,64.73,Senegal,Cash Withdrawal,Mobile,17,11,86.08,1,1,0
6828,48,307.78,Senegal,Cash Withdrawal,Web,14,21,106.27,0,3,0
6829,1467,89.7,France,Online Payment,Mobile,11,24,82.78,0,0,0
6830,3276,282.82,Germany,Transfer,Web,5,3,321.48,0,0,0
6831,3872,26.63,Senegal,Transfer,Tablet,5,33,435.43,0,3,0
6832,3209,96.5,Germany,Online Payment,Mobile,1,17,32.17,0,1,0
6833,1735,133.99,Senegal,Transfer,Web,18,21,224.01,0,2,0
6834,3620,525.23,Germany,Online Payment,Web,9,29,196.89,1,0,0
6835,180,167.24,United Kingdom,Online Payment,Mobile,15,15,237.26,0,0,0
6836,2922,146.66,Germany,Online Payment,Tablet,21,33,21.87,0,3,0
6837,500,30.98,United Kingdom,Online Payment,Tablet,19,22,68.29,0,0,0
6838,2147,166.91,Spain,Card Payment,Web,23,1,71.86,0,2,0
6839,1956,150.8,Senegal,Cash Withdrawal,Mobile,2,33,63.43,1,1,0
6840,1078,122.3,Senegal,Transfer,Web,22,15,93.38,0,4,0
6841,1493,64.63,United Kingdom,Online Payment,Web,6,30,35.11,1,3,0
6842,836,679.98,Germany,Card Payment,Tablet,15,13,142.37,0,0,0
6843,1081,976.65,Senegal,Card Payment,Tablet,13,26,111.12,0,1,0
6844,3706,79.19,United Kingdom,Card Payment,Tablet,11,10,165.3,0,2,0
6845,787,130.67,United Kingdom,Card Payment,Mobile,20,21,79.34,0,0,0
6846,2020,174.36,Germany,Card Payment,Web,0,5,310.76,0,2,0
6847,3592,383.11,Senegal,Card Payment,Mobile,21,21,115.6,1,3,0
6848,908,117.33,Senegal,Card Payment,Web,5,1,235.13,1,0,0
6849,1303,75.59,Germany,Online Payment,Web,13,23,93.02,0,0,0
6850,2334,101.13,Senegal,Cash Withdrawal,Web,4,7,186.11,0,0,0
6851,2907,120.52,Germany,Transfer,Web,2,1,27.63,1,1,0
6852,843,127.4,United Kingdom,Transfer,Web,21,16,152.2,0,2,0
6853,3426,356.52,Senegal,Cash Withdrawal,Web,10,25,41.68,0,0,0
6854,3862,17.54,Germany,Transfer,Web,16,34,79.49,1,2,0
6855,3453,70.6,Senegal,Online Payment,Web,4,19,74.21,0,1,0
6856,1732,267.28,Spain,Cash Withdrawal,Web,1,26,45.0,0,1,0
6857,3857,44.54,Spain,Cash Withdrawal,Mobile,20,16,173.41,0,2,0
6858,976,169.38,United Kingdom,Online Payment,Web,10,28,138.57,1,3,0
6859,2029,276.74,United Kingdom,Online Payment,Web,10,16,80.71,0,2,0
6860,404,129.38,Germany,Cash Withdrawal,Tablet,10,7,36.68,1,1,0
6861,1326,100.14,Portugal,Cash Withdrawal,Mobile,3,21,164.71,0,1,0
6862,3803,118.08,Portugal,Card Payment,Mobile,20,27,108.23,0,1,0
6863,3043,185.92,France,Card Payment,Tablet,0,21,59.6,0,1,0
6864,3473,66.9,Portugal,Card Payment,Tablet,15,26,101.49,0,0,0
6865,2804,38.45,Portugal,Cash Withdrawal,Web,23,13,299.62,0,4,0
6866,3280,160.47,Spain,Transfer,Mobile,8,27,54.89,1,2,0
6867,2597,97.08,United Kingdom,Cash Withdrawal,Web,9,23,107.55,0,1,0
6868,1096,90.74,Portugal,Transfer,Web,20,15,135.95,0,1,0
6869,1921,220.86,France,Online Payment,Tablet,15,26,97.71,1,1,0
6870,2057,252.71,United Kingdom,Transfer,Web,7,18,204.76,1,1,0
6871,2877,491.67,Germany,Cash Withdrawal,Mobile,8,1,179.23,0,3,0
6872,878,69.39,Germany,Card Payment,Mobile,23,22,260.01,1,1,0
6873,1630,228.03,Spain,Online Payment,Web,20,15,157.34,1,0,0
6874,693,313.26,Spain,Card Payment,Web,23,19,123.22,0,2,0
6875,134,99.97,Spain,Cash Withdrawal,Web,18,20,131.24,0,0,0
6876,1094,79.74,Germany,Transfer,Web,12,4,88.78,0,1,0
6877,842,102.26,Portugal,Transfer,Web,2,21,145.34,0,2,0
6878,371,263.3,Spain,Cash Withdrawal,Web,1,13,85.75,0,2,0
6879,3778,176.92,Portugal,Online Payment,Mobile,23,30,44.05,0,2,0
6880,3656,122.44,Spain,Card Payment,Tablet,17,29,162.96,0,0,0
6881,221,182.37,Germany,Transfer,Mobile,3,18,69.54,0,0,0
6882,483,44.92,Germany,Cash Withdrawal,Tablet,4,8,45.52,0,0,0
6883,3384,148.52,France,Transfer,Mobile,2,30,123.6,0,1,0
6884,2042,105.58,France,Cash Withdrawal,Mobile,22,22,129.34,0,1,0
6885,3487,101.72,United Kingdom,Online Payment,Mobile,13,29,113.9,0,0,0
6886,476,82.34,United Kingdom,Card Payment,Mobile,8,13,82.59,0,1,0
6887,2902,62.08,Germany,Transfer,Mobile,6,18,32.99,0,0,0
6888,2866,209.74,Germany,Cash Withdrawal,Mobile,3,43,50.19,0,1,0
6889,619,357.74,Senegal,Cash Withdrawal,Mobile,1,13,204.74,0,1,0
6890,1971,145.1,United Kingdom,Card Payment,Web,20,25,156.43,0,1,0
6891,2904,100.53,Spain,Cash Withdrawal,Mobile,10,45,353.42,1,1,0
6892,1349,159.25,Spain,Transfer,Tablet,10,17,103.79,0,1,0
6893,2626,24.75,Senegal,Cash Withdrawal,Web,22,1,110.86,0,1,0
6894,2014,434.38,Germany,Transfer,Web,9,19,137.5,0,0,0
6895,864,82.65,Germany,Cash Withdrawal,Web,4,10,58.07,0,3,0
6896,408,137.69,Germany,Card Payment,Mobile,18,27,253.72,1,1,0
6897,425,191.33,Senegal,Card Payment,Mobile,20,14,153.11,0,2,0
6898,1948,119.2,United Kingdom,Transfer,Web,21,12,66.88,1,4,0
6899,1659,47.73,Spain,Cash Withdrawal,Tablet,9,23,107.95,0,2,0
6900,699,42.55,France,Transfer,Tablet,4,26,41.46,0,1,0
6901,3713,174.42,Senegal,Online Payment,Mobile,16,18,115.34,0,1,0
6902,3523,197.4,Germany,Card Payment,Tablet,18,30,89.51,0,3,0
6903,3416,480.88,Senegal,Transfer,Web,0,21,64.73,0,1,0
6904,2302,120.94,Germany,Transfer,Web,19,19,63.01,0,0,0
6905,458,385.36,Germany,Transfer,Mobile,12,33,69.92,0,2,0
6906,2529,337.21,Spain,Transfer,Web,2,28,139.02,0,1,0
6907,306,72.51,Germany,Cash Withdrawal,Web,22,16,94.26,0,5,0
6908,3165,169.53,France,Card Payment,Mobile,14,19,65.87,0,0,0
6909,1793,56.3,Portugal,Transfer,Tablet,3,17,172.28,1,2,0
6910,1825,48.94,Senegal,Cash Withdrawal,Tablet,8,27,78.43,0,0,0
6911,1501,23.06,United Kingdom,Cash Withdrawal,Mobile,14,38,205.85,0,1,0
6912,63,35.49,Senegal,Cash Withdrawal,Mobile,11,8,195.76,0,3,0
6913,2125,222.02,France,Transfer,Web,17,26,225.89,0,2,0
6914,3192,53.78,Spain,Card Payment,Tablet,17,21,165.22,0,1,0
6915,3056,57.34,France,Cash Withdrawal,Mobile,4,15,97.52,0,1,0
6916,2016,82.5,Germany,Transfer,Web,16,20,95.01,0,0,0
6917,1903,92.08,Senegal,Cash Withdrawal,Web,9,17,63.5,1,1,0
6918,3305,126.08,France,Transfer,Tablet,1,17,52.19,0,4,1
6919,1684,199.51,Germany,Online Payment,Mobile,20,21,222.72,0,1,0
6920,874,22.26,France,Card Payment,Mobile,18,13,170.42,0,0,0
6921,1765,105.12,Portugal,Card Payment,Mobile,18,20,108.19,0,3,0
6922,105,121.32,Spain,Transfer,Web,6,16,65.07,0,4,0
6923,1048,382.09,Portugal,Card Payment,Mobile,15,24,91.15,0,0,0
6924,1911,34.92,Senegal,Transfer,Web,18,1,190.29,0,2,0
6925,1697,53.53,Senegal,Transfer,Mobile,0,1,94.31,0,1,0
6926,2120,58.3,France,Card Payment,Web,4,16,137.47,0,1,0
6927,3393,96.03,United Kingdom,Online Payment,Tablet,9,1,115.42,1,2,0
6928,1106,64.87,Germany,Transfer,Mobile,11,16,94.22,0,0,0
6929,249,150.73,Germany,Cash Withdrawal,Mobile,18,13,100.18,0,1,0
6930,2935,138.15,France,Online Payment,Web,19,9,148.21,0,3,0
6931,3336,425.12,Germany,Transfer,Tablet,23,25,117.99,1,2,0
6932,2248,53.42,Portugal,Card Payment,Mobile,10,23,61.72,0,2,0
6933,46,83.5,Spain,Card Payment,Tablet,19,11,64.58,0,1,0
6934,3481,371.58,Germany,Cash Withdrawal,Web,10,32,138.62,0,1,0
6935,1830,31.22,Portugal,Card Payment,Tablet,14,17,115.13,0,2,0
6936,138,136.02,United Kingdom,Cash Withdrawal,Mobile,20,24,69.38,0,2,0
6937,3660,150.46,United Kingdom,Cash Withdrawal,Web,15,9,44.05,0,1,0
6938,2311,101.38,France,Card Payment,Mobile,23,19,73.58,0,1,0
6939,1295,168.57,Spain,Transfer,Mobile,0,26,175.9,1,3,0
6940,3540,112.24,Portugal,Card Payment,Web,1,12,113.46,0,5,0
6941,214,180.15,Germany,Online Payment,Mobile,18,35,140.68,1,3,0
6942,3217,118.29,United Kingdom,Online Payment,Web,9,3,124.51,0,1,1
6943,201,517.38,Senegal,Card Payment,Web,1,20,110.9,1,3,0
6944,1044,88.2,United Kingdom,Cash Withdrawal,Tablet,14,21,85.71,0,1,0
6945,1212,84.68,Portugal,Online Payment,Web,5,16,88.01,0,2,0
6946,3667,28.09,Spain,Transfer,Web,12,19,181.51,0,1,0
6947,1729,441.65,Senegal,Card Payment,Mobile,16,35,193.48,1,2,0
6948,1358,142.87,Portugal,Card Payment,Mobile,16,8,54.94,1,3,0
6949,438,68.17,Germany,Cash Withdrawal,Mobile,21,10,81.43,0,0,0
6950,2765,79.78,Senegal,Cash Withdrawal,Tablet,10,16,105.76,0,2,0
6951,446,123.97,United Kingdom,Card Payment,Web,2,23,202.47,0,3,0
6952,2589,51.66,Germany,Cash Withdrawal,Web,15,12,95.65,0,1,0
6953,2709,295.39,Germany,Transfer,Mobile,20,16,83.49,1,1,0
6954,937,62.7,France,Transfer,Mobile,18,7,72.08,0,2,0
6955,665,41.53,United Kingdom,Cash Withdrawal,Web,3,18,72.09,0,0,0
6956,1199,57.79,United Kingdom,Online Payment,Tablet,13,28,164.72,0,2,0
6957,2637,92.0,Spain,Transfer,Web,21,8,78.86,0,3,0
6958,2222,128.38,France,Transfer,Tablet,2,20,234.15,0,1,0
6959,3257,155.7,France,Online Payment,Tablet,4,23,41.84,0,1,0
6960,2789,53.86,United Kingdom,Online Payment,Tablet,19,18,214.62,0,2,0
6961,2369,123.2,Germany,Cash Withdrawal,Tablet,2,23,320.35,0,2,0
6962,3418,608.67,United Kingdom,Cash Withdrawal,Mobile,0,26,68.4,0,0,0
6963,1392,109.39,Spain,Cash Withdrawal,Web,7,11,216.49,0,1,0
6964,634,189.11,Portugal,Cash Withdrawal,Tablet,23,24,89.21,0,2,0
6965,2295,96.34,Senegal,Online Payment,Mobile,15,12,69.89,0,2,0
6966,3300,14.74,Germany,Online Payment,Web,18,22,136.32,0,0,0
6967,2176,39.29,Senegal,Cash Withdrawal,Mobile,8,28,241.27,0,1,0
6968,2306,277.93,Senegal,Online Payment,Mobile,13,36,53.22,1,1,0
6969,1829,95.56,United Kingdom,Online Payment,Web,14,25,107.99,0,0,0
6970,1640,184.77,Senegal,Card Payment,Tablet,3,18,84.41,0,1,0
6971,671,187.2,Germany,Cash Withdrawal,Mobile,10,23,46.3,0,1,0
6972,863,598.65,Senegal,Online Payment,Web,18,5,284.43,0,4,0
6973,64,60.77,Spain,Cash Withdrawal,Web,14,27,41.7,0,0,0
6974,2574,436.69,United Kingdom,Online Payment,Tablet,6,2,68.95,0,0,0
6975,2672,120.95,Portugal,Online Payment,Web,1,33,114.67,0,1,0
6976,3216,21.4,Germany,Online Payment,Web,3,7,575.09,0,2,0
6977,1845,420.72,Germany,Card Payment,Mobile,11,5,62.51,0,1,0
6978,2856,111.77,Senegal,Cash Withdrawal,Web,9,10,80.01,0,3,0
6979,2622,975.26,Spain,Cash Withdrawal,Web,10,27,43.63,1,1,1
6980,2581,53.93,France,Online Payment,Web,8,6,289.57,0,1,0
6981,1463,179.41,United Kingdom,Cash Withdrawal,Tablet,21,5,85.51,0,2,0
6982,3414,98.34,Portugal,Online Payment,Mobile,7,31,723.04,0,1,0
6983,3980,109.37,France,Card Payment,Tablet,10,40,92.91,1,2,0
6984,1399,148.26,France,Card Payment,Tablet,14,22,145.11,0,2,0
6985,1926,189.49,France,Transfer,Web,12,25,232.06,0,1,0
6986,3608,537.75,Spain,Online Payment,Mobile,22,14,119.21,0,0,0
6987,3447,337.75,France,Online Payment,Web,0,17,102.02,0,0,0
6988,3322,82.87,Spain,Card Payment,Tablet,5,15,44.48,0,0,0
6989,3585,236.67,United Kingdom,Cash Withdrawal,Tablet,5,19,163.7,0,2,0
6990,3943,178.57,United Kingdom,Transfer,Tablet,11,12,162.89,1,2,0
6991,2471,365.89,Germany,Card Payment,Web,11,31,46.27,0,1,0
6992,3199,149.56,Germany,Cash Withdrawal,Mobile,8,13,153.49,0,1,0
6993,1180,81.53,Spain,Card Payment,Tablet,3,19,38.73,0,1,0
6994,1755,301.95,Spain,Cash Withdrawal,Mobile,21,31,70.83,0,4,0
6995,2488,159.46,France,Cash Withdrawal,Mobile,3,3,121.5,0,1,0
6996,1750,168.48,Spain,Online Payment,Tablet,1,1,89.98,0,2,0
6997,853,25.37,Senegal,Online Payment,Tablet,1,12,315.72,1,0,0
6998,884,175.42,Portugal,Cash Withdrawal,Tablet,18,31,109.17,1,2,0
6999,3158,59.97,Germany,Cash Withdrawal,Mobile,5,17,99.9,0,1,0
7000,3525,104.71,Portugal,Transfer,Web,19,31,195.03,0,0,0
7001,370,207.02,Portugal,Online Payment,Tablet,18,21,116.44,0,0,0
7002,2512,74.3,Senegal,Card Payment,Tablet,22,37,99.3,0,0,0
7003,1723,83.91,United Kingdom,Card Payment,Mobile,2,12,143.96,0,0,0
7004,2267,164.67,Germany,Card Payment,Web,13,10,142.52,0,2,0
7005,393,101.78,Senegal,Transfer,Mobile,6,15,58.45,0,3,0
7006,3711,180.97,Portugal,Card Payment,Web,19,19,132.22,0,3,0
7007,2786,60.98,Germany,Cash Withdrawal,Mobile,6,18,210.36,0,1,0
7008,3388,63.51,France,Transfer,Tablet,15,5,163.43,0,1,0
7009,3056,45.76,United Kingdom,Transfer,Tablet,16,31,52.97,0,2,0
7010,2948,217.01,Germany,Transfer,Web,20,1,105.29,0,0,0
7011,220,320.08,Portugal,Transfer,Mobile,23,5,72.27,0,1,0
7012,3238,180.56,France,Card Payment,Web,18,21,44.34,0,1,0
7013,649,225.21,United Kingdom,Card Payment,Web,11,21,83.68,0,0,0
7014,2529,50.18,Spain,Transfer,Web,20,33,220.86,0,3,0
7015,2880,182.69,Spain,Transfer,Tablet,14,26,267.17,1,1,0
7016,2944,211.99,Germany,Online Payment,Tablet,7,36,111.84,0,1,0
7017,2157,146.96,Spain,Cash Withdrawal,Tablet,2,10,71.71,0,1,0
7018,3963,86.63,Germany,Online Payment,Mobile,16,27,177.05,0,1,0
7019,3230,114.96,Spain,Online Payment,Tablet,2,30,93.55,1,0,1
7020,1555,45.08,Portugal,Transfer,Tablet,12,19,26.67,0,2,0
7021,1561,43.47,United Kingdom,Transfer,Tablet,9,6,125.31,1,3,0
7022,903,472.77,Senegal,Card Payment,Mobile,0,18,49.09,0,1,0
7023,2886,103.65,Senegal,Online Payment,Mobile,18,2,46.7,1,4,0
7024,3296,98.49,United Kingdom,Transfer,Tablet,7,27,274.4,0,1,0
7025,738,231.75,Germany,Cash Withdrawal,Web,16,22,94.7,0,2,0
7026,1621,72.78,France,Cash Withdrawal,Web,0,23,84.2,1,2,0
7027,857,63.44,Senegal,Card Payment,Mobile,3,20,90.62,0,0,0
7028,1513,92.56,Germany,Online Payment,Mobile,2,34,262.1,0,0,0
7029,2845,79.42,Senegal,Card Payment,Tablet,22,16,34.56,0,2,0
7030,378,262.56,Germany,Cash Withdrawal,Web,0,12,118.56,0,2,0
7031,28,457.97,France,Card Payment,Tablet,22,34,159.7,0,0,0
7032,1824,118.61,France,Online Payment,Mobile,7,29,95.71,0,1,0
7033,2596,321.22,Portugal,Card Payment,Mobile,0,32,107.46,1,1,0
7034,1186,87.46,Spain,Transfer,Web,5,39,171.17,1,1,0
7035,2260,70.33,Spain,Transfer,Mobile,23,6,175.83,0,1,0
7036,1,50.22,Germany,Card Payment,Mobile,16,18,201.73,0,0,0
7037,2837,142.95,Spain,Online Payment,Web,1,5,191.12,0,2,0
7038,3503,86.56,Senegal,Cash Withdrawal,Mobile,10,27,134.19,0,1,0
7039,1134,188.56,Germany,Card Payment,Mobile,17,19,257.47,0,1,0
7040,3221,347.82,Senegal,Cash Withdrawal,Web,1,12,103.41,1,2,0
7041,993,327.62,Senegal,Card Payment,Tablet,10,15,80.87,0,1,0
7042,3941,86.81,Portugal,Online Payment,Mobile,4,19,138.04,0,2,0
7043,781,54.82,Portugal,Cash Withdrawal,Web,15,29,61.45,0,1,0
7044,3471,42.9,United Kingdom,Cash Withdrawal,Tablet,10,1,39.02,0,2,0
7045,1434,204.61,Senegal,Cash Withdrawal,Mobile,5,35,116.86,0,0,0
7046,3102,146.78,Senegal,Online Payment,Tablet,8,20,58.68,0,1,0
7047,1700,273.58,Senegal,Online Payment,Web,8,22,187.47,0,1,0
7048,653,325.75,Germany,Online Payment,Mobile,3,26,55.24,0,3,0
7049,3231,229.44,Senegal,Online Payment,Mobile,11,18,31.62,0,4,1
7050,310,112.91,Spain,Online Payment,Tablet,10,27,70.02,0,4,0
7051,2281,131.04,France,Online Payment,Web,23,4,273.76,0,0,0
7052,1336,254.01,Senegal,Cash Withdrawal,Web,23,2,178.94,0,3,0
7053,3712,47.57,United Kingdom,Transfer,Tablet,8,15,112.37,0,0,0
7054,2023,59.2,Portugal,Card Payment,Tablet,17,36,147.23,1,2,0
7055,179,44.46,Senegal,Cash Withdrawal,Mobile,7,19,41.65,0,2,0
7056,1701,62.4,France,Online Payment,Tablet,8,40,93.27,0,2,0
7057,1820,13.26,Senegal,Cash Withdrawal,Mobile,8,6,91.1,1,2,0
7058,2726,52.21,Spain,Card Payment,Web,4,25,142.21,0,7,0
7059,1824,66.72,Germany,Card Payment,Web,20,26,103.0,1,0,0
7060,319,239.99,United Kingdom,Transfer,Web,11,14,219.53,0,0,0
7061,3818,140.85,France,Online Payment,Web,13,11,100.31,0,2,0
7062,1282,290.07,United Kingdom,Card Payment,Web,2,7,242.7,0,1,1
7063,2025,27.81,Germany,Card Payment,Mobile,22,20,48.34,0,1,0
7064,3104,567.37,Senegal,Card Payment,Mobile,14,25,76.66,0,0,0
7065,734,113.55,Spain,Cash Withdrawal,Web,11,35,126.28,0,0,0
7066,2561,246.12,Germany,Online Payment,Web,1,28,153.21,0,1,0
7067,2819,83.99,Senegal,Transfer,Mobile,17,17,263.14,0,1,0
7068,3540,76.32,Senegal,Cash Withdrawal,Mobile,0,13,30.15,0,1,0
7069,619,173.61,Senegal,Cash Withdrawal,Mobile,14,9,271.56,0,1,0
7070,2549,97.42,Germany,Transfer,Mobile,13,9,155.3,0,0,0
7071,3986,83.3,United Kingdom,Card Payment,Tablet,21,16,180.83,0,1,0
7072,3156,115.93,Senegal,Cash Withdrawal,Tablet,18,2,62.4,0,2,0
7073,2819,223.99,Germany,Online Payment,Tablet,23,26,46.7,0,1,0
7074,2210,524.75,Senegal,Card Payment,Mobile,21,22,285.93,0,2,0
7075,1659,69.6,France,Card Payment,Tablet,6,19,110.78,0,4,0
7076,3522,468.55,Spain,Card Payment,Mobile,11,5,135.65,0,3,0
7077,3245,177.65,Senegal,Online Payment,Tablet,5,8,380.36,0,0,0
7078,1632,102.65,Portugal,Transfer,Web,1,16,62.64,0,1,0
7079,1381,385.61,Spain,Cash Withdrawal,Tablet,3,9,73.75,0,4,0
7080,3683,192.0,Germany,Card Payment,Web,22,11,100.28,0,2,0
7081,1663,43.32,United Kingdom,Online Payment,Tablet,6,16,173.26,0,1,0
7082,544,307.96,United Kingdom,Transfer,Web,16,25,62.71,0,4,0
7083,3316,115.01,Senegal,Transfer,Mobile,10,28,112.89,0,2,0
7084,3298,185.71,Spain,Card Payment,Web,19,11,309.68,0,1,0
7085,2291,494.52,Germany,Transfer,Tablet,17,8,65.82,0,1,0
7086,3442,19.18,Spain,Transfer,Tablet,9,22,79.56,0,1,0
7087,209,340.71,Portugal,Card Payment,Web,12,19,59.37,0,0,0
7088,1177,107.93,France,Transfer,Mobile,0,13,215.11,0,3,0
7089,2874,248.94,United Kingdom,Online Payment,Mobile,22,19,62.21,0,4,0
7090,3899,112.11,Portugal,Online Payment,Mobile,12,18,29.35,0,3,0
7091,2799,30.92,France,Online Payment,Web,19,19,90.87,0,0,0
7092,1915,113.11,Spain,Card Payment,Tablet,10,3,51.69,0,1,0
7093,237,61.95,United Kingdom,Online Payment,Mobile,4,30,63.8,0,1,0
7094,97,380.3,France,Online Payment,Web,8,24,64.15,0,1,0
7095,18,93.46,Portugal,Card Payment,Web,20,14,137.48,0,1,0
7096,485,109.61,Spain,Cash Withdrawal,Web,10,23,333.63,0,2,0
7097,2221,78.88,Spain,Card Payment,Tablet,9,40,191.79,0,4,0
7098,1568,50.68,France,Transfer,Tablet,10,1,144.82,0,1,0
7099,1411,270.44,United Kingdom,Transfer,Mobile,0,37,105.9,0,2,0
7100,2197,136.02,United Kingdom,Card Payment,Web,11,26,81.9,0,2,0
7101,1350,78.91,France,Cash Withdrawal,Web,2,15,69.33,1,1,0
7102,2090,66.13,Germany,Cash Withdrawal,Mobile,23,1,172.49,0,3,0
7103,3545,90.15,Spain,Card Payment,Tablet,20,17,234.63,0,1,0
7104,1470,41.22,Portugal,Card Payment,Web,3,15,136.42,1,1,0
7105,3836,196.9,Senegal,Online Payment,Web,20,9,114.98,0,3,0
7106,3011,45.17,United Kingdom,Card Payment,Web,13,8,48.66,0,2,0
7107,872,85.2,France,Transfer,Web,13,29,131.01,0,1,0
7108,3172,520.85,Germany,Cash Withdrawal,Web,7,32,160.49,0,2,0
7109,832,93.73,Senegal,Transfer,Tablet,11,1,56.37,0,0,0
7110,199,49.86,Germany,Card Payment,Web,13,20,43.09,0,1,0
7111,1798,54.91,Senegal,Transfer,Web,3,23,51.47,0,1,0
7112,3463,117.19,United Kingdom,Card Payment,Mobile,20,26,230.66,0,3,0
7113,285,175.27,Spain,Transfer,Web,12,21,298.17,0,3,0
7114,1765,343.14,United Kingdom,Transfer,Web,11,5,123.16,0,1,0
7115,2695,70.6,United Kingdom,Cash Withdrawal,Tablet,19,13,67.53,0,1,0
7116,3901,88.22,Germany,Card Payment,Web,1,17,106.98,0,0,0
7117,446,95.75,United Kingdom,Online Payment,Tablet,7,31,220.63,0,2,0
7118,442,163.83,Spain,Online Payment,Tablet,17,22,92.18,0,1,0
7119,3200,128.6,France,Transfer,Tablet,1,21,128.77,1,1,1
7120,638,385.18,France,Transfer,Mobile,22,23,144.48,0,2,0
7121,981,116.31,Senegal,Online Payment,Mobile,4,19,156.63,0,4,0
7122,2924,71.22,Portugal,Transfer,Web,0,17,207.21,0,1,0
7123,1272,115.17,France,Online Payment,Web,13,6,112.96,0,3,0
7124,3326,133.3,Germany,Transfer,Web,1,15,76.49,0,3,0
7125,1953,251.87,Portugal,Online Payment,Web,6,10,20.51,0,1,0
7126,841,186.83,Germany,Transfer,Tablet,1,19,81.55,0,1,0
7127,3999,44.09,France,Transfer,Mobile,1,24,101.5,0,1,0
7128,2494,404.89,Spain,Transfer,Web,14,25,61.69,0,3,0
7129,1912,235.17,United Kingdom,Card Payment,Tablet,22,18,30.9,0,2,0
7130,14,189.56,Spain,Online Payment,Mobile,12,11,42.68,0,0,0
7131,2809,186.93,France,Card Payment,Web,17,8,194.33,0,2,0
7132,57,249.4,Germany,Online Payment,Tablet,21,33,93.92,0,1,0
7133,3715,255.72,France,Online Payment,Tablet,1,20,195.62,0,2,0
7134,1514,411.5,France,Cash Withdrawal,Web,10,35,109.43,0,1,1
7135,2237,84.79,Senegal,Online Payment,Tablet,4,23,142.99,0,1,0
7136,2728,300.03,Spain,Online Payment,Tablet,14,26,155.54,1,1,0
7137,2284,232.99,Senegal,Transfer,Web,17,11,53.96,0,2,0
7138,3745,190.78,United Kingdom,Cash Withdrawal,Web,16,25,140.97,0,2,0
7139,183,259.71,United Kingdom,Transfer,Mobile,8,53,41.59,0,2,0
7140,2209,274.84,Germany,Online Payment,Tablet,20,2,107.96,1,0,0
7141,410,129.15,France,Card Payment,Tablet,16,25,244.92,0,0,0
7142,1731,180.07,Portugal,Online Payment,Web,1,11,149.85,0,1,0
7143,3622,181.91,Spain,Online Payment,Tablet,21,29,42.97,0,0,0
7144,2176,44.15,Germany,Card Payment,Tablet,6,4,99.41,0,2,0
7145,3997,58.39,Portugal,Cash Withdrawal,Tablet,7,42,79.85,0,1,0
7146,3011,97.89,Spain,Online Payment,Mobile,9,25,134.95,0,1,0
7147,3222,171.16,United Kingdom,Online Payment,Tablet,20,34,492.83,1,0,0
7148,1801,51.98,France,Card Payment,Web,5,20,69.81,0,0,0
7149,1958,23.03,Portugal,Cash Withdrawal,Web,4,26,117.67,0,1,0
7150,1129,163.01,Portugal,Cash Withdrawal,Mobile,6,24,123.97,0,1,0
7151,2231,535.48,France,Online Payment,Mobile,23,22,119.37,0,0,0
7152,3540,423.28,Spain,Online Payment,Web,13,28,76.73,1,1,0
7153,3379,111.37,Senegal,Online Payment,Tablet,8,29,57.26,0,2,0
7154,3674,51.22,Senegal,Card Payment,Web,14,11,165.29,0,1,0
7155,1582,284.09,France,Card Payment,Tablet,19,25,57.22,0,1,0
7156,1297,135.75,Germany,Cash Withdrawal,Tablet,4,21,67.69,0,6,0
7157,3499,64.93,United Kingdom,Transfer,Web,10,17,177.02,0,1,0
7158,1862,114.63,France,Transfer,Tablet,19,15,392.37,1,1,0
7159,555,268.98,Portugal,Online Payment,Web,19,31,112.73,0,1,0
7160,97,155.78,Senegal,Cash Withdrawal,Web,3,16,66.5,0,2,0
7161,2938,393.11,France,Online Payment,Tablet,17,39,64.52,0,2,0
7162,2524,126.78,France,Transfer,Tablet,21,8,219.93,0,1,0
7163,565,173.29,France,Cash Withdrawal,Tablet,8,6,143.51,0,2,0
7164,1726,83.78,France,Online Payment,Web,2,28,238.08,1,2,0
7165,1528,251.39,Germany,Cash Withdrawal,Tablet,17,25,102.47,1,0,0
7166,823,62.38,Germany,Card Payment,Tablet,9,33,149.02,0,1,0
7167,1682,159.49,France,Online Payment,Mobile,20,15,43.59,0,1,0
7168,129,172.05,Senegal,Card Payment,Mobile,13,4,85.52,0,3,0
7169,1599,228.12,Portugal,Card Payment,Tablet,13,22,59.9,1,1,0
7170,149,55.9,Spain,Card Payment,Mobile,1,13,98.66,0,0,0
7171,1457,232.21,Portugal,Cash Withdrawal,Web,10,18,139.81,0,1,0
7172,1019,164.2,Senegal,Card Payment,Mobile,15,1,268.91,0,1,0
7173,3499,187.0,Germany,Transfer,Tablet,23,10,66.12,0,1,0
7174,3532,58.16,Portugal,Transfer,Mobile,20,43,80.02,0,1,0
7175,535,155.91,United Kingdom,Online Payment,Tablet,6,28,66.64,1,3,0
7176,813,175.93,France,Card Payment,Web,12,24,61.26,0,0,0
7177,1638,275.48,Spain,Card Payment,Mobile,23,17,189.88,0,1,0
7178,2781,16.75,Portugal,Online Payment,Mobile,3,9,72.04,0,0,0
7179,2741,107.83,United Kingdom,Card Payment,Tablet,4,16,66.97,0,2,0
7180,1668,206.64,United Kingdom,Transfer,Mobile,14,37,464.0,0,3,0
7181,1054,144.36,France,Cash Withdrawal,Tablet,20,17,138.73,0,1,0
7182,1387,73.03,France,Online Payment,Tablet,21,33,153.57,0,4,0
7183,1311,161.71,France,Cash Withdrawal,Web,15,27,115.63,0,5,0
7184,335,80.42,Germany,Card Payment,Mobile,16,24,74.72,0,1,0
7185,1444,313.25,France,Online Payment,Web,11,25,195.14,0,0,0
7186,2022,143.11,United Kingdom,Transfer,Mobile,8,27,49.78,0,2,0
7187,3612,270.01,United Kingdom,Transfer,Tablet,23,25,104.03,0,1,0
7188,3125,117.1,France,Card Payment,Mobile,12,17,106.69,0,1,0
7189,947,260.61,Senegal,Transfer,Tablet,4,25,93.76,0,1,0
7190,2888,93.93,United Kingdom,Cash Withdrawal,Tablet,9,32,104.29,0,0,0
7191,3995,191.68,France,Cash Withdrawal,Web,21,21,152.77,0,0,0
7192,3764,128.02,Germany,Cash Withdrawal,Tablet,1,13,92.47,0,1,0
7193,1936,282.96,Germany,Transfer,Web,20,1,79.84,0,0,0
7194,1123,201.42,Spain,Online Payment,Mobile,23,25,477.02,0,1,0
7195,3169,46.69,United Kingdom,Card Payment,Tablet,0,19,73.37,0,1,0
7196,3246,110.4,Portugal,Card Payment,Mobile,1,21,81.97,0,1,0
7197,1195,29.17,United Kingdom,Transfer,Tablet,16,34,181.92,0,1,0
7198,271,109.46,Germany,Cash Withdrawal,Mobile,3,23,174.51,1,3,0
7199,1457,268.94,Spain,Cash Withdrawal,Tablet,15,10,228.51,0,3,0
7200,3768,517.13,France,Cash Withdrawal,Tablet,18,6,68.81,1,1,0
7201,1490,88.79,Germany,Card Payment,Web,16,22,186.18,0,0,0
7202,2780,68.87,United Kingdom,Online Payment,Web,3,25,125.47,0,3,0
7203,914,30.51,United Kingdom,Transfer,Web,8,27,70.27,1,3,0
7204,2834,74.72,Senegal,Card Payment,Web,20,34,60.35,0,1,0
7205,981,155.29,Spain,Cash Withdrawal,Tablet,20,1,320.41,0,1,0
7206,1843,82.65,Spain,Cash Withdrawal,Web,19,29,217.2,1,3,0
7207,2831,1162.64,Portugal,Card Payment,Mobile,16,24,105.93,0,3,0
7208,3253,92.81,Senegal,Transfer,Web,9,26,158.2,0,3,0
7209,2704,42.29,Spain,Card Payment,Web,8,22,80.11,0,1,0
7210,2268,253.59,Spain,Transfer,Web,20,24,229.01,0,2,0
7211,239,51.86,United Kingdom,Card Payment,Web,0,2,103.15,0,3,0
7212,2956,201.97,Senegal,Online Payment,Mobile,12,5,46.7,0,1,0
7213,1658,187.96,France,Cash Withdrawal,Tablet,21,23,65.52,0,2,0
7214,829,89.1,France,Online Payment,Web,14,7,313.36,0,2,0
7215,2032,83.74,Spain,Card Payment,Web,23,16,76.0,0,2,0
7216,2546,126.24,Portugal,Transfer,Web,19,25,93.31,0,1,0
7217,2718,109.33,United Kingdom,Transfer,Tablet,20,25,126.62,0,1,0
7218,1781,180.66,France,Online Payment,Tablet,3,19,175.55,0,2,0
7219,1136,274.07,United Kingdom,Card Payment,Tablet,18,5,451.31,0,0,0
7220,2077,142.8,United Kingdom,Online Payment,Tablet,18,9,72.47,0,3,0
7221,3312,725.12,France,Card Payment,Mobile,13,18,225.58,0,2,0
7222,1294,62.06,Spain,Cash Withdrawal,Mobile,15,32,52.6,0,3,0
7223,3281,61.3,Spain,Online Payment,Mobile,11,19,56.25,0,4,0
7224,791,26.64,France,Card Payment,Tablet,14,5,153.95,0,0,0
7225,292,219.3,Portugal,Transfer,Tablet,9,24,230.0,0,1,0
7226,1569,20.69,Senegal,Online Payment,Tablet,3,26,70.41,0,2,0
7227,2583,45.47,Senegal,Transfer,Mobile,0,25,49.47,0,1,0
7228,703,29.3,Germany,Online Payment,Web,21,17,217.2,0,3,0
7229,3637,174.91,Spain,Online Payment,Mobile,0,24,329.05,0,0,0
7230,3860,49.83,United Kingdom,Transfer,Tablet,20,19,64.4,1,3,0
7231,1728,20.43,France,Card Payment,Tablet,22,9,83.56,1,4,0
7232,3634,161.72,Germany,Online Payment,Tablet,6,23,70.05,0,1,0
7233,2596,87.16,Spain,Transfer,Tablet,15,21,101.28,0,0,0
7234,1577,86.46,France,Transfer,Web,16,20,113.18,0,2,0
7235,797,357.1,Senegal,Card Payment,Tablet,11,20,53.78,0,3,0
7236,3249,208.48,France,Online Payment,Mobile,21,15,98.41,1,5,0
7237,2469,283.97,France,Card Payment,Web,20,24,27.37,0,2,0
7238,1097,61.85,Senegal,Online Payment,Tablet,8,17,335.16,0,2,0
7239,3979,135.95,Portugal,Online Payment,Mobile,20,7,65.2,0,0,0
7240,1139,660.45,Senegal,Transfer,Web,14,19,56.57,0,1,1
7241,1454,63.83,Germany,Transfer,Tablet,20,32,110.49,0,2,0
7242,2651,83.14,Germany,Card Payment,Web,21,28,210.55,1,1,0
7243,1432,176.97,Senegal,Card Payment,Mobile,6,13,68.93,1,2,0
7244,1856,141.13,France,Card Payment,Web,11,31,48.18,0,0,0
7245,3395,626.66,Portugal,Cash Withdrawal,Web,13,22,143.25,0,3,1
7246,1672,232.85,Germany,Online Payment,Tablet,12,10,44.46,0,2,0
7247,2949,379.79,United Kingdom,Card Payment,Tablet,8,31,86.76,0,0,0
7248,3149,324.22,Senegal,Card Payment,Mobile,12,9,119.82,0,0,0
7249,1551,83.02,Portugal,Cash Withdrawal,Web,11,33,383.64,0,1,0
7250,3153,156.94,Germany,Cash Withdrawal,Tablet,14,12,75.94,0,3,0
7251,2409,133.83,Portugal,Online Payment,Web,9,18,96.27,1,0,0
7252,12,223.27,Germany,Cash Withdrawal,Tablet,0,22,90.82,0,2,0
7253,623,66.77,France,Transfer,Mobile,19,23,152.59,0,0,0
7254,1746,289.28,Portugal,Transfer,Mobile,9,33,76.93,0,3,0
7255,3539,385.07,Germany,Card Payment,Web,10,32,70.12,0,0,0
7256,1896,41.45,France,Card Payment,Web,6,21,136.08,0,0,0
7257,676,24.31,Spain,Card Payment,Web,22,26,80.18,0,1,0
7258,3409,284.25,Germany,Transfer,Tablet,6,2,148.83,1,0,0
7259,2660,410.13,Germany,Card Payment,Web,1,33,185.78,0,3,0
7260,207,124.79,Germany,Online Payment,Mobile,12,34,179.24,0,0,0
7261,3471,55.65,Germany,Card Payment,Web,18,29,67.81,1,1,0
7262,1885,460.8,Portugal,Online Payment,Web,19,17,56.22,0,1,0
7263,2435,146.6,Spain,Cash Withdrawal,Web,14,14,255.33,1,3,0
7264,1587,63.45,Portugal,Card Payment,Tablet,14,27,35.43,0,0,0
7265,284,737.68,France,Transfer,Tablet,16,24,129.32,0,5,0
7266,3076,71.29,Germany,Cash Withdrawal,Tablet,15,1,103.51,0,1,0
7267,2083,68.08,Spain,Transfer,Web,6,13,49.4,0,2,0
7268,2176,296.64,Portugal,Online Payment,Tablet,21,23,49.74,0,4,0
7269,1039,454.1,Spain,Transfer,Tablet,7,35,164.17,1,0,0
7270,147,50.33,Spain,Online Payment,Mobile,10,2,105.33,0,1,0
7271,2419,110.66,United Kingdom,Card Payment,Mobile,6,18,158.2,0,1,0
7272,886,71.16,Germany,Online Payment,Mobile,23,33,181.44,0,0,0
7273,1342,158.99,Germany,Online Payment,Tablet,16,11,174.27,0,2,0
7274,2195,83.0,France,Transfer,Web,12,1,89.34,0,3,0
7275,3400,134.9,Senegal,Transfer,Web,2,22,97.53,0,2,0
7276,2327,49.4,United Kingdom,Transfer,Tablet,6,18,72.54,0,1,0
7277,2335,97.29,Germany,Transfer,Web,17,14,201.77,1,1,0
7278,3613,84.17,Portugal,Card Payment,Web,3,24,134.27,0,1,0
7279,989,30.14,Germany,Card Payment,Mobile,8,23,70.94,0,0,0
7280,1245,313.98,Germany,Cash Withdrawal,Web,19,15,126.99,0,1,0
7281,2795,98.84,Spain,Card Payment,Web,3,26,87.35,0,0,0
7282,1045,144.37,France,Online Payment,Tablet,18,28,145.55,0,0,0
7283,2881,528.89,Portugal,Card Payment,Tablet,21,7,150.69,0,0,0
7284,2191,320.95,Spain,Card Payment,Mobile,19,30,117.59,0,3,0
7285,3921,415.64,Portugal,Card Payment,Tablet,13,18,49.28,0,0,0
7286,3656,42.86,United Kingdom,Cash Withdrawal,Mobile,13,26,40.25,0,1,0
7287,2960,80.32,Germany,Card Payment,Mobile,15,27,26.13,0,3,0
7288,3422,113.75,Spain,Cash Withdrawal,Mobile,0,4,471.79,0,3,0
7289,206,232.67,Spain,Card Payment,Web,23,11,337.87,0,2,0
7290,2271,216.44,France,Cash Withdrawal,Tablet,0,21,159.22,0,2,0
7291,1985,112.89,Portugal,Cash Withdrawal,Tablet,15,26,131.29,0,1,0
7292,138,102.46,France,Card Payment,Mobile,2,6,124.22,0,1,0
7293,2130,236.13,Germany,Card Payment,Web,11,13,37.22,0,1,0
7294,730,121.73,France,Cash Withdrawal,Tablet,9,19,60.12,0,2,0
7295,1082,141.26,Portugal,Card Payment,Tablet,8,29,326.83,0,0,0
7296,3539,47.19,Spain,Transfer,Mobile,11,3,136.5,1,1,0
7297,339,96.26,Senegal,Transfer,Web,7,1,41.74,0,3,0
7298,3421,236.06,France,Transfer,Web,15,24,221.12,0,1,0
7299,2178,60.22,United Kingdom,Cash Withdrawal,Tablet,5,17,81.87,0,2,0
7300,2528,42.08,Portugal,Cash Withdrawal,Tablet,11,32,40.46,0,2,0
7301,1049,185.84,Spain,Transfer,Mobile,7,17,51.53,0,2,1
7302,495,213.65,United Kingdom,Cash Withdrawal,Web,12,23,202.52,0,1,0
7303,2754,45.55,United Kingdom,Card Payment,Mobile,19,19,70.28,0,0,0
7304,1510,106.89,France,Transfer,Mobile,15,22,45.61,0,2,0
7305,884,378.21,Spain,Online Payment,Mobile,3,19,102.01,0,0,0
7306,3342,146.69,United Kingdom,Transfer,Tablet,22,15,105.81,0,1,0
7307,1029,54.65,Portugal,Transfer,Mobile,23,21,79.4,0,3,0
7308,3040,127.76,Germany,Online Payment,Web,13,41,63.26,0,0,1
7309,809,77.79,France,Cash Withdrawal,Mobile,0,25,110.59,0,0,0
7310,2830,103.72,United Kingdom,Cash Withdrawal,Tablet,16,11,150.02,1,2,0
7311,3203,91.3,Spain,Transfer,Tablet,9,16,48.86,1,1,0
7312,2217,217.16,France,Online Payment,Mobile,11,26,75.06,0,4,0
7313,3066,113.09,France,Transfer,Tablet,23,7,31.16,0,1,0
7314,3591,159.76,France,Cash Withdrawal,Tablet,14,14,127.69,0,3,0
7315,2145,119.54,Senegal,Cash Withdrawal,Web,17,11,56.25,1,4,0
7316,1713,142.17,France,Transfer,Tablet,21,25,120.44,1,1,0
7317,1885,244.15,United Kingdom,Card Payment,Mobile,2,23,117.74,0,2,0
7318,2605,1171.49,Germany,Card Payment,Mobile,9,13,281.91,0,4,0
7319,3582,80.62,United Kingdom,Online Payment,Web,10,22,115.36,0,1,0
7320,2232,263.39,Spain,Online Payment,Mobile,23,16,139.54,0,2,0
7321,1801,45.26,Spain,Online Payment,Mobile,16,26,179.61,1,0,0
7322,3978,253.27,United Kingdom,Transfer,Tablet,5,36,110.89,0,0,0
7323,3026,52.99,Senegal,Transfer,Tablet,4,18,59.71,0,1,0
7324,2700,69.58,Spain,Online Payment,Web,14,5,69.67,0,2,0
7325,800,84.52,Portugal,Online Payment,Web,8,43,192.16,0,1,0
7326,650,123.19,Portugal,Cash Withdrawal,Web,4,32,149.48,0,2,0
7327,2219,38.97,Portugal,Transfer,Web,13,27,43.06,0,3,0
7328,3277,166.3,France,Online Payment,Mobile,6,20,83.56,0,1,0
7329,2290,34.98,Portugal,Online Payment,Mobile,23,14,137.67,0,1,0
7330,2672,80.63,France,Cash Withdrawal,Web,2,21,146.9,1,2,0
7331,3478,32.24,Spain,Transfer,Tablet,23,24,134.93,0,1,0
7332,1562,304.85,France,Online Payment,Mobile,9,18,553.33,0,0,0
7333,1529,28.77,Portugal,Online Payment,Mobile,1,39,49.25,0,1,0
7334,2597,63.55,Senegal,Cash Withdrawal,Web,19,11,209.96,0,1,0
7335,3095,226.76,Germany,Transfer,Web,20,29,71.01,1,3,0
7336,2513,48.64,United Kingdom,Card Payment,Mobile,6,14,223.61,0,1,0
7337,2238,102.85,Spain,Card Payment,Tablet,17,10,107.88,0,2,0
7338,2126,92.07,Germany,Card Payment,Tablet,2,19,36.95,1,0,0
7339,1886,109.9,Senegal,Cash Withdrawal,Tablet,23,9,232.63,0,2,0
7340,2884,156.32,Germany,Card Payment,Mobile,13,22,294.69,0,3,0
7341,1367,71.66,Spain,Cash Withdrawal,Web,8,29,96.22,0,0,0
7342,551,111.86,Senegal,Transfer,Mobile,13,9,153.05,0,3,0
7343,2025,72.67,Germany,Online Payment,Mobile,17,17,106.72,0,5,0
7344,3862,82.35,Senegal,Card Payment,Tablet,16,25,61.99,1,1,0
7345,2100,61.72,United Kingdom,Transfer,Mobile,18,11,98.05,0,4,0
7346,2000,97.21,United Kingdom,Online Payment,Tablet,22,5,138.94,0,0,0
7347,2275,147.42,Senegal,Card Payment,Mobile,16,15,78.98,0,2,0
7348,1896,72.44,France,Card Payment,Tablet,22,19,161.99,0,0,0
7349,654,18.74,Germany,Cash Withdrawal,Tablet,22,37,88.16,0,0,0
7350,890,296.6,Senegal,Transfer,Tablet,6,17,172.38,1,3,0
7351,2162,57.41,Senegal,Online Payment,Mobile,9,26,33.64,0,0,0
7352,576,110.06,Germany,Cash Withdrawal,Tablet,17,33,342.38,0,2,0
7353,2184,75.59,United Kingdom,Transfer,Mobile,13,32,202.18,0,1,0
7354,477,163.81,Germany,Cash Withdrawal,Mobile,14,34,103.58,0,2,0
7355,2267,232.3,Spain,Card Payment,Mobile,18,35,29.51,0,1,0
7356,175,65.07,Senegal,Card Payment,Web,19,23,136.97,0,0,0
7357,1327,250.05,Senegal,Transfer,Web,20,19,93.59,0,1,0
7358,2672,119.37,Senegal,Card Payment,Mobile,21,23,174.08,0,1,0
7359,123,76.91,Spain,Card Payment,Tablet,9,29,46.39,1,1,0
7360,3095,212.03,United Kingdom,Online Payment,Tablet,12,13,55.63,1,2,0
7361,3343,234.9,Germany,Card Payment,Web,15,25,218.28,1,2,0
7362,149,231.16,Portugal,Cash Withdrawal,Web,1,17,52.77,0,3,0
7363,2259,83.33,Senegal,Online Payment,Tablet,6,16,54.31,0,2,0
7364,1438,66.55,France,Transfer,Mobile,11,21,346.37,1,0,0
7365,2910,90.74,France,Online Payment,Mobile,10,22,90.67,0,3,0
7366,3454,95.92,Spain,Cash Withdrawal,Web,3,25,324.46,0,4,0
7367,3664,72.19,United Kingdom,Card Payment,Tablet,10,8,155.86,1,0,0
7368,515,176.13,Senegal,Online Payment,Web,6,19,209.54,1,3,0
7369,2403,144.38,France,Cash Withdrawal,Mobile,15,19,126.86,0,1,0
7370,826,49.3,United Kingdom,Online Payment,Web,10,22,190.82,0,3,0
7371,911,115.39,Germany,Transfer,Tablet,16,34,72.2,0,0,0
7372,1139,47.33,France,Transfer,Tablet,3,19,107.05,0,1,0
7373,80,62.81,Portugal,Card Payment,Mobile,17,31,173.94,0,0,0
7374,2793,159.99,Germany,Online Payment,Web,1,18,89.93,1,2,0
7375,2128,185.63,France,Card Payment,Web,12,23,69.74,0,2,0
7376,3202,261.88,Senegal,Transfer,Tablet,8,17,92.49,0,0,0
7377,1517,91.54,United Kingdom,Cash Withdrawal,Web,23,23,188.27,0,1,0
7378,401,387.96,Spain,Card Payment,Tablet,19,28,63.58,1,1,0
7379,9,105.54,Senegal,Online Payment,Web,3,36,101.83,0,1,0
7380,2474,151.32,Senegal,Online Payment,Tablet,0,28,82.99,0,2,0
7381,1994,335.11,United Kingdom,Card Payment,Web,10,13,131.27,1,1,0
7382,2370,70.21,France,Online Payment,Web,15,30,160.3,0,1,0
7383,1150,23.03,Germany,Card Payment,Web,20,29,375.55,0,1,0
7384,2611,21.23,Spain,Cash Withdrawal,Mobile,23,19,85.93,0,1,0
7385,1741,247.15,Spain,Online Payment,Mobile,0,48,240.9,1,3,1
7386,3463,42.99,Spain,Online Payment,Mobile,0,27,231.0,0,2,0
7387,2760,69.47,United Kingdom,Transfer,Web,15,17,171.12,0,1,0
7388,1035,179.09,United Kingdom,Transfer,Tablet,22,14,125.45,0,1,0
7389,2811,14.83,Spain,Online Payment,Web,10,40,124.11,0,1,0
7390,1489,38.32,Spain,Cash Withdrawal,Web,0,30,269.39,0,4,0
7391,204,182.45,France,Card Payment,Web,23,45,68.12,0,1,0
7392,802,110.68,United Kingdom,Online Payment,Web,4,23,124.38,0,1,0
7393,2431,187.38,United Kingdom,Transfer,Web,20,25,95.45,1,1,0
7394,2500,100.08,Senegal,Transfer,Web,10,19,123.74,1,3,0
7395,1082,100.88,Portugal,Online Payment,Tablet,9,11,236.6,0,3,0
7396,812,81.29,Germany,Card Payment,Web,9,24,131.08,1,0,0
7397,1753,25.01,Senegal,Transfer,Mobile,11,27,103.02,0,4,0
7398,3751,75.67,France,Card Payment,Mobile,8,17,141.13,0,2,0
7399,764,170.22,France,Card Payment,Tablet,11,26,69.3,0,2,0
7400,1516,50.66,United Kingdom,Card Payment,Mobile,12,26,74.57,0,1,0
7401,2516,148.58,Senegal,Cash Withdrawal,Tablet,8,19,325.0,0,1,0
7402,1826,109.34,France,Transfer,Mobile,19,24,138.68,0,0,0
7403,3702,127.92,Senegal,Card Payment,Tablet,5,1,206.64,0,0,0
7404,2708,70.5,United Kingdom,Online Payment,Mobile,4,24,231.51,0,1,0
7405,3861,76.77,Germany,Cash Withdrawal,Web,8,12,67.0,0,2,0
7406,1965,386.03,Germany,Cash Withdrawal,Web,17,36,109.56,0,1,0
7407,1356,90.64,Senegal,Cash Withdrawal,Web,1,16,51.58,0,2,0
7408,3551,34.02,United Kingdom,Transfer,Tablet,18,14,415.3,0,2,0
7409,3616,99.19,Senegal,Transfer,Tablet,13,26,174.25,1,1,0
7410,1411,114.91,Portugal,Cash Withdrawal,Mobile,8,2,169.39,0,2,0
7411,628,126.89,United Kingdom,Cash Withdrawal,Mobile,0,12,108.61,0,2,0
7412,2755,115.42,Portugal,Online Payment,Web,18,6,212.36,1,2,0
7413,501,222.43,Spain,Card Payment,Web,5,39,76.91,0,1,0
7414,2477,70.16,Senegal,Cash Withdrawal,Mobile,0,11,187.74,0,2,0
7415,3644,248.54,Senegal,Transfer,Mobile,7,15,113.43,0,2,0
7416,77,109.97,Senegal,Online Payment,Tablet,15,21,36.67,0,1,0
7417,583,422.68,Portugal,Card Payment,Tablet,20,16,267.4,1,1,1
7418,53,115.11,Germany,Card Payment,Tablet,14,22,119.86,1,0,0
7419,1987,106.16,United Kingdom,Cash Withdrawal,Web,22,1,40.51,0,1,0
7420,2422,98.46,Senegal,Cash Withdrawal,Mobile,16,11,93.24,0,4,0
7421,849,66.0,Spain,Cash Withdrawal,Mobile,3,12,168.45,0,2,0
7422,1301,252.32,Portugal,Cash Withdrawal,Web,15,6,50.85,0,2,0
7423,3747,21.89,Germany,Transfer,Tablet,12,33,176.28,0,3,0
7424,673,46.58,Portugal,Online Payment,Mobile,5,18,74.21,0,0,0
7425,2004,132.36,Senegal,Transfer,Tablet,20,41,118.17,0,5,0
7426,166,51.91,United Kingdom,Online Payment,Web,10,3,43.13,0,2,0
7427,3785,177.36,United Kingdom,Card Payment,Tablet,7,12,52.45,0,3,0
7428,1837,82.75,Germany,Transfer,Mobile,18,17,95.89,0,3,0
7429,3321,233.27,Portugal,Card Payment,Tablet,20,9,53.74,0,0,0
7430,1451,168.75,Portugal,Card Payment,Tablet,3,1,86.76,0,3,1
7431,2789,534.22,United Kingdom,Transfer,Mobile,13,16,97.31,0,2,0
7432,2986,79.95,Portugal,Transfer,Web,7,21,95.25,0,0,0
7433,3974,96.66,Senegal,Cash Withdrawal,Mobile,9,28,205.32,1,0,0
7434,2761,163.9,Germany,Card Payment,Web,23,24,94.96,0,2,0
7435,268,80.51,Senegal,Cash Withdrawal,Web,12,22,61.82,0,1,0
7436,1824,313.26,France,Cash Withdrawal,Web,17,5,220.86,0,2,0
7437,938,174.33,Portugal,Cash Withdrawal,Web,3,26,59.37,0,1,0
7438,3817,144.29,United Kingdom,Online Payment,Web,14,13,194.97,0,0,0
7439,264,67.88,Portugal,Card Payment,Web,16,27,182.59,0,2,0
7440,1657,332.85,Germany,Transfer,Web,20,6,295.75,0,0,1
7441,3557,234.59,Portugal,Cash Withdrawal,Mobile,17,33,38.93,0,2,0
7442,2241,71.12,Portugal,Cash Withdrawal,Web,16,25,164.95,0,1,0
7443,1658,147.23,United Kingdom,Online Payment,Mobile,16,16,116.37,0,1,0
7444,2777,283.87,United Kingdom,Card Payment,Tablet,21,28,179.25,0,0,0
7445,2749,185.78,France,Cash Withdrawal,Web,12,31,105.56,0,1,0
7446,2159,106.32,France,Online Payment,Mobile,14,7,79.17,0,4,0
7447,140,489.0,Spain,Online Payment,Mobile,13,8,135.17,0,0,0
7448,2311,68.43,France,Card Payment,Tablet,2,20,217.57,0,3,0
7449,3126,31.26,France,Transfer,Tablet,23,14,95.72,0,0,0
7450,28,97.33,Portugal,Transfer,Mobile,20,23,148.53,0,0,0
7451,1136,121.3,Spain,Card Payment,Tablet,2,18,256.11,0,2,0
7452,1045,85.02,Spain,Transfer,Tablet,15,25,98.51,0,0,0
7453,1668,37.93,Spain,Card Payment,Mobile,7,13,37.87,0,5,0
7454,539,149.1,Portugal,Transfer,Tablet,15,12,94.2,0,2,0
7455,423,153.02,Spain,Card Payment,Web,11,20,53.41,0,1,0
7456,760,52.23,United Kingdom,Transfer,Mobile,5,12,97.74,1,0,0
7457,260,392.71,Germany,Card Payment,Tablet,7,11,307.86,0,5,0
7458,3744,113.1,Portugal,Online Payment,Tablet,14,27,283.77,0,2,0
7459,2020,42.74,United Kingdom,Card Payment,Web,5,14,99.93,0,1,0
7460,1028,36.39,Spain,Card Payment,Mobile,10,27,83.74,0,2,0
7461,361,59.62,Germany,Online Payment,Tablet,2,18,87.42,0,5,0
7462,997,161.32,Germany,Transfer,Tablet,20,23,108.94,0,1,0
7463,2324,521.05,France,Card Payment,Tablet,4,19,105.48,0,0,0
7464,3225,89.75,Germany,Card Payment,Web,13,23,118.37,0,2,0
7465,1298,423.69,France,Online Payment,Tablet,16,42,154.91,0,3,0
7466,3959,169.44,France,Card Payment,Web,5,29,111.09,0,3,0
7467,1698,122.33,Senegal,Card Payment,Web,13,27,67.97,0,0,0
7468,3229,117.36,France,Transfer,Mobile,22,24,65.71,0,1,0
7469,265,89.36,Portugal,Cash Withdrawal,Web,15,14,56.77,1,0,0
7470,2883,153.29,Senegal,Transfer,Tablet,0,23,100.78,0,4,0
7471,3634,715.1,France,Card Payment,Tablet,6,24,82.99,0,1,0
7472,2247,150.68,Germany,Cash Withdrawal,Tablet,10,7,65.16,0,1,0
7473,1838,45.33,Spain,Online Payment,Tablet,2,26,70.14,0,0,0
7474,3282,151.61,France,Online Payment,Web,13,23,153.15,1,1,0
7475,3106,212.29,France,Cash Withdrawal,Tablet,2,14,132.33,0,3,0
7476,2331,91.78,Spain,Card Payment,Web,11,30,53.31,0,1,0
7477,2860,35.84,Germany,Cash Withdrawal,Tablet,7,7,60.99,0,4,0
7478,3816,137.14,Portugal,Transfer,Tablet,7,16,111.88,0,2,0
7479,1522,348.96,Germany,Card Payment,Tablet,8,20,92.12,0,2,0
7480,1856,63.33,Germany,Online Payment,Tablet,11,36,59.82,0,3,0
7481,1133,147.42,United Kingdom,Transfer,Web,2,16,118.01,0,2,0
7482,3296,45.23,Spain,Transfer,Web,9,16,98.47,0,3,0
7483,3703,204.13,France,Transfer,Tablet,12,9,50.98,1,2,0
7484,1094,115.16,United Kingdom,Card Payment,Mobile,11,12,99.86,0,0,0
7485,2624,118.94,Senegal,Transfer,Mobile,15,30,44.57,0,1,0
7486,1364,177.93,Spain,Card Payment,Web,3,29,41.39,0,1,0
7487,1795,174.08,Portugal,Online Payment,Mobile,5,9,127.31,0,0,1
7488,3417,78.79,Spain,Card Payment,Web,6,26,52.76,0,1,0
7489,643,98.97,Germany,Card Payment,Tablet,23,16,95.82,0,0,0
7490,493,94.67,Senegal,Online Payment,Mobile,19,17,81.02,0,0,0
7491,13,147.01,Germany,Transfer,Tablet,6,22,117.82,0,3,0
7492,2550,76.79,United Kingdom,Card Payment,Mobile,21,15,191.59,0,2,0
7493,1192,138.02,France,Cash Withdrawal,Mobile,2,29,74.27,0,3,0
7494,1837,431.36,United Kingdom,Cash Withdrawal,Web,15,24,118.95,0,2,0
7495,2600,113.25,France,Card Payment,Mobile,21,1,50.07,0,3,0
7496,3065,265.07,Senegal,Cash Withdrawal,Web,1,19,67.01,0,1,0
7497,1289,171.54,Germany,Transfer,Tablet,22,41,82.55,0,1,0
7498,1163,462.44,Senegal,Card Payment,Tablet,12,21,101.95,1,2,1
7499,1768,23.6,Germany,Card Payment,Web,21,19,68.83,0,4,0
7500,794,59.71,Senegal,Online Payment,Web,12,33,196.97,1,0,0
7501,1202,99.02,United Kingdom,Cash Withdrawal,Web,19,23,109.65,0,0,0
7502,2091,23.69,Senegal,Cash Withdrawal,Mobile,7,12,225.77,0,1,0
7503,3346,98.33,Germany,Online Payment,Web,14,5,211.38,0,0,0
7504,1077,211.96,Germany,Card Payment,Web,17,24,71.7,0,1,0
7505,740,103.38,Germany,Card Payment,Web,6,18,183.04,0,0,0
7506,645,141.34,Portugal,Cash Withdrawal,Tablet,22,24,277.48,0,5,0
7507,1640,86.87,Germany,Card Payment,Tablet,22,22,88.26,0,1,0
7508,3330,247.48,Portugal,Card Payment,Tablet,14,33,457.53,0,3,0
7509,149,91.44,United Kingdom,Card Payment,Web,20,18,231.29,1,2,0
7510,914,128.18,United Kingdom,Online Payment,Web,10,10,64.82,1,1,0
7511,1599,158.66,Senegal,Transfer,Web,19,26,86.33,1,1,0
7512,2683,367.72,Portugal,Transfer,Mobile,19,22,72.92,0,0,0
7513,883,69.73,Senegal,Transfer,Mobile,6,25,109.76,0,0,0
7514,1326,55.79,United Kingdom,Online Payment,Tablet,19,22,70.79,0,1,0
7515,1948,165.72,France,Cash Withdrawal,Web,12,27,58.79,0,2,0
7516,2282,62.71,Germany,Transfer,Mobile,1,8,75.53,0,1,0
7517,1717,68.3,United Kingdom,Online Payment,Tablet,6,29,38.37,0,0,0
7518,2790,171.88,United Kingdom,Card Payment,Mobile,9,11,125.96,1,2,0
7519,1866,180.83,Germany,Online Payment,Web,19,15,189.68,0,0,0
7520,2840,85.05,Portugal,Transfer,Tablet,4,6,109.75,0,3,0
7521,3565,211.68,Spain,Online Payment,Web,6,16,69.96,0,2,0
7522,1932,220.99,United Kingdom,Cash Withdrawal,Web,18,5,409.6,0,3,0
7523,124,47.81,Spain,Cash Withdrawal,Web,8,28,113.2,0,1,0
7524,2205,176.99,Portugal,Cash Withdrawal,Web,6,11,100.31,0,0,0
7525,567,45.14,Germany,Online Payment,Web,18,31,67.07,0,2,0
7526,2766,231.22,Germany,Online Payment,Web,8,16,134.68,0,2,0
7527,3446,455.89,Spain,Online Payment,Tablet,0,33,112.43,0,1,0
7528,1737,342.24,France,Card Payment,Web,3,35,388.12,0,1,0
7529,2393,357.68,Senegal,Cash Withdrawal,Tablet,1,17,169.62,0,3,0
7530,1067,131.54,Germany,Cash Withdrawal,Mobile,14,7,40.16,1,1,0
7531,1230,32.05,United Kingdom,Cash Withdrawal,Tablet,4,25,195.86,0,2,0
7532,250,15.03,Spain,Cash Withdrawal,Web,14,29,147.73,0,1,0
7533,1947,290.51,United Kingdom,Card Payment,Web,10,2,125.8,0,3,0
7534,1007,154.24,Spain,Card Payment,Web,12,19,132.87,0,0,0
7535,2237,306.96,France,Card Payment,Mobile,10,18,82.8,0,0,0
7536,2496,263.7,Portugal,Card Payment,Tablet,0,1,227.02,0,0,0
7537,2192,71.58,Germany,Online Payment,Web,0,29,69.65,0,3,0
7538,121,151.81,Senegal,Transfer,Tablet,20,26,159.78,0,0,0
7539,3288,126.48,Spain,Transfer,Web,12,17,138.81,0,1,0
7540,2507,81.91,Germany,Cash Withdrawal,Tablet,12,9,41.99,0,2,0
7541,1963,232.73,Germany,Card Payment,Tablet,12,30,139.82,0,0,0
7542,1801,229.82,Portugal,Online Payment,Mobile,12,22,409.14,0,2,0
7543,3136,161.71,Spain,Online Payment,Mobile,17,17,199.35,1,1,1
7544,811,159.64,France,Online Payment,Mobile,9,28,233.67,0,0,0
7545,1726,75.94,United Kingdom,Card Payment,Tablet,8,9,308.01,0,0,0
7546,3380,56.09,United Kingdom,Online Payment,Web,0,17,63.02,0,1,0
7547,1217,107.96,United Kingdom,Transfer,Web,18,28,190.38,0,1,0
7548,541,171.06,Senegal,Online Payment,Web,5,23,84.34,1,1,0
7549,129,29.88,Senegal,Transfer,Tablet,19,13,166.64,0,2,0
7550,2080,241.82,France,Card Payment,Mobile,21,33,114.49,0,2,0
7551,1456,82.45,France,Online Payment,Web,0,29,261.24,0,2,0
7552,2149,125.51,Germany,Online Payment,Tablet,1,25,123.54,1,1,0
7553,694,156.19,France,Transfer,Mobile,10,26,77.43,1,2,0
7554,3890,107.99,United Kingdom,Card Payment,Web,20,4,200.22,0,1,0
7555,1094,55.26,Portugal,Transfer,Web,13,29,100.95,0,0,0
7556,382,64.65,Portugal,Transfer,Web,14,20,110.94,0,1,0
7557,3449,78.07,Spain,Transfer,Mobile,7,13,72.07,0,0,0
7558,3845,52.35,Spain,Cash Withdrawal,Mobile,0,13,121.02,1,1,0
7559,3263,94.55,United Kingdom,Online Payment,Web,12,12,34.63,1,0,0
7560,2939,59.0,Portugal,Transfer,Tablet,22,7,76.77,0,1,0
7561,1698,37.94,United Kingdom,Card Payment,Mobile,6,25,297.84,1,1,0
7562,2607,381.19,Portugal,Online Payment,Mobile,21,25,107.11,0,4,0
7563,3385,231.03,France,Transfer,Web,20,30,298.98,0,2,0
7564,3659,221.26,United Kingdom,Cash Withdrawal,Web,23,22,203.62,1,1,0
7565,3278,49.38,Senegal,Transfer,Tablet,8,14,188.73,0,1,0
7566,2767,52.05,France,Online Payment,Web,9,22,108.84,0,2,0
7567,2466,73.99,Spain,Transfer,Tablet,16,15,32.16,0,1,0
7568,1230,80.47,Portugal,Transfer,Web,6,11,200.82,0,3,0
7569,1074,56.17,France,Cash Withdrawal,Tablet,22,11,69.75,0,1,0
7570,3398,135.49,Spain,Online Payment,Tablet,20,32,56.77,1,1,0
7571,2094,380.84,Senegal,Transfer,Tablet,9,26,65.84,0,2,0
7572,1365,52.65,Senegal,Transfer,Tablet,8,26,128.9,0,1,0
7573,1120,108.97,Spain,Card Payment,Tablet,23,20,49.78,0,1,0
7574,3592,66.0,Spain,Transfer,Tablet,8,14,101.54,1,3,0
7575,3825,82.71,United Kingdom,Cash Withdrawal,Web,22,9,177.83,0,2,0
7576,1645,119.94,Spain,Card Payment,Tablet,20,12,262.88,0,1,0
7577,2557,134.31,Portugal,Cash Withdrawal,Tablet,14,18,181.55,0,0,0
7578,1345,190.81,France,Card Payment,Mobile,3,23,171.23,0,3,0
7579,1268,133.44,France,Cash Withdrawal,Web,4,9,74.42,0,1,0
7580,1042,176.4,Portugal,Card Payment,Mobile,18,12,79.85,0,1,0
7581,2996,60.9,France,Card Payment,Tablet,11,1,29.03,0,2,0
7582,1935,89.53,Spain,Online Payment,Mobile,0,20,28.65,0,0,0
7583,774,272.33,Spain,Card Payment,Mobile,7,27,88.17,0,1,0
7584,3128,162.09,Portugal,Transfer,Mobile,23,19,255.34,0,0,0
7585,583,57.22,Senegal,Cash Withdrawal,Tablet,11,32,103.45,0,2,0
7586,1419,54.39,Portugal,Online Payment,Mobile,16,26,116.67,0,1,0
7587,1576,74.88,United Kingdom,Online Payment,Tablet,22,26,159.35,0,2,0
7588,940,99.53,Spain,Transfer,Tablet,18,17,214.6,0,1,0
7589,121,260.37,Spain,Cash Withdrawal,Mobile,17,13,113.82,0,1,0
7590,1823,69.35,Spain,Online Payment,Tablet,5,24,121.44,0,0,0
7591,3504,255.15,Senegal,Cash Withdrawal,Web,5,9,95.38,0,0,0
7592,993,152.56,Spain,Online Payment,Tablet,6,18,76.28,1,1,0
7593,2298,110.82,Spain,Online Payment,Web,20,8,65.0,0,1,0
7594,2787,95.54,Spain,Cash Withdrawal,Web,20,18,291.8,0,2,0
7595,1847,100.9,United Kingdom,Cash Withdrawal,Web,5,14,42.32,0,1,0
7596,1545,26.8,Portugal,Online Payment,Mobile,6,23,95.91,0,0,0
7597,3848,93.57,Spain,Online Payment,Web,16,15,180.56,0,0,0
7598,3255,13.51,Spain,Card Payment,Tablet,4,22,99.63,1,2,0
7599,2716,130.53,France,Card Payment,Web,12,12,37.07,0,0,0
7600,193,168.21,Germany,Cash Withdrawal,Mobile,18,7,192.7,1,4,0
7601,1064,124.27,Spain,Cash Withdrawal,Web,15,1,113.55,0,3,0
7602,611,100.35,United Kingdom,Cash Withdrawal,Web,0,33,104.36,0,2,0
7603,415,61.0,Spain,Online Payment,Mobile,17,28,65.46,0,1,0
7604,2,199.27,Senegal,Card Payment,Mobile,1,28,76.68,0,3,0
7605,2001,58.05,France,Card Payment,Tablet,12,9,57.81,0,1,0
7606,3801,46.04,France,Online Payment,Mobile,20,25,39.74,0,0,0
7607,2713,79.14,Germany,Cash Withdrawal,Web,2,18,102.52,0,2,0
7608,2348,153.08,France,Cash Withdrawal,Mobile,14,26,62.04,0,1,0
7609,2872,98.3,Portugal,Card Payment,Tablet,7,10,231.93,1,1,0
7610,3667,86.05,France,Card Payment,Tablet,0,17,166.18,1,2,0
7611,2604,154.95,Spain,Transfer,Mobile,2,10,305.36,0,0,0
7612,3830,77.0,Senegal,Card Payment,Web,9,24,191.68,1,0,0
7613,3590,93.74,Germany,Cash Withdrawal,Mobile,1,27,198.54,0,1,0
7614,1216,209.47,France,Transfer,Mobile,12,46,132.18,0,2,0
7615,3487,237.77,United Kingdom,Online Payment,Tablet,8,6,212.62,0,1,0
7616,157,103.78,Germany,Card Payment,Web,1,7,75.98,0,1,0
7617,971,194.36,Germany,Online Payment,Tablet,17,6,111.08,0,1,0
7618,1048,63.83,Senegal,Card Payment,Mobile,1,27,36.94,0,0,0
7619,105,41.8,Spain,Cash Withdrawal,Web,19,13,32.21,0,2,0
7620,2950,44.84,Senegal,Card Payment,Tablet,3,23,51.8,0,1,0
7621,3144,109.61,Germany,Cash Withdrawal,Web,20,17,39.94,0,2,0
7622,1356,66.25,Spain,Cash Withdrawal,Web,11,16,81.03,0,0,0
7623,923,63.3,Portugal,Transfer,Web,20,30,188.93,0,1,0
7624,2594,228.48,Spain,Cash Withdrawal,Web,19,30,113.79,0,0,0
7625,85,218.22,Spain,Transfer,Tablet,15,16,79.8,0,1,0
7626,3495,89.15,Germany,Cash Withdrawal,Mobile,6,33,101.39,0,2,0
7627,1184,207.43,United Kingdom,Transfer,Mobile,8,28,70.27,0,2,0
7628,2507,50.31,Spain,Transfer,Mobile,14,9,85.55,0,2,1
7629,631,46.38,Germany,Online Payment,Web,10,18,109.4,0,1,0
7630,3328,92.98,Portugal,Online Payment,Web,22,13,160.79,1,1,0
7631,2167,89.15,France,Cash Withdrawal,Mobile,3,14,355.25,0,1,0
7632,3360,153.52,Portugal,Transfer,Mobile,6,16,136.65,0,2,0
7633,672,57.65,Senegal,Online Payment,Mobile,12,10,42.87,0,1,0
7634,3546,112.64,Senegal,Card Payment,Tablet,8,39,33.16,0,3,0
7635,3333,181.14,Portugal,Card Payment,Tablet,22,1,149.41,0,0,0
7636,2846,63.41,Senegal,Card Payment,Mobile,11,11,212.89,0,3,0
7637,2876,57.5,France,Card Payment,Web,10,29,35.96,0,0,0
7638,3779,125.78,Germany,Transfer,Mobile,3,10,175.63,1,1,0
7639,1658,74.33,Spain,Card Payment,Mobile,18,17,87.48,0,3,0
7640,3486,124.66,Portugal,Online Payment,Web,13,37,254.14,0,6,0
7641,528,58.46,Senegal,Cash Withdrawal,Mobile,13,1,58.86,0,1,0
7642,1850,373.34,Senegal,Card Payment,Mobile,14,17,154.01,0,0,0
7643,2188,87.52,Germany,Online Payment,Web,13,25,82.24,0,1,0
7644,414,233.37,United Kingdom,Online Payment,Mobile,11,12,103.61,0,1,0
7645,1752,157.88,Spain,Cash Withdrawal,Mobile,20,20,81.44,0,1,0
7646,1405,56.07,France,Cash Withdrawal,Web,14,12,286.33,0,2,0
7647,3419,226.18,Spain,Online Payment,Tablet,15,25,74.87,0,1,0
7648,3399,232.49,Spain,Cash Withdrawal,Mobile,12,4,63.23,0,1,0
7649,920,66.43,Portugal,Transfer,Tablet,20,15,86.99,0,3,0
7650,3395,72.25,Senegal,Card Payment,Web,21,17,72.4,0,3,0
7651,1446,36.9,Portugal,Card Payment,Tablet,14,19,176.89,0,1,0
7652,1439,112.95,Portugal,Card Payment,Tablet,19,21,31.06,0,2,0
7653,2586,502.06,Portugal,Transfer,Mobile,7,29,149.41,1,1,0
7654,3731,45.47,Germany,Transfer,Web,22,16,137.49,0,1,0
7655,375,71.94,United Kingdom,Cash Withdrawal,Tablet,21,24,60.03,0,2,0
7656,3295,92.37,Spain,Cash Withdrawal,Mobile,12,36,64.28,1,0,0
7657,2800,214.06,Spain,Card Payment,Web,5,22,149.02,0,1,0
7658,357,130.14,United Kingdom,Online Payment,Web,1,14,102.21,0,1,0
7659,791,73.54,Senegal,Card Payment,Web,2,35,129.78,0,2,0
7660,3814,112.93,France,Cash Withdrawal,Tablet,6,15,103.58,0,1,0
7661,2161,449.41,Senegal,Online Payment,Web,19,27,253.67,0,1,0
7662,3773,39.56,France,Cash Withdrawal,Web,4,35,162.43,0,1,0
7663,386,158.65,Portugal,Online Payment,Web,12,18,68.08,1,0,0
7664,2011,96.33,Portugal,Cash Withdrawal,Mobile,0,17,98.81,0,1,0
7665,1235,269.87,France,Transfer,Mobile,12,19,380.68,0,0,0
7666,2141,68.18,Germany,Card Payment,Tablet,23,28,66.83,0,0,0
7667,3476,97.52,United Kingdom,Card Payment,Web,21,39,127.52,0,3,0
7668,166,60.49,Spain,Cash Withdrawal,Web,8,22,240.6,0,4,0
7669,573,195.28,Germany,Online Payment,Mobile,7,27,98.65,1,3,0
7670,1383,37.38,Spain,Card Payment,Mobile,21,33,53.41,0,2,0
7671,3734,207.5,Germany,Online Payment,Web,7,22,176.2,0,4,0
7672,428,120.87,Spain,Online Payment,Tablet,8,26,92.12,0,1,0
7673,1743,109.3,United Kingdom,Transfer,Mobile,9,15,150.78,0,1,0
7674,2114,337.61,United Kingdom,Card Payment,Web,18,8,96.2,0,3,0
7675,296,127.28,Germany,Card Payment,Mobile,11,45,124.54,0,1,0
7676,2267,13.5,United Kingdom,Cash Withdrawal,Web,20,13,77.58,0,1,0
7677,3417,141.9,United Kingdom,Card Payment,Tablet,0,23,59.62,0,1,0
7678,1065,231.44,Portugal,Cash Withdrawal,Tablet,16,23,62.76,0,1,0
7679,1719,77.64,United Kingdom,Online Payment,Tablet,9,18,166.07,1,1,0
7680,1023,178.27,Senegal,Transfer,Web,13,10,185.3,1,3,0
7681,963,123.89,France,Cash Withdrawal,Tablet,9,25,113.4,0,3,0
7682,3579,52.17,France,Cash Withdrawal,Web,4,2,138.02,0,0,0
7683,3101,84.3,Spain,Card Payment,Web,0,2,145.24,0,0,0
7684,3306,172.31,France,Cash Withdrawal,Mobile,15,1,247.87,0,2,0
7685,1276,156.45,Germany,Card Payment,Web,3,13,113.63,1,1,0
7686,2687,134.74,Senegal,Card Payment,Tablet,3,22,210.03,0,1,0
7687,3541,115.91,France,Card Payment,Tablet,5,3,131.01,0,3,0
7688,2672,161.02,France,Cash Withdrawal,Tablet,8,13,54.13,0,0,0
7689,2909,139.84,Senegal,Card Payment,Mobile,14,19,162.8,0,1,0
7690,1813,225.1,Germany,Card Payment,Web,12,43,108.34,0,3,0
7691,798,98.27,Spain,Card Payment,Tablet,3,5,65.57,0,2,0
7692,1997,126.53,Spain,Cash Withdrawal,Mobile,16,31,165.41,1,1,0
7693,3250,54.03,Spain,Transfer,Mobile,18,15,118.85,0,3,0
7694,1071,274.72,Senegal,Online Payment,Web,17,16,103.36,0,1,0
7695,2845,59.31,Spain,Transfer,Web,13,22,68.75,0,4,0
7696,1704,131.16,Portugal,Cash Withdrawal,Tablet,14,14,225.44,0,2,0
7697,3805,57.47,France,Transfer,Tablet,12,30,44.47,0,1,0
7698,1696,41.04,Senegal,Card Payment,Tablet,0,28,93.65,0,0,0
7699,2741,517.79,Senegal,Card Payment,Mobile,22,10,111.55,0,0,1
7700,3801,144.43,France,Online Payment,Tablet,4,25,88.04,0,1,0
7701,2146,424.06,Portugal,Online Payment,Tablet,5,16,84.49,0,1,0
7702,2569,37.76,France,Card Payment,Mobile,0,8,54.08,0,3,0
7703,3518,52.82,Spain,Card Payment,Web,18,31,49.1,0,2,0
7704,840,110.3,Portugal,Online Payment,Web,20,15,49.11,0,1,0
7705,1103,103.36,Senegal,Cash Withdrawal,Tablet,2,15,376.83,0,1,0
7706,244,196.94,Germany,Card Payment,Tablet,4,28,662.96,0,0,0
7707,2717,42.47,France,Cash Withdrawal,Mobile,21,15,287.56,0,1,0
7708,2204,143.68,France,Cash Withdrawal,Tablet,5,2,35.65,0,1,0
7709,2292,427.86,Spain,Online Payment,Tablet,20,9,229.64,0,1,0
7710,2495,451.81,Senegal,Card Payment,Tablet,4,21,91.69,0,2,0
7711,3851,160.49,France,Cash Withdrawal,Web,16,7,63.54,0,1,0
7712,3959,44.21,France,Transfer,Web,12,1,138.81,0,1,0
7713,3343,125.35,Spain,Card Payment,Web,2,18,71.66,0,1,0
7714,1316,409.58,Spain,Online Payment,Web,6,24,75.51,1,0,0
7715,2405,311.94,Germany,Card Payment,Web,23,7,41.03,0,0,0
7716,234,452.83,Portugal,Cash Withdrawal,Mobile,13,29,281.71,0,2,0
7717,2698,305.47,France,Card Payment,Mobile,14,28,235.3,0,2,0
7718,2520,56.85,Portugal,Card Payment,Web,10,10,68.97,0,1,0
7719,332,29.14,Senegal,Card Payment,Web,20,23,248.41,0,0,0
7720,3208,185.73,Spain,Cash Withdrawal,Tablet,23,28,70.96,0,1,0
7721,176,154.39,Senegal,Transfer,Web,5,20,134.82,0,1,0
7722,3974,211.2,Germany,Cash Withdrawal,Tablet,17,6,51.36,0,1,0
7723,2021,50.39,Portugal,Transfer,Mobile,1,1,109.22,0,2,0
7724,1457,29.56,Germany,Card Payment,Mobile,18,32,229.88,0,1,0
7725,862,135.65,Portugal,Cash Withdrawal,Web,10,34,78.81,0,3,0
7726,2527,66.45,France,Cash Withdrawal,Web,22,21,94.56,0,1,0
7727,1728,74.31,Spain,Card Payment,Tablet,22,10,130.33,0,0,0
7728,2457,321.83,Portugal,Card Payment,Mobile,3,37,221.06,0,2,0
7729,456,180.52,France,Transfer,Web,4,14,217.03,0,2,0
7730,2543,299.65,Portugal,Cash Withdrawal,Web,21,29,135.4,1,4,0
7731,3733,50.49,United Kingdom,Card Payment,Tablet,22,24,203.06,1,3,0
7732,1837,108.3,France,Cash Withdrawal,Tablet,8,14,76.84,0,5,0
7733,3846,283.7,United Kingdom,Online Payment,Tablet,15,23,148.85,0,3,0
7734,2182,95.67,Germany,Online Payment,Web,14,32,103.43,0,2,0
7735,3921,137.17,Senegal,Transfer,Web,14,17,69.72,1,2,0
7736,122,704.88,Spain,Card Payment,Tablet,1,31,123.81,1,0,0
7737,1711,131.81,France,Cash Withdrawal,Tablet,14,5,66.2,0,1,0
7738,330,132.35,Spain,Card Payment,Web,4,37,74.05,1,2,0
7739,798,178.51,Senegal,Cash Withdrawal,Tablet,15,37,106.34,0,1,0
7740,880,290.97,Germany,Transfer,Tablet,15,17,224.2,0,2,0
7741,1475,51.48,Portugal,Cash Withdrawal,Web,4,16,41.09,0,0,0
7742,1327,57.7,Germany,Cash Withdrawal,Mobile,23,23,76.25,0,1,0
7743,1096,9.31,Spain,Online Payment,Tablet,5,15,49.38,0,0,0
7744,3987,60.65,Spain,Online Payment,Mobile,7,36,76.37,1,1,0
7745,1407,80.17,United Kingdom,Cash Withdrawal,Web,20,25,127.4,0,3,0
7746,978,535.35,United Kingdom,Online Payment,Tablet,16,26,151.16,0,1,0
7747,2603,33.52,Portugal,Cash Withdrawal,Web,14,22,172.87,1,2,0
7748,2824,186.36,Portugal,Cash Withdrawal,Web,1,25,165.35,0,3,0
7749,869,75.01,France,Online Payment,Mobile,13,22,167.15,0,0,0
7750,434,358.66,Senegal,Card Payment,Tablet,12,9,131.63,0,0,0
7751,2642,116.26,Germany,Cash Withdrawal,Tablet,19,8,174.47,0,2,0
7752,670,37.87,France,Card Payment,Tablet,6,17,200.02,0,1,0
7753,622,115.71,United Kingdom,Card Payment,Tablet,21,9,137.74,0,4,0
7754,3648,152.94,Germany,Card Payment,Mobile,16,12,148.31,1,2,0
7755,2841,152.64,Germany,Online Payment,Tablet,14,27,198.38,0,1,0
7756,1553,94.73,Senegal,Cash Withdrawal,Tablet,19,36,99.71,0,0,0
7757,2129,64.96,United Kingdom,Transfer,Web,3,12,37.65,0,2,0
7758,1703,168.88,Spain,Cash Withdrawal,Web,8,21,153.29,0,1,0
7759,2605,45.25,United Kingdom,Online Payment,Web,22,15,221.41,0,1,0
7760,870,647.96,Portugal,Online Payment,Mobile,12,2,79.12,0,0,0
7761,3779,303.5,Spain,Online Payment,Web,12,3,49.24,0,2,0
7762,2145,266.22,Portugal,Card Payment,Tablet,9,22,76.47,0,2,0
7763,1697,404.38,Portugal,Cash Withdrawal,Mobile,23,16,69.95,1,1,0
7764,3430,224.46,Spain,Card Payment,Tablet,0,30,68.04,0,3,0
7765,266,224.76,France,Online Payment,Mobile,11,19,73.48,0,1,0
7766,1226,1060.83,Senegal,Transfer,Tablet,17,12,133.07,0,3,1
7767,1377,112.61,Spain,Cash Withdrawal,Tablet,14,35,101.34,0,2,0
7768,2316,244.89,Senegal,Transfer,Web,16,17,206.97,1,1,1
7769,2124,114.63,France,Online Payment,Mobile,3,1,172.99,0,3,0
7770,991,101.15,United Kingdom,Cash Withdrawal,Mobile,5,4,91.45,0,1,0
7771,1072,148.09,United Kingdom,Transfer,Mobile,5,21,62.71,0,2,0
7772,229,358.5,Portugal,Transfer,Web,11,37,107.42,0,2,0
7773,3757,365.7,Senegal,Online Payment,Mobile,22,34,75.24,0,2,0
7774,1364,54.43,Senegal,Cash Withdrawal,Tablet,4,15,259.62,0,0,0
7775,549,27.35,Germany,Card Payment,Mobile,6,11,74.11,1,1,0
7776,3698,66.67,Senegal,Transfer,Tablet,23,9,246.39,1,0,0
7777,12,239.67,Portugal,Online Payment,Web,7,26,77.86,0,1,0
7778,851,88.26,United Kingdom,Online Payment,Mobile,5,32,77.55,0,0,0
7779,3061,193.99,Germany,Transfer,Mobile,23,30,119.74,0,1,0
7780,2910,36.33,Germany,Transfer,Tablet,17,21,54.84,0,2,0
7781,3325,144.33,France,Cash Withdrawal,Mobile,3,24,272.39,0,2,0
7782,362,337.21,United Kingdom,Transfer,Web,3,14,282.4,0,5,0
7783,2739,193.79,Germany,Cash Withdrawal,Mobile,8,9,101.76,0,0,0
7784,1278,226.91,Spain,Cash Withdrawal,Mobile,12,8,151.4,1,1,0
7785,581,218.19,Portugal,Transfer,Web,9,20,79.85,0,1,0
7786,691,119.94,United Kingdom,Card Payment,Web,23,18,272.91,0,4,0
7787,3673,94.8,France,Card Payment,Web,2,20,154.9,0,0,0
7788,2511,45.59,Senegal,Card Payment,Web,11,16,77.8,0,1,0
7789,554,776.65,Germany,Cash Withdrawal,Tablet,5,16,73.23,0,2,1
7790,2015,107.54,Senegal,Cash Withdrawal,Web,17,10,163.17,0,1,0
7791,2723,71.71,France,Transfer,Web,11,18,120.89,0,3,0
7792,2086,349.34,United Kingdom,Card Payment,Tablet,4,5,304.84,0,1,0
7793,2509,127.52,Spain,Online Payment,Web,16,18,112.37,0,2,0
7794,174,184.47,Senegal,Cash Withdrawal,Tablet,11,39,133.59,0,2,0
7795,3382,175.77,France,Card Payment,Web,19,37,176.92,0,1,0
7796,1664,73.58,Portugal,Online Payment,Mobile,18,19,88.1,0,0,0
7797,1032,57.15,Germany,Cash Withdrawal,Mobile,3,11,106.52,0,2,0
7798,1365,74.77,Germany,Online Payment,Web,10,29,132.1,0,0,0
7799,2597,991.78,Portugal,Card Payment,Tablet,12,18,76.54,0,2,0
7800,3554,66.47,Spain,Online Payment,Tablet,22,27,181.12,0,1,0
7801,694,45.6,United Kingdom,Transfer,Mobile,8,32,48.89,0,1,0
7802,980,212.72,Portugal,Card Payment,Tablet,3,38,336.2,0,0,0
7803,3493,41.66,Spain,Online Payment,Mobile,23,31,212.27,0,0,0
7804,992,162.31,United Kingdom,Card Payment,Tablet,2,32,369.56,0,0,0
7805,603,222.51,Senegal,Transfer,Tablet,12,40,86.82,1,3,0
7806,886,150.83,France,Online Payment,Tablet,3,13,92.99,0,1,0
7807,540,79.83,Portugal,Cash Withdrawal,Web,9,10,265.87,1,2,0
7808,2436,127.76,France,Transfer,Web,7,34,180.65,1,1,0
7809,539,280.63,Portugal,Card Payment,Mobile,0,6,304.17,1,0,0
7810,2157,117.63,Spain,Transfer,Tablet,21,17,127.34,0,1,0
7811,966,59.32,United Kingdom,Card Payment,Tablet,18,29,116.57,0,0,0
7812,2926,143.95,France,Cash Withdrawal,Mobile,5,29,210.37,0,3,0
7813,478,207.13,Portugal,Online Payment,Web,5,29,35.53,0,3,0
7814,2853,261.19,Spain,Cash Withdrawal,Web,23,13,219.44,0,1,0
7815,230,103.16,Spain,Online Payment,Web,18,38,131.45,0,0,0
7816,284,548.83,United Kingdom,Card Payment,Tablet,6,25,108.21,1,2,0
7817,2448,74.94,Senegal,Online Payment,Mobile,7,32,48.82,0,0,0
7818,3885,560.74,France,Card Payment,Tablet,10,14,150.74,0,3,0
7819,672,428.97,Germany,Card Payment,Web,23,5,144.53,0,1,0
7820,1759,75.51,France,Transfer,Web,10,7,146.23,0,1,0
7821,2344,527.96,Germany,Online Payment,Web,6,21,188.84,0,1,0
7822,2832,66.19,United Kingdom,Transfer,Tablet,4,5,72.3,1,0,0
7823,2434,65.01,France,Transfer,Mobile,5,29,61.78,0,1,0
7824,807,316.99,Spain,Card Payment,Mobile,16,27,93.43,0,0,0
7825,2957,219.07,France,Transfer,Web,19,34,123.26,0,2,0
7826,1988,364.52,Portugal,Card Payment,Tablet,22,17,65.45,0,1,0
7827,3488,113.08,Senegal,Card Payment,Web,9,35,85.91,1,2,0
7828,3787,273.62,France,Transfer,Tablet,4,13,96.67,0,4,0
7829,1814,427.27,Portugal,Card Payment,Tablet,21,16,56.95,0,1,0
7830,2357,46.78,Portugal,Transfer,Tablet,20,17,162.37,0,0,0
7831,3723,64.15,France,Transfer,Mobile,20,30,147.6,0,0,0
7832,1444,716.49,France,Cash Withdrawal,Tablet,23,22,62.42,0,2,0
7833,849,166.87,Portugal,Online Payment,Tablet,20,2,74.38,0,2,0
7834,2557,141.49,Senegal,Card Payment,Web,7,11,65.4,0,2,0
7835,3050,63.68,United Kingdom,Cash Withdrawal,Tablet,15,34,131.38,0,1,0
7836,2084,66.23,Portugal,Transfer,Web,15,20,96.43,1,1,0
7837,2860,163.89,Portugal,Transfer,Mobile,0,21,115.9,0,1,0
7838,3580,42.13,Senegal,Online Payment,Tablet,9,25,138.28,0,1,0
7839,2791,90.32,Germany,Cash Withdrawal,Web,23,33,70.24,0,3,0
7840,3044,79.82,Spain,Card Payment,Web,17,16,129.13,0,0,0
7841,2648,279.37,Germany,Cash Withdrawal,Mobile,17,18,102.32,0,2,0
7842,559,351.43,Portugal,Transfer,Web,21,10,57.75,1,1,0
7843,3354,66.69,France,Cash Withdrawal,Tablet,21,7,94.62,0,0,0
7844,424,18.31,Senegal,Card Payment,Web,11,24,135.83,0,1,0
7845,1243,163.01,Senegal,Transfer,Web,21,21,154.02,0,4,0
7846,2642,56.27,Spain,Card Payment,Tablet,18,8,222.57,0,0,0
7847,3027,219.11,United Kingdom,Online Payment,Web,15,8,143.73,1,0,0
7848,3365,390.29,United Kingdom,Transfer,Web,10,12,42.28,0,0,0
7849,639,259.87,Senegal,Online Payment,Web,8,30,177.55,0,0,0
7850,575,25.66,Germany,Card Payment,Web,7,30,94.29,0,1,0
7851,2727,174.96,France,Online Payment,Mobile,11,28,337.89,1,0,0
7852,1092,84.28,France,Card Payment,Mobile,19,41,190.73,1,1,0
7853,3834,195.51,Germany,Transfer,Tablet,0,18,158.68,0,0,0
7854,1496,78.13,France,Card Payment,Tablet,5,16,126.7,0,1,0
7855,3022,123.14,Germany,Cash Withdrawal,Tablet,14,4,58.51,0,2,0
7856,253,71.66,Germany,Online Payment,Tablet,20,2,99.84,0,3,0
7857,669,391.48,Spain,Online Payment,Tablet,7,30,136.79,1,3,0
7858,3019,119.19,Senegal,Online Payment,Tablet,2,34,54.85,0,1,0
7859,3004,355.96,Senegal,Card Payment,Mobile,9,2,672.26,0,3,0
7860,2146,121.48,Senegal,Cash Withdrawal,Web,19,18,71.17,0,3,0
7861,430,158.84,Senegal,Online Payment,Web,22,24,138.16,0,0,0
7862,1145,325.87,United Kingdom,Card Payment,Mobile,21,1,199.16,0,3,0
7863,1800,65.96,France,Transfer,Tablet,2,21,165.89,0,2,0
7864,3759,188.14,Spain,Transfer,Mobile,9,13,119.51,0,1,0
7865,2921,47.78,Germany,Cash Withdrawal,Mobile,8,24,46.05,1,0,0
7866,1878,113.1,Senegal,Cash Withdrawal,Tablet,6,10,212.79,1,2,0
7867,1518,203.16,Senegal,Transfer,Mobile,11,1,98.78,0,4,0
7868,2252,222.59,United Kingdom,Card Payment,Web,13,26,72.38,1,0,0
7869,3960,529.85,United Kingdom,Card Payment,Web,3,8,212.33,0,0,0
7870,3839,250.25,Senegal,Cash Withdrawal,Web,0,22,72.85,0,3,0
7871,2947,131.03,France,Online Payment,Web,1,17,154.05,0,0,0
7872,3189,104.97,France,Online Payment,Mobile,3,20,34.65,0,1,0
7873,325,61.93,Portugal,Online Payment,Mobile,23,15,97.11,0,2,0
7874,852,342.77,United Kingdom,Transfer,Web,3,29,260.76,1,1,0
7875,3511,183.44,Germany,Cash Withdrawal,Mobile,20,5,80.08,0,1,0
7876,2044,114.15,France,Cash Withdrawal,Web,6,17,140.55,1,2,0
7877,2035,67.92,France,Online Payment,Mobile,5,16,33.03,1,1,0
7878,1319,58.17,Portugal,Card Payment,Tablet,20,20,184.93,0,1,0
7879,2968,23.89,Portugal,Transfer,Web,0,29,235.09,0,1,0
7880,3241,204.53,Senegal,Online Payment,Tablet,18,11,153.29,1,1,0
7881,944,139.82,France,Online Payment,Mobile,3,1,231.53,0,2,0
7882,2386,51.73,Portugal,Transfer,Mobile,18,27,149.61,0,1,0
7883,2889,55.64,United Kingdom,Card Payment,Mobile,19,17,29.83,0,1,0
7884,675,117.72,Portugal,Online Payment,Tablet,3,17,59.78,0,4,0
7885,2711,475.69,Portugal,Transfer,Tablet,16,30,28.92,0,1,0
7886,3003,78.6,Senegal,Cash Withdrawal,Tablet,18,19,80.3,0,1,0
7887,615,54.21,United Kingdom,Cash Withdrawal,Tablet,6,28,58.62,0,1,0
7888,181,63.96,France,Online Payment,Web,8,29,220.92,0,1,0
7889,2182,124.34,Portugal,Online Payment,Tablet,19,15,134.01,0,2,0
7890,3663,300.42,United Kingdom,Card Payment,Mobile,1,29,33.86,0,2,0
7891,701,859.98,Spain,Transfer,Tablet,14,35,112.83,1,1,1
7892,79,143.59,Portugal,Online Payment,Web,15,22,64.74,0,3,0
7893,2717,48.64,Germany,Online Payment,Web,16,19,126.24,1,2,0
7894,2092,466.31,Portugal,Transfer,Web,1,39,55.56,0,1,0
7895,2593,300.82,United Kingdom,Card Payment,Tablet,22,20,108.7,0,0,0
7896,3041,319.2,Senegal,Cash Withdrawal,Web,18,14,282.65,0,1,0
7897,2752,39.92,France,Online Payment,Web,2,34,331.06,0,1,0
7898,672,69.56,Senegal,Card Payment,Web,4,11,218.75,0,2,0
7899,3005,350.42,Senegal,Transfer,Web,20,11,356.56,0,0,0
7900,3612,193.73,Portugal,Online Payment,Tablet,13,13,207.51,0,1,0
7901,3486,297.83,Senegal,Cash Withdrawal,Mobile,21,6,157.8,0,3,1
7902,2327,91.28,France,Online Payment,Web,15,1,185.3,0,2,0
7903,3173,1263.82,Spain,Online Payment,Mobile,6,16,73.69,0,2,0
7904,2655,31.15,United Kingdom,Card Payment,Web,12,9,184.41,0,3,0
7905,2021,89.3,Germany,Card Payment,Tablet,10,5,43.62,0,0,0
7906,109,50.74,Portugal,Card Payment,Web,1,17,121.36,0,1,0
7907,894,133.17,Senegal,Online Payment,Tablet,19,19,134.21,0,0,0
7908,2907,44.71,Spain,Card Payment,Web,11,29,112.33,0,0,0
7909,1277,106.42,Senegal,Cash Withdrawal,Mobile,4,24,139.91,0,6,0
7910,1608,242.21,Senegal,Cash Withdrawal,Mobile,22,10,140.1,0,1,0
7911,3902,118.57,Spain,Card Payment,Web,12,21,107.34,1,2,0
7912,2582,74.66,Spain,Card Payment,Tablet,9,21,115.76,0,0,0
7913,1692,124.64,Germany,Cash Withdrawal,Tablet,0,7,38.26,0,1,0
7914,384,33.57,Germany,Online Payment,Web,18,26,56.92,0,0,0
7915,3990,46.5,Senegal,Online Payment,Web,14,31,55.23,0,3,0
7916,2839,30.52,Portugal,Card Payment,Web,6,12,119.38,0,2,0
7917,3567,76.96,France,Card Payment,Web,14,14,147.23,0,3,0
7918,3522,54.19,France,Transfer,Tablet,10,34,41.39,1,1,0
7919,3373,33.84,Spain,Online Payment,Mobile,6,35,116.59,0,1,0
7920,1739,29.29,Germany,Cash Withdrawal,Tablet,13,17,99.55,0,2,0
7921,1621,47.37,Germany,Cash Withdrawal,Mobile,10,27,55.25,0,4,0
7922,1018,144.8,United Kingdom,Online Payment,Web,6,19,148.77,0,1,0
7923,5,159.82,Spain,Card Payment,Mobile,1,6,171.92,0,2,0
7924,3386,45.38,Portugal,Card Payment,Mobile,15,29,382.51,0,1,0
7925,474,140.54,Senegal,Transfer,Tablet,4,16,88.02,0,1,1
7926,624,402.17,France,Cash Withdrawal,Mobile,12,22,100.32,1,1,0
7927,101,115.17,Spain,Online Payment,Web,15,18,57.78,0,0,0
7928,3264,245.41,United Kingdom,Card Payment,Web,12,14,94.05,1,0,1
7929,3605,62.82,Germany,Cash Withdrawal,Web,8,16,59.56,0,3,0
7930,915,242.5,Spain,Cash Withdrawal,Tablet,21,24,89.7,0,1,0
7931,2939,142.69,Senegal,Online Payment,Tablet,4,18,93.95,1,2,0
7932,1910,310.12,Portugal,Online Payment,Mobile,13,12,145.44,1,2,0
7933,3198,181.76,Portugal,Card Payment,Mobile,23,16,183.13,0,0,0
7934,738,86.35,Spain,Cash Withdrawal,Web,11,30,104.3,0,0,0
7935,3699,190.11,Senegal,Cash Withdrawal,Web,17,17,283.53,0,4,0
7936,1025,213.55,Spain,Transfer,Mobile,21,13,176.35,0,1,0
7937,1443,114.77,France,Card Payment,Tablet,1,12,38.53,0,2,0
7938,2280,109.06,Germany,Online Payment,Mobile,20,21,75.62,0,2,0
7939,2998,117.53,Portugal,Transfer,Tablet,21,29,176.98,0,3,0
7940,1548,59.67,Portugal,Card Payment,Tablet,1,25,71.81,0,3,0
7941,913,618.95,Portugal,Online Payment,Tablet,9,17,133.37,0,3,0
7942,429,149.66,Spain,Transfer,Tablet,8,18,170.7,0,1,0
7943,54,112.5,France,Cash Withdrawal,Tablet,5,19,39.16,0,2,0
7944,3262,91.51,United Kingdom,Transfer,Mobile,9,13,73.12,0,2,0
7945,322,88.37,United Kingdom,Card Payment,Mobile,3,10,92.07,0,0,0
7946,1652,155.96,Portugal,Card Payment,Tablet,19,18,202.27,0,0,0
7947,1549,79.83,Germany,Cash Withdrawal,Tablet,19,20,340.62,0,3,0
7948,2891,36.15,United Kingdom,Transfer,Tablet,11,5,89.12,0,1,0
7949,536,45.34,Spain,Transfer,Tablet,10,23,256.84,0,0,0
7950,171,151.5,Portugal,Cash Withdrawal,Tablet,9,14,104.78,0,1,0
7951,953,444.59,Spain,Online Payment,Mobile,16,21,138.29,0,0,0
7952,1040,24.36,Germany,Online Payment,Tablet,0,32,30.66,0,1,0
7953,1206,122.34,Spain,Online Payment,Mobile,4,34,55.98,0,2,0
7954,1355,179.2,France,Transfer,Tablet,17,27,92.0,0,1,0
7955,315,87.21,United Kingdom,Transfer,Mobile,15,22,226.29,1,0,0
7956,3269,167.98,Senegal,Card Payment,Web,22,27,121.93,0,1,0
7957,1741,238.45,Senegal,Card Payment,Web,1,22,54.15,0,1,0
7958,3284,49.44,France,Transfer,Web,10,27,63.01,1,2,0
7959,611,148.42,Spain,Cash Withdrawal,Web,8,15,295.48,0,0,0
7960,817,344.73,Germany,Card Payment,Web,20,18,463.59,0,1,0
7961,1260,119.83,France,Cash Withdrawal,Mobile,14,18,46.21,0,1,0
7962,2156,27.56,France,Card Payment,Mobile,19,19,38.26,0,4,0
7963,2664,24.84,Portugal,Card Payment,Web,16,35,139.86,0,3,0
7964,1364,110.24,United Kingdom,Card Payment,Mobile,10,18,89.38,0,0,0
7965,1984,125.87,Portugal,Online Payment,Tablet,1,21,77.31,0,1,0
7966,1853,169.08,France,Transfer,Web,2,4,53.71,0,1,0
7967,1933,146.74,United Kingdom,Card Payment,Web,2,11,46.94,0,0,0
7968,614,318.88,Spain,Cash Withdrawal,Web,13,12,142.33,0,3,0
7969,2083,310.27,Portugal,Transfer,Tablet,8,18,109.32,0,3,0
7970,2236,417.12,United Kingdom,Card Payment,Web,16,45,152.68,0,2,0
7971,1482,100.25,Portugal,Online Payment,Web,6,20,204.2,1,2,0
7972,1067,103.05,Germany,Card Payment,Mobile,15,10,217.08,0,0,0
7973,2440,90.84,Germany,Cash Withdrawal,Mobile,23,23,75.16,1,2,0
7974,2410,48.95,France,Cash Withdrawal,Web,21,18,225.62,0,1,0
7975,3478,348.08,Portugal,Cash Withdrawal,Tablet,20,38,204.42,0,0,0
7976,1828,286.89,Spain,Transfer,Tablet,17,25,90.24,0,1,0
7977,1346,84.87,United Kingdom,Card Payment,Mobile,7,26,42.58,0,5,0
7978,3121,72.73,Senegal,Cash Withdrawal,Web,3,23,154.89,0,2,0
7979,2699,100.92,Senegal,Transfer,Tablet,20,10,93.77,0,4,0
7980,1459,35.13,Portugal,Online Payment,Web,5,19,130.53,0,1,0
7981,1542,332.17,Germany,Cash Withdrawal,Web,5,24,70.26,0,2,0
7982,1397,139.11,Portugal,Cash Withdrawal,Mobile,7,25,136.17,0,2,0
7983,3968,515.7,Spain,Transfer,Tablet,14,10,128.48,0,1,0
7984,971,208.21,Germany,Cash Withdrawal,Tablet,5,27,94.72,0,2,0
7985,2370,159.83,United Kingdom,Online Payment,Mobile,10,4,142.26,0,1,0
7986,3546,56.41,Germany,Cash Withdrawal,Tablet,22,19,49.56,0,3,0
7987,3143,191.84,Portugal,Card Payment,Mobile,17,11,54.1,0,1,0
7988,3165,199.4,Portugal,Transfer,Web,1,37,193.92,0,5,0
7989,2213,89.37,United Kingdom,Transfer,Tablet,14,18,78.32,1,3,0
7990,3152,42.42,Portugal,Transfer,Web,20,32,139.52,0,2,0
7991,921,157.3,Senegal,Transfer,Tablet,19,20,207.63,0,1,0
7992,2937,662.67,France,Cash Withdrawal,Web,8,15,183.62,0,1,0
7993,1149,199.58,Senegal,Transfer,Tablet,8,13,82.67,0,3,0
7994,31,104.46,United Kingdom,Online Payment,Tablet,16,34,51.65,0,5,0
7995,2572,305.04,Spain,Card Payment,Tablet,22,32,112.65,0,0,0
7996,3675,36.24,United Kingdom,Transfer,Web,5,17,164.73,0,3,0
7997,425,71.3,Senegal,Cash Withdrawal,Web,17,25,59.81,0,3,0
7998,3862,119.19,Spain,Card Payment,Web,13,31,108.23,1,1,0
7999,643,199.28,Senegal,Online Payment,Mobile,12,1,150.41,0,1,0
8000,961,57.29,Portugal,Online Payment,Mobile,2,33,125.19,0,1,0
8001,883,86.95,Senegal,Card Payment,Web,13,21,105.31,0,2,0
8002,493,180.58,Germany,Transfer,Web,23,19,90.47,0,3,0
8003,2968,73.49,Spain,Online Payment,Web,12,21,359.49,0,3,0
8004,2058,232.69,France,Transfer,Web,14,34,20.11,0,3,0
8005,743,195.53,France,Cash Withdrawal,Web,12,2,136.84,0,0,0
8006,2262,343.73,Germany,Online Payment,Mobile,21,25,42.88,0,5,0
8007,1816,365.66,Senegal,Cash Withdrawal,Tablet,21,19,119.52,0,2,0
8008,578,152.13,United Kingdom,Online Payment,Tablet,11,22,308.02,0,5,0
8009,1293,18.73,France,Card Payment,Mobile,19,1,71.26,0,0,0
8010,913,160.5,Germany,Transfer,Web,10,17,158.22,0,2,0
8011,1960,92.37,Senegal,Card Payment,Web,10,31,120.7,0,2,0
8012,741,437.42,Senegal,Card Payment,Tablet,10,12,199.44,1,1,0
8013,2473,148.04,Senegal,Online Payment,Mobile,13,3,68.16,0,2,0
8014,3995,64.13,Portugal,Transfer,Mobile,6,15,179.67,1,1,0
8015,3694,159.06,United Kingdom,Cash Withdrawal,Mobile,17,1,79.16,0,0,0
8016,1213,68.3,France,Cash Withdrawal,Web,0,34,150.01,0,4,0
8017,1003,83.32,France,Transfer,Tablet,2,17,98.36,1,2,0
8018,3883,323.07,United Kingdom,Online Payment,Web,10,41,60.85,0,2,0
8019,1197,149.12,Spain,Cash Withdrawal,Tablet,14,5,198.21,0,2,0
8020,2880,133.51,Germany,Card Payment,Web,13,16,108.77,0,2,0
8021,1515,143.09,Spain,Transfer,Mobile,1,26,51.3,1,0,0
8022,3780,397.58,France,Cash Withdrawal,Web,11,28,198.34,0,1,0
8023,791,453.59,Germany,Online Payment,Tablet,16,22,194.44,0,2,0
8024,3985,337.99,France,Online Payment,Tablet,13,34,275.67,0,0,0
8025,3410,549.76,United Kingdom,Cash Withdrawal,Tablet,9,10,159.19,0,1,0
8026,480,157.08,Senegal,Online Payment,Mobile,4,34,298.19,0,1,0
8027,3119,80.18,France,Transfer,Tablet,0,15,86.57,0,1,0
8028,95,160.4,United Kingdom,Transfer,Tablet,9,12,147.76,1,0,0
8029,575,37.41,Senegal,Card Payment,Tablet,5,10,260.89,0,0,0
8030,871,76.38,Portugal,Cash Withdrawal,Mobile,13,36,92.46,0,2,0
8031,3686,80.17,France,Card Payment,Tablet,18,21,267.67,0,2,0
8032,551,229.76,Senegal,Card Payment,Mobile,0,22,159.16,0,3,0
8033,2426,103.69,Spain,Transfer,Tablet,19,20,169.09,0,1,0
8034,430,115.91,United Kingdom,Card Payment,Tablet,21,1,205.28,0,1,0
8035,3852,52.74,United Kingdom,Online Payment,Web,2,40,126.37,0,2,0
8036,250,121.86,Portugal,Online Payment,Tablet,1,28,91.29,0,2,0
8037,2980,498.98,Senegal,Card Payment,Web,21,14,131.86,0,0,0
8038,1721,271.38,Spain,Card Payment,Mobile,22,21,196.01,0,0,0
8039,3561,543.41,United Kingdom,Transfer,Mobile,13,16,208.72,1,2,0
8040,1074,108.54,France,Transfer,Mobile,23,4,114.68,0,1,0
8041,1410,52.75,United Kingdom,Cash Withdrawal,Tablet,20,17,35.15,0,1,0
8042,533,38.42,Spain,Card Payment,Tablet,15,4,321.18,0,4,0
8043,2443,75.95,Germany,Card Payment,Tablet,2,41,529.13,0,2,0
8044,2008,98.35,Portugal,Online Payment,Web,22,27,151.32,0,0,0
8045,3445,282.79,United Kingdom,Cash Withdrawal,Tablet,20,13,352.01,0,3,0
8046,3691,115.02,Spain,Card Payment,Mobile,13,8,33.69,0,0,0
8047,3098,369.09,Senegal,Cash Withdrawal,Tablet,6,15,45.84,0,2,0
8048,2557,122.78,Germany,Cash Withdrawal,Mobile,19,1,103.92,0,0,0
8049,802,347.55,Portugal,Cash Withdrawal,Tablet,15,38,620.69,0,2,0
8050,3483,340.07,Spain,Online Payment,Mobile,3,9,162.48,0,2,0
8051,3294,92.2,Portugal,Card Payment,Web,7,33,51.2,0,4,0
8052,3954,136.07,Germany,Transfer,Web,21,18,157.2,0,0,0
8053,3040,40.55,Spain,Card Payment,Web,19,33,152.12,0,1,0
8054,1132,139.05,Spain,Cash Withdrawal,Web,11,21,84.66,0,1,0
8055,1657,58.65,Spain,Transfer,Mobile,22,31,271.1,0,2,0
8056,3655,151.9,Portugal,Online Payment,Tablet,9,21,166.78,1,3,0
8057,2318,269.09,France,Cash Withdrawal,Mobile,18,18,68.71,1,2,1
8058,2102,67.88,Portugal,Card Payment,Tablet,12,13,18.68,0,1,0
8059,1805,84.21,Portugal,Card Payment,Tablet,21,11,164.64,0,1,0
8060,2079,165.19,United Kingdom,Online Payment,Tablet,22,26,131.92,1,3,0
8061,775,186.83,Spain,Cash Withdrawal,Mobile,18,31,71.27,1,2,0
8062,2109,57.56,Portugal,Transfer,Web,17,18,201.52,0,1,0
8063,2106,12.01,France,Card Payment,Mobile,15,21,86.14,1,1,0
8064,845,651.24,Senegal,Transfer,Mobile,11,1,79.06,0,2,0
8065,1678,320.3,Spain,Cash Withdrawal,Tablet,11,19,131.47,0,1,0
8066,1033,71.01,Spain,Online Payment,Tablet,2,32,214.09,0,3,0
8067,92,68.65,Portugal,Cash Withdrawal,Tablet,20,20,175.4,1,2,0
8068,1309,92.77,Senegal,Card Payment,Tablet,3,11,68.9,0,3,0
8069,1583,184.66,Senegal,Online Payment,Mobile,0,23,122.9,1,2,0
8070,3358,199.82,United Kingdom,Cash Withdrawal,Tablet,21,32,195.64,1,3,0
8071,3955,381.17,Portugal,Transfer,Tablet,6,27,159.73,0,4,0
8072,425,100.83,Senegal,Cash Withdrawal,Tablet,10,39,32.77,0,0,0
8073,1020,138.69,Portugal,Online Payment,Mobile,10,6,89.46,0,1,0
8074,1113,270.98,United Kingdom,Card Payment,Mobile,21,20,163.5,0,0,0
8075,3194,96.14,Portugal,Online Payment,Mobile,2,2,115.92,0,1,0
8076,782,193.26,Portugal,Transfer,Mobile,10,21,205.88,1,3,0
8077,2033,85.67,Germany,Card Payment,Mobile,3,13,103.51,0,1,0
8078,3972,67.87,France,Transfer,Web,22,1,71.48,1,1,0
8079,1405,21.09,France,Online Payment,Mobile,4,25,162.98,1,0,0
8080,1692,32.91,Portugal,Cash Withdrawal,Tablet,2,7,205.25,0,2,0
8081,248,62.96,Senegal,Card Payment,Mobile,5,14,160.75,0,2,0
8082,2851,47.69,Senegal,Card Payment,Web,14,19,99.19,0,1,0
8083,1511,221.66,Portugal,Online Payment,Tablet,14,8,168.12,0,1,0
8084,2247,146.97,Portugal,Transfer,Web,16,12,154.34,0,1,0
8085,1259,116.85,United Kingdom,Online Payment,Mobile,5,13,91.02,0,2,0
8086,1994,72.62,United Kingdom,Card Payment,Web,6,35,107.82,0,0,0
8087,2992,177.67,Spain,Card Payment,Web,23,24,108.06,0,2,1
8088,3127,148.62,Portugal,Cash Withdrawal,Mobile,16,18,92.85,0,1,0
8089,948,40.81,Germany,Transfer,Web,14,28,77.34,0,0,0
8090,2868,635.03,Spain,Online Payment,Mobile,14,12,71.79,0,0,0
8091,3906,197.51,Senegal,Cash Withdrawal,Tablet,2,19,198.79,0,2,0
8092,3036,176.19,Germany,Card Payment,Web,10,22,142.89,0,5,0
8093,2429,346.45,United Kingdom,Cash Withdrawal,Mobile,19,18,75.62,0,2,0
8094,1301,335.75,France,Transfer,Mobile,15,11,66.76,0,2,0
8095,580,79.88,United Kingdom,Online Payment,Tablet,21,27,65.04,0,3,0
8096,2717,189.36,France,Card Payment,Mobile,19,38,81.9,1,1,0
8097,706,151.43,Germany,Cash Withdrawal,Mobile,20,9,83.71,0,2,0
8098,597,389.4,Senegal,Cash Withdrawal,Tablet,10,20,96.7,0,2,0
8099,456,79.7,France,Card Payment,Web,11,10,58.33,0,1,0
8100,562,67.06,Portugal,Cash Withdrawal,Mobile,1,16,94.42,0,3,0
8101,1150,27.99,Senegal,Transfer,Mobile,0,29,39.35,1,2,0
8102,1154,131.15,Germany,Cash Withdrawal,Web,5,19,185.61,1,0,0
8103,2631,224.99,Germany,Card Payment,Web,10,15,210.29,0,3,0
8104,3027,23.8,France,Online Payment,Web,0,9,291.22,0,1,0
8105,218,93.85,Portugal,Cash Withdrawal,Tablet,14,18,59.14,0,3,0
8106,1938,91.83,Spain,Online Payment,Tablet,5,22,104.28,0,0,0
8107,1787,24.41,Portugal,Cash Withdrawal,Mobile,2,27,115.27,0,1,1
8108,1835,105.54,Portugal,Online Payment,Web,19,20,61.66,0,1,0
8109,2870,231.18,Germany,Online Payment,Mobile,6,27,63.19,0,1,0
8110,3874,128.13,Senegal,Online Payment,Mobile,3,28,60.16,0,1,0
8111,1287,574.18,Senegal,Cash Withdrawal,Tablet,5,24,154.63,1,5,1
8112,590,93.16,Germany,Card Payment,Tablet,9,18,106.04,1,4,0
8113,1513,562.79,Spain,Transfer,Mobile,20,7,52.9,0,3,0
8114,3130,326.39,Spain,Card Payment,Web,7,8,136.1,0,1,0
8115,3892,67.75,Senegal,Online Payment,Web,23,25,170.89,0,0,0
8116,1932,154.35,United Kingdom,Cash Withdrawal,Web,18,14,132.92,0,2,0
8117,459,115.78,Spain,Cash Withdrawal,Mobile,3,31,178.57,1,4,0
8118,3698,78.15,Germany,Transfer,Mobile,18,17,188.79,1,3,0
8119,482,190.04,United Kingdom,Cash Withdrawal,Tablet,12,41,150.77,1,1,0
8120,534,197.93,France,Online Payment,Mobile,23,16,180.52,0,0,0
8121,2087,98.14,Spain,Cash Withdrawal,Tablet,12,4,261.04,0,4,0
8122,1827,247.01,Senegal,Cash Withdrawal,Web,20,29,263.12,0,1,0
8123,106,486.98,Spain,Card Payment,Web,20,1,104.5,0,2,0
8124,277,136.95,Germany,Cash Withdrawal,Tablet,9,24,184.14,0,0,0
8125,3004,308.82,Germany,Cash Withdrawal,Tablet,19,21,101.43,0,3,0
8126,3839,69.67,France,Online Payment,Tablet,6,37,113.23,0,0,0
8127,214,427.89,United Kingdom,Cash Withdrawal,Tablet,12,26,147.2,0,2,0
8128,479,24.76,Senegal,Card Payment,Web,2,22,113.9,0,2,0
8129,2937,133.17,Germany,Transfer,Web,14,26,81.58,0,1,0
8130,1795,110.45,Spain,Cash Withdrawal,Web,22,23,101.76,1,0,0
8131,2833,41.67,France,Card Payment,Tablet,16,21,133.0,0,0,0
8132,429,384.77,United Kingdom,Online Payment,Web,10,23,142.76,0,1,0
8133,875,174.19,United Kingdom,Cash Withdrawal,Tablet,20,24,265.35,0,1,0
8134,2447,237.08,Germany,Card Payment,Tablet,14,29,155.06,0,0,0
8135,1951,53.18,Germany,Card Payment,Web,20,8,139.27,0,3,0
8136,863,181.02,Senegal,Card Payment,Mobile,15,27,60.29,0,1,0
8137,1074,115.8,Senegal,Transfer,Web,5,1,112.05,0,0,0
8138,445,323.7,Portugal,Transfer,Tablet,20,11,116.19,0,3,0
8139,2829,143.31,France,Cash Withdrawal,Mobile,11,33,100.62,0,0,0
8140,3749,180.96,Portugal,Transfer,Web,3,5,205.3,0,0,0
8141,2179,336.18,United Kingdom,Online Payment,Web,4,12,98.7,0,0,0
8142,3738,75.22,France,Cash Withdrawal,Mobile,14,21,76.1,0,2,0
8143,554,255.24,France,Card Payment,Mobile,4,11,77.18,1,0,0
8144,1714,104.42,United Kingdom,Online Payment,Mobile,14,18,58.66,0,0,0
8145,2925,112.6,Senegal,Card Payment,Tablet,8,3,135.18,0,0,0
8146,2552,122.83,Germany,Online Payment,Mobile,14,8,240.6,0,1,0
8147,2350,82.54,France,Transfer,Mobile,23,13,99.16,0,3,0
8148,3439,93.12,Spain,Transfer,Mobile,1,24,95.43,0,1,1
8149,2984,149.42,United Kingdom,Card Payment,Web,18,28,200.54,0,2,0
8150,2757,163.37,Portugal,Cash Withdrawal,Tablet,16,26,221.83,0,0,0
8151,519,154.65,France,Online Payment,Web,18,18,100.31,0,1,0
8152,3709,35.88,Portugal,Card Payment,Mobile,21,14,65.8,0,2,0
8153,1538,58.55,Germany,Online Payment,Tablet,1,38,137.36,0,0,0
8154,1688,238.77,France,Transfer,Mobile,3,32,104.23,0,2,0
8155,3946,120.9,Germany,Cash Withdrawal,Mobile,19,13,133.88,0,5,0
8156,733,69.11,Spain,Online Payment,Mobile,10,30,98.39,0,2,0
8157,331,532.3,United Kingdom,Transfer,Web,5,10,81.33,0,2,0
8158,192,1123.29,United Kingdom,Transfer,Mobile,21,24,29.7,1,1,1
8159,690,450.29,France,Transfer,Tablet,14,17,106.79,0,1,0
8160,2448,101.88,United Kingdom,Transfer,Tablet,12,20,67.54,0,2,0
8161,2215,66.67,Portugal,Online Payment,Mobile,2,12,37.32,0,0,0
8162,3632,60.88,Portugal,Online Payment,Tablet,16,21,123.82,0,1,0
8163,2059,44.99,Spain,Card Payment,Mobile,3,29,393.51,1,1,0
8164,2675,171.42,United Kingdom,Transfer,Tablet,18,31,74.47,0,2,0
8165,912,63.28,United Kingdom,Transfer,Mobile,6,36,145.65,0,4,0
8166,1105,335.95,United Kingdom,Card Payment,Web,20,13,108.43,0,2,0
8167,1142,199.97,Spain,Online Payment,Tablet,8,25,209.26,0,2,0
8168,450,199.14,Portugal,Transfer,Web,3,17,145.62,0,0,0
8169,1331,40.42,Portugal,Cash Withdrawal,Mobile,14,21,121.02,0,0,0
8170,2409,590.09,Spain,Online Payment,Mobile,4,15,68.11,1,1,0
8171,2746,89.04,Germany,Card Payment,Tablet,12,12,278.12,0,2,0
8172,143,156.19,United Kingdom,Online Payment,Tablet,12,13,62.83,1,2,0
8173,2502,138.52,Germany,Cash Withdrawal,Web,9,21,89.1,1,0,0
8174,3104,195.7,United Kingdom,Transfer,Web,14,17,65.15,0,2,0
8175,2705,328.88,Germany,Online Payment,Mobile,10,25,63.21,1,6,0
8176,3189,58.46,France,Transfer,Web,5,4,63.05,0,2,0
8177,2735,246.18,United Kingdom,Cash Withdrawal,Web,0,25,133.69,0,1,0
8178,3646,375.16,United Kingdom,Card Payment,Mobile,18,11,57.99,0,0,0
8179,1312,52.17,Germany,Transfer,Mobile,5,15,76.41,0,1,0
8180,292,437.58,Senegal,Card Payment,Web,16,17,97.14,0,0,0
8181,2469,35.0,Portugal,Transfer,Tablet,14,25,84.65,0,1,0
8182,317,107.51,Germany,Cash Withdrawal,Mobile,4,7,44.05,1,2,0
8183,582,231.82,United Kingdom,Transfer,Tablet,8,36,95.8,1,2,0
8184,3239,80.36,Germany,Online Payment,Mobile,15,22,95.78,0,0,0
8185,663,108.24,France,Cash Withdrawal,Web,16,10,134.73,0,0,0
8186,3534,117.25,France,Online Payment,Web,0,5,104.95,0,2,0
8187,963,223.58,Portugal,Cash Withdrawal,Mobile,16,1,28.36,0,1,0
8188,797,77.96,Germany,Transfer,Web,20,19,254.84,1,1,0
8189,2361,98.05,France,Online Payment,Web,16,11,86.14,0,0,0
8190,97,46.38,Spain,Card Payment,Web,18,21,207.4,0,2,0
8191,209,116.36,Senegal,Card Payment,Mobile,4,31,126.86,0,3,0
8192,2523,97.79,France,Online Payment,Tablet,0,18,190.55,0,1,0
8193,2535,82.8,France,Card Payment,Mobile,7,30,197.59,0,3,0
8194,582,113.06,Portugal,Card Payment,Mobile,15,19,187.35,0,5,0
8195,2044,124.3,Spain,Transfer,Tablet,5,15,201.75,0,2,0
8196,2965,268.41,Portugal,Cash Withdrawal,Tablet,10,4,268.62,0,3,0
8197,1707,12.46,Portugal,Transfer,Tablet,7,16,346.39,0,1,0
8198,3850,177.97,Germany,Transfer,Mobile,9,16,216.49,1,1,0
8199,3270,228.55,Spain,Card Payment,Tablet,11,42,151.37,0,0,0
8200,3728,45.09,Portugal,Online Payment,Mobile,21,38,100.18,0,2,0
8201,2074,74.05,Senegal,Card Payment,Web,0,4,286.92,0,3,0
8202,2963,146.37,France,Online Payment,Mobile,8,3,80.32,0,3,0
8203,521,108.16,France,Online Payment,Web,19,23,75.55,0,2,0
8204,953,110.16,France,Online Payment,Mobile,5,41,152.33,0,1,0
8205,1292,82.74,United Kingdom,Transfer,Mobile,10,13,118.0,1,2,0
8206,2534,209.26,Spain,Transfer,Mobile,18,20,195.85,0,3,0
8207,1481,127.08,Senegal,Card Payment,Tablet,21,25,57.35,0,0,0
8208,3198,204.23,Senegal,Online Payment,Mobile,17,18,68.97,0,0,0
8209,1214,135.14,Spain,Cash Withdrawal,Mobile,7,37,163.21,0,0,0
8210,3332,383.73,Portugal,Card Payment,Tablet,10,34,207.78,0,1,0
8211,611,380.64,Portugal,Online Payment,Web,23,3,137.35,0,3,0
8212,270,77.11,Portugal,Card Payment,Tablet,2,12,159.21,0,4,0
8213,2697,41.85,Senegal,Online Payment,Mobile,6,28,130.69,0,2,0
8214,2908,21.85,Senegal,Cash Withdrawal,Web,10,23,115.7,0,4,0
8215,3176,246.9,Germany,Transfer,Web,18,31,228.17,0,1,0
8216,1394,254.87,Senegal,Online Payment,Web,23,40,234.67,0,3,0
8217,1478,359.61,United Kingdom,Card Payment,Tablet,12,11,108.57,0,3,0
8218,1814,96.66,Germany,Card Payment,Tablet,5,7,122.89,1,2,0
8219,1255,121.52,Spain,Cash Withdrawal,Tablet,3,13,273.46,0,0,0
8220,2731,55.6,Senegal,Cash Withdrawal,Mobile,21,33,157.42,0,0,0
8221,2487,77.74,Senegal,Online Payment,Mobile,13,23,85.55,0,1,0
8222,1923,534.64,United Kingdom,Cash Withdrawal,Mobile,5,19,106.68,1,6,0
8223,2785,306.91,United Kingdom,Transfer,Tablet,3,20,51.65,0,5,0
8224,3447,111.82,Germany,Transfer,Tablet,2,11,47.52,0,0,0
8225,2796,65.58,Spain,Card Payment,Mobile,8,17,98.59,0,2,0
8226,1339,122.13,Senegal,Card Payment,Tablet,5,23,226.56,0,1,0
8227,969,30.67,Portugal,Cash Withdrawal,Mobile,16,17,201.77,0,1,0
8228,1942,31.7,Senegal,Card Payment,Web,10,9,73.29,0,1,0
8229,359,46.93,France,Cash Withdrawal,Tablet,13,22,24.54,0,0,0
8230,2904,65.87,United Kingdom,Transfer,Mobile,22,25,156.68,0,1,0
8231,2760,334.04,Portugal,Card Payment,Web,7,13,78.02,0,1,0
8232,1427,150.66,United Kingdom,Online Payment,Tablet,2,25,69.55,0,0,0
8233,3545,91.72,France,Transfer,Tablet,20,11,88.9,0,1,0
8234,1326,163.52,United Kingdom,Card Payment,Web,13,33,63.81,0,2,0
8235,2824,56.82,Portugal,Transfer,Mobile,12,1,132.93,0,5,0
8236,3878,535.33,Portugal,Cash Withdrawal,Web,17,4,111.82,0,1,0
8237,2099,52.99,United Kingdom,Cash Withdrawal,Web,3,8,42.61,0,0,0
8238,3909,68.04,Portugal,Card Payment,Tablet,21,14,253.57,0,3,0
8239,1750,66.63,Portugal,Transfer,Web,9,24,60.32,0,3,0
8240,3770,479.36,United Kingdom,Cash Withdrawal,Mobile,23,24,48.76,0,1,0
8241,889,31.53,Spain,Online Payment,Mobile,7,12,212.0,0,1,0
8242,3477,51.76,Germany,Card Payment,Web,3,20,77.01,0,1,1
8243,1117,314.42,France,Transfer,Web,21,20,121.81,1,0,0
8244,3250,880.49,Portugal,Transfer,Web,15,20,76.89,1,1,0
8245,1064,174.86,Germany,Card Payment,Web,19,38,251.78,0,0,0
8246,3946,46.76,France,Card Payment,Mobile,3,41,35.67,0,1,0
8247,3138,232.32,Spain,Cash Withdrawal,Mobile,21,32,178.61,0,2,0
8248,1848,152.98,France,Online Payment,Web,4,15,138.36,0,4,0
8249,2272,962.12,Germany,Transfer,Tablet,6,5,192.96,1,2,0
8250,434,80.65,Portugal,Online Payment,Web,17,28,27.28,0,0,0
8251,1285,68.14,Portugal,Online Payment,Tablet,8,17,52.2,0,1,0
8252,3640,182.42,Senegal,Transfer,Tablet,11,33,120.18,0,0,0
8253,1856,101.38,United Kingdom,Cash Withdrawal,Mobile,8,16,155.72,0,2,0
8254,460,156.36,United Kingdom,Transfer,Tablet,23,15,129.44,0,1,0
8255,929,39.87,Spain,Online Payment,Mobile,12,8,75.54,0,3,0
8256,1803,183.16,Germany,Card Payment,Tablet,9,32,131.26,1,2,0
8257,3825,100.4,Portugal,Card Payment,Tablet,11,6,149.01,0,2,0
8258,2996,148.75,Senegal,Transfer,Tablet,10,6,129.86,0,2,0
8259,3096,117.36,Spain,Transfer,Mobile,3,29,268.92,0,1,0
8260,2539,161.17,Germany,Online Payment,Tablet,6,12,201.51,0,1,0
8261,831,480.86,United Kingdom,Cash Withdrawal,Tablet,18,26,104.74,1,3,0
8262,3613,41.59,Germany,Online Payment,Mobile,16,23,130.95,0,2,0
8263,2882,44.27,Portugal,Transfer,Mobile,10,17,106.64,0,4,0
8264,1105,41.71,France,Online Payment,Tablet,13,14,67.43,0,1,0
8265,2059,90.18,Germany,Card Payment,Mobile,14,9,201.15,0,2,0
8266,1791,137.26,United Kingdom,Transfer,Tablet,10,10,374.27,0,0,0
8267,800,23.98,Spain,Cash Withdrawal,Web,1,27,72.07,0,2,0
8268,2521,98.09,United Kingdom,Transfer,Tablet,8,25,208.61,0,1,0
8269,3286,202.6,Senegal,Online Payment,Tablet,4,19,68.19,0,3,0
8270,2572,269.5,United Kingdom,Card Payment,Web,18,9,229.88,0,0,0
8271,2525,60.23,United Kingdom,Transfer,Mobile,9,32,70.41,0,3,0
8272,1079,182.2,France,Card Payment,Web,8,23,64.31,0,0,0
8273,3581,147.98,Senegal,Online Payment,Web,12,10,124.52,1,1,0
8274,2254,79.78,United Kingdom,Online Payment,Web,1,8,76.4,0,3,0
8275,1516,192.36,France,Online Payment,Tablet,22,6,115.6,0,2,0
8276,81,163.99,France,Cash Withdrawal,Web,14,42,237.9,0,0,0
8277,3277,635.81,France,Card Payment,Web,21,26,53.02,0,0,0
8278,2489,49.29,Germany,Cash Withdrawal,Mobile,21,8,143.67,0,3,0
8279,1619,112.61,Portugal,Cash Withdrawal,Mobile,19,28,109.69,0,3,0
8280,695,62.85,France,Cash Withdrawal,Web,3,12,141.06,0,0,0
8281,485,67.87,Portugal,Card Payment,Web,1,18,100.92,0,5,0
8282,570,336.97,Senegal,Transfer,Web,2,22,57.56,0,1,0
8283,117,108.46,Senegal,Transfer,Tablet,22,11,230.88,0,2,0
8284,3016,399.5,Senegal,Cash Withdrawal,Web,8,24,112.32,0,0,0
8285,1826,23.93,France,Card Payment,Tablet,11,23,100.23,0,2,0
8286,986,57.65,Germany,Transfer,Tablet,19,5,142.48,1,1,0
8287,3749,49.0,Germany,Cash Withdrawal,Web,22,3,235.33,0,2,0
8288,3803,184.43,Spain,Cash Withdrawal,Web,4,18,179.21,0,0,0
8289,864,273.41,France,Cash Withdrawal,Tablet,13,36,51.68,0,1,0
8290,173,912.3,France,Cash Withdrawal,Tablet,6,20,121.45,0,3,0
8291,1207,160.23,Senegal,Transfer,Mobile,3,13,147.14,0,2,0
8292,2711,128.26,United Kingdom,Cash Withdrawal,Tablet,1,40,97.59,0,0,0
8293,2319,281.33,France,Cash Withdrawal,Mobile,15,24,147.19,0,0,0
8294,2562,63.54,France,Transfer,Web,22,22,114.73,0,1,0
8295,3076,140.48,Portugal,Card Payment,Tablet,14,13,67.81,1,2,0
8296,623,53.29,Senegal,Transfer,Mobile,12,23,37.71,0,2,0
8297,2725,130.47,France,Transfer,Mobile,2,11,89.44,0,0,0
8298,2601,44.46,Portugal,Card Payment,Tablet,2,16,174.5,0,6,0
8299,2229,113.95,Senegal,Transfer,Mobile,17,29,139.96,0,3,0
8300,2365,82.81,Portugal,Online Payment,Mobile,21,28,63.92,1,1,0
8301,3249,91.57,United Kingdom,Online Payment,Tablet,10,16,68.26,0,0,0
8302,1269,139.46,United Kingdom,Card Payment,Mobile,19,9,119.21,0,2,0
8303,1196,216.75,Germany,Transfer,Tablet,12,16,151.58,0,2,0
8304,2873,36.59,Germany,Transfer,Web,0,26,46.65,0,3,0
8305,2877,165.44,United Kingdom,Transfer,Mobile,7,33,120.99,1,5,0
8306,2552,110.04,Senegal,Cash Withdrawal,Web,0,17,141.79,0,0,0
8307,97,178.63,Portugal,Transfer,Tablet,21,5,72.15,0,1,0
8308,2135,651.38,Germany,Transfer,Tablet,10,16,97.25,0,1,0
8309,3204,79.08,Senegal,Card Payment,Web,22,1,47.34,0,0,0
8310,3767,132.6,Spain,Transfer,Web,12,17,40.65,0,4,0
8311,887,183.46,United Kingdom,Card Payment,Mobile,22,25,158.34,0,3,0
8312,2135,172.43,Spain,Transfer,Mobile,17,25,155.14,0,3,0
8313,1357,48.8,Portugal,Transfer,Mobile,2,4,39.22,1,2,0
8314,2599,101.84,Portugal,Cash Withdrawal,Tablet,9,28,222.55,0,1,0
8315,3479,98.87,United Kingdom,Online Payment,Tablet,4,29,266.62,1,3,0
8316,1501,42.64,Senegal,Online Payment,Mobile,6,15,91.82,0,0,0
8317,2960,125.72,Portugal,Online Payment,Web,10,16,109.74,0,1,0
8318,1411,163.75,United Kingdom,Transfer,Tablet,2,32,289.32,1,1,0
8319,721,223.82,Senegal,Cash Withdrawal,Mobile,23,40,125.45,1,2,0
8320,538,132.56,Spain,Card Payment,Mobile,4,34,93.61,0,1,0
8321,1860,88.8,France,Cash Withdrawal,Web,10,4,118.99,0,2,0
8322,469,94.2,France,Online Payment,Mobile,14,12,120.56,1,3,0
8323,3124,72.27,Spain,Online Payment,Tablet,23,22,149.59,0,1,0
8324,3264,348.72,France,Transfer,Web,3,25,81.02,0,2,0
8325,3423,68.93,Spain,Transfer,Mobile,5,21,86.48,0,2,0
8326,405,105.02,France,Transfer,Web,11,12,193.28,0,2,0
8327,2301,134.2,France,Cash Withdrawal,Web,11,39,83.45,0,0,0
8328,3910,106.13,France,Cash Withdrawal,Tablet,1,22,52.78,0,0,0
8329,1245,85.69,United Kingdom,Card Payment,Web,15,2,74.43,0,2,0
8330,1799,198.73,Germany,Transfer,Web,17,10,176.17,0,0,0
8331,719,107.59,United Kingdom,Online Payment,Web,16,13,99.02,0,0,0
8332,1277,60.48,Germany,Online Payment,Web,18,13,169.33,0,2,0
8333,2773,216.55,Germany,Online Payment,Tablet,0,17,185.19,0,2,0
8334,3529,229.85,United Kingdom,Card Payment,Web,14,28,189.85,0,0,0
8335,1694,372.3,United Kingdom,Cash Withdrawal,Mobile,3,34,100.93,0,3,0
8336,1283,70.05,Spain,Transfer,Web,13,8,83.74,0,4,1
8337,3575,108.73,France,Online Payment,Web,12,32,285.44,0,1,0
8338,1463,22.53,Senegal,Card Payment,Web,22,36,48.57,0,0,0
8339,2837,590.84,Portugal,Online Payment,Mobile,16,39,42.72,0,1,0
8340,752,95.91,Spain,Cash Withdrawal,Mobile,22,6,79.24,0,0,0
8341,3126,143.87,Germany,Cash Withdrawal,Mobile,20,24,72.84,0,0,0
8342,2518,67.38,France,Transfer,Web,5,25,294.57,1,0,0
8343,3332,124.52,France,Card Payment,Mobile,18,15,206.72,0,3,0
8344,1088,180.39,Portugal,Online Payment,Mobile,15,11,88.67,0,2,0
8345,2945,16.29,Senegal,Cash Withdrawal,Tablet,14,18,74.21,0,1,0
8346,2581,66.32,Senegal,Cash Withdrawal,Tablet,3,30,30.67,1,0,0
8347,1347,92.28,United Kingdom,Cash Withdrawal,Tablet,19,20,110.94,0,2,0
8348,1283,31.17,France,Transfer,Web,16,1,152.64,0,1,0
8349,2495,199.17,Portugal,Card Payment,Web,18,34,123.0,0,1,0
8350,3778,234.0,Portugal,Cash Withdrawal,Mobile,4,20,77.19,0,2,0
8351,2784,98.22,United Kingdom,Card Payment,Mobile,0,20,42.44,0,0,0
8352,2246,105.43,Senegal,Online Payment,Tablet,9,28,62.3,0,1,0
8353,3139,399.49,Senegal,Card Payment,Mobile,9,14,86.44,0,1,0
8354,860,41.32,Germany,Card Payment,Tablet,17,20,113.17,0,2,0
8355,3566,286.66,Senegal,Cash Withdrawal,Tablet,0,22,159.47,0,0,0
8356,1320,54.09,Spain,Online Payment,Tablet,3,41,74.61,0,0,0
8357,2658,381.45,United Kingdom,Card Payment,Mobile,22,5,94.87,0,0,0
8358,3181,52.46,Spain,Transfer,Web,21,20,86.32,0,2,0
8359,3013,118.65,United Kingdom,Transfer,Mobile,0,8,258.7,0,1,0
8360,2769,57.79,Spain,Cash Withdrawal,Mobile,16,25,92.49,0,2,0
8361,3889,57.07,Germany,Cash Withdrawal,Web,18,25,182.04,1,0,0
8362,1815,211.64,France,Cash Withdrawal,Web,1,18,49.43,0,3,0
8363,1371,1092.99,Senegal,Card Payment,Tablet,6,22,302.41,0,3,0
8364,3110,120.56,Germany,Card Payment,Web,18,17,108.31,0,1,0
8365,122,161.66,Portugal,Online Payment,Mobile,21,9,112.45,0,2,0
8366,866,99.62,United Kingdom,Card Payment,Mobile,17,26,89.69,0,0,0
8367,840,58.03,Germany,Cash Withdrawal,Web,18,22,193.8,0,2,0
8368,656,100.23,Germany,Online Payment,Tablet,1,21,165.72,0,0,0
8369,3468,40.39,France,Transfer,Web,19,10,38.7,0,1,0
8370,1535,33.62,Germany,Cash Withdrawal,Tablet,0,22,64.21,0,2,0
8371,2146,228.07,Portugal,Transfer,Web,13,20,917.74,1,2,1
8372,2915,1264.1,France,Cash Withdrawal,Mobile,21,7,402.09,1,2,0
8373,3125,165.37,United Kingdom,Cash Withdrawal,Tablet,22,5,121.78,0,2,0
8374,1370,165.42,Germany,Transfer,Tablet,8,29,186.67,0,3,0
8375,2304,357.69,United Kingdom,Online Payment,Mobile,6,6,55.88,0,1,0
8376,2097,187.35,Portugal,Cash Withdrawal,Tablet,22,26,144.28,1,0,0
8377,3013,121.83,Germany,Online Payment,Mobile,3,17,242.98,0,2,0
8378,3210,675.42,Portugal,Card Payment,Mobile,23,19,104.23,0,1,0
8379,2499,92.26,United Kingdom,Transfer,Mobile,6,31,203.85,1,0,0
8380,1129,100.38,Senegal,Online Payment,Mobile,21,6,122.38,0,0,0
8381,403,152.65,France,Online Payment,Tablet,15,30,127.22,0,1,0
8382,1007,118.83,Portugal,Online Payment,Tablet,20,17,51.73,1,0,0
8383,281,50.6,France,Transfer,Mobile,23,10,109.69,1,5,0
8384,581,77.28,France,Card Payment,Web,9,21,240.54,0,2,0
8385,2934,52.61,France,Cash Withdrawal,Mobile,19,5,142.45,0,1,0
8386,3188,23.12,Spain,Card Payment,Web,8,18,175.2,0,0,0
8387,3290,238.22,Senegal,Cash Withdrawal,Mobile,21,16,68.1,0,2,0
8388,2422,36.2,Senegal,Card Payment,Tablet,20,26,101.47,0,0,0
8389,546,96.93,United Kingdom,Card Payment,Web,1,21,145.94,0,3,0
8390,3200,45.43,Portugal,Transfer,Tablet,3,25,55.61,0,4,0
8391,1130,125.24,France,Cash Withdrawal,Mobile,7,17,93.09,0,2,0
8392,3440,345.39,United Kingdom,Online Payment,Tablet,5,19,202.88,0,0,0
8393,373,179.06,Germany,Transfer,Mobile,7,32,146.99,0,1,0
8394,953,151.77,Germany,Transfer,Mobile,1,3,212.77,1,4,0
8395,3509,235.06,France,Online Payment,Tablet,13,27,107.27,0,1,0
8396,1655,324.82,France,Card Payment,Mobile,12,21,222.03,0,1,1
8397,220,81.95,Germany,Transfer,Mobile,16,21,139.13,1,4,0
8398,544,43.7,United Kingdom,Card Payment,Web,21,21,59.77,0,1,0
8399,2608,213.87,Portugal,Cash Withdrawal,Tablet,6,13,69.84,0,1,0
8400,524,203.89,Senegal,Transfer,Tablet,10,16,68.44,1,3,0
8401,430,218.11,France,Cash Withdrawal,Web,19,35,131.02,0,2,0
8402,3613,80.83,Spain,Cash Withdrawal,Mobile,18,19,41.86,1,0,0
8403,3449,117.85,Spain,Cash Withdrawal,Tablet,18,1,39.73,0,3,0
8404,1113,19.55,Portugal,Cash Withdrawal,Tablet,19,29,51.02,0,1,0
8405,1910,130.47,France,Card Payment,Web,15,29,217.57,0,0,0
8406,515,70.54,Portugal,Card Payment,Web,11,10,119.86,0,0,0
8407,2404,123.77,Senegal,Cash Withdrawal,Web,10,13,78.59,1,1,0
8408,1060,42.19,United Kingdom,Online Payment,Tablet,11,23,124.27,0,1,0
8409,3270,36.69,United Kingdom,Cash Withdrawal,Mobile,10,1,104.81,1,2,0
8410,3098,48.05,Spain,Online Payment,Web,12,34,44.54,0,1,0
8411,2295,122.29,Spain,Transfer,Mobile,8,24,138.39,0,1,0
8412,3803,75.08,Spain,Cash Withdrawal,Mobile,2,32,186.31,0,2,0
8413,917,337.23,Germany,Online Payment,Web,8,10,101.4,0,0,0
8414,1998,48.95,Germany,Online Payment,Mobile,23,32,62.29,0,1,0
8415,500,59.06,United Kingdom,Cash Withdrawal,Mobile,5,19,196.96,0,2,0
8416,1300,95.72,Senegal,Transfer,Tablet,21,23,86.47,0,1,0
8417,763,322.18,United Kingdom,Online Payment,Mobile,5,15,268.15,0,1,0
8418,1865,81.14,France,Card Payment,Web,9,43,38.28,0,2,0
8419,1416,127.61,France,Online Payment,Mobile,21,29,148.5,1,1,0
8420,661,68.11,France,Online Payment,Web,6,38,73.55,0,0,0
8421,398,138.33,Senegal,Cash Withdrawal,Tablet,6,28,336.29,0,1,0
8422,1460,143.93,Portugal,Transfer,Web,7,15,71.08,0,3,0
8423,2473,51.03,United Kingdom,Cash Withdrawal,Mobile,23,19,43.4,1,3,0
8424,3135,77.16,Spain,Card Payment,Tablet,3,25,133.57,0,0,0
8425,2465,506.39,Spain,Cash Withdrawal,Mobile,17,33,151.62,1,0,0
8426,2912,35.5,Spain,Transfer,Web,4,30,59.24,0,1,1
8427,1046,59.76,France,Transfer,Tablet,18,10,79.84,0,3,0
8428,1308,65.58,United Kingdom,Transfer,Web,6,17,105.47,0,0,0
8429,1859,116.96,Portugal,Card Payment,Tablet,14,34,226.25,1,2,1
8430,207,74.68,Spain,Transfer,Mobile,9,14,67.36,1,1,0
8431,3392,274.83,Portugal,Card Payment,Mobile,19,17,47.34,0,2,0
8432,3956,264.88,Germany,Transfer,Mobile,12,22,112.22,0,2,0
8433,2654,52.13,France,Card Payment,Tablet,16,29,54.29,0,3,0
8434,3134,356.26,France,Cash Withdrawal,Web,15,11,26.64,0,3,0
8435,3018,52.97,Senegal,Online Payment,Mobile,4,35,249.92,1,4,0
8436,1499,105.49,Germany,Online Payment,Tablet,2,14,102.48,1,0,0
8437,457,314.09,Spain,Transfer,Web,5,9,262.76,0,1,0
8438,2554,560.46,United Kingdom,Transfer,Mobile,14,29,136.86,0,0,0
8439,3337,135.38,Senegal,Cash Withdrawal,Mobile,17,10,83.31,0,1,0
8440,3172,243.33,Spain,Online Payment,Web,16,19,64.37,0,0,0
8441,1662,49.24,United Kingdom,Card Payment,Mobile,17,13,134.7,1,1,0
8442,1216,108.75,Senegal,Transfer,Web,14,33,208.89,0,3,0
8443,3545,98.48,France,Transfer,Mobile,12,7,39.6,1,4,0
8444,1507,30.17,Senegal,Card Payment,Mobile,0,1,242.53,0,2,0
8445,3074,50.01,Spain,Cash Withdrawal,Web,9,17,66.38,0,5,0
8446,1945,200.0,Portugal,Transfer,Tablet,8,12,194.82,0,1,0
8447,2617,62.31,Senegal,Cash Withdrawal,Web,16,23,243.47,1,3,0
8448,3527,309.91,Senegal,Transfer,Mobile,5,11,145.43,0,3,0
8449,652,112.85,France,Online Payment,Mobile,15,17,125.54,0,2,0
8450,464,179.87,Senegal,Transfer,Tablet,21,42,150.71,0,2,0
8451,3566,235.05,France,Card Payment,Mobile,4,18,67.02,0,0,0
8452,101,106.11,United Kingdom,Card Payment,Web,14,7,122.42,0,0,0
8453,3821,255.41,France,Cash Withdrawal,Mobile,4,27,123.01,0,2,0
8454,3477,141.54,Germany,Cash Withdrawal,Tablet,21,19,90.64,0,0,0
8455,3325,34.45,Senegal,Online Payment,Tablet,2,16,102.28,0,2,0
8456,2438,66.76,Senegal,Transfer,Web,10,23,105.97,0,0,0
8457,3791,35.45,United Kingdom,Transfer,Mobile,14,13,114.41,0,2,0
8458,1790,114.74,Germany,Online Payment,Web,23,25,160.67,0,1,0
8459,3734,120.16,Portugal,Online Payment,Web,2,27,65.95,0,0,0
8460,2409,39.96,Senegal,Cash Withdrawal,Web,10,12,76.98,0,0,0
8461,1206,94.05,Portugal,Transfer,Tablet,1,16,303.61,0,1,0
8462,1068,31.19,France,Cash Withdrawal,Web,19,20,168.44,0,2,0
8463,1114,637.04,France,Online Payment,Mobile,19,32,246.49,0,2,0
8464,3797,47.74,Germany,Card Payment,Tablet,20,11,90.6,0,0,0
8465,3292,46.25,Spain,Online Payment,Mobile,2,14,123.15,1,1,0
8466,1426,186.88,Germany,Cash Withdrawal,Mobile,18,21,95.95,0,1,0
8467,377,78.8,Senegal,Cash Withdrawal,Web,5,28,132.07,0,0,0
8468,94,114.59,Portugal,Cash Withdrawal,Mobile,20,29,96.42,0,2,0
8469,250,313.59,Portugal,Online Payment,Tablet,0,24,41.78,0,1,0
8470,1387,86.57,Spain,Cash Withdrawal,Web,16,30,137.98,0,1,0
8471,1750,71.47,United Kingdom,Cash Withdrawal,Web,20,29,73.96,0,0,0
8472,2511,156.57,Germany,Online Payment,Web,4,13,126.25,0,0,0
8473,664,54.28,Portugal,Card Payment,Tablet,9,40,139.09,0,2,0
8474,3266,126.51,Germany,Cash Withdrawal,Web,16,12,116.64,0,0,0
8475,3630,553.48,Portugal,Cash Withdrawal,Mobile,22,27,50.55,0,2,0
8476,3531,27.85,Portugal,Online Payment,Web,5,16,107.8,0,1,0
8477,3111,118.69,Spain,Card Payment,Web,16,11,125.54,1,3,0
8478,3947,182.19,Germany,Cash Withdrawal,Web,3,41,55.69,1,2,0
8479,2468,99.11,France,Transfer,Web,13,8,235.29,0,2,0
8480,2632,120.18,Spain,Transfer,Web,10,1,185.31,0,0,0
8481,433,200.22,Senegal,Card Payment,Tablet,4,22,79.13,0,1,0
8482,3244,71.16,United Kingdom,Online Payment,Mobile,10,12,224.63,1,3,0
8483,3471,88.38,Germany,Cash Withdrawal,Web,1,16,124.7,0,2,0
8484,171,362.62,Spain,Transfer,Web,2,13,64.68,0,2,0
8485,267,185.19,United Kingdom,Cash Withdrawal,Web,8,25,143.81,0,1,0
8486,3924,31.58,Germany,Transfer,Tablet,18,28,118.99,0,2,0
8487,291,103.08,Portugal,Card Payment,Mobile,13,18,353.12,0,2,0
8488,59,28.13,Germany,Transfer,Mobile,22,9,37.22,0,0,0
8489,2148,151.77,Spain,Cash Withdrawal,Mobile,2,26,128.97,0,3,0
8490,3410,80.79,France,Card Payment,Mobile,22,34,88.63,0,3,0
8491,416,56.15,Spain,Cash Withdrawal,Web,14,31,140.31,0,2,0
8492,1951,50.05,Portugal,Transfer,Web,6,29,59.4,0,4,0
8493,1705,114.44,Spain,Transfer,Web,11,31,128.56,0,1,0
8494,1695,272.96,Senegal,Card Payment,Mobile,0,16,49.02,0,1,0
8495,3736,84.59,Portugal,Online Payment,Web,9,17,58.68,1,3,0
8496,1893,95.1,Senegal,Card Payment,Tablet,6,25,108.56,1,0,0
8497,2823,58.1,Germany,Online Payment,Tablet,2,25,118.84,0,2,0
8498,14,19.67,Spain,Cash Withdrawal,Mobile,14,16,392.65,1,2,0
8499,3398,109.02,Senegal,Card Payment,Mobile,4,5,94.47,0,1,0
8500,479,115.15,France,Online Payment,Tablet,6,23,106.94,0,0,0
8501,172,385.39,United Kingdom,Card Payment,Tablet,1,8,124.89,1,1,0
8502,314,46.8,Spain,Card Payment,Tablet,12,18,122.15,0,1,0
8503,2975,54.99,Spain,Card Payment,Mobile,12,9,217.05,0,3,0
8504,2123,39.9,Germany,Card Payment,Mobile,3,19,171.06,0,3,0
8505,335,93.64,Germany,Transfer,Mobile,17,38,99.77,1,0,0
8506,460,33.28,Spain,Online Payment,Web,4,1,192.66,0,2,0
8507,3838,176.38,United Kingdom,Online Payment,Mobile,13,5,90.22,0,2,0
8508,3680,96.76,Germany,Card Payment,Mobile,10,24,213.02,0,0,0
8509,3337,40.35,Spain,Online Payment,Web,10,39,192.57,1,1,0
8510,1129,69.31,Portugal,Transfer,Tablet,2,25,59.97,0,1,0
8511,3248,187.36,France,Cash Withdrawal,Web,20,25,98.42,0,2,0
8512,1912,141.86,United Kingdom,Cash Withdrawal,Mobile,5,13,173.47,0,4,0
8513,2666,112.41,France,Online Payment,Mobile,7,14,269.01,0,2,0
8514,473,18.45,Portugal,Online Payment,Tablet,10,40,42.16,0,0,0
8515,3863,160.87,Senegal,Transfer,Mobile,0,10,148.76,0,1,0
8516,2828,161.93,France,Transfer,Mobile,7,11,119.25,1,3,0
8517,1842,90.59,Germany,Online Payment,Web,9,11,163.08,0,1,0
8518,2091,55.48,Portugal,Online Payment,Tablet,0,12,68.95,0,2,0
8519,254,182.15,Senegal,Cash Withdrawal,Tablet,13,36,217.22,0,1,0
8520,3746,154.69,Germany,Online Payment,Web,14,3,52.88,0,0,0
8521,2326,158.09,Germany,Card Payment,Tablet,5,35,170.24,0,1,0
8522,3478,65.56,Germany,Cash Withdrawal,Tablet,19,29,229.63,1,2,0
8523,171,239.69,United Kingdom,Online Payment,Mobile,13,23,128.33,0,0,0
8524,1343,127.83,United Kingdom,Cash Withdrawal,Tablet,16,25,104.75,0,0,0
8525,3725,125.14,Germany,Cash Withdrawal,Web,14,12,72.76,0,0,0
8526,2818,125.94,Portugal,Online Payment,Mobile,11,20,98.12,0,2,0
8527,2057,202.29,Portugal,Transfer,Tablet,5,22,48.44,0,1,0
8528,3153,51.75,France,Transfer,Mobile,14,4,73.83,0,2,0
8529,1313,107.44,United Kingdom,Cash Withdrawal,Mobile,15,20,225.1,0,1,0
8530,3156,52.78,United Kingdom,Online Payment,Tablet,9,16,59.68,0,3,0
8531,241,61.19,France,Card Payment,Tablet,0,1,128.44,0,0,0
8532,1230,427.93,France,Online Payment,Web,10,24,41.08,0,2,0
8533,2308,145.67,United Kingdom,Cash Withdrawal,Mobile,17,34,100.57,0,2,0
8534,881,148.08,France,Transfer,Web,10,30,156.99,0,0,0
8535,1588,125.87,Germany,Transfer,Mobile,16,24,127.69,0,2,0
8536,1702,201.23,United Kingdom,Online Payment,Tablet,11,20,83.26,0,0,0
8537,610,75.14,Portugal,Card Payment,Mobile,22,17,126.15,0,3,1
8538,827,218.79,France,Online Payment,Tablet,12,22,113.91,1,0,0
8539,3688,286.5,United Kingdom,Online Payment,Web,0,40,148.9,1,1,0
8540,366,110.35,Senegal,Card Payment,Web,23,7,63.5,0,2,0
8541,1559,163.78,France,Transfer,Mobile,11,34,132.84,0,4,0
8542,2248,141.02,Senegal,Card Payment,Web,17,25,168.37,0,1,0
8543,1659,280.3,United Kingdom,Card Payment,Tablet,2,33,80.65,0,2,0
8544,1838,264.19,Portugal,Cash Withdrawal,Mobile,11,31,67.42,0,2,0
8545,2481,407.61,France,Card Payment,Web,2,17,38.58,1,5,0
8546,2281,118.76,Senegal,Card Payment,Mobile,20,18,77.0,0,1,0
8547,906,82.53,Senegal,Card Payment,Mobile,14,22,165.13,0,0,0
8548,58,250.37,Portugal,Online Payment,Web,12,29,76.26,0,2,0
8549,2635,117.87,Germany,Transfer,Tablet,0,12,60.95,0,2,0
8550,1568,179.57,France,Transfer,Web,14,18,176.67,0,3,0
8551,2627,133.73,Senegal,Card Payment,Web,7,2,336.09,1,2,0
8552,1392,299.15,France,Online Payment,Mobile,8,2,149.21,1,0,0
8553,3952,80.1,France,Online Payment,Tablet,9,21,81.95,1,1,0
8554,3253,46.92,Germany,Cash Withdrawal,Tablet,12,31,77.85,0,1,0
8555,815,9.4,Spain,Transfer,Tablet,16,18,76.25,0,0,0
8556,2037,60.02,United Kingdom,Transfer,Tablet,17,13,195.76,0,0,0
8557,3721,55.15,United Kingdom,Card Payment,Web,17,11,48.65,0,2,0
8558,1009,22.12,Spain,Cash Withdrawal,Web,10,6,106.62,1,0,0
8559,2415,155.3,Germany,Transfer,Tablet,9,26,52.04,0,1,0
8560,3738,89.67,Spain,Transfer,Mobile,9,32,208.02,0,1,0
8561,109,132.14,Portugal,Cash Withdrawal,Mobile,3,28,274.7,1,3,0
8562,2606,72.98,Spain,Online Payment,Mobile,3,17,154.01,0,0,0
8563,1825,210.05,Spain,Cash Withdrawal,Web,11,26,114.35,0,1,0
8564,2658,289.62,Senegal,Cash Withdrawal,Web,22,26,46.71,0,2,0
8565,3824,123.97,France,Online Payment,Tablet,5,26,73.2,0,2,0
8566,2321,31.69,United Kingdom,Transfer,Tablet,0,7,241.18,1,2,0
8567,3666,169.58,France,Cash Withdrawal,Tablet,11,30,337.62,0,3,0
8568,3526,233.09,Portugal,Transfer,Tablet,11,25,159.01,0,0,0
8569,3452,327.47,Germany,Transfer,Mobile,5,18,86.76,0,0,0
8570,1484,38.53,Spain,Online Payment,Mobile,3,11,65.1,0,0,0
8571,3335,323.99,Senegal,Card Payment,Web,11,15,146.76,1,2,0
8572,845,36.58,United Kingdom,Transfer,Web,4,23,95.35,0,2,0
8573,2589,91.29,France,Card Payment,Web,2,17,66.53,0,2,0
8574,1276,45.49,France,Online Payment,Tablet,15,22,85.98,1,1,0
8575,947,467.27,United Kingdom,Transfer,Web,22,13,99.22,0,0,0
8576,344,26.01,Senegal,Cash Withdrawal,Web,17,1,61.66,0,1,0
8577,714,79.2,United Kingdom,Online Payment,Mobile,23,16,54.42,0,3,0
8578,1739,74.57,United Kingdom,Transfer,Tablet,6,20,157.88,0,3,0
8579,3143,285.45,France,Card Payment,Tablet,19,45,59.1,0,2,0
8580,1724,62.57,Portugal,Online Payment,Tablet,9,14,306.01,0,0,0
8581,1972,160.64,United Kingdom,Card Payment,Web,7,23,351.43,0,2,0
8582,561,284.18,Senegal,Online Payment,Tablet,11,13,301.94,1,0,0
8583,2523,393.41,Spain,Card Payment,Tablet,20,19,159.89,1,3,0
8584,1286,822.01,Portugal,Online Payment,Tablet,10,19,207.19,0,4,0
8585,323,319.3,Germany,Cash Withdrawal,Tablet,7,23,27.12,0,1,0
8586,344,577.19,Senegal,Cash Withdrawal,Web,20,4,258.29,0,1,0
8587,3950,24.81,Senegal,Transfer,Web,23,27,141.14,0,2,0
8588,170,199.11,Germany,Card Payment,Tablet,7,32,85.57,0,2,0
8589,696,62.16,France,Cash Withdrawal,Tablet,3,1,60.79,0,0,0
8590,593,197.32,Spain,Card Payment,Web,11,18,35.05,0,3,0
8591,3667,135.31,Senegal,Online Payment,Tablet,7,28,109.22,0,4,0
8592,1794,27.89,Senegal,Cash Withdrawal,Tablet,9,39,78.67,0,0,0
8593,1262,47.36,France,Card Payment,Mobile,14,18,140.57,0,3,0
8594,3338,60.24,Portugal,Online Payment,Tablet,15,11,80.71,0,3,0
8595,2656,382.54,United Kingdom,Online Payment,Tablet,11,22,75.29,0,1,0
8596,398,212.32,Germany,Transfer,Mobile,5,25,156.25,0,0,0
8597,3217,92.63,France,Online Payment,Mobile,1,3,263.59,0,2,0
8598,1898,1054.25,Portugal,Online Payment,Web,1,10,50.32,0,2,1
8599,3389,1563.07,United Kingdom,Card Payment,Web,23,12,63.99,0,2,1
8600,183,47.73,Germany,Cash Withdrawal,Mobile,16,36,237.86,0,3,0
8601,1748,347.8,Senegal,Card Payment,Web,16,14,82.8,0,1,0
8602,3521,212.1,Portugal,Transfer,Mobile,12,24,167.24,0,0,0
8603,1111,140.02,Senegal,Cash Withdrawal,Mobile,5,43,147.04,0,0,0
8604,3083,95.8,United Kingdom,Transfer,Tablet,13,44,61.76,0,1,0
8605,862,78.95,United Kingdom,Online Payment,Mobile,0,26,168.43,1,0,0
8606,2704,417.06,Portugal,Transfer,Mobile,16,14,68.35,0,3,0
8607,888,248.65,Spain,Card Payment,Tablet,6,27,147.19,0,1,0
8608,2626,83.06,France,Online Payment,Mobile,18,24,182.14,1,0,0
8609,3305,67.49,France,Card Payment,Tablet,17,19,44.39,0,0,0
8610,395,110.92,Germany,Cash Withdrawal,Mobile,3,25,193.92,0,3,0
8611,1907,223.24,Portugal,Cash Withdrawal,Web,13,28,68.93,0,0,0
8612,132,35.5,Spain,Online Payment,Tablet,14,22,468.18,0,1,0
8613,513,119.81,France,Online Payment,Mobile,9,17,133.85,0,1,0
8614,528,269.92,Portugal,Transfer,Mobile,16,29,53.58,1,0,0
8615,3416,47.52,Germany,Online Payment,Web,23,6,28.14,1,2,0
8616,823,119.47,Senegal,Transfer,Mobile,19,24,86.79,0,1,0
8617,1187,44.53,Spain,Transfer,Mobile,7,17,116.48,0,1,0
8618,3249,33.47,Portugal,Online Payment,Tablet,13,18,97.73,0,1,0
8619,1412,498.9,United Kingdom,Transfer,Web,13,23,72.29,0,1,0
8620,3529,93.23,Spain,Transfer,Web,13,18,170.31,0,1,0
8621,3171,276.15,United Kingdom,Card Payment,Web,6,33,184.18,0,1,0
8622,1921,102.18,Senegal,Cash Withdrawal,Web,17,19,139.38,0,0,0
8623,2192,344.43,Senegal,Transfer,Web,3,4,430.6,0,1,0
8624,770,142.88,France,Cash Withdrawal,Web,0,31,67.0,0,1,0
8625,2428,175.99,Germany,Online Payment,Web,14,18,139.97,0,0,0
8626,1753,240.53,Portugal,Cash Withdrawal,Web,22,19,110.91,0,3,0
8627,2111,273.52,Germany,Transfer,Tablet,17,25,295.56,0,0,0
8628,521,208.76,United Kingdom,Cash Withdrawal,Tablet,17,27,270.06,0,2,0
8629,1145,45.79,Senegal,Cash Withdrawal,Mobile,6,23,73.51,0,1,0
8630,852,112.0,United Kingdom,Online Payment,Web,1,4,73.16,0,3,0
8631,1324,110.47,Portugal,Online Payment,Tablet,18,15,135.57,0,1,0
8632,898,155.13,Spain,Online Payment,Web,9,42,129.52,0,3,0
8633,936,177.64,United Kingdom,Card Payment,Mobile,10,32,420.73,0,2,0
8634,2125,189.97,Portugal,Transfer,Web,2,27,102.61,1,1,0
8635,1879,55.12,France,Online Payment,Web,12,28,84.66,0,1,0
8636,3889,22.24,Portugal,Card Payment,Web,15,25,142.91,0,1,0
8637,3654,79.26,Spain,Transfer,Mobile,12,16,60.4,0,2,0
8638,1861,116.66,United Kingdom,Cash Withdrawal,Mobile,1,48,313.41,0,0,0
8639,2801,94.52,Spain,Cash Withdrawal,Mobile,18,21,190.53,0,2,0
8640,3163,109.57,Senegal,Transfer,Tablet,1,11,262.86,0,1,0
8641,3757,93.74,United Kingdom,Card Payment,Tablet,23,34,163.69,0,0,0
8642,2094,97.29,France,Online Payment,Tablet,21,11,51.55,1,1,0
8643,812,75.92,Portugal,Transfer,Mobile,6,21,89.51,1,0,1
8644,1628,87.94,Germany,Cash Withdrawal,Web,22,16,81.72,0,2,0
8645,2055,85.86,United Kingdom,Online Payment,Tablet,16,21,214.92,0,1,0
8646,2549,196.34,Germany,Cash Withdrawal,Web,16,30,77.53,0,1,0
8647,2537,141.24,Portugal,Cash Withdrawal,Web,22,25,80.44,0,1,0
8648,1198,23.85,Spain,Card Payment,Web,19,39,108.51,0,2,0
8649,2652,50.06,Spain,Card Payment,Web,18,19,53.71,0,4,0
8650,3277,205.21,France,Cash Withdrawal,Mobile,0,1,156.76,0,3,0
8651,3506,41.47,Portugal,Transfer,Mobile,15,34,204.06,0,1,0
8652,1608,39.21,Spain,Online Payment,Tablet,21,27,109.16,0,2,0
8653,1236,1499.78,France,Card Payment,Mobile,7,13,153.0,0,2,1
8654,3319,185.57,United Kingdom,Card Payment,Tablet,7,18,112.62,0,0,0
8655,3752,84.88,France,Cash Withdrawal,Mobile,3,28,230.02,0,1,0
8656,3008,44.79,Germany,Online Payment,Web,3,25,246.94,0,2,0
8657,1382,41.7,France,Cash Withdrawal,Tablet,11,19,84.36,0,3,0
8658,2917,72.78,Portugal,Online Payment,Tablet,2,35,274.49,0,0,0
8659,3222,291.62,Portugal,Transfer,Tablet,18,18,20.36,0,1,0
8660,1300,83.17,France,Online Payment,Tablet,14,8,113.12,0,1,0
8661,3077,37.45,Spain,Online Payment,Web,15,19,121.74,0,2,0
8662,2608,81.81,France,Cash Withdrawal,Web,20,13,109.32,0,1,0
8663,1150,261.85,Portugal,Transfer,Mobile,11,11,161.41,0,1,0
8664,3753,127.13,Spain,Transfer,Tablet,9,20,89.1,0,3,0
8665,2361,220.17,Spain,Cash Withdrawal,Mobile,2,25,91.47,0,2,0
8666,207,308.76,Senegal,Cash Withdrawal,Tablet,1,29,55.19,0,1,0
8667,121,23.0,France,Cash Withdrawal,Mobile,21,4,177.25,0,2,0
8668,2935,314.85,United Kingdom,Transfer,Mobile,15,12,69.03,0,0,0
8669,838,174.43,United Kingdom,Transfer,Web,2,17,48.77,0,0,0
8670,508,184.9,Spain,Online Payment,Web,5,29,210.37,0,1,0
8671,3210,92.38,Germany,Cash Withdrawal,Tablet,4,23,97.19,0,1,0
8672,728,6.65,Senegal,Card Payment,Mobile,15,28,63.89,1,1,0
8673,2220,149.08,France,Card Payment,Tablet,10,22,145.66,0,1,0
8674,3141,54.24,United Kingdom,Card Payment,Tablet,15,4,69.23,0,4,0
8675,329,129.24,France,Transfer,Web,21,25,220.09,1,0,0
8676,3825,114.93,United Kingdom,Online Payment,Mobile,19,24,79.86,0,1,0
8677,3989,86.44,Portugal,Cash Withdrawal,Mobile,19,34,70.57,0,5,0
8678,377,169.01,United Kingdom,Cash Withdrawal,Web,1,18,31.62,0,0,0
8679,2827,193.87,Spain,Online Payment,Tablet,13,23,104.65,0,1,0
8680,3472,156.77,France,Online Payment,Tablet,11,5,128.12,0,0,0
8681,396,139.68,Portugal,Online Payment,Mobile,5,11,361.3,1,2,0
8682,3963,123.92,France,Card Payment,Web,12,19,93.15,0,1,0
8683,2728,172.43,Germany,Card Payment,Mobile,4,15,94.94,0,3,0
8684,3530,41.95,Germany,Transfer,Tablet,8,37,120.34,0,3,0
8685,2072,191.5,United Kingdom,Transfer,Mobile,22,16,41.61,0,4,0
8686,2233,1056.02,Germany,Card Payment,Web,9,30,77.38,0,3,0
8687,3414,153.17,Spain,Cash Withdrawal,Tablet,19,32,96.38,1,2,0
8688,2214,55.04,Germany,Cash Withdrawal,Tablet,20,5,142.61,0,5,0
8689,2467,107.24,Portugal,Transfer,Tablet,5,10,78.0,1,2,0
8690,579,66.34,France,Online Payment,Tablet,12,22,28.78,0,0,0
8691,2806,182.22,France,Online Payment,Web,11,20,66.81,0,1,0
8692,2012,232.09,Spain,Cash Withdrawal,Web,10,18,26.12,0,1,0
8693,1584,410.24,United Kingdom,Transfer,Mobile,18,13,80.37,1,5,0
8694,1715,27.67,United Kingdom,Transfer,Mobile,16,28,78.6,1,1,0
8695,710,414.69,United Kingdom,Online Payment,Web,0,21,69.43,0,1,0
8696,1727,362.49,Germany,Cash Withdrawal,Mobile,22,43,191.08,0,1,0
8697,13,188.82,Spain,Cash Withdrawal,Web,11,28,59.03,0,3,0
8698,1817,447.51,France,Card Payment,Web,18,21,175.09,0,1,0
8699,1729,201.64,France,Transfer,Tablet,8,24,146.26,0,1,0
8700,826,189.42,Spain,Transfer,Tablet,16,9,50.6,1,1,0
8701,250,278.44,Senegal,Transfer,Web,10,33,161.73,0,1,0
8702,2164,54.9,Portugal,Online Payment,Web,3,12,242.83,0,1,0
8703,981,43.85,Spain,Online Payment,Tablet,15,24,87.42,0,1,0
8704,3100,49.52,Portugal,Transfer,Tablet,6,3,75.45,0,2,0
8705,803,155.55,Spain,Online Payment,Web,17,19,173.73,0,2,0
8706,3263,100.12,Germany,Transfer,Web,16,24,105.11,1,3,0
8707,2283,23.07,Portugal,Online Payment,Tablet,3,26,62.19,0,4,0
8708,740,15.73,Portugal,Transfer,Mobile,10,10,285.13,1,0,0
8709,2601,118.1,Spain,Transfer,Web,17,12,224.3,0,3,0
8710,2588,352.55,United Kingdom,Transfer,Mobile,18,14,24.78,0,4,1
8711,3859,115.73,Spain,Cash Withdrawal,Tablet,12,20,68.55,1,2,0
8712,855,1269.94,United Kingdom,Transfer,Tablet,19,24,480.01,0,2,1
8713,1617,510.7,Germany,Transfer,Tablet,4,10,70.01,0,0,0
8714,759,116.75,Spain,Card Payment,Mobile,14,20,50.31,0,1,0
8715,1820,152.52,Spain,Online Payment,Web,21,16,84.7,0,1,0
8716,1975,212.24,Senegal,Card Payment,Tablet,1,27,70.39,0,1,0
8717,1085,125.28,Germany,Transfer,Mobile,1,20,30.74,0,0,0
8718,1150,67.08,Senegal,Online Payment,Mobile,8,15,131.55,1,0,0
8719,2905,98.34,France,Transfer,Mobile,8,15,197.22,0,2,0
8720,2041,159.83,France,Online Payment,Web,3,13,86.4,0,0,0
8721,2481,242.98,Senegal,Online Payment,Web,2,21,201.23,0,3,0
8722,88,199.16,Germany,Transfer,Web,15,1,82.08,0,0,0
8723,3476,87.54,France,Cash Withdrawal,Web,4,23,425.43,0,1,0
8724,2144,148.02,United Kingdom,Card Payment,Mobile,14,6,98.23,1,4,0
8725,2896,355.67,United Kingdom,Transfer,Tablet,20,31,201.42,0,2,0
8726,3174,328.8,Senegal,Card Payment,Tablet,19,1,39.33,0,2,0
8727,1757,46.84,Germany,Transfer,Tablet,8,21,286.7,0,2,0
8728,1283,107.52,Portugal,Card Payment,Web,2,4,53.3,0,0,0
8729,1272,462.71,Spain,Online Payment,Tablet,7,26,40.99,0,1,0
8730,1535,199.09,United Kingdom,Transfer,Web,10,19,77.71,0,0,0
8731,1203,126.69,Spain,Online Payment,Mobile,22,20,188.41,1,0,0
8732,3761,166.4,Spain,Online Payment,Web,4,20,118.78,1,0,0
8733,1759,130.11,United Kingdom,Online Payment,Tablet,21,19,73.24,1,0,0
8734,3827,46.41,France,Transfer,Mobile,0,29,366.51,1,4,1
8735,1886,21.16,United Kingdom,Card Payment,Web,13,34,124.03,0,1,0
8736,2505,79.9,Germany,Online Payment,Tablet,18,18,123.59,0,5,0
8737,159,93.5,United Kingdom,Card Payment,Web,11,18,103.11,0,1,0
8738,2659,200.57,Spain,Card Payment,Mobile,13,23,57.63,0,0,0
8739,635,370.72,Senegal,Online Payment,Web,0,24,222.95,1,1,0
8740,3518,162.64,Spain,Card Payment,Web,11,28,152.08,0,2,0
8741,3801,110.39,Spain,Transfer,Tablet,21,5,100.68,0,0,0
8742,1059,36.88,United Kingdom,Cash Withdrawal,Web,13,21,102.24,0,0,0
8743,521,519.82,Senegal,Cash Withdrawal,Tablet,17,36,115.73,0,0,0
8744,3141,320.24,Senegal,Transfer,Tablet,18,35,83.36,0,2,0
8745,3728,257.66,Germany,Online Payment,Tablet,19,3,153.69,0,3,0
8746,977,94.48,Spain,Card Payment,Web,13,25,198.94,0,1,0
8747,171,392.69,Germany,Card Payment,Web,23,19,133.84,0,1,0
8748,2449,251.8,United Kingdom,Card Payment,Mobile,13,26,265.61,0,0,0
8749,3701,123.32,Senegal,Card Payment,Mobile,16,26,118.56,0,1,0
8750,2888,385.95,Spain,Card Payment,Mobile,14,15,112.75,0,0,0
8751,2814,101.54,Germany,Transfer,Tablet,4,2,101.24,1,3,0
8752,2234,349.34,Germany,Online Payment,Mobile,16,17,79.5,0,1,0
8753,31,35.59,Portugal,Transfer,Tablet,9,4,189.16,1,3,0
8754,2059,143.49,United Kingdom,Card Payment,Web,12,22,377.98,0,3,0
8755,778,22.52,Portugal,Card Payment,Tablet,3,8,73.64,1,2,0
8756,1076,193.87,Portugal,Cash Withdrawal,Tablet,16,1,278.27,0,4,0
8757,2512,83.18,Spain,Card Payment,Tablet,8,21,48.08,0,1,0
8758,3580,29.66,France,Online Payment,Web,9,8,150.77,0,4,0
8759,765,148.52,Germany,Card Payment,Tablet,11,27,727.41,0,1,0
8760,2169,303.86,Germany,Card Payment,Web,12,30,88.84,0,0,0
8761,3514,47.0,Portugal,Card Payment,Web,12,37,146.51,0,2,0
8762,1265,44.03,United Kingdom,Online Payment,Mobile,11,12,145.43,1,1,0
8763,3441,43.45,Portugal,Transfer,Web,1,36,106.55,0,3,0
8764,3522,110.98,Germany,Online Payment,Mobile,11,20,202.96,1,2,0
8765,86,378.29,Spain,Cash Withdrawal,Tablet,11,22,98.59,0,1,0
8766,1986,77.92,Spain,Transfer,Web,18,36,124.75,0,1,0
8767,395,132.95,Spain,Cash Withdrawal,Web,8,21,63.42,0,1,0
8768,2323,36.18,Spain,Card Payment,Tablet,6,16,166.51,0,4,0
8769,2843,327.61,Spain,Online Payment,Mobile,18,36,24.36,1,1,0
8770,1731,24.93,United Kingdom,Online Payment,Mobile,9,15,113.35,0,3,0
8771,934,115.58,France,Card Payment,Mobile,2,20,81.18,0,2,0
8772,536,144.05,Germany,Online Payment,Tablet,4,14,44.91,0,1,0
8773,2591,316.24,Spain,Card Payment,Mobile,7,9,146.96,1,1,0
8774,2201,130.24,France,Card Payment,Web,11,12,301.82,0,3,0
8775,2188,217.51,Senegal,Transfer,Web,12,27,70.43,0,2,0
8776,3613,124.23,France,Online Payment,Web,20,7,57.35,0,2,0
8777,1311,126.34,Germany,Online Payment,Web,17,23,176.46,1,4,0
8778,1367,264.31,Spain,Card Payment,Mobile,1,20,123.03,0,1,0
8779,2359,106.1,Portugal,Cash Withdrawal,Tablet,6,2,105.81,0,1,0
8780,3409,126.86,United Kingdom,Card Payment,Mobile,10,27,186.05,0,1,0
8781,2820,32.19,Portugal,Cash Withdrawal,Web,17,13,177.28,1,0,0
8782,3938,44.17,Germany,Online Payment,Tablet,22,41,80.92,0,0,0
8783,2966,200.75,Senegal,Cash Withdrawal,Tablet,16,30,588.72,0,0,0
8784,2744,104.41,Portugal,Card Payment,Web,8,22,108.89,0,1,0
8785,2444,154.91,Portugal,Cash Withdrawal,Web,3,22,61.88,0,1,0
8786,3555,74.89,Germany,Cash Withdrawal,Web,4,44,153.46,0,0,0
8787,2197,34.44,Spain,Cash Withdrawal,Web,10,10,136.75,0,2,0
8788,3579,178.23,Portugal,Online Payment,Mobile,15,12,128.44,0,2,0
8789,1776,67.11,United Kingdom,Cash Withdrawal,Tablet,19,17,114.5,1,2,0
8790,1129,119.04,United Kingdom,Transfer,Mobile,17,1,95.32,1,0,0
8791,756,356.43,Germany,Online Payment,Web,16,27,141.75,0,1,0
8792,442,133.89,Spain,Online Payment,Mobile,9,10,86.53,0,1,0
8793,2117,319.06,France,Online Payment,Mobile,22,20,75.05,0,1,0
8794,2701,97.07,United Kingdom,Transfer,Mobile,2,33,118.69,0,1,0
8795,818,26.0,Senegal,Transfer,Web,13,26,133.44,1,2,0
8796,1820,263.49,Senegal,Transfer,Web,16,14,94.04,0,1,0
8797,1257,249.87,Germany,Transfer,Web,5,8,116.28,0,4,0
8798,2542,41.29,Portugal,Card Payment,Web,12,19,92.47,1,2,0
8799,3555,46.19,Germany,Transfer,Mobile,11,29,98.94,0,4,0
8800,3879,235.56,Spain,Cash Withdrawal,Tablet,6,1,348.29,1,1,0
8801,3078,30.42,United Kingdom,Online Payment,Web,0,9,52.15,0,0,0
8802,1122,344.22,Senegal,Online Payment,Mobile,19,8,77.11,0,3,0
8803,1720,642.6,Senegal,Online Payment,Web,13,23,257.81,0,1,0
8804,2342,240.15,Senegal,Online Payment,Mobile,16,25,70.32,0,1,0
8805,1076,21.62,France,Cash Withdrawal,Mobile,2,12,39.47,0,1,0
8806,1068,245.69,United Kingdom,Cash Withdrawal,Mobile,18,27,167.49,0,1,0
8807,1186,170.08,Senegal,Cash Withdrawal,Mobile,16,28,329.62,0,1,0
8808,2242,229.4,United Kingdom,Card Payment,Mobile,13,4,105.87,0,1,0
8809,1850,36.32,Senegal,Online Payment,Web,19,6,83.96,0,3,0
8810,1333,101.7,France,Transfer,Web,22,16,47.7,0,3,0
8811,83,327.51,Senegal,Cash Withdrawal,Web,19,25,125.48,1,0,0
8812,2758,55.14,Senegal,Online Payment,Tablet,9,11,72.7,0,2,0
8813,1942,79.06,France,Transfer,Web,13,24,72.15,0,1,0
8814,30,58.41,Portugal,Card Payment,Mobile,8,1,70.27,1,2,0
8815,282,21.91,Senegal,Card Payment,Web,3,27,67.04,0,3,0
8816,419,51.17,Portugal,Cash Withdrawal,Web,3,32,84.24,0,1,0
8817,1146,112.76,Spain,Cash Withdrawal,Web,17,17,143.93,0,2,0
8818,3513,72.58,France,Online Payment,Tablet,1,35,44.38,0,1,0
8819,2437,128.39,Germany,Online Payment,Tablet,2,25,81.87,0,0,0
8820,2192,69.86,United Kingdom,Transfer,Tablet,16,27,56.53,0,2,0
8821,2216,319.05,United Kingdom,Transfer,Web,22,21,99.76,0,2,0
8822,3627,63.09,Senegal,Card Payment,Web,0,21,105.45,0,0,0
8823,1578,24.58,United Kingdom,Cash Withdrawal,Web,0,11,42.12,0,1,0
8824,1547,115.77,Portugal,Card Payment,Web,11,3,225.17,0,1,0
8825,2500,112.68,Spain,Card Payment,Tablet,2,11,155.58,0,3,0
8826,865,512.8,Senegal,Card Payment,Mobile,15,21,274.06,0,4,0
8827,2927,34.64,France,Online Payment,Mobile,5,18,177.8,0,0,0
8828,3411,40.09,Germany,Cash Withdrawal,Mobile,8,18,125.15,0,2,0
8829,2659,59.99,Germany,Card Payment,Web,18,24,74.51,1,5,0
8830,1461,331.84,France,Cash Withdrawal,Mobile,5,14,118.42,0,1,0
8831,3731,195.72,United Kingdom,Cash Withdrawal,Tablet,6,36,209.31,1,1,0
8832,3119,159.71,United Kingdom,Transfer,Tablet,14,9,138.9,0,0,0
8833,3455,63.24,United Kingdom,Card Payment,Mobile,21,22,120.99,0,0,0
8834,2407,346.02,Germany,Cash Withdrawal,Mobile,13,14,115.7,1,2,0
8835,254,28.27,Portugal,Card Payment,Tablet,17,5,87.92,0,0,0
8836,1914,255.03,United Kingdom,Card Payment,Tablet,10,13,74.07,1,3,0
8837,993,383.82,Senegal,Online Payment,Web,2,20,84.57,0,0,0
8838,3501,32.19,Senegal,Transfer,Web,11,31,69.51,0,1,0
8839,3988,207.06,Portugal,Transfer,Tablet,11,27,89.43,0,3,0
8840,710,43.96,Germany,Card Payment,Mobile,13,3,55.58,1,3,0
8841,2356,420.65,Portugal,Transfer,Mobile,6,21,75.72,0,0,0
8842,3486,313.33,Germany,Transfer,Tablet,20,29,178.85,0,3,0
8843,1232,103.18,United Kingdom,Transfer,Mobile,10,31,128.63,1,1,0
8844,3553,175.0,Germany,Cash Withdrawal,Mobile,19,4,213.25,0,2,0
8845,1456,16.34,Germany,Cash Withdrawal,Web,3,35,110.92,0,4,0
8846,3319,416.38,Spain,Cash Withdrawal,Web,6,10,149.33,0,3,0
8847,1671,297.37,Germany,Cash Withdrawal,Web,1,1,109.04,0,3,0
8848,321,270.94,France,Transfer,Tablet,2,29,27.25,0,4,0
8849,3821,432.16,Portugal,Online Payment,Web,6,9,38.24,0,3,0
8850,1073,195.35,France,Card Payment,Web,9,1,44.94,0,3,0
8851,3248,67.19,United Kingdom,Cash Withdrawal,Tablet,10,23,202.22,0,1,0
8852,2310,358.16,Spain,Transfer,Tablet,13,27,70.16,0,2,0
8853,2302,24.58,Portugal,Transfer,Web,4,21,130.52,0,1,0
8854,148,47.75,Spain,Transfer,Web,22,26,131.6,0,2,0
8855,709,103.18,Senegal,Cash Withdrawal,Mobile,15,13,201.93,0,3,0
8856,3235,301.97,Germany,Online Payment,Mobile,13,23,87.2,0,1,0
8857,2623,49.4,Spain,Transfer,Tablet,8,24,69.18,0,0,0
8858,1949,39.74,United Kingdom,Online Payment,Mobile,0,22,86.16,0,2,0
8859,315,93.3,Senegal,Transfer,Mobile,5,27,67.79,0,3,0
8860,573,90.21,France,Cash Withdrawal,Web,3,24,204.44,0,0,0
8861,1711,245.03,Spain,Transfer,Mobile,6,8,141.89,0,2,0
8862,1063,163.45,Senegal,Cash Withdrawal,Mobile,5,14,148.17,0,2,0
8863,546,137.82,Germany,Transfer,Mobile,9,12,177.04,0,2,0
8864,1945,49.43,Senegal,Cash Withdrawal,Tablet,1,6,253.72,0,2,0
8865,2531,72.4,Germany,Online Payment,Tablet,14,19,76.5,0,2,0
8866,133,57.91,Senegal,Card Payment,Tablet,11,20,165.03,0,0,0
8867,732,86.71,Germany,Cash Withdrawal,Mobile,6,21,196.2,0,2,0
8868,1611,283.6,France,Cash Withdrawal,Web,8,26,184.02,0,3,0
8869,851,70.87,France,Online Payment,Tablet,18,30,154.69,0,2,0
8870,3590,59.76,United Kingdom,Online Payment,Mobile,18,8,80.36,0,1,0
8871,2881,143.63,Spain,Card Payment,Web,9,28,220.3,0,1,0
8872,3961,155.05,Spain,Online Payment,Web,20,9,82.46,0,1,0
8873,28,53.7,France,Transfer,Web,13,24,141.05,0,1,0
8874,2390,222.08,France,Card Payment,Tablet,19,22,125.73,0,0,0
8875,2085,87.96,Spain,Card Payment,Tablet,23,6,121.21,0,2,0
8876,2297,30.14,Germany,Online Payment,Tablet,12,13,135.97,0,2,0
8877,891,136.9,Portugal,Card Payment,Tablet,20,10,104.58,1,1,0
8878,2328,40.33,United Kingdom,Online Payment,Web,12,37,121.05,1,2,0
8879,2702,221.5,Senegal,Card Payment,Mobile,4,6,125.17,0,1,0
8880,464,106.78,Germany,Cash Withdrawal,Tablet,12,9,202.49,0,1,0
8881,3774,132.42,Germany,Transfer,Web,6,18,80.83,0,1,0
8882,141,200.96,France,Online Payment,Web,13,13,116.44,0,1,0
8883,3831,225.55,Spain,Cash Withdrawal,Tablet,23,14,103.85,0,2,0
8884,1578,103.92,France,Card Payment,Mobile,22,24,256.37,0,2,0
8885,3536,457.78,Senegal,Cash Withdrawal,Tablet,19,21,76.44,0,3,0
8886,3224,101.26,Spain,Online Payment,Tablet,11,22,67.45,0,6,0
8887,824,86.35,Senegal,Card Payment,Web,11,35,120.62,0,1,0
8888,186,126.74,France,Card Payment,Tablet,4,25,117.82,0,0,0
8889,170,64.22,Spain,Cash Withdrawal,Tablet,12,8,147.58,0,0,0
8890,1359,114.76,Spain,Cash Withdrawal,Mobile,8,15,80.98,0,1,0
8891,1073,127.92,Spain,Cash Withdrawal,Web,5,24,154.39,0,3,0
8892,2897,204.46,Spain,Online Payment,Mobile,13,20,191.99,1,1,0
8893,21,105.82,Spain,Card Payment,Tablet,1,1,36.83,0,2,0
8894,2353,80.87,Portugal,Card Payment,Web,3,27,95.45,0,0,0
8895,426,29.35,United Kingdom,Card Payment,Web,1,27,71.94,0,1,1
8896,325,179.74,Portugal,Transfer,Tablet,8,13,81.57,0,0,0
8897,662,184.53,Spain,Online Payment,Mobile,13,34,69.53,0,2,0
8898,704,58.56,Germany,Cash Withdrawal,Web,4,3,162.49,0,2,0
8899,898,53.86,Portugal,Transfer,Web,10,10,76.81,0,2,0
8900,1630,235.7,Senegal,Cash Withdrawal,Mobile,8,28,147.71,1,2,0
8901,1858,68.03,United Kingdom,Cash Withdrawal,Mobile,11,10,91.94,0,2,0
8902,2865,50.04,Portugal,Online Payment,Tablet,20,26,77.84,0,2,0
8903,1853,174.86,Germany,Transfer,Mobile,18,15,75.63,1,0,0
8904,419,315.06,France,Transfer,Web,12,4,306.16,0,4,0
8905,3620,33.8,France,Card Payment,Tablet,15,12,209.61,1,0,1
8906,3121,174.43,Germany,Card Payment,Tablet,13,12,110.43,0,2,0
8907,3744,186.86,Senegal,Cash Withdrawal,Tablet,2,17,132.99,1,0,0
8908,874,162.3,France,Card Payment,Web,1,22,117.77,1,0,0
8909,3668,354.52,France,Transfer,Web,19,33,51.51,0,0,0
8910,211,24.15,United Kingdom,Transfer,Web,15,14,36.74,0,2,0
8911,738,380.56,United Kingdom,Transfer,Web,2,24,179.73,0,2,1
8912,471,350.08,United Kingdom,Transfer,Mobile,7,21,117.15,1,0,0
8913,3559,36.04,France,Cash Withdrawal,Web,18,33,276.62,0,1,0
8914,1823,87.64,United Kingdom,Card Payment,Mobile,7,9,95.19,1,0,0
8915,375,286.87,Spain,Online Payment,Tablet,7,38,68.45,0,1,0
8916,3075,112.15,Portugal,Cash Withdrawal,Mobile,4,18,524.39,0,2,0
8917,356,26.17,United Kingdom,Cash Withdrawal,Mobile,0,40,136.64,0,1,0
8918,121,162.36,France,Cash Withdrawal,Tablet,18,23,59.8,1,1,0
8919,3363,78.0,Germany,Cash Withdrawal,Mobile,22,1,146.58,0,1,0
8920,849,215.27,Germany,Cash Withdrawal,Web,22,18,348.23,0,2,0
8921,3801,247.29,United Kingdom,Cash Withdrawal,Mobile,5,22,46.56,0,1,0
8922,871,621.93,France,Cash Withdrawal,Tablet,6,35,114.06,0,0,0
8923,1315,160.14,Portugal,Transfer,Tablet,19,22,319.47,0,0,0
8924,868,351.53,Portugal,Cash Withdrawal,Tablet,13,53,146.26,0,0,0
8925,1292,68.81,Spain,Transfer,Tablet,7,29,73.3,0,1,0
8926,2489,421.72,Germany,Card Payment,Tablet,12,26,50.21,0,2,0
8927,1182,114.01,Senegal,Transfer,Mobile,22,32,23.75,0,3,0
8928,313,187.35,United Kingdom,Cash Withdrawal,Mobile,4,30,98.7,0,0,0
8929,2061,57.73,France,Card Payment,Web,10,1,70.28,1,1,0
8930,581,192.24,Germany,Card Payment,Mobile,20,25,135.76,0,2,0
8931,419,113.54,Senegal,Cash Withdrawal,Mobile,12,20,80.0,0,3,0
8932,824,109.03,Germany,Cash Withdrawal,Mobile,14,20,245.44,0,2,0
8933,768,36.17,Germany,Cash Withdrawal,Tablet,10,16,94.67,0,3,0
8934,1993,189.31,Germany,Online Payment,Tablet,13,21,18.05,0,1,0
8935,1964,72.22,Portugal,Transfer,Web,19,17,82.67,0,3,0
8936,20,100.39,Senegal,Transfer,Mobile,7,24,250.12,1,3,0
8937,2298,212.33,Portugal,Transfer,Mobile,14,3,246.18,1,1,0
8938,1709,253.69,Portugal,Online Payment,Mobile,19,30,198.86,0,1,0
8939,3510,153.58,Spain,Cash Withdrawal,Tablet,3,20,104.55,0,2,0
8940,1263,26.48,Portugal,Online Payment,Web,13,22,54.12,0,1,0
8941,3028,639.82,Senegal,Transfer,Tablet,9,21,169.35,0,1,0
8942,2831,181.93,France,Online Payment,Mobile,13,7,309.92,0,1,0
8943,646,98.63,Spain,Online Payment,Tablet,10,10,116.85,0,4,0
8944,3190,117.47,Senegal,Card Payment,Tablet,12,6,148.46,0,1,0
8945,1510,154.56,Spain,Transfer,Tablet,6,31,168.28,0,1,0
8946,3889,291.45,Germany,Card Payment,Tablet,16,10,50.19,0,1,0
8947,1735,76.16,Spain,Card Payment,Mobile,1,14,96.8,0,0,0
8948,912,48.66,United Kingdom,Online Payment,Tablet,23,20,128.74,0,1,0
8949,321,425.7,France,Card Payment,Mobile,15,8,108.04,0,1,0
8950,2663,181.27,France,Transfer,Tablet,20,6,160.89,0,0,0
8951,2349,37.12,United Kingdom,Card Payment,Tablet,21,20,127.87,1,1,0
8952,3902,134.54,Senegal,Online Payment,Mobile,4,16,54.59,0,1,0
8953,994,406.73,United Kingdom,Transfer,Mobile,7,31,131.0,0,1,0
8954,1472,75.57,Senegal,Card Payment,Tablet,3,41,209.15,0,3,0
8955,2540,434.94,Spain,Online Payment,Tablet,15,13,101.41,0,0,0
8956,3374,148.14,Portugal,Online Payment,Tablet,5,14,112.97,0,1,0
8957,1598,619.74,Germany,Transfer,Mobile,12,14,42.28,1,4,0
8958,1201,111.99,France,Transfer,Tablet,12,9,87.0,0,2,0
8959,3425,262.06,Germany,Cash Withdrawal,Mobile,9,13,128.68,0,3,0
8960,2085,62.66,Germany,Cash Withdrawal,Web,8,12,116.6,0,1,0
8961,636,127.72,Senegal,Online Payment,Tablet,2,26,192.0,0,3,0
8962,3459,302.92,Spain,Cash Withdrawal,Tablet,19,6,71.19,0,2,0
8963,2880,85.03,Germany,Transfer,Mobile,5,23,78.13,0,0,0
8964,258,414.03,France,Card Payment,Mobile,16,12,159.62,0,4,0
8965,895,54.69,Spain,Card Payment,Web,2,13,223.51,0,4,0
8966,3092,122.75,Senegal,Online Payment,Tablet,13,8,102.52,0,0,0
8967,2563,42.64,United Kingdom,Card Payment,Web,8,17,131.11,0,1,0
8968,3556,171.89,United Kingdom,Cash Withdrawal,Mobile,5,34,265.24,0,3,0
8969,2420,31.02,France,Card Payment,Mobile,22,18,164.53,0,1,0
8970,2662,118.31,United Kingdom,Card Payment,Web,2,14,147.45,0,3,0
8971,2802,47.41,Germany,Transfer,Web,1,9,135.95,0,2,0
8972,1354,163.01,Senegal,Online Payment,Mobile,4,1,139.51,0,0,0
8973,2008,133.12,Senegal,Cash Withdrawal,Web,22,15,37.85,0,2,0
8974,995,73.08,Germany,Online Payment,Mobile,5,22,82.0,0,2,0
8975,2462,221.34,United Kingdom,Card Payment,Tablet,10,25,153.23,1,2,0
8976,3261,282.89,Spain,Transfer,Tablet,11,22,104.08,1,1,0
8977,1290,64.31,Germany,Card Payment,Mobile,13,21,116.56,0,2,0
8978,2927,165.36,Germany,Online Payment,Tablet,8,40,280.51,0,1,0
8979,779,172.52,France,Card Payment,Mobile,1,35,130.59,0,0,0
8980,2658,154.27,Senegal,Cash Withdrawal,Tablet,21,12,78.18,0,2,0
8981,3437,275.26,Senegal,Cash Withdrawal,Tablet,2,19,125.04,0,2,0
8982,218,193.38,Senegal,Cash Withdrawal,Web,1,20,74.75,1,1,0
8983,1519,97.24,France,Cash Withdrawal,Tablet,18,15,169.43,0,1,0
8984,2090,20.34,Spain,Card Payment,Mobile,8,13,53.15,0,0,0
8985,3478,129.98,France,Transfer,Web,13,18,79.74,0,0,0
8986,2029,105.77,Germany,Online Payment,Mobile,4,24,137.68,0,2,0
8987,2389,127.36,France,Online Payment,Tablet,20,29,145.56,0,1,0
8988,1920,54.51,Spain,Online Payment,Mobile,17,18,69.07,1,2,0
8989,3457,108.65,Spain,Transfer,Web,15,14,108.33,0,2,0
8990,188,128.12,United Kingdom,Card Payment,Mobile,20,32,106.32,0,2,0
8991,1047,91.78,Germany,Transfer,Mobile,20,19,244.1,0,2,0
8992,2119,197.42,France,Card Payment,Mobile,3,39,48.69,0,0,0
8993,3435,190.46,Spain,Transfer,Web,20,31,168.12,0,0,0
8994,3029,143.11,United Kingdom,Transfer,Mobile,8,15,83.54,0,3,0
8995,2323,218.34,Germany,Cash Withdrawal,Mobile,10,22,50.1,0,3,0
8996,2375,196.71,Senegal,Card Payment,Mobile,18,12,26.02,0,0,0
8997,2992,45.8,Spain,Transfer,Mobile,8,18,74.23,0,2,0
8998,426,121.43,Spain,Cash Withdrawal,Mobile,21,13,134.53,1,1,0
8999,879,500.59,Senegal,Online Payment,Web,12,17,109.07,1,2,1
9000,2879,230.12,Senegal,Online Payment,Tablet,23,23,186.88,0,0,0
9001,3502,18.84,Germany,Cash Withdrawal,Tablet,17,1,269.69,0,1,0
9002,2626,301.35,Senegal,Online Payment,Mobile,16,25,167.66,0,1,0
9003,3414,28.74,Senegal,Card Payment,Tablet,12,15,95.43,0,3,0
9004,928,138.39,United Kingdom,Cash Withdrawal,Web,1,35,77.55,0,2,0
9005,3485,254.55,United Kingdom,Online Payment,Web,5,12,147.69,1,1,0
9006,2338,237.84,Germany,Transfer,Tablet,12,28,100.67,0,2,0
9007,2388,90.01,Senegal,Online Payment,Mobile,21,34,36.98,0,1,0
9008,3775,473.51,United Kingdom,Card Payment,Web,23,11,79.57,0,1,0
9009,280,150.45,Spain,Card Payment,Mobile,14,1,99.8,1,0,0
9010,1735,176.88,Spain,Online Payment,Mobile,14,31,82.27,1,1,0
9011,3252,100.84,United Kingdom,Transfer,Web,16,24,186.4,0,1,0
9012,3780,454.37,Portugal,Card Payment,Web,15,17,30.02,1,0,0
9013,1500,150.37,Portugal,Online Payment,Mobile,5,1,31.31,0,2,0
9014,3938,86.31,United Kingdom,Online Payment,Tablet,8,39,113.87,1,3,0
9015,1619,237.86,Germany,Online Payment,Web,3,9,276.46,0,1,0
9016,3870,60.11,Senegal,Card Payment,Mobile,4,29,165.08,1,2,0
9017,429,90.08,Spain,Card Payment,Tablet,10,26,91.82,0,2,0
9018,786,99.15,United Kingdom,Online Payment,Web,20,4,91.61,0,3,0
9019,3884,305.21,Germany,Transfer,Web,23,11,115.47,0,0,0
9020,1886,21.75,Germany,Card Payment,Web,0,24,164.98,0,1,0
9021,3593,83.04,France,Transfer,Web,19,19,57.17,0,4,0
9022,1058,42.06,Spain,Card Payment,Tablet,13,31,245.57,1,3,0
9023,3113,87.5,Portugal,Transfer,Mobile,8,25,62.45,0,2,0
9024,660,34.03,Spain,Online Payment,Tablet,11,18,131.26,0,0,0
9025,508,91.22,Portugal,Card Payment,Mobile,22,15,56.78,0,2,0
9026,2229,178.87,Spain,Transfer,Mobile,18,20,67.09,1,4,1
9027,1013,265.09,Germany,Online Payment,Web,17,15,153.38,0,1,0
9028,3660,280.71,Portugal,Card Payment,Mobile,9,12,81.79,1,0,0
9029,1364,84.19,Portugal,Card Payment,Mobile,11,23,117.59,0,1,0
9030,2755,118.3,Portugal,Card Payment,Tablet,10,29,156.64,0,2,0
9031,3757,67.63,Germany,Card Payment,Web,12,23,172.67,0,3,0
9032,279,14.59,Spain,Card Payment,Tablet,6,11,136.74,0,2,0
9033,1093,57.36,Spain,Transfer,Web,4,6,52.73,0,0,0
9034,1699,198.85,Senegal,Online Payment,Tablet,6,13,102.54,0,3,0
9035,3960,57.46,Germany,Card Payment,Web,22,19,72.02,0,1,0
9036,1684,106.14,Portugal,Cash Withdrawal,Tablet,5,16,110.86,0,1,0
9037,1465,121.72,United Kingdom,Online Payment,Tablet,17,28,92.61,0,0,0
9038,1085,68.32,Senegal,Transfer,Web,10,9,115.76,0,1,0
9039,3082,111.39,Germany,Card Payment,Web,1,36,89.18,0,2,0
9040,1936,406.12,United Kingdom,Cash Withdrawal,Mobile,10,45,76.8,0,0,0
9041,3452,87.77,Spain,Card Payment,Tablet,23,27,154.84,0,2,0
9042,3584,143.63,Portugal,Online Payment,Web,16,48,90.86,0,1,0
9043,3539,57.99,Senegal,Card Payment,Mobile,18,24,106.47,1,4,0
9044,2153,66.48,Germany,Card Payment,Web,8,23,57.64,0,0,0
9045,3587,72.54,France,Card Payment,Mobile,7,23,221.25,0,2,0
9046,2689,70.28,Spain,Cash Withdrawal,Mobile,17,14,162.01,0,1,0
9047,2236,100.71,Portugal,Card Payment,Web,0,16,308.71,0,1,0
9048,1945,70.67,Spain,Online Payment,Tablet,23,15,77.26,0,3,0
9049,1803,65.61,France,Transfer,Web,21,12,255.1,0,1,0
9050,953,157.6,Senegal,Card Payment,Mobile,9,8,104.86,0,2,0
9051,1626,165.0,Portugal,Cash Withdrawal,Mobile,5,26,94.41,0,2,0
9052,3857,49.62,Senegal,Cash Withdrawal,Web,19,33,102.73,0,2,0
9053,1996,165.67,Germany,Transfer,Mobile,15,14,134.94,0,3,1
9054,2542,68.5,Senegal,Cash Withdrawal,Web,14,21,190.32,0,3,0
9055,2445,52.29,Spain,Cash Withdrawal,Mobile,2,27,138.87,0,3,0
9056,3441,65.42,United Kingdom,Online Payment,Tablet,5,15,107.88,0,2,0
9057,545,98.2,Senegal,Card Payment,Tablet,20,2,110.0,0,3,0
9058,106,123.4,United Kingdom,Online Payment,Tablet,22,13,167.87,0,2,0
9059,3294,140.55,Senegal,Cash Withdrawal,Web,8,22,385.33,1,2,0
9060,3453,154.41,Germany,Transfer,Mobile,11,26,108.22,0,2,0
9061,2036,153.44,United Kingdom,Online Payment,Mobile,5,28,63.37,1,2,0
9062,1308,101.47,Spain,Transfer,Tablet,6,37,158.64,0,2,0
9063,795,52.01,Germany,Card Payment,Mobile,23,25,130.43,0,3,0
9064,1608,17.06,Portugal,Card Payment,Tablet,14,5,69.26,0,2,0
9065,887,275.47,France,Cash Withdrawal,Tablet,19,20,191.36,0,3,0
9066,932,259.24,Portugal,Online Payment,Web,11,18,85.01,0,0,0
9067,3785,41.39,United Kingdom,Online Payment,Web,17,20,101.11,0,1,0
9068,1136,178.04,Senegal,Cash Withdrawal,Tablet,9,32,154.99,0,1,0
9069,2301,67.61,Spain,Card Payment,Web,14,20,87.5,0,2,0
9070,3832,488.55,United Kingdom,Online Payment,Web,16,31,142.79,0,0,0
9071,2250,117.3,United Kingdom,Online Payment,Web,11,24,96.53,1,2,0
9072,736,225.61,United Kingdom,Transfer,Web,18,21,129.34,0,4,0
9073,2792,81.43,France,Cash Withdrawal,Mobile,12,29,265.47,0,3,0
9074,2136,193.1,Germany,Transfer,Web,3,7,122.93,1,1,0
9075,2173,38.41,Germany,Transfer,Web,20,30,86.75,1,1,0
9076,3696,250.9,Germany,Online Payment,Web,9,15,79.96,0,2,0
9077,807,118.09,Spain,Online Payment,Tablet,23,15,68.65,1,1,0
9078,75,338.24,France,Card Payment,Tablet,17,19,150.87,0,1,0
9079,3909,321.92,France,Online Payment,Web,18,22,154.86,0,1,0
9080,3584,1013.59,Germany,Online Payment,Web,21,27,154.97,0,1,0
9081,3766,46.37,France,Card Payment,Web,21,20,291.68,0,2,0
9082,3447,170.91,United Kingdom,Online Payment,Tablet,9,19,106.76,0,3,0
9083,286,128.42,Germany,Transfer,Web,13,2,138.09,0,1,0
9084,1658,133.1,United Kingdom,Card Payment,Web,7,6,72.91,1,1,0
9085,3655,48.37,Senegal,Transfer,Tablet,16,9,115.3,1,1,0
9086,2629,172.96,Germany,Card Payment,Tablet,23,21,117.53,0,3,0
9087,2085,140.82,Germany,Cash Withdrawal,Mobile,20,18,87.21,0,1,0
9088,3309,272.34,Senegal,Card Payment,Web,0,13,84.09,0,2,0
9089,2322,122.68,France,Online Payment,Web,1,9,65.62,1,1,0
9090,2817,235.88,United Kingdom,Cash Withdrawal,Tablet,5,29,87.92,0,1,0
9091,3023,831.38,France,Cash Withdrawal,Web,11,30,219.03,0,0,0
9092,3831,40.02,Portugal,Cash Withdrawal,Tablet,15,10,86.02,0,1,0
9093,3966,58.77,France,Cash Withdrawal,Mobile,12,19,131.52,0,1,0
9094,3854,70.31,France,Transfer,Web,22,27,62.58,1,0,0
9095,331,20.05,Spain,Card Payment,Mobile,4,21,152.77,1,2,0
9096,2126,194.49,Senegal,Card Payment,Tablet,17,6,221.21,0,3,0
9097,1291,9.12,United Kingdom,Cash Withdrawal,Web,21,20,44.23,0,4,0
9098,2643,62.67,France,Transfer,Tablet,5,12,78.81,0,3,0
9099,772,533.76,France,Card Payment,Tablet,20,23,297.48,0,0,0
9100,3326,204.49,Portugal,Cash Withdrawal,Tablet,16,4,57.77,0,1,0
9101,2627,190.58,Senegal,Cash Withdrawal,Web,19,19,56.51,0,1,0
9102,846,122.37,France,Online Payment,Web,16,37,155.06,0,3,0
9103,581,90.55,Germany,Card Payment,Tablet,6,27,70.82,0,5,0
9104,1063,97.11,United Kingdom,Online Payment,Tablet,16,25,67.58,0,3,0
9105,2517,295.48,Portugal,Card Payment,Tablet,1,39,87.78,0,1,0
9106,116,284.96,Spain,Cash Withdrawal,Web,16,5,141.82,0,3,0
9107,1707,185.44,France,Online Payment,Web,12,17,101.9,0,1,0
9108,3669,449.44,Spain,Online Payment,Mobile,8,20,66.76,0,2,0
9109,3719,132.96,France,Card Payment,Mobile,23,18,116.23,0,1,0
9110,573,93.92,Portugal,Card Payment,Tablet,5,35,118.43,0,1,0
9111,2808,152.12,Spain,Card Payment,Tablet,16,9,126.5,1,0,0
9112,567,330.33,Senegal,Transfer,Mobile,10,18,113.46,0,4,0
9113,2644,67.96,Portugal,Cash Withdrawal,Mobile,6,9,104.2,0,1,0
9114,1330,420.0,United Kingdom,Card Payment,Tablet,12,8,69.97,0,0,0
9115,942,119.15,Germany,Card Payment,Mobile,17,7,163.5,0,2,0
9116,1951,14.44,United Kingdom,Card Payment,Tablet,1,17,78.17,0,1,0
9117,649,174.39,Portugal,Online Payment,Mobile,15,37,70.46,0,2,0
9118,1902,342.88,Spain,Cash Withdrawal,Mobile,5,31,122.59,0,0,0
9119,3608,286.38,Spain,Cash Withdrawal,Web,8,23,33.48,0,1,0
9120,3181,115.42,Senegal,Transfer,Mobile,6,23,95.75,0,2,0
9121,2720,193.06,United Kingdom,Cash Withdrawal,Mobile,14,29,340.11,0,0,0
9122,1971,15.4,France,Card Payment,Tablet,11,23,75.96,0,6,0
9123,317,250.84,Spain,Online Payment,Tablet,8,28,108.31,0,0,0
9124,2510,104.59,Germany,Transfer,Mobile,8,1,164.46,0,4,0
9125,2787,333.74,Portugal,Card Payment,Mobile,11,16,241.57,0,1,0
9126,2054,297.25,Spain,Transfer,Tablet,19,21,52.24,0,1,0
9127,1955,691.87,Spain,Card Payment,Web,3,15,138.06,1,0,0
9128,1352,212.72,Germany,Card Payment,Tablet,13,25,19.81,0,3,0
9129,2041,245.39,Spain,Transfer,Web,8,1,143.91,0,2,0
9130,1231,99.82,Portugal,Online Payment,Web,20,20,48.3,0,3,0
9131,423,84.53,France,Card Payment,Web,22,27,37.73,0,0,0
9132,3416,101.38,Germany,Transfer,Mobile,21,1,65.51,1,2,0
9133,1586,138.26,United Kingdom,Cash Withdrawal,Tablet,23,27,39.58,0,0,0
9134,2343,64.15,United Kingdom,Online Payment,Tablet,9,28,383.05,0,2,0
9135,408,54.79,Senegal,Card Payment,Mobile,11,33,28.17,0,0,0
9136,2917,151.45,Germany,Transfer,Web,6,29,124.49,0,0,0
9137,1940,29.3,United Kingdom,Card Payment,Mobile,15,7,100.18,0,1,0
9138,1593,62.4,United Kingdom,Transfer,Mobile,23,10,108.21,1,2,0
9139,3200,84.37,Germany,Transfer,Tablet,17,30,70.64,1,1,0
9140,3998,62.94,Germany,Cash Withdrawal,Tablet,15,21,78.58,1,2,0
9141,3377,158.32,United Kingdom,Card Payment,Tablet,23,17,82.72,0,2,0
9142,3366,137.68,Germany,Cash Withdrawal,Mobile,23,7,82.66,0,2,0
9143,1416,304.06,Germany,Transfer,Mobile,18,32,114.02,0,3,1
9144,300,80.83,Senegal,Card Payment,Tablet,15,21,81.67,1,2,0
9145,17,61.4,Senegal,Transfer,Mobile,4,1,94.59,0,1,0
9146,538,283.95,Portugal,Transfer,Mobile,17,8,92.16,0,1,0
9147,1472,64.66,Germany,Card Payment,Tablet,18,18,124.19,0,1,0
9148,1569,211.19,Senegal,Online Payment,Mobile,0,15,55.6,0,1,0
9149,3537,63.31,Spain,Transfer,Web,14,25,42.31,0,2,0
9150,2515,426.64,Portugal,Card Payment,Mobile,15,37,30.67,0,0,0
9151,1607,13.29,Germany,Cash Withdrawal,Mobile,23,19,220.07,0,0,0
9152,2981,84.08,Spain,Cash Withdrawal,Web,22,20,50.02,0,1,0
9153,1905,28.02,France,Card Payment,Web,0,24,97.79,0,3,0
9154,218,441.04,France,Cash Withdrawal,Web,0,24,144.4,0,1,0
9155,817,71.46,France,Online Payment,Mobile,22,32,60.28,0,4,0
9156,3459,97.1,United Kingdom,Card Payment,Tablet,13,28,281.16,0,0,0
9157,3140,65.62,Portugal,Cash Withdrawal,Web,9,17,209.98,0,1,0
9158,1913,101.8,Germany,Cash Withdrawal,Web,19,17,60.66,0,2,0
9159,680,160.79,Portugal,Cash Withdrawal,Mobile,0,29,40.85,1,2,0
9160,56,183.06,Portugal,Card Payment,Mobile,14,18,155.47,0,1,0
9161,1111,140.21,Germany,Card Payment,Mobile,15,1,40.06,0,2,0
9162,781,515.02,France,Transfer,Web,23,20,121.62,0,3,0
9163,2826,59.62,France,Transfer,Web,13,29,179.06,0,5,0
9164,2631,830.97,Portugal,Transfer,Mobile,23,26,36.02,0,1,0
9165,474,362.58,United Kingdom,Cash Withdrawal,Mobile,15,34,96.76,0,2,0
9166,2208,157.9,Germany,Online Payment,Mobile,1,16,100.04,0,1,0
9167,78,71.32,United Kingdom,Card Payment,Mobile,16,19,46.8,0,0,0
9168,2998,183.33,United Kingdom,Online Payment,Tablet,7,1,189.12,0,3,0
9169,845,164.77,United Kingdom,Card Payment,Web,1,4,120.44,1,3,0
9170,2631,140.83,Portugal,Online Payment,Mobile,2,18,513.46,0,3,0
9171,1424,360.48,Portugal,Cash Withdrawal,Tablet,16,17,165.36,1,4,1
9172,1970,89.22,United Kingdom,Online Payment,Web,14,37,106.91,0,2,0
9173,869,431.88,Senegal,Transfer,Tablet,23,12,42.26,0,2,0
9174,2012,83.6,Senegal,Cash Withdrawal,Web,8,32,53.7,0,2,0
9175,1310,141.04,Senegal,Card Payment,Tablet,6,13,40.91,0,1,0
9176,2075,27.54,United Kingdom,Cash Withdrawal,Mobile,17,18,267.31,0,0,0
9177,925,822.32,France,Online Payment,Tablet,8,17,97.1,0,0,0
9178,270,49.78,Germany,Online Payment,Mobile,7,31,162.36,0,0,0
9179,156,75.28,Senegal,Card Payment,Web,11,1,144.66,0,1,0
9180,1207,638.75,Portugal,Online Payment,Mobile,5,33,103.42,0,1,0
9181,2569,400.33,Senegal,Transfer,Web,5,14,126.39,0,2,0
9182,1285,52.31,Germany,Card Payment,Web,22,15,119.24,1,0,0
9183,1777,173.19,Spain,Online Payment,Mobile,19,26,170.95,0,2,0
9184,3539,96.13,Senegal,Card Payment,Tablet,17,12,256.88,0,1,0
9185,3538,128.3,Senegal,Card Payment,Web,10,8,256.59,0,0,0
9186,1479,39.33,Spain,Transfer,Mobile,18,14,90.84,0,1,0
9187,812,55.46,Portugal,Online Payment,Mobile,3,23,102.38,0,0,0
9188,3869,201.14,France,Online Payment,Tablet,3,18,92.91,0,1,0
9189,2701,89.11,Germany,Cash Withdrawal,Tablet,12,33,131.77,0,1,0
9190,3693,147.72,United Kingdom,Cash Withdrawal,Tablet,12,30,48.61,0,3,0
9191,695,325.43,France,Card Payment,Web,18,3,105.77,0,3,0
9192,628,74.1,United Kingdom,Cash Withdrawal,Tablet,7,22,167.51,1,0,0
9193,3413,84.37,United Kingdom,Card Payment,Tablet,22,1,67.04,0,1,0
9194,1509,94.32,Germany,Transfer,Web,23,12,107.12,0,3,0
9195,3510,195.04,Senegal,Cash Withdrawal,Mobile,9,38,105.26,0,3,0
9196,984,115.59,Senegal,Transfer,Web,23,39,189.51,0,0,0
9197,3464,112.16,Germany,Transfer,Web,1,29,209.84,0,0,0
9198,2566,127.65,France,Transfer,Tablet,2,43,103.27,0,0,0
9199,2713,127.6,Germany,Card Payment,Web,14,12,33.79,0,2,0
9200,926,188.76,United Kingdom,Card Payment,Mobile,1,29,23.74,0,2,0
9201,897,33.42,Germany,Card Payment,Web,9,34,127.46,0,1,0
9202,1072,106.91,Senegal,Online Payment,Tablet,19,30,156.79,1,3,0
9203,2165,194.58,Senegal,Card Payment,Mobile,0,37,60.19,0,0,0
9204,370,178.11,France,Transfer,Mobile,21,14,231.74,0,0,0
9205,1132,354.42,Spain,Card Payment,Web,0,11,211.51,1,5,0
9206,3676,74.75,France,Transfer,Mobile,11,31,84.81,0,0,0
9207,2976,72.37,Senegal,Transfer,Web,15,41,143.27,0,2,0
9208,1024,133.7,Portugal,Online Payment,Tablet,13,20,143.85,0,0,0
9209,310,85.76,Spain,Cash Withdrawal,Web,17,21,147.2,0,1,0
9210,3703,48.59,Portugal,Transfer,Mobile,12,28,137.54,0,2,0
9211,1816,275.14,United Kingdom,Online Payment,Mobile,20,27,72.74,0,1,0
9212,2111,92.24,Germany,Card Payment,Tablet,5,4,96.47,0,1,0
9213,62,155.52,Spain,Transfer,Mobile,16,26,46.08,0,1,0
9214,1540,121.77,United Kingdom,Online Payment,Mobile,18,31,81.07,0,2,0
9215,3190,305.58,Spain,Online Payment,Tablet,2,4,84.69,1,1,0
9216,2800,121.49,Spain,Card Payment,Web,23,30,152.45,0,3,0
9217,3573,71.04,France,Online Payment,Web,21,1,37.33,1,0,0
9218,3326,110.66,Portugal,Online Payment,Tablet,12,26,82.42,0,3,0
9219,3241,151.7,United Kingdom,Online Payment,Web,19,7,173.97,0,1,0
9220,1310,223.86,Spain,Online Payment,Web,13,26,40.49,0,2,0
9221,3246,148.17,Portugal,Card Payment,Mobile,14,16,58.39,0,4,0
9222,1686,239.18,Spain,Transfer,Mobile,20,23,165.53,0,0,0
9223,963,234.2,France,Transfer,Web,14,23,160.68,0,0,0
9224,3796,217.12,Portugal,Transfer,Web,15,22,48.83,0,3,0
9225,1384,134.15,Germany,Card Payment,Web,7,12,132.62,0,2,0
9226,3849,96.53,United Kingdom,Cash Withdrawal,Web,0,26,480.84,0,4,0
9227,637,159.11,Senegal,Online Payment,Mobile,4,10,224.36,1,0,0
9228,2615,127.55,United Kingdom,Online Payment,Tablet,17,25,67.15,0,0,0
9229,2081,261.04,Spain,Card Payment,Mobile,22,23,85.08,0,2,0
9230,2411,64.37,Portugal,Cash Withdrawal,Web,15,14,46.72,0,1,0
9231,226,109.57,Spain,Transfer,Web,21,1,91.88,1,1,0
9232,2385,129.5,Portugal,Card Payment,Tablet,21,19,97.71,0,2,0
9233,1710,73.76,France,Transfer,Tablet,21,16,94.35,0,1,0
9234,1156,28.03,France,Cash Withdrawal,Web,19,13,108.11,1,1,0
9235,1271,622.45,Germany,Card Payment,Tablet,17,19,143.89,0,1,0
9236,3042,37.07,Germany,Online Payment,Mobile,3,14,202.38,0,1,0
9237,649,65.59,United Kingdom,Cash Withdrawal,Tablet,12,17,26.07,0,0,0
9238,1531,114.81,Portugal,Card Payment,Tablet,8,12,105.72,1,4,0
9239,2586,13.76,Portugal,Online Payment,Web,5,7,107.14,0,1,0
9240,1555,114.02,France,Online Payment,Mobile,2,33,199.11,0,2,0
9241,3471,47.76,Senegal,Cash Withdrawal,Web,13,20,174.7,0,2,0
9242,3547,58.86,Spain,Card Payment,Tablet,14,18,55.89,1,1,0
9243,1097,161.36,United Kingdom,Transfer,Tablet,1,35,132.61,0,1,0
9244,2113,399.57,Spain,Card Payment,Mobile,5,27,147.07,1,1,0
9245,2275,46.5,Spain,Online Payment,Mobile,10,23,88.53,1,0,0
9246,1577,193.02,Senegal,Card Payment,Web,7,10,100.09,0,0,0
9247,1977,753.93,Portugal,Cash Withdrawal,Mobile,8,12,130.01,0,2,0
9248,1492,188.95,United Kingdom,Cash Withdrawal,Mobile,5,36,176.1,0,1,0
9249,3825,62.46,United Kingdom,Cash Withdrawal,Tablet,2,1,297.18,0,0,0
9250,1236,129.06,Portugal,Card Payment,Web,20,27,116.92,0,0,0
9251,2828,48.3,France,Online Payment,Mobile,7,4,257.29,0,2,0
9252,2085,32.63,Germany,Cash Withdrawal,Mobile,1,23,43.73,0,0,0
9253,856,60.24,United Kingdom,Transfer,Web,20,16,69.75,1,4,0
9254,359,242.01,Germany,Cash Withdrawal,Mobile,12,18,123.65,0,1,0
9255,1610,368.17,Portugal,Online Payment,Tablet,13,22,152.97,0,0,0
9256,2780,300.76,Germany,Online Payment,Tablet,20,16,122.17,1,0,0
9257,1085,216.32,Senegal,Cash Withdrawal,Web,4,22,72.1,0,3,0
9258,2243,302.58,Germany,Cash Withdrawal,Tablet,2,15,51.14,0,0,0
9259,1418,491.6,Senegal,Card Payment,Tablet,8,19,147.31,0,1,0
9260,3101,124.62,Senegal,Cash Withdrawal,Mobile,12,27,106.48,0,0,0
9261,2462,217.98,Portugal,Cash Withdrawal,Tablet,23,10,199.96,0,2,0
9262,3704,65.43,France,Transfer,Web,2,18,70.82,1,2,0
9263,2685,75.93,Spain,Card Payment,Mobile,13,32,85.82,0,0,0
9264,3185,140.57,United Kingdom,Transfer,Tablet,8,29,70.41,0,1,0
9265,3002,120.89,Spain,Card Payment,Tablet,5,29,116.19,0,2,0
9266,3809,123.62,Spain,Card Payment,Web,6,19,162.14,0,1,0
9267,3859,92.85,France,Transfer,Web,4,20,54.89,0,1,0
9268,550,104.98,Spain,Online Payment,Web,15,21,88.77,0,5,0
9269,2845,282.94,Spain,Transfer,Tablet,9,16,86.64,0,1,0
9270,574,438.6,Spain,Transfer,Mobile,0,18,65.75,0,2,0
9271,3106,59.55,Spain,Card Payment,Tablet,6,15,207.96,0,1,0
9272,2551,67.11,France,Cash Withdrawal,Web,3,27,82.97,0,0,0
9273,2022,324.46,Germany,Online Payment,Mobile,21,18,107.81,0,0,0
9274,2013,135.37,Spain,Card Payment,Mobile,15,26,116.59,1,2,0
9275,3552,252.68,France,Transfer,Mobile,22,22,49.07,0,1,0
9276,2997,72.31,France,Cash Withdrawal,Mobile,2,10,105.55,0,2,0
9277,1769,41.88,France,Online Payment,Tablet,4,12,55.42,0,1,0
9278,2860,286.31,Portugal,Card Payment,Web,22,31,136.46,0,0,0
9279,115,50.9,Spain,Cash Withdrawal,Mobile,8,22,89.93,0,2,0
9280,369,125.85,Germany,Transfer,Tablet,21,26,319.03,0,3,0
9281,2197,172.17,Portugal,Transfer,Web,9,22,99.39,0,2,0
9282,3758,154.36,Senegal,Online Payment,Mobile,12,24,114.97,1,0,0
9283,869,212.73,Spain,Online Payment,Tablet,9,5,167.45,0,1,0
9284,3652,196.21,Portugal,Online Payment,Mobile,4,34,65.55,0,1,0
9285,3712,51.43,France,Transfer,Web,5,8,124.61,0,2,0
9286,3567,117.06,Spain,Transfer,Web,16,17,49.61,0,1,0
9287,1030,75.89,Senegal,Cash Withdrawal,Web,4,25,284.24,0,3,0
9288,3856,126.12,Spain,Cash Withdrawal,Web,11,31,82.23,0,0,0
9289,1908,236.21,United Kingdom,Card Payment,Web,13,20,121.72,0,0,0
9290,320,144.26,Senegal,Cash Withdrawal,Web,18,7,203.14,0,3,0
9291,1584,311.34,Portugal,Cash Withdrawal,Mobile,11,11,119.59,0,2,0
9292,2589,592.02,France,Cash Withdrawal,Web,8,21,69.6,0,0,0
9293,1138,214.95,Portugal,Cash Withdrawal,Mobile,18,27,152.49,0,0,0
9294,3765,152.46,Senegal,Online Payment,Web,10,11,66.11,0,2,0
9295,559,152.7,Portugal,Card Payment,Tablet,10,39,112.18,0,2,0
9296,1753,42.05,Germany,Transfer,Web,22,40,70.47,1,5,0
9297,3846,61.98,France,Transfer,Mobile,9,3,54.15,0,1,0
9298,1817,290.02,Senegal,Cash Withdrawal,Tablet,9,19,155.22,0,0,0
9299,1155,682.6,Spain,Cash Withdrawal,Tablet,4,24,266.39,0,3,0
9300,3792,42.84,Spain,Transfer,Mobile,10,29,147.69,0,1,0
9301,2983,130.39,Senegal,Card Payment,Tablet,5,15,45.1,1,1,0
9302,2058,26.22,Senegal,Transfer,Mobile,1,13,135.19,0,1,0
9303,725,188.55,Portugal,Card Payment,Mobile,20,19,39.09,0,2,0
9304,3143,251.33,France,Transfer,Tablet,11,16,139.06,0,1,0
9305,336,91.5,France,Card Payment,Tablet,5,21,35.0,0,2,0
9306,536,984.58,Spain,Card Payment,Mobile,10,35,113.22,1,1,1
9307,2755,37.29,France,Transfer,Web,19,6,45.42,0,1,0
9308,3457,213.79,United Kingdom,Online Payment,Tablet,18,28,65.51,0,3,0
9309,1015,139.08,United Kingdom,Cash Withdrawal,Mobile,5,13,180.47,0,2,0
9310,730,67.96,France,Cash Withdrawal,Mobile,17,24,139.86,1,0,0
9311,1940,214.83,Portugal,Card Payment,Mobile,7,16,139.08,0,0,0
9312,2010,16.06,Senegal,Cash Withdrawal,Mobile,12,3,137.52,0,1,0
9313,1562,67.09,Senegal,Cash Withdrawal,Tablet,5,17,160.68,0,0,0
9314,1338,134.38,Senegal,Cash Withdrawal,Mobile,5,19,90.37,1,2,0
9315,1707,77.14,Germany,Card Payment,Mobile,18,32,88.21,0,3,0
9316,3960,87.31,Portugal,Cash Withdrawal,Tablet,8,16,72.54,0,5,0
9317,1811,77.5,Senegal,Cash Withdrawal,Tablet,1,17,136.04,0,0,0
9318,3773,391.13,Spain,Online Payment,Mobile,15,24,22.26,1,2,0
9319,2758,44.86,Portugal,Card Payment,Mobile,4,19,173.43,0,1,0
9320,2074,322.5,United Kingdom,Transfer,Web,7,32,112.45,0,2,0
9321,3815,82.76,Portugal,Online Payment,Tablet,21,2,40.54,0,2,0
9322,1374,137.67,United Kingdom,Transfer,Tablet,18,12,577.63,0,1,0
9323,2758,365.69,Spain,Cash Withdrawal,Web,2,21,270.42,0,2,0
9324,2751,72.72,Portugal,Online Payment,Mobile,1,9,36.56,0,0,0
9325,3328,176.88,Senegal,Card Payment,Mobile,11,16,41.1,0,3,0
9326,913,177.02,United Kingdom,Transfer,Mobile,20,36,185.18,0,1,0
9327,1089,94.6,Senegal,Cash Withdrawal,Tablet,2,18,25.46,0,0,0
9328,2956,66.52,Spain,Online Payment,Web,7,24,182.12,0,3,0
9329,2698,312.19,Portugal,Cash Withdrawal,Tablet,7,24,100.78,0,1,0
9330,451,109.72,Senegal,Cash Withdrawal,Web,4,15,58.46,0,1,0
9331,461,287.09,Portugal,Cash Withdrawal,Tablet,8,11,180.35,0,0,0
9332,2556,72.8,France,Online Payment,Web,21,30,129.41,0,0,0
9333,841,142.16,France,Online Payment,Tablet,12,42,72.34,0,1,0
9334,1142,96.07,France,Card Payment,Mobile,14,32,62.85,0,4,0
9335,3132,96.51,Portugal,Card Payment,Tablet,2,20,79.05,0,2,0
9336,480,237.75,Senegal,Card Payment,Web,7,36,60.05,0,8,0
9337,3432,98.2,United Kingdom,Transfer,Mobile,12,20,279.0,0,2,0
9338,3768,157.68,Spain,Cash Withdrawal,Mobile,21,12,127.9,0,3,0
9339,2053,87.29,Senegal,Online Payment,Tablet,20,14,95.46,0,1,0
9340,267,592.62,Germany,Card Payment,Web,9,31,61.54,0,0,0
9341,2286,84.51,Senegal,Transfer,Web,11,35,47.43,0,1,0
9342,3914,190.53,Spain,Transfer,Mobile,9,25,38.9,0,2,0
9343,192,152.23,Spain,Card Payment,Mobile,0,30,135.51,0,5,0
9344,2512,36.36,Spain,Card Payment,Tablet,17,33,152.67,0,3,0
9345,3980,72.45,France,Card Payment,Web,15,12,391.81,0,1,0
9346,1595,103.31,Germany,Cash Withdrawal,Mobile,22,25,113.32,0,2,0
9347,1422,248.32,Senegal,Cash Withdrawal,Tablet,18,32,116.86,0,1,0
9348,1764,54.73,United Kingdom,Card Payment,Tablet,3,8,77.55,1,2,0
9349,236,70.83,Spain,Card Payment,Web,19,32,105.38,0,3,0
9350,3296,595.15,United Kingdom,Transfer,Mobile,17,24,72.23,0,1,0
9351,2044,146.54,United Kingdom,Cash Withdrawal,Web,22,21,110.16,0,2,0
9352,2433,316.12,France,Card Payment,Tablet,11,25,37.85,0,0,0
9353,1578,167.2,Portugal,Cash Withdrawal,Web,18,37,125.01,0,1,0
9354,1894,239.24,Spain,Card Payment,Mobile,13,33,193.43,0,0,0
9355,509,209.64,Senegal,Online Payment,Tablet,20,43,187.64,0,0,0
9356,2888,829.34,Portugal,Transfer,Mobile,1,5,118.28,1,0,0
9357,2574,136.69,France,Card Payment,Web,20,14,23.61,0,2,0
9358,3026,71.28,Germany,Transfer,Mobile,22,38,140.08,0,6,0
9359,2176,372.62,Spain,Card Payment,Mobile,20,23,65.88,0,1,0
9360,2664,499.58,Senegal,Transfer,Tablet,14,2,46.75,0,2,0
9361,1486,155.04,Senegal,Card Payment,Web,16,29,79.49,0,4,0
9362,1079,120.7,Germany,Online Payment,Web,22,27,59.1,0,0,0
9363,1041,95.02,Portugal,Transfer,Web,19,28,49.12,0,2,0
9364,2036,83.17,Senegal,Transfer,Web,8,28,269.03,0,1,0
9365,1235,73.49,Germany,Cash Withdrawal,Mobile,19,36,114.17,0,0,0
9366,3498,521.98,Spain,Card Payment,Mobile,21,17,54.82,0,2,1
9367,3599,23.49,Spain,Card Payment,Web,9,22,110.9,0,1,0
9368,3507,570.72,Spain,Online Payment,Mobile,20,26,135.06,0,0,0
9369,3393,120.65,Senegal,Online Payment,Web,7,19,165.41,0,3,0
9370,1871,251.23,Portugal,Transfer,Tablet,21,14,214.84,1,0,0
9371,1599,51.91,Portugal,Online Payment,Web,11,14,89.97,0,0,0
9372,2639,58.61,United Kingdom,Transfer,Mobile,7,14,110.13,1,2,0
9373,1314,86.96,Germany,Online Payment,Mobile,12,12,74.24,0,2,0
9374,2284,275.48,Senegal,Card Payment,Mobile,8,12,107.58,0,0,0
9375,1937,105.05,Germany,Transfer,Web,7,5,82.02,0,1,0
9376,2556,287.69,Germany,Card Payment,Mobile,18,11,40.39,1,1,0
9377,491,242.3,Germany,Online Payment,Mobile,6,22,325.48,0,1,0
9378,938,54.8,United Kingdom,Transfer,Web,0,16,83.1,1,0,0
9379,3925,142.02,Germany,Transfer,Web,10,35,72.48,0,2,0
9380,3676,258.92,France,Transfer,Web,3,26,113.36,0,1,0
9381,1065,26.96,France,Online Payment,Mobile,2,1,87.57,0,2,0
9382,3448,39.72,Spain,Transfer,Mobile,6,38,180.1,0,1,0
9383,2637,95.48,Portugal,Card Payment,Mobile,5,38,200.13,0,1,0
9384,913,80.65,Senegal,Cash Withdrawal,Tablet,12,21,197.92,0,3,0
9385,3199,265.07,Germany,Card Payment,Tablet,22,16,36.23,0,1,0
9386,464,113.97,Senegal,Cash Withdrawal,Web,9,7,350.74,0,1,0
9387,3483,68.84,Germany,Transfer,Tablet,17,14,181.36,0,2,0
9388,2812,282.13,Senegal,Cash Withdrawal,Tablet,7,33,61.78,0,0,0
9389,618,321.68,Senegal,Cash Withdrawal,Mobile,22,7,88.84,0,1,0
9390,1038,97.67,United Kingdom,Online Payment,Mobile,12,29,479.03,0,3,0
9391,858,25.43,Portugal,Card Payment,Mobile,4,26,136.92,0,1,0
9392,2262,129.22,Portugal,Card Payment,Web,0,10,207.09,1,2,0
9393,343,181.95,Portugal,Cash Withdrawal,Web,15,7,208.19,0,1,0
9394,2758,130.48,Senegal,Transfer,Web,3,15,54.51,0,2,0
9395,781,99.42,Portugal,Transfer,Web,0,30,161.59,0,1,0
9396,2356,268.18,Portugal,Card Payment,Tablet,9,26,61.78,0,3,0
9397,1401,112.94,Portugal,Cash Withdrawal,Web,13,15,28.77,0,0,0
9398,3094,138.79,Portugal,Online Payment,Mobile,11,24,108.28,0,0,0
9399,423,81.52,Senegal,Online Payment,Mobile,23,25,35.5,1,3,0
9400,3995,338.53,United Kingdom,Online Payment,Tablet,8,28,371.4,1,0,0
9401,1821,34.01,United Kingdom,Online Payment,Web,19,11,165.02,0,2,0
9402,24,85.59,Senegal,Transfer,Mobile,9,14,85.02,0,2,0
9403,3965,97.95,Germany,Card Payment,Web,12,9,383.0,0,2,0
9404,2712,126.38,Portugal,Transfer,Tablet,22,11,105.19,0,1,0
9405,2455,111.86,Spain,Online Payment,Tablet,23,17,119.79,0,0,0
9406,282,154.3,United Kingdom,Transfer,Tablet,5,30,55.43,0,3,0
9407,3435,169.88,Spain,Transfer,Tablet,1,26,157.92,0,2,0
9408,2583,126.48,United Kingdom,Transfer,Mobile,20,21,103.3,0,2,0
9409,478,294.42,Portugal,Card Payment,Web,22,17,356.9,0,1,0
9410,165,111.81,Senegal,Card Payment,Tablet,3,24,70.46,1,0,0
9411,1075,200.55,Germany,Card Payment,Mobile,10,17,181.74,0,1,0
9412,1276,137.19,Spain,Cash Withdrawal,Web,13,13,90.04,0,1,0
9413,1419,169.02,Senegal,Card Payment,Mobile,17,16,406.71,0,0,0
9414,1935,45.83,Portugal,Transfer,Mobile,14,24,67.1,0,1,0
9415,943,113.68,Spain,Transfer,Tablet,19,21,22.9,1,2,0
9416,879,95.97,France,Cash Withdrawal,Web,16,30,360.9,0,2,0
9417,92,116.33,Germany,Online Payment,Tablet,23,16,182.71,0,2,0
9418,1938,94.68,Germany,Cash Withdrawal,Web,6,27,54.2,0,0,0
9419,3912,94.66,France,Card Payment,Web,13,31,18.7,0,1,0
9420,3579,254.24,Portugal,Cash Withdrawal,Web,21,23,104.12,0,1,0
9421,2384,221.6,Portugal,Card Payment,Mobile,12,22,125.7,1,2,0
9422,2782,111.95,Germany,Card Payment,Tablet,5,1,60.61,1,2,0
9423,2924,112.1,United Kingdom,Cash Withdrawal,Tablet,18,4,116.72,0,3,0
9424,3232,93.77,Portugal,Cash Withdrawal,Tablet,9,1,156.56,0,1,0
9425,1619,43.83,Spain,Cash Withdrawal,Web,10,23,307.57,1,1,0
9426,484,60.26,Portugal,Cash Withdrawal,Web,4,18,102.7,0,2,0
9427,1052,226.31,France,Online Payment,Tablet,1,31,147.03,0,3,0
9428,3233,122.25,Spain,Card Payment,Web,7,14,137.78,0,1,0
9429,1652,194.43,United Kingdom,Online Payment,Mobile,4,12,83.08,0,4,0
9430,1322,77.7,United Kingdom,Cash Withdrawal,Tablet,20,12,82.49,0,2,0
9431,2968,45.88,Spain,Card Payment,Mobile,14,25,47.98,0,2,0
9432,3376,116.74,Germany,Online Payment,Web,20,27,227.06,0,1,0
9433,3866,82.81,Spain,Online Payment,Tablet,0,17,67.24,0,2,0
9434,2969,50.39,France,Cash Withdrawal,Web,17,19,191.88,0,1,0
9435,1962,65.65,United Kingdom,Transfer,Tablet,3,16,156.12,0,2,0
9436,2701,151.4,Portugal,Transfer,Tablet,5,10,60.13,0,0,0
9437,3372,93.13,Senegal,Transfer,Tablet,10,15,189.08,1,2,0
9438,2050,404.61,United Kingdom,Cash Withdrawal,Web,0,9,173.86,0,4,0
9439,488,570.27,United Kingdom,Card Payment,Tablet,2,25,46.15,0,0,0
9440,3970,134.71,Spain,Cash Withdrawal,Web,20,18,107.5,0,2,0
9441,3829,337.99,Portugal,Online Payment,Mobile,21,16,44.95,0,3,0
9442,1269,72.54,France,Card Payment,Web,8,10,61.12,0,2,0
9443,3382,69.51,United Kingdom,Card Payment,Tablet,8,23,292.62,0,5,0
9444,834,85.22,Portugal,Card Payment,Mobile,9,19,80.17,0,3,0
9445,1000,55.98,Spain,Cash Withdrawal,Web,10,40,133.13,0,2,0
9446,366,159.44,France,Transfer,Mobile,2,8,146.09,0,1,0
9447,3276,65.41,Spain,Cash Withdrawal,Tablet,3,16,348.91,0,0,0
9448,220,11.06,United Kingdom,Transfer,Mobile,17,19,93.74,0,0,0
9449,960,107.95,Senegal,Transfer,Tablet,5,13,136.24,0,0,0
9450,2939,430.69,United Kingdom,Card Payment,Web,13,14,107.42,0,1,0
9451,1797,189.81,Senegal,Online Payment,Tablet,6,27,86.87,0,2,0
9452,675,124.23,Germany,Online Payment,Web,9,8,61.08,1,1,0
9453,2729,374.86,Senegal,Online Payment,Web,7,22,118.65,0,0,0
9454,2378,128.48,Portugal,Online Payment,Mobile,11,7,46.21,0,0,0
9455,2422,190.69,Senegal,Card Payment,Mobile,2,29,25.43,0,2,0
9456,774,216.42,Senegal,Card Payment,Mobile,10,27,191.27,0,1,0
9457,814,73.34,Germany,Cash Withdrawal,Web,13,17,113.09,0,0,0
9458,1746,518.16,Germany,Cash Withdrawal,Web,9,1,130.68,0,1,0
9459,354,97.37,United Kingdom,Transfer,Mobile,3,34,407.36,1,0,0
9460,3727,112.47,United Kingdom,Online Payment,Mobile,0,23,135.11,0,1,0
9461,1312,55.66,France,Transfer,Mobile,12,20,69.36,0,2,0
9462,3020,286.1,Portugal,Cash Withdrawal,Web,10,25,226.66,1,1,0
9463,3788,202.02,Spain,Cash Withdrawal,Web,0,27,80.43,0,5,0
9464,855,70.13,Portugal,Online Payment,Mobile,14,20,74.37,0,0,0
9465,2060,78.47,United Kingdom,Transfer,Tablet,4,32,74.49,0,1,0
9466,2598,406.3,Spain,Online Payment,Web,16,1,97.01,0,2,1
9467,128,436.87,Germany,Cash Withdrawal,Tablet,5,27,125.52,0,2,0
9468,1277,75.89,Portugal,Transfer,Mobile,10,29,161.77,0,1,0
9469,1742,59.5,Senegal,Cash Withdrawal,Mobile,13,8,53.52,0,1,0
9470,957,122.05,Portugal,Online Payment,Mobile,14,19,42.01,0,1,0
9471,1068,45.59,Portugal,Transfer,Mobile,1,27,67.78,0,1,0
9472,3356,151.01,Portugal,Cash Withdrawal,Mobile,5,16,145.43,0,1,0
9473,3222,239.25,Senegal,Online Payment,Tablet,19,21,82.46,0,1,0
9474,1814,100.79,Germany,Card Payment,Mobile,8,26,281.4,0,2,0
9475,3844,100.53,United Kingdom,Card Payment,Tablet,11,26,68.65,0,1,0
9476,3377,240.79,United Kingdom,Online Payment,Tablet,9,14,93.29,0,1,0
9477,3145,222.84,United Kingdom,Online Payment,Mobile,8,13,33.89,1,0,0
9478,3102,73.76,Spain,Online Payment,Web,18,5,219.9,0,2,0
9479,318,89.3,United Kingdom,Online Payment,Tablet,18,12,35.59,0,4,0
9480,470,94.77,Portugal,Transfer,Web,20,26,24.54,0,3,0
9481,259,308.3,Germany,Cash Withdrawal,Tablet,0,9,78.95,0,0,0
9482,1654,1106.38,Portugal,Transfer,Mobile,0,23,140.21,0,0,0
9483,3812,210.17,Spain,Cash Withdrawal,Web,20,1,28.78,0,1,0
9484,3702,54.68,United Kingdom,Transfer,Tablet,9,2,97.23,1,0,0
9485,1557,43.66,Germany,Online Payment,Web,3,18,113.25,0,2,0
9486,1822,31.1,United Kingdom,Online Payment,Tablet,12,6,39.34,0,0,0
9487,1408,102.06,Germany,Transfer,Tablet,14,17,371.81,1,2,0
9488,1627,148.72,Senegal,Card Payment,Mobile,12,19,132.9,0,0,0
9489,3322,116.89,United Kingdom,Transfer,Web,2,26,54.79,0,2,0
9490,2139,74.04,Germany,Cash Withdrawal,Web,17,13,78.68,0,1,0
9491,1016,52.81,United Kingdom,Transfer,Mobile,10,27,134.05,1,1,0
9492,336,158.44,Senegal,Transfer,Tablet,17,22,208.96,0,1,0
9493,3216,69.93,United Kingdom,Card Payment,Web,2,29,62.06,1,1,0
9494,530,83.76,Senegal,Card Payment,Tablet,14,9,45.16,0,1,0
9495,2869,296.84,Spain,Card Payment,Web,21,20,54.43,0,2,0
9496,2409,67.67,United Kingdom,Transfer,Mobile,16,23,72.04,1,0,0
9497,708,162.45,United Kingdom,Cash Withdrawal,Tablet,17,8,320.85,0,1,0
9498,1958,110.13,Portugal,Card Payment,Tablet,0,1,205.18,0,0,0
9499,740,138.4,Germany,Cash Withdrawal,Web,8,20,39.04,0,0,0
9500,1181,29.63,France,Cash Withdrawal,Web,5,20,18.55,0,4,0
9501,249,83.64,France,Online Payment,Tablet,3,19,114.42,0,1,0
9502,2710,61.68,United Kingdom,Online Payment,Web,13,9,101.22,0,0,0
9503,3531,94.43,Senegal,Online Payment,Tablet,5,20,40.95,0,3,0
9504,3211,251.07,France,Card Payment,Tablet,16,1,63.37,0,1,0
9505,2084,37.87,Germany,Transfer,Mobile,9,21,53.86,0,0,0
9506,945,80.01,Spain,Online Payment,Web,1,33,86.74,0,3,0
9507,2680,19.25,Senegal,Transfer,Tablet,23,20,148.34,0,3,0
9508,3511,78.83,Spain,Card Payment,Mobile,17,16,297.13,0,0,1
9509,3782,296.58,France,Online Payment,Tablet,6,20,126.47,0,1,0
9510,1551,294.39,Spain,Cash Withdrawal,Tablet,9,29,198.36,1,3,0
9511,3612,283.8,United Kingdom,Online Payment,Tablet,1,18,213.97,0,2,0
9512,336,92.02,United Kingdom,Transfer,Web,20,15,66.17,0,2,0
9513,2614,246.34,Senegal,Online Payment,Mobile,17,15,170.47,0,1,0
9514,1021,119.78,Portugal,Transfer,Mobile,21,28,91.63,1,1,0
9515,706,212.07,Spain,Online Payment,Tablet,0,19,94.82,0,0,0
9516,3246,47.34,Spain,Transfer,Tablet,8,1,266.86,0,0,0
9517,830,90.69,Senegal,Transfer,Mobile,5,30,23.24,0,1,0
9518,2106,105.35,Spain,Card Payment,Web,19,14,203.23,1,1,0
9519,1312,248.09,Spain,Transfer,Mobile,22,20,51.34,0,0,0
9520,2028,86.38,France,Transfer,Web,8,15,153.6,1,2,0
9521,3152,68.76,Germany,Card Payment,Tablet,6,19,367.72,0,4,0
9522,2735,163.51,Senegal,Cash Withdrawal,Tablet,18,9,92.37,0,0,0
9523,3841,149.8,Portugal,Transfer,Tablet,5,38,272.55,0,1,0
9524,520,205.67,France,Cash Withdrawal,Web,12,11,125.29,1,2,0
9525,1822,120.67,Senegal,Card Payment,Tablet,22,21,74.04,1,0,0
9526,807,71.54,France,Card Payment,Mobile,20,12,199.29,0,0,0
9527,2838,54.86,United Kingdom,Transfer,Mobile,8,31,45.5,0,1,0
9528,1237,511.98,United Kingdom,Online Payment,Mobile,4,27,87.1,0,0,0
9529,3578,113.91,United Kingdom,Online Payment,Web,8,15,151.92,0,1,0
9530,1406,68.12,Spain,Online Payment,Mobile,1,7,76.17,0,1,0
9531,3522,92.6,United Kingdom,Card Payment,Tablet,6,29,209.14,0,0,0
9532,1102,70.41,France,Transfer,Tablet,1,15,36.4,0,1,0
9533,214,518.87,Germany,Card Payment,Tablet,17,1,564.52,0,2,0
9534,1863,164.01,Germany,Transfer,Web,23,31,172.38,0,4,0
9535,1489,126.81,Spain,Cash Withdrawal,Tablet,16,25,73.32,0,1,0
9536,384,72.42,Portugal,Cash Withdrawal,Web,7,19,79.56,0,4,0
9537,911,459.48,Spain,Transfer,Web,18,27,83.55,0,1,0
9538,2188,97.73,Portugal,Cash Withdrawal,Tablet,1,10,104.71,0,0,0
9539,1186,159.66,Portugal,Online Payment,Web,3,29,55.82,0,1,0
9540,3847,480.12,Portugal,Card Payment,Mobile,23,39,45.11,0,0,0
9541,2481,117.88,Portugal,Online Payment,Mobile,8,2,221.85,0,2,0
9542,3267,86.7,Spain,Cash Withdrawal,Mobile,5,12,63.71,0,0,0
9543,1862,47.41,United Kingdom,Online Payment,Mobile,14,31,279.1,0,2,0
9544,1830,143.96,France,Card Payment,Mobile,15,16,206.09,0,1,0
9545,3861,118.06,Senegal,Card Payment,Mobile,14,28,119.25,0,2,0
9546,2841,43.85,Germany,Online Payment,Web,9,31,129.58,0,0,0
9547,177,493.24,Germany,Online Payment,Tablet,9,13,189.18,0,1,0
9548,2478,370.18,Spain,Card Payment,Tablet,15,30,126.08,0,1,0
9549,2000,54.41,Portugal,Online Payment,Tablet,23,23,176.1,0,0,0
9550,75,298.27,France,Cash Withdrawal,Tablet,4,41,82.28,0,1,0
9551,8,77.0,Senegal,Transfer,Mobile,9,28,128.25,1,0,0
9552,3299,103.44,Senegal,Cash Withdrawal,Tablet,10,14,44.58,0,4,0
9553,3314,60.51,France,Transfer,Mobile,7,25,209.52,0,1,0
9554,41,110.87,France,Cash Withdrawal,Web,6,1,201.07,1,1,0
9555,1807,32.03,Portugal,Transfer,Mobile,4,31,84.56,0,1,0
9556,3261,190.98,Portugal,Card Payment,Web,17,32,210.01,0,0,0
9557,3991,260.58,Portugal,Card Payment,Tablet,17,7,133.37,0,1,0
9558,3473,219.34,Spain,Online Payment,Mobile,4,10,137.06,0,2,0
9559,546,397.56,Germany,Card Payment,Tablet,18,33,105.72,1,1,0
9560,3615,171.42,Portugal,Online Payment,Mobile,18,14,113.61,1,0,0
9561,732,172.61,Senegal,Cash Withdrawal,Web,14,9,250.01,0,1,0
9562,3719,155.6,Senegal,Transfer,Tablet,2,24,72.46,0,0,0
9563,3741,43.08,Spain,Cash Withdrawal,Tablet,12,16,168.92,0,1,0
9564,1556,297.35,Portugal,Online Payment,Web,8,32,211.16,0,0,0
9565,492,76.03,Spain,Cash Withdrawal,Mobile,1,17,58.57,1,1,0
9566,682,206.26,Germany,Transfer,Web,10,14,108.76,0,1,0
9567,3017,139.82,Senegal,Card Payment,Tablet,15,14,95.4,1,1,0
9568,719,83.72,France,Card Payment,Mobile,5,1,255.07,0,2,0
9569,3999,55.8,France,Online Payment,Tablet,11,39,353.99,0,4,0
9570,3452,61.15,France,Online Payment,Tablet,21,13,163.92,1,2,0
9571,494,194.12,Portugal,Cash Withdrawal,Mobile,9,10,55.61,1,3,0
9572,3925,174.32,France,Transfer,Web,14,10,132.04,0,3,0
9573,2387,258.66,Germany,Transfer,Web,14,17,212.3,0,2,0
9574,2085,185.49,Portugal,Cash Withdrawal,Web,0,25,323.81,0,4,0
9575,1234,188.2,Germany,Cash Withdrawal,Tablet,14,35,145.45,0,3,0
9576,250,118.82,Spain,Online Payment,Tablet,7,32,186.65,0,1,0
9577,3910,85.5,Germany,Online Payment,Mobile,13,5,86.73,0,3,0
9578,1641,40.57,France,Transfer,Tablet,2,39,48.55,0,1,0
9579,791,108.01,Germany,Card Payment,Web,7,4,72.28,0,2,0
9580,3745,64.51,Spain,Card Payment,Mobile,0,23,33.59,1,0,0
9581,2880,55.65,Germany,Transfer,Mobile,16,35,44.76,0,3,0
9582,1674,71.88,France,Online Payment,Tablet,8,26,308.07,1,1,0
9583,2781,48.26,Portugal,Card Payment,Mobile,5,18,143.43,0,1,0
9584,2111,318.91,Senegal,Transfer,Mobile,19,12,82.19,0,0,0
9585,3985,114.17,United Kingdom,Cash Withdrawal,Web,8,7,126.87,0,1,0
9586,3966,139.25,United Kingdom,Cash Withdrawal,Web,5,19,66.81,0,3,0
9587,2905,329.99,Spain,Transfer,Web,9,1,342.31,0,1,0
9588,2986,129.58,Portugal,Online Payment,Mobile,14,6,61.62,0,1,0
9589,1606,46.86,Spain,Online Payment,Web,18,11,46.52,0,0,0
9590,515,399.68,Senegal,Online Payment,Mobile,6,28,192.39,0,2,0
9591,2179,87.03,France,Transfer,Web,12,26,57.44,1,3,0
9592,1300,187.75,Portugal,Transfer,Mobile,17,25,95.25,0,2,0
9593,2023,81.29,Spain,Card Payment,Tablet,2,17,64.03,0,1,0
9594,722,45.09,Senegal,Transfer,Web,6,5,116.54,0,0,0
9595,2928,89.49,Spain,Card Payment,Web,13,1,187.58,0,1,0
9596,3933,27.87,Germany,Transfer,Mobile,22,16,138.19,0,6,0
9597,419,80.36,Spain,Transfer,Mobile,10,14,112.72,0,2,0
9598,3166,41.38,Spain,Cash Withdrawal,Web,7,22,73.87,0,2,0
9599,2217,232.91,France,Cash Withdrawal,Mobile,23,31,98.96,0,2,0
9600,1454,127.06,Portugal,Transfer,Mobile,1,19,293.13,0,0,0
9601,2305,93.15,Senegal,Transfer,Tablet,20,34,178.56,1,0,0
9602,3745,231.57,Spain,Online Payment,Tablet,13,4,235.87,0,1,0
9603,1911,372.83,Spain,Transfer,Mobile,6,24,86.61,0,0,0
9604,2445,53.61,Portugal,Cash Withdrawal,Mobile,19,27,99.05,0,0,0
9605,1948,992.05,United Kingdom,Card Payment,Mobile,15,11,79.9,0,2,0
9606,2192,54.5,United Kingdom,Card Payment,Web,23,23,65.95,0,1,0
9607,3016,113.91,Germany,Online Payment,Tablet,19,24,136.7,0,3,0
9608,2280,96.31,United Kingdom,Cash Withdrawal,Mobile,19,13,86.91,0,1,0
9609,1114,329.86,Spain,Online Payment,Web,7,32,97.45,0,3,0
9610,3714,179.86,Spain,Cash Withdrawal,Mobile,11,6,166.27,0,3,0
9611,3088,152.54,Portugal,Cash Withdrawal,Tablet,18,8,42.2,0,0,0
9612,224,95.8,Senegal,Card Payment,Web,11,21,257.9,0,1,0
9613,2900,88.26,Spain,Online Payment,Mobile,4,32,174.06,0,0,0
9614,1936,114.3,Portugal,Cash Withdrawal,Mobile,4,22,199.01,0,2,0
9615,1018,88.76,Portugal,Card Payment,Tablet,5,7,59.6,0,1,0
9616,1946,159.29,France,Cash Withdrawal,Web,9,26,125.95,0,0,0
9617,1499,167.57,United Kingdom,Card Payment,Mobile,21,7,315.66,1,1,0
9618,2236,90.07,France,Cash Withdrawal,Web,13,5,69.13,0,2,0
9619,974,48.75,Spain,Online Payment,Web,21,24,73.24,0,0,0
9620,45,249.76,Germany,Cash Withdrawal,Mobile,13,18,163.47,0,3,1
9621,1746,212.23,France,Online Payment,Web,19,17,155.81,0,1,1
9622,2845,476.33,Spain,Card Payment,Web,6,34,92.36,0,4,0
9623,2529,106.76,Portugal,Card Payment,Web,12,6,100.83,0,2,0
9624,1639,317.31,Senegal,Cash Withdrawal,Tablet,21,20,146.98,0,3,0
9625,104,379.99,Portugal,Transfer,Tablet,2,27,102.42,0,4,0
9626,1567,171.96,United Kingdom,Card Payment,Tablet,10,31,72.47,0,1,0
9627,1232,128.65,Senegal,Cash Withdrawal,Tablet,5,26,102.01,0,3,0
9628,3429,40.19,United Kingdom,Online Payment,Mobile,22,28,101.46,1,2,0
9629,959,62.45,United Kingdom,Card Payment,Mobile,21,35,83.85,0,2,0
9630,3845,85.26,Spain,Online Payment,Mobile,13,6,61.92,0,2,0
9631,3012,76.83,Senegal,Cash Withdrawal,Tablet,8,11,67.75,0,0,0
9632,25,109.08,Portugal,Cash Withdrawal,Mobile,10,25,34.77,0,1,0
9633,1535,80.07,Spain,Transfer,Mobile,14,29,169.07,0,1,0
9634,269,20.2,Senegal,Cash Withdrawal,Web,12,24,93.65,0,1,0
9635,3095,112.09,United Kingdom,Online Payment,Tablet,18,19,26.51,0,0,0
9636,736,94.7,Germany,Cash Withdrawal,Mobile,16,4,65.85,0,1,0
9637,1993,81.71,United Kingdom,Cash Withdrawal,Tablet,10,21,183.59,0,1,0
9638,2463,100.07,Portugal,Online Payment,Tablet,16,21,73.75,0,2,0
9639,1718,62.2,Spain,Card Payment,Tablet,12,21,106.96,0,0,0
9640,2250,202.36,Spain,Online Payment,Web,20,8,45.0,0,2,0
9641,3241,47.2,France,Card Payment,Web,20,8,71.73,0,0,0
9642,1323,277.47,United Kingdom,Cash Withdrawal,Web,9,6,66.41,0,2,0
9643,1893,212.83,Senegal,Online Payment,Mobile,16,32,26.94,0,2,0
9644,3022,57.27,United Kingdom,Transfer,Web,17,6,65.52,0,1,0
9645,1162,128.48,Portugal,Transfer,Mobile,14,12,51.08,0,0,0
9646,3990,105.3,Senegal,Cash Withdrawal,Web,11,15,66.79,0,1,0
9647,3742,67.83,Senegal,Cash Withdrawal,Web,5,26,51.8,0,1,0
9648,2556,103.65,Spain,Card Payment,Tablet,1,16,139.26,0,2,0
9649,3309,92.27,Spain,Transfer,Mobile,1,30,179.29,0,3,0
9650,976,350.1,Senegal,Online Payment,Tablet,8,26,144.81,0,1,0
9651,161,160.99,Germany,Online Payment,Tablet,9,5,82.25,0,1,0
9652,659,46.04,France,Online Payment,Web,10,5,49.77,0,3,0
9653,2111,225.74,Spain,Transfer,Tablet,7,21,107.52,0,2,0
9654,2382,186.81,France,Transfer,Web,9,19,68.97,0,5,0
9655,2809,151.64,France,Transfer,Tablet,0,17,272.68,0,1,0
9656,1760,172.0,Germany,Cash Withdrawal,Mobile,8,14,67.21,0,2,0
9657,2859,103.51,Senegal,Card Payment,Tablet,0,12,42.06,1,0,0
9658,3821,162.46,Senegal,Card Payment,Mobile,0,12,28.77,0,3,0
9659,1713,42.33,Germany,Online Payment,Mobile,14,27,53.5,0,0,0
9660,2095,194.4,Germany,Cash Withdrawal,Web,22,35,224.91,0,0,0
9661,3657,185.73,Senegal,Online Payment,Mobile,15,33,125.05,0,0,0
9662,1416,117.15,Senegal,Transfer,Tablet,19,7,121.05,0,1,0
9663,663,55.46,United Kingdom,Card Payment,Mobile,4,36,101.08,1,1,0
9664,477,145.54,United Kingdom,Transfer,Web,6,15,150.34,0,1,0
9665,3653,110.26,France,Online Payment,Mobile,18,29,118.45,0,6,0
9666,1616,122.14,Senegal,Online Payment,Mobile,9,26,229.81,1,3,0
9667,778,166.6,France,Card Payment,Mobile,21,42,131.52,1,1,0
9668,3616,210.52,Portugal,Card Payment,Mobile,14,22,171.03,0,0,0
9669,1203,96.66,United Kingdom,Online Payment,Mobile,17,26,81.12,0,3,0
9670,3729,57.77,Germany,Cash Withdrawal,Tablet,3,21,67.5,0,2,0
9671,1867,52.86,Spain,Transfer,Mobile,4,19,84.13,0,0,0
9672,3510,166.79,United Kingdom,Transfer,Web,19,36,145.29,0,2,0
9673,3429,153.8,Germany,Cash Withdrawal,Mobile,20,31,194.15,1,3,0
9674,2611,445.92,France,Online Payment,Web,3,25,81.73,0,0,0
9675,2299,650.45,Portugal,Online Payment,Tablet,12,22,235.59,0,2,0
9676,766,315.17,France,Online Payment,Tablet,6,29,133.21,0,3,0
9677,2168,21.42,Germany,Card Payment,Mobile,16,5,207.86,0,2,0
9678,3455,253.19,Germany,Transfer,Web,11,16,159.1,0,2,0
9679,69,68.18,Senegal,Transfer,Mobile,21,18,75.9,0,0,0
9680,3314,193.65,Senegal,Cash Withdrawal,Tablet,18,13,72.73,0,2,0
9681,1318,60.34,France,Cash Withdrawal,Tablet,11,33,58.44,0,2,1
9682,3170,110.44,Spain,Online Payment,Web,8,14,103.82,0,2,0
9683,1380,182.42,Spain,Cash Withdrawal,Web,11,7,80.42,0,0,0
9684,411,32.35,United Kingdom,Cash Withdrawal,Mobile,2,18,117.89,1,6,1
9685,3118,65.21,France,Online Payment,Mobile,20,18,293.56,0,3,0
9686,3055,891.92,Portugal,Online Payment,Mobile,9,43,37.96,0,3,1
9687,3917,325.82,Senegal,Card Payment,Mobile,9,12,204.56,0,2,0
9688,1932,387.99,United Kingdom,Transfer,Mobile,1,10,141.67,0,1,0
9689,2258,98.88,Germany,Cash Withdrawal,Web,5,1,76.56,0,4,0
9690,2899,86.42,Germany,Online Payment,Mobile,5,28,87.66,0,1,0
9691,3058,60.62,Portugal,Cash Withdrawal,Web,9,19,192.7,0,0,0
9692,73,126.32,United Kingdom,Online Payment,Web,6,6,155.62,0,1,0
9693,887,39.24,Portugal,Online Payment,Tablet,1,26,50.64,0,2,1
9694,1557,96.31,United Kingdom,Online Payment,Mobile,22,28,155.71,0,1,0
9695,3946,384.08,Portugal,Transfer,Tablet,20,32,51.83,0,1,0
9696,2703,249.33,United Kingdom,Card Payment,Web,11,5,66.55,0,3,0
9697,1904,51.59,Germany,Card Payment,Mobile,9,27,112.17,0,1,0
9698,2815,182.28,Germany,Online Payment,Mobile,14,36,127.02,0,2,0
9699,1483,187.75,United Kingdom,Transfer,Tablet,5,22,60.68,0,1,0
9700,885,404.62,Spain,Transfer,Mobile,22,1,188.24,0,4,0
9701,661,69.14,France,Cash Withdrawal,Mobile,13,16,108.65,0,1,0
9702,2169,89.01,France,Online Payment,Mobile,23,8,59.41,0,2,0
9703,3895,67.23,France,Card Payment,Mobile,8,21,63.55,0,1,0
9704,1737,170.11,Germany,Cash Withdrawal,Mobile,7,26,106.93,0,1,0
9705,1339,90.17,Portugal,Cash Withdrawal,Mobile,17,8,92.5,0,1,0
9706,869,99.27,Spain,Online Payment,Mobile,1,10,162.39,0,0,0
9707,3815,205.04,Senegal,Cash Withdrawal,Web,6,29,77.15,0,1,0
9708,178,100.88,Spain,Card Payment,Tablet,18,20,172.81,0,2,0
9709,1042,183.73,Senegal,Online Payment,Tablet,0,14,112.45,1,2,0
9710,1970,113.23,Germany,Cash Withdrawal,Tablet,16,10,163.01,0,2,0
9711,2748,201.96,United Kingdom,Transfer,Mobile,11,19,155.55,0,2,0
9712,1599,37.69,Spain,Cash Withdrawal,Web,10,9,146.47,0,0,0
9713,3147,73.62,United Kingdom,Cash Withdrawal,Mobile,18,29,615.78,0,4,0
9714,95,49.85,Senegal,Transfer,Mobile,11,15,111.79,1,1,0
9715,1808,73.13,United Kingdom,Cash Withdrawal,Mobile,5,17,103.22,0,0,0
9716,1739,75.4,Germany,Card Payment,Tablet,11,17,36.82,0,0,0
9717,420,109.72,United Kingdom,Online Payment,Mobile,22,12,181.52,0,0,0
9718,2995,111.85,Portugal,Transfer,Tablet,10,4,199.28,0,0,0
9719,2552,42.88,France,Card Payment,Mobile,8,1,236.56,1,1,0
9720,2120,71.92,Germany,Transfer,Web,4,17,53.44,0,3,0
9721,3768,191.64,Germany,Cash Withdrawal,Tablet,11,33,50.01,0,0,0
9722,820,231.38,Portugal,Cash Withdrawal,Web,14,42,182.79,0,4,0
9723,3577,164.99,Portugal,Online Payment,Web,17,9,133.97,0,1,0
9724,3615,105.02,Germany,Cash Withdrawal,Web,20,23,63.01,0,1,0
9725,3722,42.12,Spain,Card Payment,Web,21,25,140.49,0,0,0
9726,2005,58.15,France,Card Payment,Tablet,7,5,94.07,0,0,0
9727,3797,154.35,United Kingdom,Card Payment,Web,21,31,57.04,0,0,0
9728,2632,62.62,United Kingdom,Transfer,Tablet,16,36,139.49,0,1,0
9729,2180,263.15,Germany,Online Payment,Mobile,19,28,81.12,1,2,0
9730,1298,44.38,Germany,Card Payment,Mobile,22,23,105.01,0,2,0
9731,1491,162.19,Senegal,Card Payment,Web,9,31,85.42,0,0,0
9732,503,48.84,Spain,Online Payment,Tablet,12,27,180.18,0,1,0
9733,2273,78.56,Spain,Card Payment,Mobile,15,19,63.34,1,0,0
9734,3416,93.61,France,Online Payment,Mobile,2,30,107.18,0,1,0
9735,2077,79.58,France,Card Payment,Web,12,11,27.92,0,0,0
9736,763,131.99,Senegal,Online Payment,Mobile,11,32,87.19,0,0,0
9737,3187,273.28,Senegal,Online Payment,Tablet,15,26,133.91,0,1,1
9738,1089,769.54,France,Cash Withdrawal,Mobile,12,31,337.01,0,0,0
9739,3009,311.51,Senegal,Cash Withdrawal,Tablet,14,15,74.8,1,3,0
9740,2837,72.53,France,Transfer,Mobile,15,16,65.62,0,1,0
9741,3342,1274.53,Portugal,Online Payment,Mobile,4,22,135.04,0,0,1
9742,2554,117.39,France,Card Payment,Mobile,7,14,150.13,0,3,0
9743,831,299.53,United Kingdom,Card Payment,Web,13,30,79.63,0,1,0
9744,838,153.85,Senegal,Online Payment,Mobile,2,31,53.95,0,0,0
9745,1147,142.75,Germany,Transfer,Mobile,2,37,80.87,0,0,0
9746,3639,74.52,Portugal,Online Payment,Mobile,20,43,60.54,1,2,0
9747,2190,229.02,France,Cash Withdrawal,Mobile,21,29,99.78,0,2,0
9748,1482,208.15,Spain,Transfer,Mobile,17,16,96.64,1,2,0
9749,609,19.93,United Kingdom,Cash Withdrawal,Web,0,23,169.95,0,1,0
9750,2047,133.67,France,Cash Withdrawal,Mobile,7,19,40.29,0,2,0
9751,88,142.97,United Kingdom,Cash Withdrawal,Tablet,0,24,65.06,0,2,0
9752,1042,53.45,Germany,Card Payment,Tablet,17,16,80.35,0,2,0
9753,533,74.96,Portugal,Cash Withdrawal,Mobile,13,32,107.52,0,0,0
9754,362,40.68,United Kingdom,Cash Withdrawal,Mobile,19,28,150.45,0,1,0
9755,3190,72.62,Germany,Transfer,Mobile,14,10,63.99,0,2,0
9756,2988,84.02,United Kingdom,Cash Withdrawal,Web,17,12,45.56,0,2,0
9757,662,231.74,Germany,Online Payment,Web,21,27,103.48,1,2,0
9758,223,59.16,Germany,Online Payment,Web,4,18,27.59,0,1,0
9759,787,153.74,Portugal,Cash Withdrawal,Web,8,19,160.46,0,2,0
9760,2918,231.81,Spain,Card Payment,Web,14,8,126.46,0,3,0
9761,268,71.49,Portugal,Card Payment,Tablet,6,4,117.24,1,2,0
9762,1134,123.2,United Kingdom,Transfer,Tablet,15,25,134.93,1,1,0
9763,2126,91.33,United Kingdom,Transfer,Web,14,22,135.78,0,7,0
9764,1105,118.54,France,Transfer,Web,7,30,111.13,0,2,0
9765,2317,28.55,Germany,Transfer,Web,16,28,468.71,0,1,0
9766,2088,152.81,Portugal,Transfer,Mobile,5,27,213.91,0,2,0
9767,3557,227.58,France,Cash Withdrawal,Mobile,5,11,147.32,0,2,0
9768,3827,166.01,Germany,Cash Withdrawal,Tablet,12,18,88.18,0,0,1
9769,943,86.31,Spain,Cash Withdrawal,Web,3,21,92.94,0,2,0
9770,39,150.65,United Kingdom,Online Payment,Tablet,22,17,288.42,0,2,0
9771,667,1231.81,France,Card Payment,Tablet,20,24,74.82,0,1,0
9772,3718,32.74,Senegal,Card Payment,Tablet,9,25,46.9,1,0,0
9773,2711,508.06,United Kingdom,Transfer,Mobile,6,24,160.67,0,4,0
9774,1961,65.32,Portugal,Transfer,Tablet,9,42,70.29,0,0,0
9775,861,121.59,United Kingdom,Card Payment,Mobile,4,13,42.65,1,0,0
9776,1685,253.58,France,Transfer,Web,12,15,254.95,0,3,0
9777,3095,35.17,France,Online Payment,Web,16,30,82.25,0,1,0
9778,1246,181.72,Spain,Card Payment,Tablet,18,28,195.87,0,1,0
9779,1316,221.47,Portugal,Card Payment,Mobile,22,12,149.9,0,3,0
9780,3283,82.07,United Kingdom,Cash Withdrawal,Mobile,22,11,99.48,0,0,0
9781,2038,136.33,France,Online Payment,Web,18,15,182.21,0,2,0
9782,2219,128.2,France,Card Payment,Tablet,20,11,101.56,0,0,0
9783,446,57.2,Germany,Online Payment,Web,7,31,166.59,0,4,0
9784,3248,228.84,Spain,Card Payment,Tablet,2,45,141.16,1,3,0
9785,461,106.36,Germany,Transfer,Web,19,10,220.86,0,2,0
9786,3098,40.83,United Kingdom,Cash Withdrawal,Tablet,18,18,79.9,1,1,0
9787,3818,83.77,Portugal,Cash Withdrawal,Mobile,13,20,191.83,0,2,0
9788,2024,23.68,Germany,Cash Withdrawal,Mobile,5,15,66.23,0,0,0
9789,2803,100.42,Portugal,Cash Withdrawal,Tablet,0,18,284.62,0,1,0
9790,1428,67.5,Senegal,Transfer,Tablet,7,38,152.5,0,1,0
9791,673,56.81,Spain,Transfer,Mobile,9,19,242.69,0,2,0
9792,3465,233.06,United Kingdom,Card Payment,Web,22,18,127.63,0,1,0
9793,3903,130.94,France,Card Payment,Tablet,9,38,79.74,0,0,0
9794,2325,119.0,Germany,Online Payment,Web,23,19,73.4,0,1,0
9795,1773,105.36,Senegal,Transfer,Web,18,42,133.5,0,2,0
9796,943,50.05,United Kingdom,Cash Withdrawal,Mobile,9,18,178.97,0,1,0
9797,3455,560.15,Germany,Transfer,Tablet,18,1,156.92,1,1,0
9798,3473,349.06,Spain,Card Payment,Web,20,16,70.91,0,1,0
9799,3915,240.17,France,Cash Withdrawal,Tablet,20,34,240.23,0,2,0
9800,2127,269.09,France,Card Payment,Tablet,2,22,119.55,0,0,0
9801,2109,138.77,Germany,Online Payment,Tablet,8,34,141.79,0,0,0
9802,3358,102.21,Germany,Online Payment,Tablet,14,25,89.85,0,2,1
9803,260,88.51,Spain,Card Payment,Mobile,12,15,36.16,0,2,0
9804,470,162.19,Portugal,Transfer,Web,19,32,139.75,0,2,0
9805,337,375.12,Spain,Online Payment,Tablet,1,13,111.12,0,0,0
9806,2950,138.15,Spain,Online Payment,Web,0,38,100.93,0,2,0
9807,2367,237.9,Senegal,Cash Withdrawal,Tablet,22,18,71.41,0,0,0
9808,2690,136.3,Senegal,Card Payment,Web,9,24,89.68,0,0,0
9809,537,144.91,France,Online Payment,Web,0,18,122.16,0,0,0
9810,688,35.13,France,Cash Withdrawal,Tablet,18,18,148.93,0,1,0
9811,2662,118.15,Germany,Card Payment,Tablet,3,14,132.22,1,1,0
9812,1856,59.5,Portugal,Cash Withdrawal,Mobile,2,31,141.8,0,2,0
9813,152,50.15,Senegal,Cash Withdrawal,Tablet,18,12,208.52,0,4,0
9814,150,92.28,Senegal,Transfer,Tablet,20,4,183.58,0,2,0
9815,2333,145.22,Spain,Online Payment,Mobile,12,8,39.16,0,0,0
9816,2672,137.06,United Kingdom,Card Payment,Tablet,2,13,28.73,1,1,0
9817,1812,138.58,Senegal,Cash Withdrawal,Tablet,4,12,136.79,0,3,0
9818,2815,248.33,Germany,Card Payment,Mobile,10,33,76.65,0,0,0
9819,3419,131.61,Germany,Cash Withdrawal,Mobile,23,17,194.08,0,2,0
9820,3491,79.76,United Kingdom,Cash Withdrawal,Tablet,16,37,37.49,0,2,0
9821,2552,119.46,Portugal,Card Payment,Tablet,22,5,220.88,0,0,0
9822,3134,293.9,Spain,Cash Withdrawal,Mobile,5,27,224.85,1,2,0
9823,2333,234.17,Germany,Card Payment,Web,19,32,203.67,0,1,0
9824,2047,61.25,Senegal,Online Payment,Mobile,14,22,172.75,1,3,0
9825,1603,237.75,United Kingdom,Transfer,Web,2,40,82.56,1,3,0
9826,2123,27.82,Spain,Online Payment,Mobile,22,13,103.49,0,2,0
9827,3459,163.15,Germany,Transfer,Tablet,16,7,152.95,0,1,0
9828,3754,63.78,United Kingdom,Online Payment,Mobile,23,19,204.32,0,0,0
9829,1045,95.27,Germany,Card Payment,Web,12,28,63.98,0,1,0
9830,1003,306.14,Spain,Cash Withdrawal,Web,23,17,106.61,1,2,0
9831,1732,30.29,Spain,Cash Withdrawal,Tablet,13,25,232.68,0,1,0
9832,2158,132.0,Spain,Cash Withdrawal,Mobile,23,29,116.89,1,1,0
9833,3139,119.42,United Kingdom,Transfer,Tablet,6,35,67.82,1,2,0
9834,3819,163.73,Senegal,Transfer,Mobile,12,13,90.09,0,1,0
9835,2220,326.26,Portugal,Online Payment,Mobile,20,9,161.38,0,2,0
9836,2631,188.98,United Kingdom,Transfer,Tablet,6,20,53.61,0,0,0
9837,1841,110.39,Portugal,Card Payment,Tablet,6,28,138.67,0,2,0
9838,2253,210.93,Germany,Cash Withdrawal,Tablet,17,10,172.06,1,2,0
9839,1652,103.78,Senegal,Transfer,Mobile,8,24,326.24,0,3,0
9840,1338,41.41,Germany,Cash Withdrawal,Web,12,11,47.99,0,0,0
9841,3086,158.69,France,Online Payment,Mobile,22,40,95.05,0,1,0
9842,856,138.49,Spain,Transfer,Tablet,4,1,431.55,0,1,0
9843,239,108.31,United Kingdom,Transfer,Mobile,1,37,125.75,0,1,0
9844,3981,39.5,Spain,Transfer,Mobile,9,13,70.43,0,1,0
9845,3843,57.69,Portugal,Transfer,Web,23,11,89.42,1,1,0
9846,715,218.5,France,Transfer,Web,14,20,148.88,0,2,0
9847,3817,48.33,Portugal,Transfer,Tablet,15,18,94.83,0,1,0
9848,1422,140.59,Spain,Card Payment,Mobile,5,2,87.7,0,1,0
9849,2786,353.61,Spain,Transfer,Tablet,4,30,72.41,0,1,0
9850,857,35.85,Germany,Card Payment,Tablet,9,22,138.57,0,0,0
9851,1095,125.2,Portugal,Card Payment,Tablet,17,27,68.23,0,1,0
9852,2966,203.47,Germany,Cash Withdrawal,Tablet,20,19,143.85,1,2,0
9853,926,602.0,Spain,Transfer,Tablet,4,41,61.42,0,2,0
9854,2375,311.16,Germany,Cash Withdrawal,Tablet,7,25,129.54,0,2,0
9855,1773,162.11,Spain,Transfer,Mobile,7,8,83.25,0,1,0
9856,2926,121.6,Portugal,Transfer,Mobile,17,5,77.02,0,3,0
9857,1777,192.85,Portugal,Online Payment,Tablet,6,34,38.0,0,0,0
9858,1226,155.87,Portugal,Card Payment,Web,15,18,91.66,0,2,0
9859,1182,838.32,United Kingdom,Online Payment,Mobile,21,13,152.37,0,2,0
9860,2069,255.03,Senegal,Card Payment,Mobile,12,28,127.0,0,2,0
9861,1182,475.91,Portugal,Transfer,Tablet,5,32,143.03,0,0,0
9862,3042,416.37,Spain,Online Payment,Tablet,16,3,165.77,0,0,0
9863,1405,115.45,Portugal,Transfer,Tablet,20,19,89.75,1,1,0
9864,3255,144.76,Senegal,Card Payment,Mobile,15,35,125.02,0,0,0
9865,3267,92.54,France,Online Payment,Web,23,10,211.61,0,3,0
9866,142,132.8,Senegal,Cash Withdrawal,Web,3,25,158.46,1,0,0
9867,834,125.61,United Kingdom,Cash Withdrawal,Web,4,20,200.49,0,0,0
9868,568,190.37,United Kingdom,Cash Withdrawal,Mobile,15,11,163.53,0,0,0
9869,1948,437.84,Portugal,Online Payment,Mobile,4,23,172.16,0,1,0
9870,2746,129.64,Portugal,Transfer,Mobile,1,14,142.97,0,2,0
9871,3739,57.09,Senegal,Card Payment,Mobile,9,19,53.79,0,4,0
9872,1822,119.55,Spain,Transfer,Mobile,9,19,78.97,0,4,0
9873,3062,39.85,France,Cash Withdrawal,Mobile,11,25,236.52,1,1,0
9874,1598,49.69,France,Card Payment,Mobile,12,16,68.83,0,0,0
9875,2296,29.54,United Kingdom,Cash Withdrawal,Mobile,17,28,224.56,0,2,0
9876,3226,26.48,Germany,Online Payment,Mobile,22,33,106.75,0,3,0
9877,2185,102.85,Germany,Transfer,Tablet,13,37,89.62,1,1,0
9878,1235,310.74,France,Online Payment,Web,22,23,163.56,0,0,0
9879,3888,161.89,Senegal,Cash Withdrawal,Mobile,1,7,229.09,0,3,0
9880,3883,109.41,France,Cash Withdrawal,Tablet,20,20,114.89,0,1,0
9881,1412,16.59,Senegal,Card Payment,Web,13,28,99.25,0,2,0
9882,1332,222.28,Senegal,Cash Withdrawal,Mobile,16,25,506.84,0,1,0
9883,1270,91.91,Spain,Online Payment,Mobile,11,28,33.1,0,1,0
9884,1530,46.47,Senegal,Cash Withdrawal,Tablet,20,18,75.12,0,2,0
9885,357,149.29,Germany,Card Payment,Web,4,25,47.91,0,1,0
9886,1964,37.23,France,Card Payment,Tablet,14,21,102.37,0,0,0
9887,1358,59.18,France,Online Payment,Mobile,5,27,125.36,0,2,0
9888,3575,236.75,United Kingdom,Cash Withdrawal,Mobile,7,28,178.57,0,3,0
9889,2261,128.84,Portugal,Card Payment,Mobile,21,17,118.29,0,2,0
9890,1968,56.88,Portugal,Online Payment,Mobile,0,22,121.44,1,4,0
9891,1302,236.71,Spain,Transfer,Mobile,10,22,144.46,0,3,0
9892,1789,187.74,France,Online Payment,Web,21,11,599.85,1,2,0
9893,3212,178.26,United Kingdom,Online Payment,Mobile,16,14,73.63,0,2,0
9894,2175,211.81,France,Transfer,Tablet,12,20,134.5,0,0,0
9895,1559,57.69,Senegal,Cash Withdrawal,Mobile,10,7,280.64,0,1,0
9896,2922,85.77,United Kingdom,Card Payment,Tablet,20,13,70.12,0,3,0
9897,3444,43.9,United Kingdom,Cash Withdrawal,Tablet,10,6,151.37,0,3,0
9898,1724,360.69,Portugal,Cash Withdrawal,Tablet,7,25,127.77,0,1,0
9899,1116,138.55,Senegal,Transfer,Mobile,21,22,187.9,0,3,0
9900,1389,295.85,Spain,Card Payment,Tablet,3,27,147.9,0,0,0
9901,1433,204.46,France,Cash Withdrawal,Mobile,13,13,57.63,1,1,0
9902,3896,31.81,Spain,Card Payment,Tablet,23,15,92.79,0,1,0
9903,2508,134.46,Senegal,Cash Withdrawal,Mobile,14,21,159.62,0,4,0
9904,276,233.23,France,Transfer,Tablet,16,19,142.38,0,2,0
9905,1446,56.69,United Kingdom,Online Payment,Tablet,10,9,226.77,0,0,0
9906,641,186.03,France,Card Payment,Tablet,17,19,101.84,1,1,0
9907,2895,105.02,United Kingdom,Online Payment,Tablet,21,4,109.33,0,2,0
9908,1843,301.59,Spain,Cash Withdrawal,Mobile,6,3,123.11,0,1,0
9909,3044,110.6,United Kingdom,Online Payment,Web,2,28,125.01,0,1,0
9910,3599,130.97,Spain,Card Payment,Web,13,18,159.61,1,1,0
9911,469,80.84,Portugal,Cash Withdrawal,Mobile,23,17,150.92,0,1,0
9912,3806,46.92,France,Cash Withdrawal,Mobile,0,26,95.46,0,2,0
9913,310,120.36,Portugal,Online Payment,Tablet,1,12,174.97,1,1,1
9914,2971,77.71,Portugal,Transfer,Mobile,14,28,127.31,0,0,0
9915,2486,257.31,Portugal,Online Payment,Mobile,5,26,188.18,1,0,0
9916,2665,105.04,France,Online Payment,Web,6,23,172.5,1,1,0
9917,538,240.36,Spain,Online Payment,Mobile,5,36,193.92,0,1,0
9918,95,267.73,Portugal,Card Payment,Mobile,4,25,52.48,0,0,0
9919,3438,304.05,Portugal,Cash Withdrawal,Tablet,2,30,64.07,0,2,0
9920,2618,45.04,Senegal,Transfer,Mobile,17,29,40.41,0,0,0
9921,53,37.86,Portugal,Online Payment,Web,20,30,78.04,0,5,0
9922,2960,106.57,United Kingdom,Transfer,Mobile,11,2,106.09,1,0,0
9923,2760,273.67,Senegal,Transfer,Web,9,8,101.73,0,2,0
9924,2398,145.68,France,Cash Withdrawal,Mobile,12,22,97.15,0,0,0
9925,2906,219.85,United Kingdom,Cash Withdrawal,Web,14,21,96.23,0,2,0
9926,1987,687.22,Portugal,Online Payment,Tablet,23,28,270.44,0,4,0
9927,3517,240.52,France,Card Payment,Web,11,26,201.47,0,0,0
9928,3280,45.13,United Kingdom,Online Payment,Mobile,8,26,103.04,0,1,0
9929,774,94.34,Portugal,Transfer,Mobile,9,9,87.21,0,2,0
9930,2275,38.03,Senegal,Cash Withdrawal,Tablet,17,16,126.46,0,2,0
9931,2829,182.02,Germany,Online Payment,Web,9,6,115.61,0,2,0
9932,3714,73.19,France,Card Payment,Web,20,45,109.7,0,0,0
9933,87,512.36,France,Card Payment,Mobile,17,24,122.14,1,2,0
9934,31,141.43,France,Card Payment,Mobile,3,29,72.51,0,1,1
9935,1411,211.45,United Kingdom,Online Payment,Tablet,13,22,220.26,0,1,0
9936,3713,30.88,France,Cash Withdrawal,Tablet,9,4,69.78,0,4,0
9937,960,176.71,Senegal,Cash Withdrawal,Mobile,9,35,259.58,0,1,0
9938,2598,191.56,Germany,Cash Withdrawal,Web,0,33,80.71,0,2,0
9939,939,94.57,Spain,Transfer,Tablet,20,26,36.71,0,1,0
9940,1615,185.05,Senegal,Transfer,Web,20,36,399.71,1,1,0
9941,2803,110.04,Spain,Card Payment,Web,7,27,82.92,0,2,0
9942,3726,63.8,Germany,Card Payment,Web,12,5,75.22,0,2,0
9943,584,445.83,Spain,Cash Withdrawal,Web,16,19,105.65,0,3,0
9944,3736,917.63,Portugal,Online Payment,Mobile,1,2,119.29,0,1,0
9945,817,83.81,Spain,Transfer,Mobile,4,12,126.36,0,3,0
9946,1072,198.43,France,Transfer,Web,22,28,119.43,0,1,0
9947,1445,205.94,United Kingdom,Cash Withdrawal,Tablet,5,29,97.35,0,2,0
9948,207,163.78,France,Transfer,Tablet,23,10,392.92,0,1,0
9949,408,163.18,Spain,Cash Withdrawal,Tablet,8,1,613.17,0,1,0
9950,3350,88.59,United Kingdom,Card Payment,Web,7,23,130.91,0,1,0
9951,721,282.65,Germany,Transfer,Web,20,13,39.15,0,2,0
9952,2369,107.95,Senegal,Cash Withdrawal,Tablet,8,10,145.57,0,2,0
9953,3554,301.9,Portugal,Card Payment,Tablet,6,14,76.79,0,3,0
9954,3112,416.96,Senegal,Online Payment,Mobile,2,37,114.49,0,0,0
9955,389,96.21,France,Transfer,Web,8,14,144.04,0,2,0
9956,1013,68.73,Germany,Card Payment,Mobile,10,37,46.09,0,3,0
9957,3073,78.59,Portugal,Online Payment,Mobile,9,22,102.09,0,2,0
9958,1087,138.3,Senegal,Cash Withdrawal,Web,14,25,43.51,0,2,0
9959,232,83.93,Portugal,Online Payment,Web,18,35,489.56,1,2,0
9960,2645,369.16,France,Online Payment,Web,11,16,70.7,1,1,0
9961,2879,151.53,Senegal,Cash Withdrawal,Mobile,18,26,117.65,1,2,0
9962,3770,69.73,France,Online Payment,Web,10,43,151.41,0,3,0
9963,1686,108.76,United Kingdom,Transfer,Web,0,16,114.27,0,1,0
9964,930,531.99,Germany,Transfer,Web,9,23,102.5,0,1,0
9965,3096,548.41,France,Online Payment,Mobile,5,6,55.81,1,1,0
9966,218,84.81,Germany,Card Payment,Tablet,1,23,117.7,0,1,0
9967,845,123.44,Senegal,Cash Withdrawal,Mobile,17,32,123.92,0,2,0
9968,612,165.03,France,Card Payment,Mobile,5,34,39.6,0,3,0
9969,3861,67.42,Germany,Cash Withdrawal,Web,8,11,55.75,0,0,0
9970,1622,471.28,Germany,Online Payment,Mobile,10,38,80.8,0,1,0
9971,66,249.36,Spain,Transfer,Web,1,32,56.14,0,1,0
9972,2426,112.47,Germany,Cash Withdrawal,Mobile,19,22,133.6,0,2,0
9973,2397,518.33,France,Cash Withdrawal,Tablet,22,20,170.63,0,1,0
9974,1948,185.88,Spain,Transfer,Web,7,26,166.58,0,1,0
9975,1377,114.07,Germany,Transfer,Mobile,23,24,82.37,0,1,0
9976,3289,388.99,Germany,Transfer,Web,14,10,114.0,0,3,0
9977,2207,54.06,Spain,Transfer,Web,23,30,25.62,0,0,0
9978,1766,87.9,Senegal,Card Payment,Web,12,19,43.35,0,3,0
9979,584,135.83,Senegal,Online Payment,Tablet,14,6,142.85,0,2,0
9980,3324,172.01,Senegal,Cash Withdrawal,Web,15,14,163.25,0,2,0
9981,3146,234.73,United Kingdom,Cash Withdrawal,Mobile,7,1,175.3,0,2,0
9982,3219,80.82,Germany,Online Payment,Tablet,3,8,107.31,0,1,0
9983,1634,51.86,France,Cash Withdrawal,Mobile,18,20,385.49,0,1,0
9984,3086,299.51,Germany,Transfer,Mobile,1,20,98.1,0,5,0
9985,3884,220.22,France,Transfer,Tablet,6,18,281.75,0,0,0
9986,2276,166.16,Spain,Card Payment,Web,16,35,147.63,0,1,0
9987,2570,63.54,United Kingdom,Online Payment,Mobile,19,32,304.21,0,0,0
9988,3889,25.6,Germany,Card Payment,Tablet,12,7,67.83,1,0,0
9989,3526,98.37,Spain,Online Payment,Web,7,7,64.73,0,2,0
9990,3804,27.68,Senegal,Cash Withdrawal,Tablet,20,23,130.98,0,1,0
9991,1230,485.68,Germany,Cash Withdrawal,Mobile,1,7,98.35,0,0,0
9992,2771,47.5,United Kingdom,Online Payment,Tablet,18,24,119.05,0,1,0
9993,2652,149.9,Germany,Card Payment,Web,13,1,144.49,0,0,0
9994,2877,86.68,Spain,Card Payment,Tablet,14,26,40.09,0,0,0
9995,2333,188.07,Germany,Online Payment,Mobile,20,21,194.35,0,1,0
9996,3050,193.47,Germany,Online Payment,Web,7,31,51.33,0,2,0
9997,3538,315.06,United Kingdom,Transfer,Web,7,29,159.02,0,1,1
9998,3286,68.34,Germany,Cash Withdrawal,Web,0,30,101.52,0,2,0
9999,1130,87.91,Senegal,Transfer,Tablet,7,28,61.07,0,2,0
10000,401,122.85,Senegal,Online Payment,Web,4,17,302.85,0,1,0
10001,19,28.48,Portugal,Online Payment,Tablet,0,17,78.51,0,3,0
10002,2627,157.81,Spain,Online Payment,Mobile,16,1,101.34,0,1,0
10003,282,58.22,Germany,Online Payment,Web,1,13,104.66,0,3,0
10004,16,122.22,France,Card Payment,Mobile,5,16,86.58,0,1,0
10005,1233,205.99,United Kingdom,Online Payment,Web,2,26,158.48,0,2,0
10006,379,155.77,Germany,Cash Withdrawal,Tablet,13,20,49.11,0,2,0
10007,3479,142.04,Germany,Cash Withdrawal,Web,1,11,125.32,0,1,0
10008,3328,90.9,Spain,Transfer,Mobile,18,26,188.86,0,1,0
10009,2759,98.09,Portugal,Cash Withdrawal,Mobile,19,27,59.57,0,0,0
10010,3172,119.51,Germany,Card Payment,Web,12,21,73.8,0,1,0
10011,1497,235.71,Germany,Online Payment,Web,5,21,135.95,0,1,0
10012,2327,199.34,Spain,Cash Withdrawal,Mobile,21,19,90.04,0,3,0
10013,1872,132.64,Senegal,Cash Withdrawal,Web,14,19,38.61,0,1,0
10014,547,40.25,Germany,Cash Withdrawal,Web,22,18,64.29,0,0,0
10015,3894,157.62,Germany,Online Payment,Tablet,19,1,64.43,0,2,0
10016,454,36.96,Spain,Card Payment,Tablet,13,15,83.1,0,0,0
10017,952,49.6,Portugal,Card Payment,Tablet,1,25,330.68,1,3,0
10018,1835,74.13,Spain,Online Payment,Web,12,3,46.83,0,1,0
10019,215,499.75,France,Transfer,Mobile,0,15,224.74,0,0,0
10020,2869,110.6,Germany,Cash Withdrawal,Mobile,6,25,69.22,0,0,0
10021,1408,15.96,United Kingdom,Transfer,Mobile,0,26,137.11,0,3,0
10022,1065,66.82,United Kingdom,Online Payment,Mobile,20,22,114.6,0,1,0
10023,3615,378.11,Senegal,Transfer,Web,8,23,193.75,0,1,0
10024,108,82.79,Spain,Cash Withdrawal,Mobile,2,26,47.38,0,1,0
10025,1650,120.34,United Kingdom,Cash Withdrawal,Web,5,1,144.96,0,1,0
10026,1822,198.44,Germany,Cash Withdrawal,Web,22,38,84.48,0,1,0
10027,1242,310.3,Spain,Cash Withdrawal,Mobile,19,8,153.15,0,0,0
10028,605,170.47,Spain,Online Payment,Web,21,2,103.12,0,1,0
10029,3967,480.92,Portugal,Transfer,Tablet,3,25,69.7,0,0,0
10030,42,247.63,Germany,Card Payment,Web,7,24,48.74,0,0,0
10031,3880,114.8,United Kingdom,Cash Withdrawal,Web,1,1,111.67,0,1,0
10032,88,108.84,Germany,Card Payment,Tablet,18,25,111.85,1,1,0
10033,1935,45.25,Senegal,Card Payment,Web,9,1,120.04,0,0,0
10034,2691,92.2,Senegal,Transfer,Tablet,13,1,53.53,0,1,0
10035,2517,94.57,Senegal,Online Payment,Tablet,17,4,150.34,0,3,0
10036,1287,171.85,Spain,Card Payment,Mobile,19,9,114.48,1,4,0
10037,1887,82.61,Germany,Card Payment,Web,6,19,367.1,0,3,0
10038,2047,150.35,United Kingdom,Card Payment,Tablet,22,31,271.04,0,2,0
10039,1397,169.12,France,Cash Withdrawal,Mobile,18,28,441.2,0,2,0
10040,942,78.82,Spain,Online Payment,Tablet,15,30,72.43,0,2,0
10041,14,269.97,Senegal,Cash Withdrawal,Mobile,8,31,263.13,0,2,0
10042,676,177.06,Portugal,Online Payment,Tablet,21,16,292.95,0,2,0
10043,1280,403.86,Portugal,Cash Withdrawal,Mobile,0,20,215.86,0,0,0
10044,3863,138.93,France,Transfer,Mobile,1,14,146.08,0,1,0
10045,2798,229.29,Spain,Online Payment,Web,17,11,53.77,0,1,0
10046,2844,210.23,France,Transfer,Web,17,1,51.34,0,0,0
10047,939,147.65,United Kingdom,Transfer,Mobile,2,22,91.1,0,2,0
10048,1158,79.87,Germany,Online Payment,Web,15,18,113.06,0,2,0
10049,347,77.68,Portugal,Cash Withdrawal,Mobile,10,10,110.06,0,5,0
10050,3807,71.25,France,Card Payment,Mobile,8,1,113.81,0,1,0
10051,2381,110.39,Germany,Transfer,Web,15,29,38.07,0,2,0
10052,468,147.12,Germany,Cash Withdrawal,Mobile,7,20,142.6,0,4,0
10053,2900,125.01,Senegal,Card Payment,Web,12,24,73.8,0,2,0
10054,3506,146.12,Germany,Transfer,Web,6,1,113.76,0,2,0
10055,3427,115.6,Germany,Cash Withdrawal,Web,3,20,171.91,0,1,0
10056,1573,102.61,France,Card Payment,Tablet,3,17,88.96,0,4,0
10057,3803,102.11,Senegal,Transfer,Mobile,19,21,268.12,0,1,0
10058,622,185.19,France,Card Payment,Mobile,6,30,216.1,0,1,0
10059,2735,120.75,United Kingdom,Card Payment,Mobile,20,19,244.25,0,0,0
10060,66,100.48,Germany,Transfer,Tablet,9,16,97.53,0,1,0
10061,2064,59.69,Germany,Transfer,Web,10,11,70.7,1,2,0
10062,3385,50.55,Senegal,Online Payment,Tablet,21,31,94.86,0,0,0
10063,1376,108.34,United Kingdom,Online Payment,Web,19,23,117.69,0,2,0
10064,3704,67.49,Senegal,Transfer,Web,16,45,50.45,0,1,0
10065,2937,92.76,United Kingdom,Online Payment,Web,11,10,92.8,0,2,0
10066,3055,74.09,Senegal,Transfer,Tablet,1,19,84.02,0,1,0
10067,2483,82.47,United Kingdom,Cash Withdrawal,Mobile,3,6,66.6,1,2,0
10068,2445,104.01,United Kingdom,Transfer,Mobile,12,16,86.04,0,0,0
10069,3315,98.15,Germany,Online Payment,Tablet,17,8,146.2,0,3,0
10070,3091,94.51,Senegal,Transfer,Web,2,15,121.65,1,2,0
10071,535,235.34,Spain,Transfer,Tablet,17,17,183.43,0,1,0
10072,36,46.41,United Kingdom,Transfer,Mobile,17,23,125.21,0,0,0
10073,742,112.34,United Kingdom,Online Payment,Tablet,12,2,74.27,0,3,0
10074,1188,771.54,United Kingdom,Card Payment,Tablet,10,19,47.43,0,3,0
10075,3628,109.09,United Kingdom,Card Payment,Web,18,18,137.15,1,1,0
10076,3213,224.83,Spain,Online Payment,Tablet,16,30,53.5,0,1,0
10077,2368,181.46,United Kingdom,Cash Withdrawal,Web,0,6,76.95,0,4,0
10078,1590,152.8,Spain,Card Payment,Tablet,20,18,136.53,0,0,0
10079,1415,40.85,Portugal,Transfer,Mobile,18,33,105.53,0,0,0
10080,768,220.37,Senegal,Online Payment,Web,15,20,156.99,0,1,0
10081,3670,80.68,Spain,Card Payment,Web,7,28,109.82,1,2,0
10082,903,93.06,France,Transfer,Web,14,28,171.02,0,2,0
10083,2312,45.27,Germany,Transfer,Web,7,2,58.9,0,1,0
10084,3188,69.97,France,Online Payment,Tablet,20,30,219.14,1,1,0
10085,1531,212.35,France,Transfer,Mobile,22,18,271.17,0,1,0
10086,2086,208.26,United Kingdom,Card Payment,Web,2,19,66.18,0,4,0
10087,727,168.79,France,Card Payment,Mobile,21,29,151.32,0,1,0
10088,3442,56.96,United Kingdom,Cash Withdrawal,Tablet,8,17,41.43,0,1,0
10089,3083,154.35,United Kingdom,Card Payment,Mobile,21,31,67.73,0,2,0
10090,300,23.3,Senegal,Card Payment,Web,17,12,160.01,1,2,1
10091,419,93.5,France,Online Payment,Web,21,23,83.48,0,3,0
10092,949,39.52,Senegal,Cash Withdrawal,Mobile,22,11,71.61,0,2,0
10093,1613,73.33,Senegal,Online Payment,Mobile,15,32,69.51,0,2,0
10094,997,76.58,Portugal,Transfer,Tablet,9,26,52.39,1,2,0
10095,84,142.68,Senegal,Transfer,Mobile,14,20,78.49,0,1,0
10096,3944,157.52,Portugal,Transfer,Tablet,9,54,132.99,0,1,0
10097,1381,161.95,United Kingdom,Card Payment,Mobile,5,28,122.53,0,1,0
10098,340,50.48,France,Online Payment,Tablet,13,17,33.85,0,2,0
10099,1571,20.13,United Kingdom,Online Payment,Tablet,16,31,133.87,0,1,0
10100,992,417.06,France,Transfer,Mobile,18,17,128.88,0,3,0
10101,1665,47.66,Spain,Cash Withdrawal,Mobile,2,17,68.97,0,0,0
10102,2703,76.08,Spain,Card Payment,Tablet,16,5,144.78,0,2,0
10103,137,144.56,Senegal,Cash Withdrawal,Web,3,27,109.53,0,3,0
10104,3946,51.09,Senegal,Transfer,Web,22,37,20.93,0,1,0
10105,531,151.83,United Kingdom,Online Payment,Web,17,26,498.12,0,0,0
10106,3970,50.57,Portugal,Online Payment,Web,5,36,124.45,0,2,0
10107,3317,227.38,Spain,Transfer,Mobile,4,28,66.85,0,3,0
10108,2557,233.59,Germany,Online Payment,Tablet,23,17,130.44,0,1,0
10109,1835,150.82,Portugal,Online Payment,Mobile,4,18,79.96,0,1,0
10110,3543,49.01,Spain,Transfer,Tablet,5,1,80.63,0,2,0
10111,567,104.12,United Kingdom,Card Payment,Web,2,24,65.03,0,0,0
10112,2645,272.68,United Kingdom,Online Payment,Mobile,11,31,73.49,0,2,0
10113,613,69.49,Germany,Cash Withdrawal,Web,0,25,129.78,0,1,0
10114,1666,352.02,Spain,Cash Withdrawal,Tablet,16,32,84.56,0,1,0
10115,3507,100.56,Germany,Card Payment,Mobile,8,21,164.69,0,2,0
10116,2140,110.92,Portugal,Card Payment,Mobile,10,19,53.91,0,0,0
10117,1311,173.85,Germany,Transfer,Mobile,19,17,69.12,0,3,0
10118,195,112.51,United Kingdom,Cash Withdrawal,Mobile,9,18,175.49,1,3,0
10119,600,123.37,Portugal,Online Payment,Web,12,30,58.11,0,2,0
10120,1619,427.3,Senegal,Cash Withdrawal,Web,9,23,76.17,0,1,0
10121,111,79.0,Germany,Transfer,Web,14,13,344.59,0,0,0
10122,3981,67.99,Portugal,Card Payment,Web,22,11,73.59,0,4,0
10123,2527,137.34,Portugal,Online Payment,Tablet,6,26,140.35,0,0,0
10124,1556,62.07,Portugal,Transfer,Web,15,21,30.01,0,0,0
10125,760,131.7,United Kingdom,Transfer,Web,5,18,137.77,0,2,0
10126,2834,106.35,Senegal,Transfer,Tablet,21,21,140.18,0,1,0
10127,3766,105.34,Senegal,Transfer,Tablet,16,36,337.74,1,1,0
10128,654,20.84,United Kingdom,Online Payment,Web,19,25,37.84,0,0,0
10129,2699,54.0,Spain,Card Payment,Tablet,9,25,90.78,0,0,0
10130,2896,84.68,Spain,Card Payment,Mobile,14,16,100.25,0,1,0
10131,2963,157.36,Senegal,Cash Withdrawal,Mobile,17,38,62.29,0,1,0
10132,769,134.47,France,Cash Withdrawal,Tablet,12,1,34.97,0,2,0
10133,294,62.91,Senegal,Online Payment,Mobile,8,31,115.46,0,3,0
10134,1586,363.02,United Kingdom,Online Payment,Tablet,6,9,347.5,0,1,0
10135,3215,77.48,Spain,Online Payment,Web,2,21,133.2,0,1,0
10136,1077,49.92,Senegal,Cash Withdrawal,Mobile,16,18,142.58,1,2,0
10137,1725,137.15,United Kingdom,Online Payment,Web,0,40,75.48,1,2,0
10138,1538,105.95,France,Card Payment,Tablet,4,13,75.53,0,6,0
10139,515,81.4,Germany,Card Payment,Web,11,29,74.37,0,2,0
10140,296,163.97,France,Online Payment,Tablet,18,24,30.16,0,2,0
10141,564,174.92,France,Cash Withdrawal,Web,7,38,66.7,0,1,0
10142,667,329.86,Spain,Card Payment,Web,11,17,64.87,0,1,0
10143,1703,75.97,France,Cash Withdrawal,Tablet,11,21,66.51,1,2,0
10144,197,214.0,United Kingdom,Card Payment,Mobile,8,14,40.61,0,1,0
10145,3059,84.12,Senegal,Online Payment,Tablet,12,17,80.47,0,3,1
10146,2279,791.07,Spain,Card Payment,Tablet,10,20,38.68,0,0,0
10147,865,158.73,Spain,Card Payment,Web,16,24,107.86,0,1,0
10148,636,70.46,United Kingdom,Online Payment,Mobile,5,13,153.88,1,4,0
10149,3068,111.53,Germany,Online Payment,Tablet,1,9,299.97,0,0,0
10150,2733,57.59,Portugal,Transfer,Tablet,2,38,155.78,0,2,0
10151,1614,87.37,United Kingdom,Online Payment,Tablet,18,15,69.64,0,3,0
10152,2924,81.95,Germany,Card Payment,Web,8,25,92.97,0,3,0
10153,771,168.13,Germany,Card Payment,Tablet,2,18,148.67,0,2,0
10154,912,132.09,Germany,Online Payment,Tablet,9,30,116.46,0,4,0
10155,1911,91.59,Portugal,Cash Withdrawal,Mobile,1,14,78.12,0,1,0
10156,1763,53.69,Germany,Cash Withdrawal,Web,12,20,75.61,0,0,0
10157,265,69.4,Senegal,Cash Withdrawal,Web,12,14,75.53,0,1,0
10158,1676,133.21,Senegal,Online Payment,Web,21,16,139.01,1,3,0
10159,2021,96.33,Germany,Online Payment,Mobile,23,8,92.44,0,2,0
10160,2232,133.58,France,Online Payment,Mobile,9,9,149.89,0,2,0
10161,70,285.13,Germany,Cash Withdrawal,Tablet,23,16,208.1,1,1,0
10162,2040,42.71,Portugal,Transfer,Web,6,32,123.78,1,0,0
10163,3677,594.83,Spain,Online Payment,Tablet,18,32,56.12,0,4,0
10164,3257,76.46,France,Card Payment,Web,9,15,131.58,0,1,0
10165,1288,51.35,Spain,Cash Withdrawal,Mobile,17,30,106.64,0,2,0
10166,1243,292.88,France,Card Payment,Tablet,12,28,199.54,0,5,0
10167,3381,193.27,United Kingdom,Cash Withdrawal,Web,18,14,47.03,0,1,0
10168,3017,26.86,Portugal,Online Payment,Mobile,17,19,102.11,0,3,0
10169,1738,101.09,Portugal,Online Payment,Tablet,19,25,145.62,0,2,0
10170,2169,125.5,Senegal,Cash Withdrawal,Web,2,17,129.12,0,0,0
10171,3235,134.68,Portugal,Transfer,Mobile,15,10,135.68,0,5,0
10172,2437,168.34,Senegal,Online Payment,Tablet,20,26,53.15,0,0,0
10173,2467,205.73,Germany,Transfer,Tablet,14,13,242.1,0,3,0
10174,2845,344.44,Germany,Cash Withdrawal,Tablet,13,7,63.69,0,0,0
10175,448,216.07,Spain,Card Payment,Tablet,15,14,173.94,0,2,0
10176,160,382.11,Spain,Online Payment,Mobile,20,7,96.98,0,1,0
10177,1808,40.91,Portugal,Cash Withdrawal,Mobile,2,13,62.8,0,2,0
10178,3894,30.58,France,Cash Withdrawal,Web,1,2,84.56,0,1,0
10179,143,54.45,Spain,Card Payment,Web,5,22,172.93,0,1,0
10180,3938,293.76,Germany,Online Payment,Mobile,14,20,250.81,0,2,0
10181,3417,167.86,France,Transfer,Mobile,5,36,107.4,0,1,0
10182,2016,10.9,France,Card Payment,Tablet,13,4,210.53,0,1,0
10183,793,300.99,Germany,Card Payment,Mobile,1,21,65.65,1,0,0
10184,2820,120.44,Spain,Online Payment,Mobile,13,13,122.56,0,0,0
10185,3953,40.13,Germany,Card Payment,Tablet,9,16,103.99,0,1,0
10186,3961,38.3,Senegal,Card Payment,Mobile,19,1,118.74,0,0,0
10187,3900,231.96,Portugal,Cash Withdrawal,Tablet,11,37,139.22,0,3,0
10188,1565,40.38,United Kingdom,Online Payment,Mobile,15,15,107.34,0,2,0
10189,5,46.45,Germany,Online Payment,Web,5,21,51.85,0,2,0
10190,206,58.29,Senegal,Cash Withdrawal,Web,11,1,131.4,0,1,0
10191,3622,73.41,Germany,Cash Withdrawal,Tablet,5,20,139.56,0,2,0
10192,3546,283.43,Portugal,Card Payment,Mobile,12,40,97.36,0,1,0
10193,2781,176.65,Spain,Online Payment,Tablet,14,14,93.56,0,1,0
10194,1115,195.6,France,Card Payment,Mobile,16,17,41.66,0,2,1
10195,3768,259.93,United Kingdom,Transfer,Mobile,22,23,48.17,0,2,0
10196,2251,140.93,Germany,Transfer,Mobile,15,34,51.86,1,1,0
10197,1758,178.82,Germany,Online Payment,Tablet,0,31,294.32,0,0,0
10198,3652,146.77,Portugal,Card Payment,Web,19,17,137.23,0,1,0
10199,3915,266.27,Germany,Online Payment,Mobile,4,15,155.02,0,1,0
10200,2853,25.68,United Kingdom,Transfer,Web,11,15,28.38,0,0,0
10201,3063,231.94,Portugal,Card Payment,Web,21,18,113.86,0,1,0
10202,2801,223.27,Senegal,Transfer,Web,13,14,34.67,0,2,0
10203,3932,960.52,France,Card Payment,Tablet,12,31,124.67,0,2,0
10204,571,477.97,Senegal,Transfer,Mobile,22,23,162.98,0,2,1
10205,2339,391.49,Germany,Transfer,Tablet,18,27,142.1,0,1,0
10206,3658,287.18,United Kingdom,Card Payment,Tablet,8,32,154.73,0,1,0
10207,3086,122.59,Spain,Transfer,Web,22,11,64.02,0,2,0
10208,3034,180.0,Germany,Cash Withdrawal,Mobile,9,27,45.04,0,3,0
10209,2747,161.48,Germany,Cash Withdrawal,Web,13,23,135.34,0,1,0
10210,3941,360.52,Spain,Online Payment,Mobile,2,25,80.01,0,5,0
10211,966,130.74,Spain,Transfer,Tablet,11,27,149.28,1,1,0
10212,3897,67.99,Spain,Online Payment,Web,2,19,285.69,1,4,0
10213,3289,96.03,Senegal,Online Payment,Web,16,12,53.99,0,2,0
10214,1883,79.75,France,Online Payment,Tablet,15,23,231.92,0,2,0
10215,1360,307.03,Portugal,Card Payment,Tablet,3,33,34.19,0,1,0
10216,2193,370.43,France,Card Payment,Tablet,0,1,202.22,0,3,0
10217,359,32.03,Germany,Online Payment,Mobile,19,26,141.2,0,2,0
10218,996,164.02,Senegal,Cash Withdrawal,Mobile,1,23,117.94,1,2,0
10219,2400,178.11,Senegal,Cash Withdrawal,Mobile,15,27,154.81,0,3,0
10220,2253,242.51,Germany,Online Payment,Web,13,19,89.73,0,1,0
10221,1125,174.5,Senegal,Transfer,Tablet,12,38,59.46,0,0,0
10222,2866,54.57,France,Cash Withdrawal,Mobile,1,1,305.02,1,3,0
10223,1450,39.88,Spain,Transfer,Mobile,5,20,140.4,0,1,0
10224,3586,135.26,United Kingdom,Cash Withdrawal,Web,0,22,47.75,0,0,0
10225,3795,81.18,Senegal,Cash Withdrawal,Tablet,20,21,112.84,0,0,0
10226,216,45.62,Spain,Online Payment,Web,22,16,92.14,0,0,0
10227,1584,116.84,Senegal,Transfer,Tablet,17,24,87.85,0,0,0
10228,1383,259.12,Portugal,Card Payment,Web,7,8,121.21,0,4,0
10229,469,114.24,Portugal,Online Payment,Mobile,8,25,157.81,0,2,0
10230,3195,195.53,United Kingdom,Card Payment,Tablet,5,13,142.23,1,1,0
10231,2263,73.82,Germany,Card Payment,Web,16,22,118.81,1,2,0
10232,455,132.89,France,Cash Withdrawal,Mobile,16,22,333.45,0,0,0
10233,804,293.6,France,Cash Withdrawal,Mobile,1,25,143.79,0,0,0
10234,1467,80.74,Germany,Card Payment,Tablet,7,33,139.93,0,0,0
10235,1533,28.41,Spain,Transfer,Web,15,37,49.38,1,1,0
10236,3234,550.58,Germany,Transfer,Tablet,0,16,84.47,0,1,0
10237,3056,130.76,Spain,Card Payment,Mobile,23,11,182.08,0,2,0
10238,2661,376.07,France,Online Payment,Mobile,5,22,176.35,0,0,0
10239,1569,249.13,Germany,Card Payment,Web,22,46,409.59,0,1,0
10240,220,35.77,France,Transfer,Tablet,9,33,104.55,1,1,0
10241,1712,89.28,France,Card Payment,Mobile,17,29,460.61,0,2,0
10242,3418,251.75,France,Card Payment,Tablet,2,22,124.28,0,1,0
10243,501,33.46,Spain,Transfer,Tablet,8,32,65.75,0,2,0
10244,3282,298.21,France,Card Payment,Tablet,2,22,78.72,0,1,0
10245,687,112.82,France,Card Payment,Web,7,23,101.07,1,3,0
10246,585,154.4,Spain,Online Payment,Mobile,16,24,87.14,0,0,0
10247,862,470.51,Portugal,Card Payment,Web,4,25,193.15,0,2,0
10248,2747,85.06,Germany,Card Payment,Tablet,18,22,67.05,1,1,0
10249,1984,93.98,Portugal,Online Payment,Tablet,13,24,307.69,0,1,0
10250,3589,52.35,Germany,Card Payment,Tablet,14,25,118.5,0,1,0
10251,1529,110.04,France,Card Payment,Mobile,16,19,58.92,0,1,0
10252,279,140.02,France,Card Payment,Tablet,14,18,139.86,0,0,0
10253,2201,93.02,Portugal,Cash Withdrawal,Tablet,3,31,78.94,0,1,0
10254,1152,258.32,France,Transfer,Mobile,8,1,230.44,0,2,0
10255,2940,303.62,Spain,Cash Withdrawal,Web,2,29,97.94,1,0,0
10256,624,455.2,Portugal,Card Payment,Web,3,23,124.4,0,2,0
10257,2722,115.31,Germany,Cash Withdrawal,Tablet,10,25,255.31,0,3,0
10258,3421,199.93,Portugal,Online Payment,Web,21,27,144.86,0,0,0
10259,2291,68.94,Portugal,Online Payment,Tablet,4,4,59.15,0,1,0
10260,2046,450.84,Germany,Online Payment,Web,7,17,219.62,0,1,0
10261,2241,98.63,Senegal,Online Payment,Web,17,10,181.21,0,2,0
10262,1128,247.26,Germany,Card Payment,Tablet,3,16,138.22,1,2,0
10263,3834,127.35,Senegal,Online Payment,Mobile,3,5,141.15,0,1,0
10264,3565,94.18,Germany,Cash Withdrawal,Web,13,18,128.12,0,1,0
10265,369,98.55,Germany,Card Payment,Tablet,11,25,100.66,0,1,0
10266,1178,32.84,Spain,Card Payment,Tablet,19,32,61.98,1,3,0
10267,1110,45.9,United Kingdom,Cash Withdrawal,Mobile,19,17,120.63,0,5,0
10268,2359,97.16,France,Transfer,Tablet,0,22,56.88,0,0,0
10269,268,76.51,Spain,Card Payment,Mobile,15,26,130.67,0,2,0
10270,3925,126.62,United Kingdom,Transfer,Web,5,22,240.79,0,0,0
10271,3753,313.79,Germany,Card Payment,Tablet,6,7,145.8,1,1,0
10272,3977,63.01,Portugal,Cash Withdrawal,Web,6,26,100.35,0,3,0
10273,2167,376.25,Germany,Cash Withdrawal,Mobile,10,24,22.89,0,1,0
10274,835,51.6,France,Cash Withdrawal,Mobile,10,29,78.7,0,3,0
10275,2963,100.45,United Kingdom,Card Payment,Mobile,6,13,60.12,0,0,0
10276,3822,222.87,Germany,Cash Withdrawal,Web,6,16,61.86,1,0,0
10277,1702,69.04,Spain,Transfer,Web,11,1,66.47,1,3,0
10278,2260,220.73,Spain,Transfer,Tablet,15,39,59.98,0,1,0
10279,3264,166.56,France,Card Payment,Web,7,19,48.49,0,2,0
10280,3507,246.62,Senegal,Cash Withdrawal,Mobile,14,31,357.9,0,1,0
10281,2967,318.25,Spain,Online Payment,Web,13,11,135.44,0,0,0
10282,3006,79.89,France,Transfer,Tablet,8,9,52.18,1,5,0
10283,1091,338.49,Germany,Online Payment,Tablet,12,24,178.69,0,2,0
10284,1092,149.86,United Kingdom,Card Payment,Web,12,16,40.92,0,3,0
10285,2981,78.16,United Kingdom,Transfer,Web,6,25,273.4,0,2,0
10286,2384,524.37,France,Card Payment,Tablet,17,15,198.59,1,2,1
10287,2739,334.16,Spain,Online Payment,Mobile,3,15,68.91,0,2,0
10288,2978,437.51,France,Card Payment,Mobile,1,12,94.16,0,2,0
10289,3958,31.87,Germany,Cash Withdrawal,Web,5,18,82.39,0,2,0
10290,2733,76.53,Senegal,Online Payment,Tablet,1,33,33.85,1,2,0
10291,287,132.18,Spain,Card Payment,Mobile,23,37,88.18,0,1,0
10292,3471,174.71,Germany,Cash Withdrawal,Mobile,22,3,161.29,0,0,0
10293,2216,135.92,Senegal,Cash Withdrawal,Tablet,2,44,510.77,0,2,0
10294,1214,89.09,Portugal,Online Payment,Web,7,26,296.86,0,1,0
10295,496,56.19,Spain,Cash Withdrawal,Tablet,14,9,116.27,0,0,0
10296,917,237.98,France,Transfer,Tablet,10,22,134.64,0,0,0
10297,3733,887.92,France,Transfer,Web,13,17,105.42,0,0,0
10298,21,121.01,France,Transfer,Web,4,17,276.9,0,2,0
10299,380,128.78,Germany,Transfer,Mobile,3,18,108.51,0,1,0
10300,2190,69.47,Spain,Card Payment,Mobile,0,19,112.97,0,4,0
10301,84,142.01,France,Online Payment,Mobile,19,26,39.39,1,1,0
10302,2134,526.43,Senegal,Cash Withdrawal,Web,20,29,87.88,0,0,0
10303,2901,329.5,United Kingdom,Online Payment,Mobile,7,21,118.31,0,2,0
10304,2420,76.62,United Kingdom,Online Payment,Tablet,23,28,118.22,0,1,0
10305,1655,62.53,Spain,Cash Withdrawal,Tablet,8,20,122.91,0,4,0
10306,1579,167.43,United Kingdom,Cash Withdrawal,Tablet,4,18,58.68,0,0,0
10307,3439,101.99,France,Online Payment,Mobile,7,18,38.66,0,1,1
10308,913,112.26,Portugal,Card Payment,Web,14,9,113.29,1,0,0
10309,3327,220.6,France,Transfer,Web,20,16,34.84,0,2,0
10310,2644,87.78,Senegal,Card Payment,Mobile,20,15,139.77,0,1,0
10311,366,117.47,Spain,Cash Withdrawal,Mobile,0,10,67.98,1,3,0
10312,1409,308.69,France,Card Payment,Web,21,26,134.48,0,2,0
10313,2028,180.49,Portugal,Cash Withdrawal,Mobile,9,35,351.83,0,4,0
10314,1711,104.23,Portugal,Transfer,Web,1,20,115.39,0,1,0
10315,3143,123.96,Portugal,Transfer,Tablet,21,21,106.65,0,2,0
10316,1868,34.97,Portugal,Cash Withdrawal,Mobile,8,34,105.08,0,1,0
10317,3523,146.8,United Kingdom,Cash Withdrawal,Tablet,8,21,38.73,0,0,0
10318,625,80.64,Portugal,Cash Withdrawal,Web,12,13,57.31,0,0,0
10319,1995,196.43,United Kingdom,Card Payment,Tablet,2,12,208.52,0,0,0
10320,2485,219.42,France,Cash Withdrawal,Tablet,3,19,77.14,0,2,0
10321,2229,46.58,United Kingdom,Cash Withdrawal,Mobile,1,2,125.72,0,0,0
10322,2480,54.29,Germany,Cash Withdrawal,Web,0,8,100.38,0,0,0
10323,1512,253.85,United Kingdom,Cash Withdrawal,Tablet,10,27,76.41,0,2,0
10324,3707,406.96,Spain,Online Payment,Web,11,6,141.72,0,1,0
10325,3126,72.12,Senegal,Transfer,Mobile,9,23,117.66,1,3,0
10326,3092,319.94,Portugal,Cash Withdrawal,Mobile,5,9,117.46,0,1,0
10327,104,87.59,Portugal,Card Payment,Web,0,27,71.61,0,2,0
10328,2942,53.94,United Kingdom,Transfer,Mobile,3,16,61.05,1,2,0
10329,560,155.27,France,Card Payment,Tablet,9,13,141.48,0,1,0
10330,101,183.66,Spain,Transfer,Web,2,19,38.48,0,0,0
10331,1473,32.83,Germany,Online Payment,Tablet,16,8,243.98,0,0,0
10332,2742,249.0,Portugal,Transfer,Web,4,44,355.3,0,2,0
10333,1872,265.98,France,Cash Withdrawal,Web,3,25,355.83,0,1,0
10334,282,123.87,Spain,Online Payment,Web,8,1,82.49,0,1,0
10335,3467,248.29,Spain,Cash Withdrawal,Mobile,23,36,59.1,0,3,0
10336,3719,167.17,France,Cash Withdrawal,Tablet,10,29,114.44,0,1,0
10337,1326,67.76,Portugal,Cash Withdrawal,Mobile,10,2,247.05,0,1,0
10338,1017,192.2,Germany,Card Payment,Web,7,15,60.4,0,3,0
10339,1176,93.91,France,Card Payment,Tablet,16,13,37.51,0,4,0
10340,2993,45.33,Senegal,Online Payment,Web,20,26,276.64,1,4,0
10341,1230,109.34,Portugal,Transfer,Web,23,11,59.58,0,0,0
10342,2326,266.67,Portugal,Online Payment,Tablet,6,14,83.2,0,5,0
10343,2866,90.5,Germany,Card Payment,Mobile,10,19,36.5,0,3,0
10344,2168,43.21,Spain,Card Payment,Web,6,32,305.95,0,0,0
10345,1362,95.86,United Kingdom,Cash Withdrawal,Mobile,20,21,230.84,0,1,0
10346,2644,80.86,France,Online Payment,Web,7,18,256.61,0,0,0
10347,3771,211.04,United Kingdom,Online Payment,Web,23,13,67.99,0,0,0
10348,2265,196.31,United Kingdom,Online Payment,Tablet,7,29,74.15,0,2,0
10349,401,131.44,Spain,Transfer,Web,9,20,74.77,0,2,0
10350,1485,486.45,United Kingdom,Cash Withdrawal,Tablet,15,23,155.92,0,2,0
10351,1131,48.51,France,Cash Withdrawal,Mobile,7,11,30.44,0,1,0
10352,1003,590.29,Germany,Transfer,Web,1,37,196.9,0,3,1
10353,119,111.04,United Kingdom,Cash Withdrawal,Web,18,18,123.27,0,2,0
10354,3416,311.14,Portugal,Cash Withdrawal,Web,0,11,57.76,0,3,0
10355,1255,152.16,Portugal,Transfer,Mobile,19,19,135.21,0,0,0
10356,3735,98.58,France,Cash Withdrawal,Tablet,3,12,402.51,0,0,0
10357,1532,157.41,Portugal,Cash Withdrawal,Web,14,18,123.45,0,1,0
10358,2356,58.56,Senegal,Cash Withdrawal,Web,10,3,184.19,0,1,0
10359,763,181.72,France,Transfer,Mobile,19,29,161.62,0,3,0
10360,867,179.13,Senegal,Transfer,Tablet,2,23,83.21,0,0,0
10361,482,168.37,Portugal,Card Payment,Mobile,17,24,115.29,0,2,0
10362,2977,157.86,Spain,Card Payment,Mobile,14,15,98.09,0,1,0
10363,2290,589.47,Spain,Card Payment,Tablet,22,30,54.01,0,2,0
10364,1856,103.57,Senegal,Online Payment,Web,13,32,45.76,0,1,0
10365,3814,118.25,France,Transfer,Mobile,13,3,46.4,0,1,0
10366,876,51.72,France,Card Payment,Tablet,5,31,73.74,0,4,0
10367,2484,871.39,Portugal,Card Payment,Mobile,8,1,123.35,1,1,0
10368,2441,303.53,France,Cash Withdrawal,Web,19,39,181.89,0,0,0
10369,1960,351.65,Portugal,Transfer,Tablet,9,45,206.38,0,3,0
10370,880,162.25,Germany,Transfer,Web,23,41,102.96,0,1,0
10371,3744,153.66,United Kingdom,Transfer,Tablet,11,11,89.27,0,0,0
10372,626,95.96,Senegal,Card Payment,Mobile,5,11,141.23,0,3,0
10373,45,95.32,Senegal,Transfer,Web,21,18,69.53,0,3,0
10374,1633,306.54,Senegal,Card Payment,Web,7,17,197.77,0,2,0
10375,1492,394.07,United Kingdom,Cash Withdrawal,Mobile,11,38,89.53,1,1,0
10376,3382,244.5,Portugal,Online Payment,Tablet,12,26,329.89,0,0,0
10377,653,79.45,Germany,Online Payment,Mobile,9,18,152.13,0,0,0
10378,1956,159.27,Portugal,Card Payment,Web,20,46,201.04,0,1,0
10379,66,108.35,Spain,Card Payment,Mobile,20,38,115.36,0,0,0
10380,1610,234.51,United Kingdom,Card Payment,Mobile,10,21,268.72,0,2,0
10381,3461,380.71,Spain,Cash Withdrawal,Web,8,5,129.3,1,1,0
10382,1388,128.88,Portugal,Transfer,Mobile,14,22,186.26,0,2,0
10383,288,141.5,Senegal,Cash Withdrawal,Mobile,14,1,118.0,0,0,0
10384,1410,97.01,Germany,Transfer,Mobile,15,10,38.18,0,1,0
10385,3474,44.36,United Kingdom,Card Payment,Tablet,1,11,75.33,1,1,0
10386,3085,81.52,Senegal,Card Payment,Mobile,8,22,161.22,0,0,0
10387,296,172.22,France,Online Payment,Web,12,18,260.36,0,2,0
10388,1630,426.87,France,Cash Withdrawal,Tablet,18,24,66.02,0,2,0
10389,2229,33.89,Germany,Cash Withdrawal,Web,3,7,110.65,1,0,0
10390,1273,80.27,Spain,Cash Withdrawal,Mobile,2,23,72.59,0,4,0
10391,3234,87.12,Germany,Cash Withdrawal,Tablet,4,16,65.5,1,2,0
10392,1050,92.85,Senegal,Cash Withdrawal,Web,17,17,114.09,0,1,0
10393,2751,466.2,Senegal,Transfer,Web,15,2,314.12,1,1,1
10394,1711,149.75,Spain,Cash Withdrawal,Tablet,21,32,28.04,0,2,0
10395,3690,97.04,Spain,Card Payment,Tablet,4,12,38.25,0,1,0
10396,2176,331.49,Portugal,Transfer,Web,19,11,253.74,0,3,0
10397,2644,96.5,United Kingdom,Card Payment,Tablet,14,13,281.09,0,3,0
10398,802,79.97,Senegal,Online Payment,Mobile,7,27,181.49,0,3,0
10399,2886,61.11,United Kingdom,Transfer,Tablet,17,8,180.25,0,0,0
10400,244,89.72,United Kingdom,Online Payment,Tablet,21,24,51.48,0,2,0
10401,1253,42.03,Germany,Transfer,Tablet,9,18,119.84,0,2,0
10402,2332,89.35,Germany,Cash Withdrawal,Tablet,3,17,96.43,0,4,0
10403,289,248.33,United Kingdom,Transfer,Mobile,23,17,65.88,1,0,0
10404,2176,59.69,Senegal,Cash Withdrawal,Tablet,11,17,126.36,0,2,0
10405,672,514.21,France,Online Payment,Tablet,17,16,179.19,0,1,0
10406,2082,354.5,Portugal,Transfer,Mobile,4,54,165.53,0,1,0
10407,293,24.01,France,Cash Withdrawal,Tablet,5,1,99.33,0,2,0
10408,2357,54.68,Portugal,Cash Withdrawal,Web,14,6,154.0,1,2,0
10409,1648,361.14,Spain,Card Payment,Mobile,2,20,195.21,0,3,0
10410,3403,187.79,France,Cash Withdrawal,Web,1,13,44.38,0,1,0
10411,2094,192.77,Senegal,Cash Withdrawal,Mobile,8,27,24.03,0,0,0
10412,1467,120.09,Germany,Cash Withdrawal,Tablet,10,13,90.27,0,2,0
10413,3107,123.34,United Kingdom,Card Payment,Web,7,16,178.6,0,0,0
10414,276,224.05,Germany,Cash Withdrawal,Tablet,8,20,112.48,0,1,0
10415,1511,119.69,Germany,Card Payment,Web,23,9,79.99,0,4,0
10416,3817,397.87,United Kingdom,Cash Withdrawal,Tablet,21,8,80.7,0,4,0
10417,595,155.75,Spain,Online Payment,Web,4,12,92.18,1,2,0
10418,218,116.25,Senegal,Online Payment,Mobile,9,15,107.95,0,2,0
10419,656,248.48,France,Transfer,Tablet,22,1,110.27,0,6,0
10420,3876,24.77,Senegal,Online Payment,Tablet,10,12,68.04,1,0,0
10421,1191,244.14,Senegal,Card Payment,Web,8,32,158.59,0,1,0
10422,1332,93.81,Portugal,Transfer,Tablet,23,22,96.29,0,1,0
10423,2717,215.04,Spain,Cash Withdrawal,Mobile,0,6,87.34,0,4,0
10424,3117,226.4,Spain,Online Payment,Tablet,3,13,135.05,0,1,0
10425,3525,65.52,Portugal,Online Payment,Tablet,17,24,231.82,0,4,0
10426,3025,267.69,Spain,Card Payment,Mobile,3,31,191.68,1,2,0
10427,91,99.64,Portugal,Online Payment,Tablet,23,14,92.63,1,0,0
10428,1069,68.75,Portugal,Card Payment,Web,15,34,90.78,1,0,0
10429,1776,77.13,Germany,Card Payment,Tablet,18,20,282.44,0,1,0
10430,2017,117.25,Spain,Cash Withdrawal,Mobile,23,28,68.27,0,3,0
10431,825,385.83,Spain,Cash Withdrawal,Mobile,20,43,139.63,0,2,0
10432,1225,224.59,Senegal,Card Payment,Web,9,19,85.77,0,0,0
10433,1507,100.61,Senegal,Online Payment,Tablet,18,20,36.61,0,0,0
10434,2226,91.08,Spain,Card Payment,Mobile,12,31,98.83,0,1,0
10435,2008,224.38,Spain,Online Payment,Mobile,8,19,52.43,0,1,0
10436,3174,15.84,United Kingdom,Card Payment,Tablet,8,10,206.97,0,1,0
10437,1685,262.51,Germany,Cash Withdrawal,Web,21,12,95.44,1,0,0
10438,2341,212.35,United Kingdom,Cash Withdrawal,Mobile,4,25,105.58,0,1,0
10439,3988,36.91,France,Cash Withdrawal,Mobile,21,31,56.52,0,0,0
10440,2680,575.29,Portugal,Online Payment,Tablet,19,28,64.89,0,0,0
10441,901,545.84,Portugal,Cash Withdrawal,Web,0,22,90.62,1,1,0
10442,1198,124.7,United Kingdom,Card Payment,Tablet,4,25,32.6,0,1,0
10443,2582,71.68,Senegal,Transfer,Mobile,16,24,286.98,0,3,0
10444,2196,99.01,Spain,Transfer,Mobile,6,28,94.83,0,0,0
10445,2993,366.74,Germany,Online Payment,Mobile,8,10,87.76,1,1,0
10446,2864,228.52,France,Online Payment,Mobile,18,5,56.07,0,1,0
10447,3198,112.94,Spain,Cash Withdrawal,Mobile,14,13,55.21,0,2,0
10448,23,94.51,Portugal,Cash Withdrawal,Mobile,5,18,82.81,0,3,0
10449,3285,111.18,France,Card Payment,Web,12,36,52.89,0,1,0
10450,3607,90.74,Spain,Card Payment,Web,18,22,244.26,0,0,0
10451,986,120.77,Germany,Cash Withdrawal,Tablet,7,10,202.5,0,4,0
10452,3230,185.81,Portugal,Card Payment,Tablet,22,16,55.04,0,1,1
10453,1642,333.88,Spain,Transfer,Tablet,8,32,71.62,0,1,0
10454,3782,51.72,Senegal,Cash Withdrawal,Tablet,22,10,152.92,0,2,0
10455,1223,200.46,France,Online Payment,Tablet,19,39,138.92,0,1,0
10456,3838,88.88,Senegal,Online Payment,Mobile,14,16,132.09,0,3,0
10457,3848,193.84,Senegal,Card Payment,Web,14,12,200.47,1,1,0
10458,2987,48.19,Spain,Transfer,Mobile,18,33,98.77,0,1,0
10459,3263,187.48,Germany,Card Payment,Tablet,14,35,44.78,0,1,0
10460,1295,333.84,Portugal,Transfer,Tablet,9,31,227.93,0,0,0
10461,1162,47.87,France,Card Payment,Mobile,4,27,56.73,0,0,0
10462,585,328.33,Senegal,Card Payment,Mobile,12,16,127.03,0,1,0
10463,3346,40.53,Senegal,Card Payment,Tablet,5,20,93.37,0,0,0
10464,3179,273.43,Portugal,Cash Withdrawal,Mobile,15,11,382.5,1,2,0
10465,882,298.57,Senegal,Card Payment,Tablet,1,18,314.03,0,4,0
10466,121,248.98,Germany,Card Payment,Web,17,13,76.16,0,3,0
10467,3610,302.82,Senegal,Cash Withdrawal,Tablet,9,11,164.66,0,1,0
10468,3239,40.8,Spain,Transfer,Web,20,19,117.82,0,2,0
10469,2231,175.26,Portugal,Online Payment,Tablet,11,25,143.52,0,2,0
10470,3932,284.61,Germany,Cash Withdrawal,Tablet,17,21,207.14,0,0,0
10471,1706,105.99,Portugal,Online Payment,Web,17,8,148.49,0,2,0
10472,701,183.93,Spain,Online Payment,Web,5,21,323.87,0,2,1
10473,1670,318.61,United Kingdom,Online Payment,Mobile,22,1,79.31,0,1,0
10474,3203,45.94,Germany,Cash Withdrawal,Mobile,12,13,67.4,0,2,0
10475,2232,193.91,United Kingdom,Card Payment,Web,13,22,157.71,0,1,0
10476,1106,52.58,United Kingdom,Card Payment,Mobile,2,7,149.75,0,1,0
10477,412,28.13,France,Cash Withdrawal,Tablet,3,26,109.83,0,3,0
10478,2829,279.42,Germany,Card Payment,Web,12,14,132.91,0,0,0
10479,2394,109.23,Germany,Transfer,Web,23,33,199.17,0,1,0
10480,1112,120.32,Germany,Transfer,Tablet,0,28,93.9,0,2,0
10481,285,327.96,United Kingdom,Card Payment,Mobile,18,38,147.49,1,1,0
10482,746,75.49,Spain,Cash Withdrawal,Tablet,9,13,95.8,1,1,0
10483,1785,62.94,Spain,Online Payment,Web,4,22,93.75,0,0,0
10484,3052,61.99,Senegal,Online Payment,Mobile,8,19,169.0,0,0,0
10485,3717,217.0,France,Online Payment,Tablet,6,26,131.12,1,0,0
10486,2333,192.11,Germany,Card Payment,Web,1,1,192.5,0,3,0
10487,71,26.47,France,Online Payment,Web,9,2,95.38,0,4,0
10488,2363,76.48,Spain,Card Payment,Tablet,13,34,248.79,0,2,0
10489,2861,78.46,France,Card Payment,Web,4,38,61.25,0,2,0
10490,102,130.85,Germany,Card Payment,Mobile,13,25,115.24,0,2,0
10491,2448,120.41,France,Card Payment,Web,1,28,124.93,0,1,0
10492,3477,63.43,Spain,Cash Withdrawal,Mobile,14,18,123.51,1,3,0
10493,2979,108.75,United Kingdom,Transfer,Web,15,9,186.79,1,1,0
10494,1218,54.88,Portugal,Transfer,Mobile,4,12,89.97,0,0,0
10495,3335,227.53,Senegal,Online Payment,Tablet,9,35,203.63,1,4,1
10496,3483,85.37,Spain,Cash Withdrawal,Mobile,8,31,179.23,1,1,0
10497,1151,74.03,Portugal,Cash Withdrawal,Web,9,16,154.63,0,3,0
10498,2473,73.15,Germany,Card Payment,Tablet,1,15,193.56,0,5,0
10499,3770,142.01,Senegal,Online Payment,Mobile,7,30,90.65,0,0,0
10500,1462,274.94,Portugal,Online Payment,Tablet,8,21,87.14,0,0,0
10501,1658,81.01,Germany,Cash Withdrawal,Web,8,35,249.19,0,1,0
10502,1545,152.71,Germany,Online Payment,Web,18,23,124.53,0,1,0
10503,2878,136.08,Spain,Card Payment,Web,18,24,64.0,0,0,0
10504,3913,133.38,United Kingdom,Card Payment,Mobile,5,16,77.18,0,0,0
10505,454,327.34,Germany,Cash Withdrawal,Tablet,11,16,66.19,0,4,0
10506,2784,232.83,United Kingdom,Cash Withdrawal,Tablet,20,14,494.61,1,1,0
10507,390,153.52,Senegal,Card Payment,Web,18,5,68.05,0,0,0
10508,2544,206.1,Senegal,Card Payment,Web,16,34,37.31,1,3,0
10509,2297,266.58,France,Online Payment,Web,2,12,129.17,0,1,0
10510,235,57.65,United Kingdom,Card Payment,Tablet,7,20,236.64,0,0,0
10511,2538,130.2,Germany,Card Payment,Mobile,10,29,80.84,0,0,0
10512,3136,433.12,United Kingdom,Card Payment,Mobile,17,1,92.17,1,1,0
10513,3968,102.96,Spain,Cash Withdrawal,Mobile,21,11,322.54,0,6,0
10514,1325,167.16,United Kingdom,Cash Withdrawal,Mobile,6,40,141.43,0,1,0
10515,154,248.11,France,Cash Withdrawal,Mobile,23,20,75.34,1,1,0
10516,2725,36.83,Portugal,Cash Withdrawal,Tablet,10,24,196.33,1,2,0
10517,3241,33.93,Senegal,Transfer,Tablet,3,15,154.97,0,3,0
10518,1462,215.6,Spain,Cash Withdrawal,Tablet,5,23,170.87,0,2,0
10519,2845,240.03,Germany,Card Payment,Web,12,13,40.33,0,1,0
10520,888,111.77,Germany,Card Payment,Mobile,17,20,320.2,1,0,0
10521,3143,299.07,Senegal,Transfer,Mobile,17,11,124.25,1,0,0
10522,2843,153.32,United Kingdom,Transfer,Tablet,6,6,61.1,0,0,0
10523,1096,219.23,Portugal,Card Payment,Web,18,16,103.6,0,2,0
10524,1714,48.15,United Kingdom,Card Payment,Web,17,21,70.35,1,2,0
10525,3541,170.03,United Kingdom,Online Payment,Tablet,15,1,129.87,0,2,0
10526,485,94.22,Germany,Transfer,Web,0,22,167.49,0,2,0
10527,2233,108.39,United Kingdom,Cash Withdrawal,Mobile,6,22,94.84,0,1,0
10528,2453,130.25,Germany,Online Payment,Mobile,2,23,81.26,0,2,0
10529,481,59.71,France,Card Payment,Tablet,5,6,209.49,0,2,0
10530,2730,230.89,Germany,Online Payment,Tablet,12,12,114.64,1,1,0
10531,3933,35.07,France,Online Payment,Mobile,2,34,69.04,0,0,0
10532,3910,65.47,United Kingdom,Card Payment,Web,0,29,267.51,1,2,0
10533,1717,23.37,Portugal,Card Payment,Tablet,4,6,146.44,1,3,0
10534,2266,57.11,United Kingdom,Cash Withdrawal,Web,14,22,112.54,0,1,0
10535,1744,43.16,Senegal,Card Payment,Web,9,9,133.29,0,1,0
10536,3483,277.03,Portugal,Transfer,Web,7,22,140.98,0,1,0
10537,3901,117.85,Germany,Cash Withdrawal,Mobile,14,34,56.67,0,3,0
10538,2760,39.53,Senegal,Online Payment,Tablet,11,27,188.56,0,4,0
10539,1377,61.36,United Kingdom,Cash Withdrawal,Tablet,23,25,181.85,0,0,0
10540,3056,35.48,Germany,Card Payment,Mobile,6,23,273.79,0,1,0
10541,3143,74.94,Spain,Online Payment,Tablet,0,27,182.6,0,1,1
10542,3326,464.97,France,Card Payment,Tablet,23,28,163.23,0,1,0
10543,522,191.73,Spain,Cash Withdrawal,Tablet,21,17,178.91,0,2,0
10544,3257,279.68,France,Online Payment,Web,12,1,47.65,0,0,0
10545,3779,124.21,France,Online Payment,Tablet,5,10,208.93,0,2,0
10546,837,72.53,Spain,Online Payment,Web,9,15,232.9,0,2,0
10547,326,91.28,France,Card Payment,Web,6,11,138.43,0,0,0
10548,3379,169.95,Portugal,Transfer,Tablet,7,24,77.86,0,1,0
10549,1823,578.13,France,Transfer,Tablet,16,28,151.29,1,1,0
10550,1707,171.14,United Kingdom,Online Payment,Mobile,9,15,31.82,1,0,0
10551,1904,408.8,United Kingdom,Cash Withdrawal,Web,14,40,241.85,0,1,0
10552,2224,83.84,Senegal,Transfer,Mobile,10,18,87.08,0,2,0
10553,650,130.54,Spain,Transfer,Web,23,20,193.63,0,0,0
10554,3647,65.19,United Kingdom,Card Payment,Web,17,34,117.63,0,1,0
10555,2425,317.52,France,Transfer,Tablet,19,21,76.28,0,1,0
10556,594,232.04,Germany,Transfer,Tablet,22,22,67.75,1,1,0
10557,2456,21.04,France,Cash Withdrawal,Web,22,10,175.37,0,1,0
10558,1929,169.93,United Kingdom,Cash Withdrawal,Web,11,18,64.24,0,1,0
10559,3301,109.3,Senegal,Transfer,Tablet,3,7,64.85,0,3,0
10560,2223,85.82,Germany,Online Payment,Web,18,12,143.26,0,2,0
10561,2446,78.45,United Kingdom,Card Payment,Tablet,5,23,220.67,0,0,0
10562,1320,132.42,United Kingdom,Transfer,Web,15,28,52.3,1,1,0
10563,1424,350.42,Spain,Card Payment,Tablet,3,12,195.22,0,0,0
10564,454,45.22,Portugal,Transfer,Web,9,36,68.21,0,1,0
10565,659,33.64,Spain,Card Payment,Mobile,17,12,122.34,0,0,0
10566,1272,55.82,Senegal,Card Payment,Web,14,19,83.56,0,1,1
10567,725,67.8,France,Card Payment,Tablet,18,17,83.87,0,1,0
10568,2660,20.8,France,Cash Withdrawal,Tablet,17,2,188.14,1,1,0
10569,1059,354.21,Portugal,Cash Withdrawal,Tablet,5,13,227.88,0,3,0
10570,2618,58.43,Spain,Card Payment,Web,11,7,140.13,0,3,0
10571,4000,57.85,France,Cash Withdrawal,Mobile,5,21,101.19,1,3,0
10572,1956,588.81,United Kingdom,Cash Withdrawal,Web,11,12,32.46,0,1,0
10573,3047,360.9,France,Online Payment,Web,3,30,107.09,0,1,0
10574,3182,176.49,Germany,Card Payment,Web,14,12,384.95,1,3,0
10575,3537,116.08,Germany,Card Payment,Tablet,22,1,275.88,0,0,0
10576,3220,309.49,Spain,Transfer,Mobile,23,16,238.54,0,2,1
10577,3806,183.79,France,Cash Withdrawal,Tablet,3,1,66.91,0,0,0
10578,3798,26.04,Spain,Online Payment,Tablet,21,17,216.56,0,0,0
10579,3513,437.59,Portugal,Online Payment,Tablet,5,27,91.72,0,0,0
10580,1084,99.24,Senegal,Cash Withdrawal,Web,16,8,51.81,0,2,0
10581,3362,103.88,United Kingdom,Card Payment,Tablet,21,22,40.25,0,0,0
10582,3963,68.55,United Kingdom,Cash Withdrawal,Mobile,5,5,96.6,0,0,0
10583,1977,241.36,Senegal,Transfer,Web,20,38,79.58,0,0,0
10584,1455,247.49,Spain,Cash Withdrawal,Web,9,32,75.96,1,1,0
10585,1317,128.96,United Kingdom,Online Payment,Mobile,18,22,165.29,1,3,0
10586,2691,67.93,Portugal,Online Payment,Web,7,39,147.18,0,2,0
10587,3544,47.45,Portugal,Transfer,Web,0,8,137.44,0,0,0
10588,883,134.14,France,Transfer,Mobile,0,32,84.6,0,0,0
10589,2493,42.66,Portugal,Cash Withdrawal,Web,15,15,138.3,0,0,0
10590,2439,228.19,United Kingdom,Card Payment,Web,13,14,97.82,1,2,0
10591,2830,75.81,Germany,Online Payment,Web,17,20,70.79,0,2,0
10592,1158,78.35,Germany,Card Payment,Mobile,20,41,112.59,1,1,0
10593,997,33.99,Spain,Online Payment,Tablet,22,18,84.14,1,2,0
10594,2095,115.58,Germany,Card Payment,Tablet,14,13,58.2,0,1,0
10595,3719,274.06,Senegal,Cash Withdrawal,Mobile,2,18,124.67,0,0,0
10596,1360,139.98,Spain,Cash Withdrawal,Mobile,5,28,348.39,0,2,0
10597,1599,116.98,Portugal,Card Payment,Web,5,30,69.79,0,3,0
10598,238,477.35,Senegal,Transfer,Web,2,15,204.51,1,2,0
10599,2298,110.96,Spain,Transfer,Tablet,14,16,56.85,1,3,0
10600,364,93.77,Germany,Card Payment,Tablet,18,12,145.75,0,3,0
10601,2318,198.73,Germany,Cash Withdrawal,Web,0,15,257.15,0,0,0
10602,2474,162.02,Germany,Card Payment,Web,8,4,181.51,0,2,0
10603,207,79.61,Portugal,Online Payment,Tablet,2,22,75.85,0,1,0
10604,937,66.17,United Kingdom,Online Payment,Mobile,3,34,346.34,0,1,0
10605,2564,157.0,United Kingdom,Transfer,Web,20,17,461.05,1,1,0
10606,1800,166.39,Spain,Transfer,Mobile,3,2,105.44,0,1,0
10607,939,57.68,Senegal,Transfer,Tablet,11,9,114.78,0,1,0
10608,1777,165.72,Portugal,Cash Withdrawal,Tablet,21,20,102.82,0,3,0
10609,3293,124.0,France,Transfer,Mobile,8,24,97.98,0,0,0
10610,3407,59.66,Spain,Online Payment,Mobile,21,36,74.82,0,1,0
10611,308,88.56,Portugal,Transfer,Web,12,57,266.05,0,0,0
10612,2693,12.2,Spain,Card Payment,Web,0,22,109.11,0,1,0
10613,2937,47.86,Senegal,Online Payment,Web,0,32,155.97,0,0,0
10614,939,71.83,France,Cash Withdrawal,Mobile,22,16,200.73,0,1,0
10615,2971,48.15,United Kingdom,Card Payment,Web,19,26,81.46,1,1,0
10616,2115,247.97,Spain,Transfer,Web,7,31,97.41,1,1,0
10617,600,165.15,United Kingdom,Online Payment,Mobile,11,11,220.66,0,0,0
10618,636,289.48,United Kingdom,Card Payment,Mobile,7,30,177.97,0,1,0
10619,3599,100.39,Spain,Card Payment,Mobile,13,33,33.3,0,2,0
10620,3577,87.43,Germany,Cash Withdrawal,Tablet,22,7,473.71,0,2,0
10621,715,53.0,Germany,Transfer,Tablet,6,51,98.51,0,0,0
10622,3894,170.5,Spain,Online Payment,Tablet,17,30,295.07,0,1,0
10623,3793,46.82,Germany,Cash Withdrawal,Web,12,20,254.97,0,4,0
10624,1799,102.93,Senegal,Transfer,Mobile,19,29,120.77,0,0,0
10625,2416,627.49,Germany,Cash Withdrawal,Tablet,3,8,173.59,0,0,0
10626,2435,225.19,Portugal,Cash Withdrawal,Web,20,21,104.07,0,1,0
10627,2527,254.78,France,Card Payment,Web,20,4,183.4,0,1,0
10628,1862,348.93,Spain,Cash Withdrawal,Web,19,24,196.27,0,0,0
10629,3300,71.98,France,Transfer,Mobile,15,10,209.47,0,2,0
10630,3599,27.02,United Kingdom,Online Payment,Web,21,1,115.58,1,2,0
10631,3812,154.87,France,Online Payment,Mobile,2,39,149.61,0,2,0
10632,1821,72.24,Germany,Card Payment,Mobile,16,26,63.63,1,2,0
10633,2240,443.79,Portugal,Card Payment,Tablet,20,30,202.74,0,1,0
10634,226,583.13,Senegal,Card Payment,Mobile,9,25,291.17,0,1,0
10635,2636,51.71,United Kingdom,Cash Withdrawal,Tablet,8,21,217.27,0,2,0
10636,944,355.74,Portugal,Transfer,Web,12,10,25.95,0,2,0
10637,3390,144.97,Portugal,Card Payment,Tablet,21,1,150.72,0,0,0
10638,3610,61.01,Senegal,Card Payment,Tablet,8,6,138.37,0,0,0
10639,3221,69.84,France,Online Payment,Web,16,2,88.64,0,2,0
10640,1666,326.67,United Kingdom,Cash Withdrawal,Mobile,9,15,75.46,0,1,0
10641,3597,130.6,Senegal,Card Payment,Mobile,17,9,325.03,0,4,0
10642,2135,251.02,Portugal,Online Payment,Tablet,13,5,91.29,0,0,0
10643,1263,213.32,France,Online Payment,Web,5,11,42.97,0,0,0
10644,1336,53.87,Germany,Transfer,Mobile,8,42,175.09,0,2,0
10645,2197,110.11,Spain,Card Payment,Tablet,1,17,138.55,0,0,0
10646,587,80.55,Germany,Online Payment,Tablet,2,24,62.21,0,2,0
10647,2959,64.29,Senegal,Transfer,Web,15,32,99.59,0,1,0
10648,39,85.0,France,Cash Withdrawal,Tablet,6,23,68.46,0,1,0
10649,1305,252.64,Spain,Transfer,Mobile,10,21,83.92,0,3,0
10650,2846,165.19,United Kingdom,Card Payment,Tablet,9,15,75.34,0,3,0
10651,82,125.85,Germany,Cash Withdrawal,Web,15,32,30.91,1,2,0
10652,3165,81.08,Spain,Card Payment,Mobile,16,13,246.39,0,2,0
10653,3099,174.71,Portugal,Card Payment,Web,12,10,101.21,0,1,0
10654,132,361.46,United Kingdom,Cash Withdrawal,Web,17,12,460.63,0,0,0
10655,1898,80.01,Senegal,Cash Withdrawal,Mobile,11,23,54.85,0,2,0
10656,1919,343.92,Germany,Online Payment,Web,22,31,46.33,0,2,0
10657,3638,64.17,United Kingdom,Online Payment,Web,0,38,282.19,0,0,0
10658,3215,702.2,Senegal,Transfer,Tablet,20,16,49.18,0,2,0
10659,3259,189.51,Germany,Transfer,Mobile,17,23,119.64,1,1,0
10660,3997,309.69,France,Card Payment,Web,23,41,16.28,0,5,0
10661,1786,215.9,France,Online Payment,Tablet,12,5,61.29,0,2,0
10662,743,82.72,Germany,Transfer,Web,5,19,64.54,0,2,0
10663,2678,129.33,United Kingdom,Transfer,Web,17,12,125.76,0,2,0
10664,1191,114.09,Germany,Card Payment,Tablet,20,17,66.33,0,3,0
10665,1652,95.7,Spain,Cash Withdrawal,Tablet,19,15,187.05,0,1,0
10666,597,160.32,Senegal,Card Payment,Tablet,23,8,150.88,0,1,0
10667,3774,184.06,United Kingdom,Cash Withdrawal,Mobile,3,25,79.17,0,1,0
10668,862,126.36,United Kingdom,Cash Withdrawal,Web,8,10,113.7,0,2,0
10669,1161,291.11,United Kingdom,Online Payment,Mobile,8,30,57.19,1,0,0
10670,2806,93.76,Portugal,Cash Withdrawal,Mobile,12,11,169.25,0,4,0
10671,2969,238.76,Portugal,Online Payment,Web,3,15,159.69,0,0,0
10672,905,118.58,France,Online Payment,Tablet,0,22,83.08,0,1,0
10673,1806,325.15,United Kingdom,Transfer,Mobile,4,31,93.77,0,0,1
10674,3292,148.57,Portugal,Online Payment,Mobile,11,23,103.93,0,1,0
10675,108,34.68,Portugal,Cash Withdrawal,Web,18,20,51.12,0,0,0
10676,2968,169.23,Spain,Card Payment,Tablet,15,19,181.64,1,2,0
10677,2057,236.84,Senegal,Online Payment,Mobile,8,18,79.91,0,1,0
10678,1350,194.15,France,Card Payment,Tablet,22,34,139.64,0,4,0
10679,621,90.73,Germany,Online Payment,Web,14,28,142.56,0,1,0
10680,3646,121.52,Spain,Online Payment,Mobile,2,14,39.05,0,1,0
10681,184,15.13,Spain,Cash Withdrawal,Tablet,10,43,81.27,0,1,0
10682,2916,241.41,United Kingdom,Online Payment,Web,2,30,141.23,0,2,0
10683,3457,61.29,Spain,Transfer,Mobile,4,15,77.25,0,3,0
10684,3912,26.93,United Kingdom,Transfer,Web,2,33,54.8,0,0,0
10685,1927,329.13,Senegal,Online Payment,Tablet,7,23,142.81,0,0,0
10686,3278,222.48,Germany,Transfer,Mobile,2,22,104.69,0,0,0
10687,2672,24.73,United Kingdom,Cash Withdrawal,Web,2,14,75.32,0,0,0
10688,1336,52.37,Spain,Card Payment,Tablet,18,19,115.93,0,4,0
10689,2271,235.24,Senegal,Transfer,Mobile,1,11,88.75,0,1,0
10690,991,151.29,Germany,Transfer,Web,20,29,49.54,0,1,0
10691,2737,85.93,United Kingdom,Transfer,Tablet,20,20,120.79,0,1,0
10692,982,471.91,Senegal,Cash Withdrawal,Tablet,2,10,208.24,0,1,0
10693,1557,57.27,France,Cash Withdrawal,Mobile,8,1,143.82,0,1,0
10694,114,322.35,Senegal,Card Payment,Web,21,42,117.56,0,2,0
10695,2346,220.7,United Kingdom,Card Payment,Web,2,1,53.82,0,0,0
10696,609,156.7,Spain,Online Payment,Web,6,19,90.68,0,1,0
10697,3169,21.35,Senegal,Cash Withdrawal,Web,0,9,137.75,0,2,0
10698,2300,284.04,Germany,Cash Withdrawal,Mobile,7,16,56.94,0,0,0
10699,2922,515.46,France,Online Payment,Tablet,2,14,62.5,0,1,1
10700,681,207.13,Portugal,Online Payment,Mobile,16,29,44.49,0,3,0
10701,535,356.91,United Kingdom,Card Payment,Web,22,21,91.87,0,0,0
10702,3254,67.09,Portugal,Transfer,Mobile,17,34,220.78,0,0,0
10703,2798,532.66,Germany,Card Payment,Mobile,20,5,70.85,0,1,0
10704,2072,153.61,Spain,Online Payment,Tablet,22,14,35.58,0,1,0
10705,1918,97.12,Portugal,Online Payment,Web,13,23,48.5,0,1,0
10706,3818,158.99,Portugal,Cash Withdrawal,Tablet,3,33,47.66,1,1,0
10707,1262,130.77,United Kingdom,Transfer,Mobile,15,21,49.26,1,4,0
10708,2495,76.47,United Kingdom,Card Payment,Mobile,15,11,153.34,0,1,0
10709,2844,402.15,Senegal,Transfer,Mobile,0,37,122.53,0,1,0
10710,3628,42.69,United Kingdom,Cash Withdrawal,Web,4,2,180.53,0,2,0
10711,1534,375.04,United Kingdom,Cash Withdrawal,Tablet,22,25,131.01,0,2,0
10712,2087,160.92,United Kingdom,Card Payment,Web,2,16,156.59,0,2,0
10713,3017,352.64,France,Transfer,Web,10,36,217.99,0,2,0
10714,445,73.16,France,Transfer,Tablet,6,6,231.56,0,2,0
10715,1425,106.15,Germany,Card Payment,Tablet,7,17,94.86,1,2,0
10716,2688,350.77,Portugal,Transfer,Web,4,16,198.78,0,1,0
10717,3558,96.86,Germany,Online Payment,Tablet,22,27,266.09,0,3,0
10718,3042,369.13,Senegal,Transfer,Tablet,11,34,96.7,0,2,0
10719,3786,85.5,France,Card Payment,Mobile,2,31,59.24,1,1,0
10720,3869,98.07,Spain,Transfer,Tablet,23,7,405.06,1,1,0
10721,2335,186.58,France,Transfer,Mobile,1,11,214.01,0,2,0
10722,772,24.1,Spain,Card Payment,Tablet,20,12,22.68,0,1,0
10723,3325,86.41,Germany,Card Payment,Mobile,0,18,205.33,0,2,0
10724,2090,242.15,France,Online Payment,Tablet,21,26,44.99,0,2,0
10725,2235,139.09,Senegal,Cash Withdrawal,Mobile,6,1,124.98,0,3,0
10726,2640,80.35,Spain,Online Payment,Mobile,17,9,24.7,0,1,0
10727,2071,201.6,Portugal,Card Payment,Web,17,13,84.94,0,2,0
10728,1991,128.5,Portugal,Online Payment,Tablet,1,23,41.83,0,2,0
10729,2331,708.94,Senegal,Transfer,Web,9,33,69.56,0,1,0
10730,3802,132.14,France,Cash Withdrawal,Tablet,16,19,125.44,0,1,0
10731,1563,141.86,United Kingdom,Cash Withdrawal,Mobile,22,27,174.11,0,2,0
10732,761,103.06,Portugal,Online Payment,Mobile,4,20,149.32,0,1,0
10733,3717,416.05,United Kingdom,Cash Withdrawal,Mobile,4,6,135.71,0,0,0
10734,2271,94.29,Spain,Card Payment,Mobile,9,12,134.62,0,2,0
10735,2254,102.07,France,Online Payment,Mobile,20,22,227.34,0,2,0
10736,1376,161.83,Spain,Online Payment,Web,16,22,188.93,0,0,0
10737,2951,422.81,Senegal,Cash Withdrawal,Mobile,7,17,153.1,0,0,0
10738,1033,55.41,United Kingdom,Cash Withdrawal,Web,7,23,246.26,0,0,0
10739,3620,39.08,France,Transfer,Web,6,23,167.8,0,1,0
10740,1823,69.19,Senegal,Card Payment,Mobile,15,21,232.78,0,3,0
10741,2430,148.84,Germany,Online Payment,Mobile,22,29,177.23,0,2,0
10742,1594,131.1,United Kingdom,Cash Withdrawal,Tablet,1,17,142.14,0,1,0
10743,3793,60.85,Portugal,Cash Withdrawal,Web,3,24,106.9,1,3,1
10744,477,424.91,Senegal,Cash Withdrawal,Mobile,5,24,88.89,0,0,0
10745,2624,175.21,United Kingdom,Online Payment,Mobile,12,17,184.94,0,0,0
10746,3499,111.3,United Kingdom,Transfer,Mobile,18,22,68.43,0,0,0
10747,94,174.9,Spain,Cash Withdrawal,Web,6,1,463.4,0,1,0
10748,1112,1169.64,Spain,Cash Withdrawal,Tablet,21,9,40.56,0,0,0
10749,2949,315.45,Senegal,Card Payment,Web,9,16,77.99,0,0,0
10750,1808,152.18,Germany,Transfer,Web,20,37,113.12,0,2,0
10751,2860,368.83,Portugal,Card Payment,Tablet,1,25,72.19,0,1,0
10752,1952,44.51,France,Card Payment,Mobile,13,21,85.51,0,0,0
10753,3525,119.26,Senegal,Online Payment,Web,8,21,241.07,0,1,0
10754,1028,29.01,France,Transfer,Web,0,33,176.69,0,4,0
10755,220,112.72,United Kingdom,Cash Withdrawal,Web,0,16,112.21,1,3,0
10756,3366,97.13,France,Transfer,Mobile,9,11,138.95,0,0,0
10757,3057,68.05,Senegal,Online Payment,Tablet,4,17,113.58,0,0,0
10758,1183,119.62,Spain,Online Payment,Tablet,7,26,103.88,1,2,0
10759,1459,100.76,France,Cash Withdrawal,Mobile,4,13,112.35,0,1,0
10760,2780,202.56,Senegal,Card Payment,Web,23,10,193.68,0,1,0
10761,3565,322.9,France,Online Payment,Mobile,5,30,54.07,0,2,0
10762,1823,47.56,Portugal,Cash Withdrawal,Web,15,4,254.04,0,1,0
10763,1716,59.54,France,Card Payment,Web,9,39,375.12,1,1,0
10764,360,78.39,Senegal,Online Payment,Web,16,37,27.88,0,7,0
10765,930,405.51,Portugal,Cash Withdrawal,Mobile,2,20,154.42,0,0,0
10766,1159,68.46,Spain,Online Payment,Tablet,14,31,127.02,0,2,0
10767,3732,148.17,Senegal,Transfer,Web,2,41,229.6,0,0,0
10768,3242,113.36,Portugal,Card Payment,Mobile,3,10,124.64,0,2,0
10769,3032,352.23,Spain,Transfer,Web,13,16,136.1,0,0,0
10770,3258,19.59,Spain,Cash Withdrawal,Web,7,27,58.4,0,4,0
10771,2180,40.41,Portugal,Online Payment,Tablet,17,19,107.42,0,2,0
10772,1148,8.92,Germany,Transfer,Web,9,17,51.06,0,1,0
10773,3417,187.27,Portugal,Online Payment,Mobile,14,29,214.74,0,2,0
10774,1865,75.84,Spain,Transfer,Mobile,22,20,67.43,0,1,0
10775,106,72.61,Germany,Card Payment,Mobile,7,3,153.72,0,2,0
10776,423,242.92,Portugal,Transfer,Tablet,3,17,108.86,0,0,0
10777,3268,248.92,France,Transfer,Web,7,19,120.37,0,1,0
10778,1852,111.6,Portugal,Card Payment,Web,21,21,234.66,1,2,0
10779,1378,461.97,Spain,Online Payment,Mobile,6,32,160.48,0,4,0
10780,998,182.34,United Kingdom,Card Payment,Web,7,9,47.12,1,2,0
10781,1851,44.79,United Kingdom,Cash Withdrawal,Web,23,19,28.77,0,0,0
10782,3453,56.73,Senegal,Cash Withdrawal,Mobile,2,31,82.78,0,0,0
10783,3206,262.12,Portugal,Online Payment,Tablet,22,12,91.56,0,0,0
10784,1669,20.71,Portugal,Card Payment,Mobile,21,11,154.52,0,4,0
10785,3744,200.92,Portugal,Online Payment,Tablet,14,24,128.11,0,1,0
10786,2320,84.09,Portugal,Transfer,Web,17,13,141.45,0,1,0
10787,2615,945.99,Portugal,Card Payment,Tablet,15,18,399.36,0,3,0
10788,2927,88.07,Spain,Online Payment,Tablet,21,16,82.53,0,0,0
10789,2577,119.98,France,Card Payment,Web,21,20,243.65,0,1,0
10790,961,275.81,Portugal,Transfer,Tablet,2,8,22.99,0,4,0
10791,3102,334.82,France,Online Payment,Mobile,8,14,64.62,1,0,0
10792,335,105.77,Spain,Cash Withdrawal,Tablet,4,23,44.15,0,3,0
10793,1069,36.94,Germany,Online Payment,Web,8,21,89.21,0,1,0
10794,3626,195.58,France,Transfer,Mobile,20,19,63.24,0,1,0
10795,1497,311.25,United Kingdom,Online Payment,Web,23,1,189.21,0,1,0
10796,2706,76.35,United Kingdom,Card Payment,Web,18,28,220.32,0,0,0
10797,742,96.09,Senegal,Card Payment,Mobile,17,26,64.79,0,3,0
10798,920,260.25,United Kingdom,Transfer,Tablet,14,39,83.23,0,3,0
10799,1214,50.52,France,Cash Withdrawal,Mobile,21,12,103.1,0,1,0
10800,3232,174.63,Senegal,Transfer,Tablet,14,20,51.62,0,2,0
10801,1117,24.05,Spain,Transfer,Tablet,17,10,70.17,0,2,0
10802,3205,53.71,Portugal,Online Payment,Tablet,13,13,33.12,0,0,0
10803,2815,142.61,United Kingdom,Transfer,Tablet,14,24,59.82,0,3,0
10804,721,105.35,France,Card Payment,Web,4,27,46.47,1,1,0
10805,3264,72.98,Spain,Card Payment,Web,12,10,69.84,1,2,0
10806,615,193.18,United Kingdom,Online Payment,Tablet,1,13,66.3,0,1,0
10807,2826,18.42,Senegal,Transfer,Tablet,6,9,111.07,0,0,0
10808,70,130.39,Senegal,Online Payment,Tablet,9,30,102.93,1,3,0
10809,1138,67.84,France,Transfer,Tablet,11,23,143.3,0,2,0
10810,2570,96.74,Spain,Transfer,Mobile,0,13,269.03,1,2,0
10811,2172,688.82,France,Transfer,Web,8,23,202.36,0,0,0
10812,497,40.36,France,Card Payment,Tablet,12,24,184.33,0,1,1
10813,1520,62.68,United Kingdom,Online Payment,Mobile,8,25,127.4,1,3,0
10814,1044,168.88,Senegal,Online Payment,Web,3,13,76.0,0,0,0
10815,3641,293.5,Senegal,Transfer,Mobile,5,19,203.1,0,1,0
10816,2917,150.93,France,Cash Withdrawal,Mobile,2,5,64.42,1,5,0
10817,798,77.95,Portugal,Transfer,Tablet,3,13,174.59,0,2,0
10818,2793,138.8,France,Cash Withdrawal,Tablet,3,18,203.18,0,0,0
10819,957,36.0,United Kingdom,Card Payment,Mobile,4,16,63.28,1,2,0
10820,3836,10.63,Spain,Card Payment,Web,2,3,58.59,1,1,0
10821,2457,53.28,Spain,Cash Withdrawal,Mobile,21,13,203.34,1,6,0
10822,1347,54.61,Spain,Online Payment,Tablet,20,3,182.06,0,0,0
10823,734,49.67,Portugal,Card Payment,Web,20,2,163.41,0,4,0
10824,3444,171.2,Senegal,Cash Withdrawal,Tablet,22,2,228.47,1,0,0
10825,1919,863.56,Spain,Card Payment,Web,13,29,54.65,0,2,0
10826,2436,166.95,Portugal,Card Payment,Mobile,11,18,121.3,0,3,0
10827,2997,211.47,Senegal,Online Payment,Tablet,14,23,47.9,0,2,0
10828,1198,43.29,Senegal,Card Payment,Web,21,29,47.17,0,3,0
10829,2138,177.14,France,Card Payment,Web,8,21,17.35,0,3,0
10830,597,193.41,Portugal,Card Payment,Tablet,0,8,83.3,0,0,0
10831,723,120.55,Portugal,Online Payment,Mobile,13,20,118.55,0,2,0
10832,2825,71.2,Portugal,Transfer,Tablet,14,1,173.05,1,2,0
10833,2989,71.97,Portugal,Transfer,Mobile,23,28,156.54,0,1,0
10834,1437,105.24,Germany,Online Payment,Tablet,22,15,29.08,1,0,0
10835,1822,146.26,Senegal,Transfer,Web,19,49,237.36,0,1,0
10836,78,233.33,Senegal,Transfer,Mobile,11,24,107.93,0,2,0
10837,1316,79.66,France,Transfer,Tablet,23,12,104.6,0,1,0
10838,2390,133.45,Germany,Card Payment,Web,21,1,61.48,0,6,0
10839,1743,339.35,Spain,Online Payment,Tablet,13,8,125.89,0,0,0
10840,3859,192.06,Senegal,Transfer,Tablet,4,29,176.56,0,1,0
10841,185,262.85,United Kingdom,Card Payment,Mobile,12,12,183.29,0,2,0
10842,1599,107.1,Spain,Cash Withdrawal,Web,21,21,91.8,1,2,0
10843,1769,726.67,Portugal,Transfer,Mobile,10,28,120.41,0,1,0
10844,472,97.92,Spain,Card Payment,Web,0,11,95.76,0,2,0
10845,3066,240.1,Spain,Transfer,Tablet,14,10,58.72,0,0,0
10846,1941,76.64,Senegal,Cash Withdrawal,Tablet,23,35,101.22,0,1,0
10847,1889,25.22,Portugal,Card Payment,Web,4,18,128.1,0,3,0
10848,2308,592.95,Spain,Card Payment,Web,7,30,46.03,0,2,0
10849,1472,305.27,France,Transfer,Tablet,9,1,266.17,0,1,0
10850,2609,298.37,France,Online Payment,Tablet,14,8,189.64,0,0,0
10851,858,798.98,Senegal,Card Payment,Tablet,5,16,200.43,0,2,0
10852,2062,640.17,United Kingdom,Transfer,Mobile,20,24,274.74,0,0,0
10853,2517,739.09,Spain,Card Payment,Mobile,8,34,151.71,0,2,0
10854,3309,103.2,United Kingdom,Online Payment,Web,23,38,213.64,0,0,0
10855,2392,48.05,Germany,Cash Withdrawal,Tablet,7,13,111.92,0,1,0
10856,3863,158.32,Senegal,Cash Withdrawal,Web,22,7,240.76,0,3,0
10857,1233,61.79,Portugal,Transfer,Tablet,0,25,113.21,0,1,0
10858,1497,127.13,United Kingdom,Card Payment,Mobile,16,17,93.5,0,0,0
10859,3303,150.69,Germany,Cash Withdrawal,Tablet,9,13,81.04,0,0,0
10860,753,29.73,Spain,Transfer,Mobile,19,31,58.67,0,1,0
10861,2052,79.92,Germany,Cash Withdrawal,Mobile,14,32,43.6,0,2,0
10862,3647,146.72,Spain,Online Payment,Tablet,7,28,35.05,1,1,0
10863,3515,28.98,United Kingdom,Cash Withdrawal,Mobile,18,15,184.93,0,4,0
10864,3984,35.11,Germany,Online Payment,Tablet,9,31,330.4,1,4,0
10865,2238,213.46,Spain,Transfer,Tablet,21,4,93.53,0,2,1
10866,2954,95.01,United Kingdom,Transfer,Web,3,1,243.43,0,1,0
10867,3727,81.86,Spain,Cash Withdrawal,Web,5,28,47.7,0,2,0
10868,343,295.6,Germany,Online Payment,Web,11,27,131.15,0,4,0
10869,1745,29.18,France,Card Payment,Mobile,21,16,34.72,0,0,0
10870,792,156.48,France,Cash Withdrawal,Tablet,1,16,66.59,1,3,0
10871,1210,636.39,Senegal,Online Payment,Tablet,20,22,211.5,0,3,0
10872,1350,83.26,Portugal,Online Payment,Tablet,9,26,209.84,0,4,0
10873,1598,228.06,Portugal,Online Payment,Mobile,10,18,61.67,0,3,0
10874,2827,10.86,Spain,Transfer,Tablet,21,23,100.61,0,2,0
10875,609,455.11,United Kingdom,Online Payment,Web,8,9,74.43,0,1,0
10876,502,337.86,Germany,Cash Withdrawal,Web,21,36,132.59,0,2,0
10877,1897,60.27,Germany,Cash Withdrawal,Mobile,12,19,80.76,0,1,0
10878,1394,513.27,Spain,Online Payment,Mobile,14,33,34.23,1,3,1
10879,2337,479.51,Germany,Online Payment,Tablet,12,26,92.01,0,0,0
10880,3971,38.19,France,Cash Withdrawal,Tablet,20,16,141.4,0,0,0
10881,1275,112.8,United Kingdom,Transfer,Web,19,15,77.41,0,0,0
10882,1293,124.37,Senegal,Cash Withdrawal,Web,5,22,73.09,0,1,0
10883,2035,273.88,Spain,Cash Withdrawal,Web,14,12,87.17,0,0,0
10884,3019,447.91,France,Transfer,Tablet,7,36,89.56,0,3,0
10885,475,62.44,Senegal,Online Payment,Tablet,13,28,65.87,0,1,0
10886,185,189.22,United Kingdom,Transfer,Web,23,30,141.94,0,1,0
10887,1345,67.53,Spain,Card Payment,Web,21,17,80.32,0,5,0
10888,1485,66.09,United Kingdom,Card Payment,Tablet,21,34,73.25,0,1,0
10889,1277,339.72,Germany,Cash Withdrawal,Tablet,15,29,112.61,0,2,0
10890,2739,145.25,United Kingdom,Online Payment,Web,9,23,301.93,0,0,0
10891,835,48.64,Germany,Transfer,Tablet,5,27,37.92,0,0,0
10892,3196,155.34,Germany,Online Payment,Mobile,4,16,42.44,0,1,0
10893,3965,237.65,Portugal,Transfer,Mobile,14,15,115.02,0,2,0
10894,3883,245.16,United Kingdom,Online Payment,Web,14,12,63.6,0,1,0
10895,1548,318.47,Portugal,Card Payment,Web,5,13,190.05,0,1,0
10896,669,53.06,Portugal,Transfer,Web,11,15,165.24,0,1,0
10897,3861,123.92,United Kingdom,Online Payment,Tablet,13,20,57.57,0,0,0
10898,3045,725.15,Germany,Card Payment,Web,8,21,123.48,1,3,1
10899,1618,69.08,Senegal,Transfer,Mobile,8,24,149.73,0,2,0
10900,1046,146.64,United Kingdom,Online Payment,Mobile,8,14,122.17,0,0,0
10901,358,279.21,Germany,Online Payment,Web,17,39,120.76,0,2,0
10902,395,23.3,United Kingdom,Card Payment,Mobile,18,31,236.92,0,6,0
10903,3762,151.24,Portugal,Online Payment,Tablet,2,16,117.83,0,2,0
10904,2128,231.91,Portugal,Card Payment,Web,0,1,140.72,0,3,0
10905,475,213.47,United Kingdom,Online Payment,Web,15,37,136.92,1,0,0
10906,1018,276.14,Portugal,Card Payment,Tablet,10,31,66.32,1,1,0
10907,2225,162.98,Portugal,Online Payment,Mobile,12,28,114.73,0,2,0
10908,1260,904.25,Spain,Cash Withdrawal,Web,23,14,102.3,0,1,1
10909,3451,128.9,France,Card Payment,Tablet,18,13,133.38,0,0,0
10910,1577,524.33,France,Card Payment,Web,1,11,95.08,0,2,0
10911,401,108.0,Germany,Card Payment,Web,12,13,57.86,0,0,0
10912,401,60.17,France,Card Payment,Web,6,22,206.14,0,1,0
10913,794,92.91,Spain,Online Payment,Mobile,20,13,181.62,0,1,0
10914,3824,156.21,Senegal,Cash Withdrawal,Tablet,0,17,214.14,0,2,0
10915,1289,70.88,Portugal,Online Payment,Web,21,37,152.2,0,0,0
10916,1986,96.68,United Kingdom,Cash Withdrawal,Tablet,1,3,68.94,0,0,0
10917,999,28.23,Spain,Online Payment,Mobile,6,20,82.09,0,1,0
10918,583,201.58,Germany,Transfer,Web,21,25,121.01,0,1,0
10919,1078,173.31,Portugal,Cash Withdrawal,Web,17,19,105.17,0,1,0
10920,2530,55.4,Senegal,Cash Withdrawal,Tablet,14,27,323.49,0,3,0
10921,255,262.34,Senegal,Cash Withdrawal,Mobile,12,34,59.3,1,2,0
10922,1445,78.82,Portugal,Online Payment,Tablet,16,17,51.96,0,3,0
10923,3004,84.84,Portugal,Online Payment,Web,7,34,248.96,0,2,0
10924,453,30.2,France,Card Payment,Web,6,23,24.61,0,1,0
10925,1784,619.15,France,Card Payment,Web,7,22,25.29,0,4,0
10926,3573,33.45,Spain,Cash Withdrawal,Web,17,18,105.29,0,3,0
10927,3130,57.14,Portugal,Cash Withdrawal,Web,1,33,92.78,0,0,0
10928,246,160.4,Senegal,Cash Withdrawal,Tablet,1,20,154.81,0,1,0
10929,837,84.04,Senegal,Online Payment,Mobile,19,30,65.36,0,4,0
10930,1660,93.24,France,Card Payment,Mobile,8,22,269.81,0,3,0
10931,3927,217.49,Germany,Card Payment,Mobile,0,24,275.09,0,2,0
10932,1271,143.56,Spain,Transfer,Mobile,7,30,55.43,0,3,0
10933,1557,143.87,Spain,Transfer,Tablet,19,14,101.04,0,0,0
10934,2732,443.88,Portugal,Online Payment,Mobile,4,12,107.97,0,1,0
10935,1269,72.89,Portugal,Cash Withdrawal,Mobile,3,14,66.68,0,1,0
10936,1632,97.7,Portugal,Card Payment,Web,0,23,135.93,1,2,0
10937,2365,480.46,Germany,Card Payment,Tablet,18,12,429.61,0,4,0
10938,934,187.81,Portugal,Cash Withdrawal,Tablet,7,43,87.79,0,1,0
10939,3819,16.9,Germany,Card Payment,Web,22,34,111.66,0,0,0
10940,1486,74.95,Portugal,Online Payment,Mobile,7,3,79.88,0,1,0
10941,3924,47.97,Senegal,Card Payment,Tablet,21,22,61.15,1,1,0
10942,671,77.7,France,Card Payment,Mobile,6,42,184.75,1,2,0
10943,2036,159.76,France,Online Payment,Tablet,9,20,100.06,0,1,0
10944,161,311.47,Spain,Card Payment,Web,19,3,151.42,0,0,0
10945,118,74.68,France,Cash Withdrawal,Mobile,1,19,92.78,0,3,0
10946,2500,89.47,United Kingdom,Card Payment,Web,4,41,129.77,0,0,0
10947,1353,119.71,Senegal,Card Payment,Tablet,13,22,72.56,0,0,0
10948,913,717.56,Spain,Transfer,Mobile,2,18,221.18,0,1,0
10949,2594,459.76,Germany,Online Payment,Tablet,11,15,191.93,0,2,0
10950,3985,197.02,Portugal,Cash Withdrawal,Web,12,7,108.46,0,2,0
10951,1756,157.08,Portugal,Online Payment,Tablet,4,29,94.0,0,2,0
10952,108,241.53,Portugal,Online Payment,Mobile,15,11,124.45,1,4,0
10953,3922,934.18,Germany,Online Payment,Web,13,1,101.6,0,1,0
10954,2080,232.64,Portugal,Cash Withdrawal,Mobile,16,23,42.38,0,2,0
10955,2755,241.57,Germany,Card Payment,Web,8,9,110.3,0,0,0
10956,3198,103.0,United Kingdom,Cash Withdrawal,Mobile,17,15,115.51,0,4,0
10957,2210,295.79,Germany,Cash Withdrawal,Mobile,3,21,27.73,1,1,0
10958,3512,232.06,Spain,Card Payment,Web,9,15,118.51,0,2,0
10959,3282,228.83,Spain,Cash Withdrawal,Tablet,16,20,363.99,0,0,0
10960,3593,67.01,Senegal,Online Payment,Mobile,17,26,78.13,1,3,0
10961,1506,105.67,Portugal,Transfer,Tablet,7,35,89.61,0,3,0
10962,2263,109.7,United Kingdom,Online Payment,Web,13,23,139.87,0,2,0
10963,3530,265.34,Portugal,Cash Withdrawal,Mobile,15,21,103.91,1,1,0
10964,2467,158.45,Germany,Cash Withdrawal,Web,23,27,190.9,0,0,0
10965,2575,147.96,Spain,Cash Withdrawal,Tablet,6,13,83.3,0,2,0
10966,3129,99.1,Spain,Card Payment,Tablet,11,26,131.42,0,0,0
10967,948,229.42,United Kingdom,Online Payment,Tablet,2,22,52.41,0,3,0
10968,2030,75.8,Spain,Card Payment,Web,14,16,116.63,0,2,0
10969,2270,131.33,Senegal,Cash Withdrawal,Tablet,21,26,289.76,0,1,0
10970,1426,109.41,France,Transfer,Web,16,7,36.7,0,1,0
10971,441,36.49,United Kingdom,Card Payment,Tablet,14,32,90.42,0,1,0
10972,397,227.58,Portugal,Transfer,Mobile,22,17,42.67,1,1,0
10973,1969,193.23,Germany,Online Payment,Tablet,23,29,107.06,0,1,0
10974,2252,177.55,United Kingdom,Card Payment,Web,10,5,635.88,0,4,0
10975,425,327.2,Portugal,Online Payment,Tablet,21,20,89.07,0,1,0
10976,3853,94.02,Portugal,Card Payment,Mobile,10,38,155.06,0,3,0
10977,532,101.54,Germany,Transfer,Web,13,22,63.7,0,1,0
10978,739,29.85,United Kingdom,Online Payment,Tablet,23,21,177.35,0,3,0
10979,1374,587.37,Germany,Online Payment,Web,12,22,47.89,0,1,0
10980,3436,163.29,Senegal,Transfer,Mobile,3,29,65.86,1,3,0
10981,682,512.75,United Kingdom,Cash Withdrawal,Tablet,13,14,134.87,1,1,0
10982,1977,404.34,Spain,Cash Withdrawal,Web,22,28,52.5,0,2,0
10983,1426,202.19,Senegal,Online Payment,Tablet,6,28,228.58,0,2,0
10984,1717,50.5,France,Card Payment,Tablet,4,20,67.16,0,1,0
10985,114,81.53,United Kingdom,Online Payment,Mobile,5,9,125.23,0,0,0
10986,2088,98.77,Senegal,Cash Withdrawal,Web,22,29,204.21,0,0,0
10987,2011,109.14,France,Transfer,Web,6,48,162.61,0,0,0
10988,3781,136.02,United Kingdom,Card Payment,Mobile,13,22,127.15,1,0,0
10989,3765,343.07,Portugal,Online Payment,Mobile,16,30,122.74,0,1,0
10990,2744,1389.55,Germany,Online Payment,Web,3,16,37.55,0,1,1
10991,1294,37.65,Spain,Transfer,Tablet,1,49,247.41,0,0,0
10992,2666,31.58,Portugal,Online Payment,Tablet,12,1,39.05,0,1,0
10993,2124,194.07,Portugal,Card Payment,Tablet,5,8,93.18,0,1,0
10994,1149,76.47,Portugal,Cash Withdrawal,Mobile,4,40,87.28,0,0,0
10995,187,192.92,Portugal,Transfer,Web,21,1,71.01,0,1,0
10996,3058,93.86,Spain,Online Payment,Web,20,1,209.24,0,2,0
10997,1251,89.21,Senegal,Cash Withdrawal,Tablet,9,26,89.32,0,4,1
10998,2503,256.07,United Kingdom,Cash Withdrawal,Tablet,5,16,228.57,0,2,0
10999,1916,24.39,Portugal,Cash Withdrawal,Web,14,6,90.1,0,3,0
11000,1677,149.91,Germany,Card Payment,Web,10,33,192.69,0,3,0
11001,2424,212.54,France,Cash Withdrawal,Mobile,6,27,196.46,0,3,0
11002,835,239.25,France,Transfer,Web,21,23,78.9,0,3,0
11003,396,60.55,Spain,Cash Withdrawal,Web,9,15,85.29,0,1,0
11004,3146,93.06,France,Card Payment,Tablet,9,30,91.92,1,3,0
11005,1461,75.97,Spain,Card Payment,Tablet,4,25,50.01,1,0,0
11006,2737,52.29,Spain,Online Payment,Web,22,13,472.14,0,2,0
11007,3078,139.83,France,Online Payment,Mobile,5,20,322.51,1,3,0
11008,608,355.61,Portugal,Online Payment,Mobile,1,23,209.53,1,3,1
11009,647,131.57,United Kingdom,Online Payment,Web,4,21,120.44,0,0,0
11010,2721,80.94,France,Transfer,Web,12,14,268.5,0,0,0
11011,1889,150.74,Germany,Transfer,Tablet,4,32,168.35,0,2,0
11012,1737,295.33,Germany,Cash Withdrawal,Web,11,31,73.74,0,4,0
11013,3810,39.13,Portugal,Online Payment,Web,1,20,168.18,0,1,0
11014,197,276.64,Germany,Card Payment,Mobile,1,9,87.12,0,5,0
11015,3894,72.19,United Kingdom,Cash Withdrawal,Web,11,18,503.87,0,1,0
11016,2165,39.69,Portugal,Transfer,Web,22,27,184.59,0,1,0
11017,844,101.93,Germany,Card Payment,Mobile,15,2,139.35,0,0,0
11018,2771,174.97,Portugal,Cash Withdrawal,Tablet,20,1,88.6,0,1,0
11019,257,48.27,Portugal,Online Payment,Tablet,2,19,58.19,0,1,0
11020,1348,92.38,Spain,Card Payment,Web,17,32,47.92,0,5,0
11021,2583,54.23,Germany,Transfer,Mobile,19,33,328.68,0,2,0
11022,234,33.8,Spain,Online Payment,Mobile,18,15,138.77,0,0,0
11023,3515,62.7,Germany,Transfer,Mobile,0,28,159.35,0,1,0
11024,1059,203.35,Germany,Card Payment,Tablet,9,25,73.42,1,2,0
11025,3669,210.87,Germany,Cash Withdrawal,Tablet,1,42,325.94,0,2,0
11026,1820,83.57,Senegal,Online Payment,Mobile,9,17,131.57,0,3,0
11027,338,234.39,Senegal,Transfer,Web,20,23,250.09,0,4,0
11028,3261,38.19,Spain,Transfer,Web,20,19,227.81,0,2,0
11029,454,80.85,Portugal,Cash Withdrawal,Web,0,22,137.76,0,1,0
11030,1613,187.86,Portugal,Card Payment,Tablet,11,32,83.79,0,0,0
11031,2875,32.18,France,Transfer,Web,12,17,95.82,0,2,0
11032,1589,269.97,France,Card Payment,Mobile,7,31,54.6,0,1,0
11033,1031,42.36,Portugal,Online Payment,Web,7,28,332.49,1,2,0
11034,2051,699.53,Germany,Transfer,Tablet,3,1,83.53,1,0,1
11035,491,162.64,Spain,Online Payment,Tablet,16,32,63.39,0,4,0
11036,2417,300.7,Senegal,Transfer,Tablet,11,27,302.24,0,4,0
11037,1755,123.3,France,Online Payment,Tablet,9,24,117.25,0,0,0
11038,3530,145.19,Portugal,Transfer,Web,10,29,116.48,0,0,0
11039,2490,154.93,Spain,Online Payment,Tablet,3,29,101.9,0,0,0
11040,494,84.32,Germany,Transfer,Mobile,4,11,200.22,0,0,0
11041,3123,51.77,France,Transfer,Tablet,22,23,93.68,0,2,0
11042,380,383.84,France,Online Payment,Mobile,11,22,523.43,0,1,0
11043,1153,554.71,Senegal,Cash Withdrawal,Tablet,9,3,82.33,0,6,0
11044,750,77.9,United Kingdom,Card Payment,Mobile,13,18,146.36,0,4,0
11045,3328,93.23,Germany,Card Payment,Mobile,23,37,205.53,0,1,0
11046,3888,194.62,Senegal,Cash Withdrawal,Tablet,3,16,113.95,1,1,0
11047,402,99.41,Germany,Online Payment,Tablet,18,30,144.26,0,0,0
11048,3030,80.85,France,Online Payment,Mobile,0,32,33.33,0,1,0
11049,1284,51.59,United Kingdom,Cash Withdrawal,Web,19,17,67.7,0,3,0
11050,1515,187.05,France,Online Payment,Mobile,14,33,550.4,0,2,0
11051,3478,52.46,Portugal,Cash Withdrawal,Mobile,14,15,107.09,1,3,0
11052,2333,110.69,Germany,Card Payment,Mobile,5,4,107.31,0,3,0
11053,3833,59.87,Senegal,Cash Withdrawal,Tablet,20,13,158.49,0,0,0
11054,665,145.64,Senegal,Card Payment,Tablet,3,30,501.0,0,2,0
11055,2943,50.27,Spain,Cash Withdrawal,Mobile,9,29,49.93,0,0,0
11056,2464,271.74,Germany,Card Payment,Tablet,18,16,68.49,0,1,0
11057,3214,341.08,Portugal,Online Payment,Mobile,13,24,199.69,0,1,0
11058,841,100.84,Germany,Cash Withdrawal,Tablet,18,7,201.54,0,1,0
11059,3320,18.73,France,Online Payment,Mobile,15,16,51.99,0,4,0
11060,1629,70.58,Senegal,Card Payment,Web,23,22,73.37,0,1,0
11061,2648,246.55,France,Card Payment,Tablet,0,1,93.61,0,1,0
11062,1985,110.82,Spain,Cash Withdrawal,Mobile,10,29,197.95,1,0,0
11063,2823,180.52,United Kingdom,Card Payment,Web,18,20,140.42,0,1,1
11064,3119,133.07,Senegal,Transfer,Web,13,28,109.38,0,2,0
11065,1890,97.8,Senegal,Online Payment,Mobile,0,18,121.82,0,3,0
11066,3158,575.27,Spain,Card Payment,Web,3,22,49.45,0,0,0
11067,1489,150.87,France,Online Payment,Mobile,17,13,171.79,0,3,0
11068,3057,179.35,United Kingdom,Card Payment,Tablet,19,16,177.46,0,1,0
11069,2366,82.18,Germany,Cash Withdrawal,Tablet,6,35,77.43,1,1,0
11070,482,107.15,United Kingdom,Cash Withdrawal,Web,23,8,102.47,1,1,0
11071,3054,194.88,France,Transfer,Tablet,17,21,80.01,0,1,0
11072,3421,211.73,Germany,Card Payment,Mobile,18,26,152.44,0,3,0
11073,3483,139.3,Spain,Online Payment,Tablet,4,16,100.96,0,3,0
11074,2910,22.66,Germany,Cash Withdrawal,Web,3,10,68.97,0,0,0
11075,2240,57.58,Germany,Transfer,Tablet,21,10,246.55,0,1,0
11076,1397,30.29,Portugal,Cash Withdrawal,Web,17,14,139.8,0,3,0
11077,1555,52.97,United Kingdom,Cash Withdrawal,Mobile,23,1,86.43,0,0,0
11078,152,29.06,Portugal,Transfer,Mobile,5,40,94.07,1,1,0
11079,729,83.75,Senegal,Online Payment,Tablet,13,20,136.71,0,1,0
11080,2054,22.74,France,Online Payment,Mobile,18,30,59.81,0,2,0
11081,2964,102.75,Senegal,Transfer,Tablet,22,11,374.2,0,3,0
11082,2445,98.72,Germany,Transfer,Tablet,16,1,88.02,0,3,0
11083,1279,44.12,Spain,Transfer,Tablet,1,24,199.92,0,0,0
11084,2574,152.07,France,Transfer,Tablet,13,23,110.18,0,0,0
11085,349,110.08,Portugal,Online Payment,Web,5,6,122.33,0,1,0
11086,756,281.8,United Kingdom,Online Payment,Tablet,6,18,132.63,0,1,0
11087,2176,49.59,Senegal,Transfer,Mobile,0,1,175.15,0,0,0
11088,3449,167.02,United Kingdom,Transfer,Web,1,1,92.8,1,0,0
11089,2210,80.08,Portugal,Card Payment,Mobile,7,15,241.22,0,0,0
11090,2151,44.67,Spain,Card Payment,Mobile,20,15,183.32,1,1,0
11091,1081,104.18,Portugal,Transfer,Tablet,21,7,53.71,0,1,0
11092,3868,133.83,France,Card Payment,Mobile,2,16,69.15,1,3,0
11093,1118,191.91,United Kingdom,Transfer,Mobile,23,12,120.43,0,2,0
11094,2413,146.34,Spain,Card Payment,Mobile,19,23,81.39,0,2,0
11095,1318,190.59,Spain,Card Payment,Tablet,11,14,185.56,0,2,0
11096,2842,90.02,Senegal,Cash Withdrawal,Mobile,21,20,221.34,0,1,0
11097,3385,70.04,France,Cash Withdrawal,Mobile,2,15,150.67,1,0,0
11098,2064,217.66,Germany,Cash Withdrawal,Mobile,16,19,82.66,0,4,0
11099,171,83.51,France,Card Payment,Tablet,15,13,133.51,0,3,1
11100,2526,88.81,Spain,Card Payment,Web,19,23,365.15,0,1,0
11101,3660,88.25,Senegal,Card Payment,Mobile,8,6,61.33,0,2,0
11102,1048,333.55,Germany,Card Payment,Web,10,1,39.07,0,1,0
11103,2319,289.52,United Kingdom,Transfer,Web,17,33,135.93,0,2,0
11104,2442,109.45,Senegal,Transfer,Web,10,6,52.44,0,2,0
11105,3052,317.88,France,Cash Withdrawal,Web,19,16,120.82,0,0,0
11106,1450,51.74,France,Transfer,Tablet,6,18,81.17,0,1,0
11107,1262,83.51,Germany,Cash Withdrawal,Mobile,18,1,136.13,0,0,0
11108,2256,164.8,France,Cash Withdrawal,Tablet,13,37,61.04,0,1,0
11109,3810,281.31,United Kingdom,Card Payment,Tablet,20,23,68.31,0,3,0
11110,1355,71.71,Spain,Card Payment,Mobile,17,20,87.79,0,1,0
11111,348,21.88,Germany,Card Payment,Web,14,20,170.71,0,1,0
11112,3675,383.05,Germany,Transfer,Web,2,16,37.56,1,0,0
11113,1598,119.09,Senegal,Card Payment,Web,5,30,94.39,0,1,0
11114,86,24.07,Germany,Transfer,Tablet,23,10,20.42,0,2,0
11115,2167,66.8,France,Card Payment,Web,19,11,134.05,0,0,0
11116,87,128.42,Senegal,Online Payment,Tablet,17,32,207.82,0,1,0
11117,3622,58.5,Germany,Card Payment,Mobile,16,22,125.93,0,2,0
11118,1911,82.32,United Kingdom,Cash Withdrawal,Mobile,23,18,27.99,0,1,0
11119,408,75.18,United Kingdom,Cash Withdrawal,Web,7,36,258.44,0,0,0
11120,1683,129.68,Portugal,Transfer,Web,12,22,33.01,0,2,0
11121,2445,97.42,United Kingdom,Card Payment,Tablet,22,37,121.9,0,1,0
11122,935,123.11,Spain,Transfer,Mobile,8,20,151.08,0,0,0
11123,2642,67.7,United Kingdom,Card Payment,Web,10,21,239.99,0,1,0
11124,3459,132.72,Spain,Transfer,Web,14,19,29.74,0,1,0
11125,365,74.26,France,Cash Withdrawal,Tablet,19,2,92.51,0,1,0
11126,1686,81.2,Senegal,Online Payment,Mobile,1,9,243.33,1,0,0
11127,994,165.24,Portugal,Online Payment,Tablet,14,35,83.17,1,0,0
11128,1932,288.5,Portugal,Online Payment,Tablet,22,23,105.74,0,1,0
11129,679,94.54,Spain,Transfer,Mobile,18,24,274.35,1,0,0
11130,3899,7.88,Germany,Transfer,Web,17,17,59.78,0,1,0
11131,213,19.16,Spain,Card Payment,Web,5,25,56.88,0,3,0
11132,3156,553.38,United Kingdom,Online Payment,Tablet,12,1,31.11,0,2,1
11133,3620,59.56,Senegal,Online Payment,Tablet,18,22,42.66,1,0,0
11134,748,162.23,United Kingdom,Cash Withdrawal,Tablet,5,15,94.43,0,0,0
11135,3075,183.13,Spain,Online Payment,Mobile,14,21,56.01,0,1,0
11136,1811,298.42,Portugal,Card Payment,Web,3,16,137.54,0,2,0
11137,1099,402.04,Senegal,Online Payment,Tablet,3,21,94.12,0,3,0
11138,782,74.18,Germany,Online Payment,Mobile,1,23,37.08,0,3,1
11139,3689,50.66,France,Transfer,Mobile,3,25,66.54,0,2,0
11140,510,86.37,Spain,Online Payment,Web,14,14,167.71,1,2,0
11141,3035,150.86,United Kingdom,Card Payment,Mobile,6,18,166.41,1,5,0
11142,3975,136.99,Portugal,Cash Withdrawal,Tablet,8,22,140.38,0,1,0
11143,1412,103.63,Germany,Cash Withdrawal,Mobile,6,19,177.48,0,3,0
11144,3958,81.09,Portugal,Card Payment,Mobile,15,19,157.51,0,2,0
11145,3650,58.83,Spain,Transfer,Web,17,30,45.48,1,0,0
11146,587,68.64,Senegal,Transfer,Tablet,3,12,94.39,0,2,0
11147,1657,56.23,France,Card Payment,Web,21,13,182.33,0,0,0
11148,2807,388.38,Germany,Cash Withdrawal,Tablet,15,25,68.34,0,1,0
11149,2991,9.32,Spain,Online Payment,Tablet,14,25,75.22,1,1,1
11150,112,142.4,Germany,Online Payment,Mobile,13,37,86.85,0,3,0
11151,1837,77.94,Portugal,Cash Withdrawal,Tablet,22,25,132.86,1,2,0
11152,863,169.88,Senegal,Cash Withdrawal,Mobile,3,15,68.53,1,1,0
11153,2593,67.11,Spain,Card Payment,Web,16,33,291.66,0,4,0
11154,1352,177.67,Germany,Card Payment,Tablet,1,7,118.75,0,0,0
11155,3158,157.83,Germany,Online Payment,Tablet,3,8,37.34,0,0,0
11156,2078,41.66,Spain,Card Payment,Tablet,16,5,46.11,0,2,0
11157,3291,72.51,Germany,Online Payment,Mobile,13,16,104.82,1,0,0
11158,317,118.17,France,Cash Withdrawal,Web,22,11,84.97,1,1,0
11159,2216,422.26,United Kingdom,Transfer,Tablet,3,32,34.64,0,1,0
11160,2194,24.65,France,Online Payment,Web,1,14,463.23,0,2,0
11161,1105,168.88,Portugal,Cash Withdrawal,Web,6,22,146.38,0,1,0
11162,2120,63.45,Spain,Cash Withdrawal,Tablet,10,28,64.16,0,1,0
11163,232,77.6,Spain,Online Payment,Web,3,9,128.19,0,2,0
11164,1548,29.17,Portugal,Transfer,Web,15,15,57.07,0,0,0
11165,3393,103.48,Portugal,Card Payment,Tablet,13,16,262.22,0,1,0
11166,250,29.99,Senegal,Online Payment,Tablet,6,40,65.47,0,1,0
11167,1348,88.99,United Kingdom,Transfer,Web,0,20,72.65,1,1,0
11168,1613,86.89,Spain,Transfer,Tablet,19,11,73.82,0,1,0
11169,1074,136.4,Spain,Online Payment,Web,2,20,498.28,0,2,0
11170,898,99.88,United Kingdom,Online Payment,Web,20,27,60.94,0,4,0
11171,909,83.13,Senegal,Card Payment,Tablet,19,26,222.41,0,4,0
11172,1070,280.18,United Kingdom,Transfer,Mobile,3,32,194.46,0,1,0
11173,436,88.27,Spain,Transfer,Web,10,18,194.94,1,4,0
11174,479,151.89,Portugal,Card Payment,Web,16,23,38.4,0,4,0
11175,3548,291.01,Germany,Cash Withdrawal,Web,11,3,131.18,0,1,0
11176,753,157.73,Portugal,Card Payment,Tablet,1,15,132.91,0,1,0
11177,2389,57.69,Germany,Transfer,Web,9,21,135.04,0,1,0
11178,302,44.3,France,Card Payment,Tablet,5,21,59.68,0,1,0
11179,3484,58.22,Germany,Online Payment,Tablet,9,35,153.9,1,0,0
11180,3396,235.98,Portugal,Transfer,Mobile,21,14,428.8,0,1,0
11181,268,154.81,Portugal,Card Payment,Mobile,18,27,24.52,0,2,0
11182,991,31.51,Spain,Card Payment,Mobile,16,40,116.06,0,6,0
11183,1990,55.24,Portugal,Transfer,Mobile,0,7,109.46,0,3,0
11184,3155,131.94,Portugal,Card Payment,Mobile,11,22,302.15,1,1,0
11185,932,152.41,France,Online Payment,Web,16,8,166.13,0,5,0
11186,3356,128.66,Spain,Cash Withdrawal,Tablet,4,5,72.87,0,2,0
11187,1949,181.85,Germany,Cash Withdrawal,Web,15,4,48.23,0,1,0
11188,1359,87.2,Germany,Card Payment,Tablet,10,25,97.19,0,4,0
11189,2317,96.27,Germany,Cash Withdrawal,Web,5,10,111.09,0,1,0
11190,174,73.27,United Kingdom,Card Payment,Tablet,5,11,255.37,0,1,0
11191,2048,184.94,Senegal,Online Payment,Mobile,12,15,42.59,0,1,0
11192,3450,148.97,United Kingdom,Cash Withdrawal,Web,5,26,268.65,0,3,0
11193,2387,106.08,Germany,Transfer,Mobile,8,14,135.16,0,1,0
11194,1271,204.06,France,Cash Withdrawal,Web,23,18,92.82,0,1,0
11195,1923,95.26,Senegal,Transfer,Mobile,1,17,82.79,0,1,0
11196,362,204.27,Germany,Card Payment,Tablet,1,2,105.66,0,0,0
11197,1106,118.49,France,Transfer,Tablet,20,23,51.57,0,2,0
11198,1605,84.87,Portugal,Online Payment,Web,6,4,102.38,1,2,0
11199,2321,16.69,Spain,Transfer,Tablet,3,24,142.67,0,1,0
11200,1395,33.41,Spain,Card Payment,Web,16,39,130.0,0,3,0
11201,2392,175.12,Portugal,Cash Withdrawal,Tablet,5,20,33.62,0,1,0
11202,2797,153.11,Senegal,Card Payment,Tablet,16,12,81.73,1,2,0
11203,1105,341.29,Germany,Online Payment,Mobile,22,13,139.18,1,0,0
11204,1731,488.52,Spain,Transfer,Tablet,8,18,93.88,0,5,0
11205,121,95.62,Portugal,Online Payment,Mobile,15,21,60.27,0,1,0
11206,1800,50.04,France,Card Payment,Tablet,11,13,316.3,1,1,0
11207,1611,39.02,Senegal,Online Payment,Mobile,9,17,57.15,1,1,0
11208,1171,92.14,Spain,Cash Withdrawal,Tablet,0,31,320.51,0,4,0
11209,3991,113.79,France,Cash Withdrawal,Mobile,22,16,236.01,0,0,0
11210,1500,99.24,United Kingdom,Card Payment,Web,18,28,125.76,0,0,0
11211,2246,187.16,Senegal,Cash Withdrawal,Mobile,4,28,208.22,0,3,0
11212,98,95.3,Senegal,Cash Withdrawal,Mobile,6,20,74.75,0,0,0
11213,2448,65.29,France,Transfer,Tablet,5,4,37.01,0,1,0
11214,3374,141.07,France,Card Payment,Tablet,2,27,44.35,0,1,0
11215,1139,14.51,Portugal,Card Payment,Mobile,15,19,81.74,0,3,0
11216,1584,384.05,France,Cash Withdrawal,Mobile,5,28,166.91,0,1,0
11217,1575,221.21,Senegal,Transfer,Web,12,7,134.13,0,2,0
11218,1144,232.59,United Kingdom,Transfer,Web,15,6,32.78,0,1,0
11219,3698,63.48,Germany,Cash Withdrawal,Web,4,21,113.88,0,2,0
11220,1004,27.44,France,Cash Withdrawal,Tablet,7,28,207.91,0,4,0
11221,3168,193.81,Portugal,Transfer,Mobile,4,15,55.72,1,2,0
11222,1538,455.11,Senegal,Online Payment,Tablet,11,21,150.85,0,2,0
11223,1115,87.65,Portugal,Card Payment,Web,7,35,539.79,1,0,0
11224,2078,88.96,Portugal,Card Payment,Tablet,16,26,88.47,0,2,0
11225,2353,231.43,Portugal,Transfer,Web,23,1,41.66,0,0,0
11226,1147,29.4,Senegal,Transfer,Tablet,13,28,276.57,0,1,0
11227,2468,125.64,Germany,Cash Withdrawal,Mobile,4,9,134.8,0,0,0
11228,611,51.69,Senegal,Transfer,Tablet,15,44,88.13,0,1,0
11229,148,179.82,Senegal,Transfer,Tablet,7,23,181.83,0,1,0
11230,1507,75.56,Senegal,Cash Withdrawal,Web,10,26,50.09,0,0,0
11231,1277,133.48,United Kingdom,Cash Withdrawal,Tablet,9,20,141.74,1,1,0
11232,3702,151.0,Portugal,Online Payment,Mobile,15,18,106.56,1,2,0
11233,671,27.55,France,Transfer,Web,17,26,101.36,0,2,0
11234,1446,62.76,United Kingdom,Online Payment,Tablet,20,29,151.43,0,2,0
11235,2018,321.13,Spain,Cash Withdrawal,Mobile,7,25,76.2,0,0,0
11236,3692,91.76,Senegal,Card Payment,Web,10,20,68.61,0,1,0
11237,3758,168.55,Germany,Cash Withdrawal,Web,12,17,83.98,0,0,0
11238,1822,31.26,United Kingdom,Online Payment,Mobile,11,19,103.86,0,0,0
11239,1962,154.91,Senegal,Cash Withdrawal,Tablet,20,16,550.15,1,1,0
11240,3721,35.57,France,Transfer,Mobile,11,23,90.34,0,0,0
11241,2677,259.87,United Kingdom,Cash Withdrawal,Mobile,3,1,386.2,0,0,0
11242,1250,136.36,Senegal,Card Payment,Tablet,23,35,119.65,0,2,0
11243,320,84.02,France,Online Payment,Mobile,21,39,100.29,1,3,0
11244,2602,300.19,Portugal,Transfer,Mobile,1,27,82.73,1,3,0
11245,936,47.14,Spain,Transfer,Mobile,20,17,139.22,0,0,0
11246,3940,53.63,Germany,Online Payment,Tablet,17,24,108.94,0,2,0
11247,1726,61.88,France,Card Payment,Web,0,7,137.99,0,2,0
11248,3305,64.71,United Kingdom,Online Payment,Mobile,19,9,144.81,0,1,0
11249,1856,448.31,United Kingdom,Online Payment,Tablet,3,5,132.45,0,3,0
11250,3118,161.16,United Kingdom,Card Payment,Mobile,0,26,137.16,1,2,0
11251,1251,383.52,Spain,Transfer,Tablet,6,21,75.0,0,1,0
11252,1003,243.05,France,Online Payment,Web,6,25,183.86,1,1,0
11253,2485,212.51,United Kingdom,Online Payment,Mobile,21,22,128.86,0,2,0
11254,3793,213.11,Senegal,Transfer,Tablet,0,29,153.77,0,1,0
11255,3197,228.16,France,Transfer,Mobile,7,39,451.41,0,1,0
11256,3742,28.41,Spain,Card Payment,Mobile,21,31,48.3,0,1,0
11257,3622,207.74,Portugal,Card Payment,Mobile,10,16,71.02,1,3,0
11258,1202,30.94,Portugal,Cash Withdrawal,Web,10,13,164.96,0,2,0
11259,2548,62.92,Germany,Cash Withdrawal,Tablet,15,28,61.05,0,0,0
11260,77,109.88,Senegal,Card Payment,Mobile,9,1,81.78,0,2,0
11261,657,62.31,Germany,Card Payment,Tablet,0,22,120.55,0,1,0
11262,3526,141.87,Spain,Cash Withdrawal,Tablet,6,2,75.36,0,2,0
11263,2844,80.67,United Kingdom,Online Payment,Mobile,3,13,131.6,0,1,0
11264,3961,519.3,United Kingdom,Transfer,Tablet,16,18,169.44,0,1,0
11265,908,38.41,Senegal,Transfer,Tablet,22,20,109.03,1,4,0
11266,3015,426.07,United Kingdom,Transfer,Tablet,4,42,69.95,0,1,0
11267,1767,269.83,Senegal,Card Payment,Mobile,21,15,445.48,0,0,0
11268,608,217.39,Portugal,Transfer,Tablet,17,12,52.91,0,1,0
11269,3060,44.02,Portugal,Card Payment,Mobile,3,31,262.37,0,1,0
11270,24,68.84,Germany,Card Payment,Tablet,19,18,181.72,0,2,0
11271,2308,228.56,Germany,Card Payment,Web,21,28,169.75,0,1,0
11272,2383,349.18,Germany,Online Payment,Tablet,12,15,39.76,0,2,0
11273,3376,115.15,France,Card Payment,Mobile,1,6,63.33,0,2,0
11274,824,60.84,Senegal,Cash Withdrawal,Mobile,4,27,94.53,0,2,0
11275,3046,86.11,France,Transfer,Web,2,24,33.39,0,2,0
11276,3177,137.03,Portugal,Transfer,Tablet,21,30,120.19,0,2,0
11277,1549,344.27,France,Transfer,Mobile,4,15,174.88,0,1,0
11278,3955,55.96,United Kingdom,Card Payment,Tablet,21,19,66.14,0,2,0
11279,3616,39.64,United Kingdom,Transfer,Mobile,15,11,170.25,0,1,0
11280,3874,210.81,Portugal,Cash Withdrawal,Tablet,18,28,371.34,0,1,0
11281,1701,71.55,Senegal,Card Payment,Web,2,30,58.9,0,2,0
11282,3876,101.09,Portugal,Online Payment,Mobile,23,24,175.99,1,2,0
11283,1906,151.68,France,Transfer,Tablet,10,15,151.84,0,1,0
11284,2174,199.99,France,Online Payment,Mobile,19,6,147.2,1,1,0
11285,419,55.2,France,Card Payment,Mobile,4,18,84.58,0,1,0
11286,2275,103.53,Spain,Transfer,Mobile,21,8,432.73,0,1,0
11287,2776,211.88,United Kingdom,Online Payment,Mobile,6,33,54.24,0,4,0
11288,2690,192.18,France,Transfer,Web,4,6,234.83,1,0,0
11289,69,86.42,Senegal,Cash Withdrawal,Tablet,8,28,65.16,0,3,0
11290,3663,240.9,Senegal,Cash Withdrawal,Web,12,13,80.11,0,3,0
11291,1852,597.88,Germany,Card Payment,Tablet,12,9,97.49,1,1,0
11292,1463,74.23,Senegal,Online Payment,Web,7,4,181.13,0,0,0
11293,2218,88.64,United Kingdom,Transfer,Tablet,17,16,52.66,0,3,0
11294,3619,148.86,France,Card Payment,Mobile,22,15,84.72,1,2,0
11295,1071,88.15,Germany,Online Payment,Tablet,0,16,56.05,0,1,0
11296,3402,106.86,Germany,Online Payment,Web,23,24,223.34,0,1,0
11297,2567,54.29,Senegal,Online Payment,Web,21,25,107.11,0,2,0
11298,1750,268.78,Senegal,Transfer,Web,15,1,82.0,0,3,0
11299,1539,68.27,Portugal,Cash Withdrawal,Tablet,18,26,188.83,0,1,0
11300,3215,75.03,Germany,Transfer,Web,11,8,67.62,0,2,0
11301,3972,106.96,Senegal,Transfer,Tablet,5,28,160.52,0,1,0
11302,2861,146.65,United Kingdom,Online Payment,Tablet,8,34,78.8,0,6,0
11303,1361,151.93,Portugal,Cash Withdrawal,Web,14,20,134.35,0,2,0
11304,3324,173.61,Germany,Transfer,Mobile,1,18,75.81,1,0,0
11305,1583,186.62,Spain,Transfer,Web,5,23,79.68,0,3,0
11306,2140,70.1,Senegal,Transfer,Web,4,12,69.26,0,2,0
11307,3084,194.29,Senegal,Cash Withdrawal,Web,23,7,61.3,0,0,0
11308,1283,61.6,France,Card Payment,Tablet,15,24,53.69,0,2,0
11309,3317,18.25,Germany,Transfer,Web,15,40,111.15,0,2,0
11310,3635,268.83,Senegal,Card Payment,Mobile,23,33,36.77,0,5,0
11311,1100,50.6,France,Transfer,Mobile,15,24,51.9,0,2,0
11312,2959,249.89,Senegal,Card Payment,Mobile,2,15,280.11,0,2,0
11313,740,209.23,France,Cash Withdrawal,Mobile,18,19,85.34,0,0,0
11314,41,230.74,Germany,Transfer,Web,3,13,74.14,0,0,0
11315,819,122.06,Senegal,Cash Withdrawal,Web,8,29,126.69,0,1,0
11316,1594,91.2,Germany,Online Payment,Web,22,25,57.73,0,1,0
11317,2507,62.7,Portugal,Card Payment,Tablet,22,14,107.93,0,1,0
11318,1426,63.41,Senegal,Transfer,Web,10,27,69.5,0,2,0
11319,1952,167.06,France,Online Payment,Mobile,8,4,104.21,0,4,0
11320,3220,17.88,United Kingdom,Card Payment,Web,4,33,109.81,0,0,0
11321,3860,138.86,Spain,Online Payment,Mobile,0,24,99.15,1,3,0
11322,1111,65.85,United Kingdom,Card Payment,Web,20,20,100.77,0,0,0
11323,2563,100.94,Germany,Online Payment,Mobile,21,4,59.22,0,2,0
11324,480,157.97,France,Transfer,Web,9,17,223.94,0,3,0
11325,3972,543.43,Portugal,Transfer,Web,1,34,178.25,0,3,0
11326,847,260.04,Germany,Online Payment,Mobile,4,19,147.42,0,2,1
11327,2041,281.74,Senegal,Online Payment,Mobile,15,22,82.91,0,2,0
11328,3389,205.68,Spain,Card Payment,Mobile,2,1,105.61,0,0,0
11329,1812,415.9,Germany,Card Payment,Web,22,17,108.07,0,2,0
11330,1575,523.62,Portugal,Online Payment,Mobile,1,16,165.29,0,0,0
11331,969,103.24,Portugal,Card Payment,Tablet,18,12,109.6,0,2,0
11332,1122,66.24,United Kingdom,Card Payment,Tablet,20,10,77.19,0,0,0
11333,179,59.22,France,Online Payment,Tablet,22,4,302.11,0,2,0
11334,2687,112.32,France,Transfer,Web,10,9,55.7,0,2,0
11335,1248,72.46,Senegal,Cash Withdrawal,Tablet,11,26,190.5,0,2,0
11336,179,203.38,Spain,Card Payment,Web,12,12,211.83,1,0,0
11337,1089,94.76,Senegal,Card Payment,Tablet,12,31,177.52,0,0,0
11338,1705,135.39,Spain,Transfer,Mobile,7,39,338.75,0,2,0
11339,1018,43.95,Germany,Transfer,Web,10,20,23.87,0,0,0
11340,128,47.71,United Kingdom,Transfer,Mobile,5,17,228.03,0,1,0
11341,1137,362.81,United Kingdom,Cash Withdrawal,Tablet,3,18,80.81,0,2,0
11342,1120,241.17,Germany,Card Payment,Web,5,32,232.36,0,1,0
11343,465,351.98,United Kingdom,Card Payment,Web,13,1,137.97,0,2,0
11344,75,84.71,Portugal,Online Payment,Tablet,18,15,63.2,0,1,0
11345,2679,666.37,Portugal,Card Payment,Web,0,14,105.31,0,2,0
11346,407,135.5,France,Cash Withdrawal,Web,1,11,203.8,0,1,0
11347,2526,82.17,Spain,Transfer,Mobile,8,16,135.62,0,2,0
11348,2868,335.94,Germany,Card Payment,Web,15,14,176.23,1,1,0
11349,1432,61.68,Spain,Online Payment,Web,1,11,62.97,0,1,0
11350,3176,38.65,Portugal,Card Payment,Mobile,3,10,135.31,0,1,0
11351,2542,131.82,Germany,Online Payment,Web,20,28,59.67,0,0,0
11352,2825,283.92,Spain,Online Payment,Tablet,0,19,161.0,1,2,0
11353,285,141.49,France,Cash Withdrawal,Web,13,11,270.4,1,2,0
11354,2384,154.59,United Kingdom,Card Payment,Mobile,11,34,90.16,1,0,0
11355,3542,63.11,France,Card Payment,Mobile,12,20,52.34,0,4,0
11356,3340,145.89,United Kingdom,Transfer,Mobile,16,16,118.15,0,1,0
11357,2045,167.58,United Kingdom,Online Payment,Tablet,15,22,172.08,0,2,0
11358,863,90.79,Germany,Card Payment,Tablet,8,28,106.61,0,2,0
11359,2628,92.45,United Kingdom,Cash Withdrawal,Tablet,12,12,46.38,0,3,0
11360,2254,127.9,Senegal,Card Payment,Tablet,20,12,211.91,0,1,0
11361,1844,46.95,France,Card Payment,Web,3,40,72.58,0,2,0
11362,448,53.69,France,Card Payment,Web,16,25,123.18,0,0,0
11363,1194,128.03,Senegal,Transfer,Web,20,27,96.25,0,1,0
11364,1537,146.99,Portugal,Transfer,Mobile,7,10,138.96,0,1,0
11365,1046,60.8,Germany,Card Payment,Web,16,10,126.87,1,1,0
11366,2556,135.75,United Kingdom,Transfer,Mobile,18,28,54.09,0,1,0
11367,1404,41.12,France,Transfer,Mobile,19,28,26.82,0,3,0
11368,1275,191.4,France,Transfer,Mobile,2,27,194.1,0,5,0
11369,1979,183.99,Spain,Online Payment,Tablet,23,10,94.56,0,1,1
11370,3569,112.24,Spain,Transfer,Mobile,22,13,55.27,0,0,0
11371,2708,144.61,Senegal,Cash Withdrawal,Mobile,18,27,137.38,0,2,0
11372,1002,224.19,Portugal,Transfer,Tablet,8,23,55.03,0,1,0
11373,3807,107.35,France,Transfer,Tablet,14,4,172.01,0,0,0
11374,1108,124.58,France,Card Payment,Mobile,14,20,28.68,0,0,0
11375,1077,137.84,Spain,Online Payment,Web,8,39,378.29,0,1,0
11376,3593,79.25,Senegal,Transfer,Mobile,3,20,52.0,0,1,0
11377,250,74.6,Germany,Transfer,Mobile,18,12,41.66,1,3,0
11378,327,112.98,Senegal,Online Payment,Mobile,16,37,45.88,0,1,0
11379,1702,173.75,Spain,Card Payment,Web,7,24,194.79,0,1,0
11380,429,129.46,Spain,Online Payment,Web,20,38,152.16,0,2,0
11381,1863,140.48,Germany,Transfer,Mobile,16,14,188.14,0,0,0
11382,76,226.6,Germany,Online Payment,Web,20,27,199.42,1,2,0
11383,1482,111.62,United Kingdom,Transfer,Web,0,5,275.87,1,0,0
11384,2797,114.61,Germany,Card Payment,Web,2,30,51.61,0,1,0
11385,1823,67.22,United Kingdom,Transfer,Tablet,19,22,118.53,0,0,0
11386,1062,392.88,France,Card Payment,Tablet,20,9,94.52,0,2,0
11387,3426,255.81,Senegal,Online Payment,Tablet,16,15,328.09,1,0,0
11388,2927,236.02,France,Card Payment,Tablet,11,15,314.58,0,2,0
11389,990,82.02,Senegal,Card Payment,Web,21,8,118.42,0,3,0
11390,643,23.79,Spain,Cash Withdrawal,Web,17,7,38.69,0,1,0
11391,418,135.55,Germany,Online Payment,Mobile,3,31,139.13,0,1,0
11392,3056,176.37,Senegal,Card Payment,Mobile,18,17,159.29,0,3,0
11393,3267,570.33,Germany,Transfer,Web,17,2,63.16,0,1,0
11394,1318,59.95,United Kingdom,Online Payment,Mobile,19,23,193.93,0,3,0
11395,1977,164.0,France,Card Payment,Mobile,8,33,195.4,1,2,0
11396,1714,112.68,United Kingdom,Card Payment,Web,12,21,55.15,0,1,0
11397,3725,95.96,Portugal,Transfer,Tablet,15,22,96.18,1,4,0
11398,1412,154.81,Spain,Card Payment,Web,6,18,168.89,0,0,0
11399,496,204.9,France,Card Payment,Tablet,11,26,149.12,1,0,0
11400,125,83.08,Spain,Card Payment,Mobile,19,23,86.56,0,1,0
11401,2980,128.69,United Kingdom,Online Payment,Mobile,6,25,126.77,0,4,0
11402,779,11.04,United Kingdom,Card Payment,Web,14,33,37.28,0,1,0
11403,3661,97.9,Spain,Card Payment,Mobile,1,16,90.35,0,0,0
11404,1399,49.32,Portugal,Transfer,Tablet,15,28,25.94,0,1,0
11405,3764,67.95,Germany,Transfer,Tablet,21,46,88.79,0,2,0
11406,2973,125.21,United Kingdom,Online Payment,Tablet,3,1,89.73,0,2,0
11407,3388,220.22,France,Card Payment,Mobile,6,16,219.83,0,1,0
11408,806,265.12,Germany,Cash Withdrawal,Web,1,18,73.77,0,3,0
11409,2847,57.54,Spain,Card Payment,Tablet,14,28,36.07,0,2,0
11410,928,144.86,France,Online Payment,Tablet,5,11,61.86,0,0,0
11411,3432,48.9,Portugal,Cash Withdrawal,Web,8,21,126.0,0,1,0
11412,3943,30.47,United Kingdom,Online Payment,Web,7,20,316.47,1,3,0
11413,3825,64.65,France,Online Payment,Web,17,13,132.45,0,3,0
11414,3475,441.69,France,Online Payment,Web,14,36,228.39,0,2,0
11415,2439,44.09,Senegal,Transfer,Web,11,15,65.98,1,2,0
11416,1661,253.66,United Kingdom,Transfer,Tablet,15,29,49.83,0,1,0
11417,1031,56.07,Senegal,Card Payment,Tablet,23,1,136.88,0,0,0
11418,1692,141.15,Germany,Cash Withdrawal,Tablet,5,11,218.85,0,2,0
11419,1050,243.68,United Kingdom,Transfer,Tablet,6,24,163.37,0,0,0
11420,3336,93.7,France,Cash Withdrawal,Mobile,4,14,287.33,0,3,0
11421,3009,388.97,Spain,Card Payment,Mobile,5,31,305.73,0,3,0
11422,1156,187.87,France,Online Payment,Mobile,23,32,76.69,0,1,0
11423,439,359.74,Senegal,Transfer,Tablet,7,17,56.69,0,1,0
11424,2716,52.94,France,Card Payment,Mobile,18,6,158.12,0,2,0
11425,3387,177.69,Germany,Cash Withdrawal,Tablet,20,19,293.1,0,1,0
11426,3797,25.54,Spain,Transfer,Mobile,9,19,81.49,0,1,0
11427,459,743.68,Senegal,Online Payment,Tablet,22,12,115.05,0,1,0
11428,726,160.98,United Kingdom,Card Payment,Mobile,13,9,47.85,0,4,0
11429,3256,56.82,United Kingdom,Online Payment,Tablet,17,15,139.24,0,0,0
11430,586,254.54,Spain,Online Payment,Web,23,11,83.04,0,2,0
11431,856,97.16,Senegal,Online Payment,Mobile,3,1,66.36,0,0,0
11432,1990,38.94,Spain,Transfer,Mobile,20,12,256.37,0,2,0
11433,559,179.84,Germany,Card Payment,Tablet,1,41,33.78,0,2,0
11434,1037,66.28,Germany,Cash Withdrawal,Mobile,17,30,150.88,0,0,0
11435,1499,39.84,Portugal,Online Payment,Web,6,11,360.17,0,0,0
11436,3489,47.79,Portugal,Online Payment,Mobile,3,24,74.42,1,2,0
11437,1499,59.66,United Kingdom,Transfer,Web,17,8,220.35,0,3,0
11438,1671,58.16,United Kingdom,Cash Withdrawal,Mobile,3,10,41.6,0,3,0
11439,453,321.7,Portugal,Cash Withdrawal,Web,2,31,77.55,0,1,0
11440,899,150.97,France,Transfer,Tablet,22,33,30.57,1,0,0
11441,1764,62.78,Senegal,Cash Withdrawal,Web,21,25,86.23,0,5,0
11442,1219,414.21,Senegal,Online Payment,Mobile,9,15,54.03,0,2,0
11443,3552,56.14,Senegal,Card Payment,Tablet,15,11,150.88,0,1,0
11444,420,102.65,Germany,Card Payment,Tablet,8,24,93.52,0,2,0
11445,2863,121.45,France,Online Payment,Web,22,25,384.41,1,0,0
11446,3719,18.38,France,Online Payment,Web,22,30,57.77,1,2,0
11447,3924,90.11,France,Online Payment,Mobile,7,1,84.18,0,1,0
11448,3279,58.82,Germany,Transfer,Mobile,5,6,65.41,0,2,0
11449,2075,67.19,Senegal,Online Payment,Tablet,19,13,193.69,0,0,0
11450,428,289.23,Senegal,Transfer,Mobile,15,17,96.61,0,1,0
11451,369,127.77,Spain,Online Payment,Web,3,15,116.18,0,0,0
11452,3938,257.9,Germany,Online Payment,Tablet,2,16,493.78,0,3,0
11453,2006,172.05,Senegal,Cash Withdrawal,Mobile,13,18,143.19,0,2,0
11454,2720,143.8,Portugal,Cash Withdrawal,Tablet,15,46,72.08,1,0,0
11455,3817,78.65,France,Card Payment,Mobile,14,14,56.19,1,1,0
11456,576,24.48,Senegal,Cash Withdrawal,Mobile,19,3,148.89,0,2,0
11457,3924,212.44,Senegal,Online Payment,Mobile,14,10,153.32,0,3,0
11458,1946,142.28,France,Cash Withdrawal,Tablet,19,9,220.83,1,3,0
11459,592,96.0,Germany,Online Payment,Tablet,13,20,73.17,0,1,0
11460,2049,181.42,United Kingdom,Card Payment,Web,9,10,42.99,0,1,0
11461,2664,94.46,Senegal,Transfer,Mobile,13,27,62.8,1,3,0
11462,2099,228.6,Germany,Transfer,Web,0,17,188.33,1,3,0
11463,2774,110.78,Spain,Online Payment,Web,3,8,61.91,0,1,0
11464,2156,55.05,Portugal,Transfer,Web,17,13,107.69,0,5,0
11465,596,98.26,Portugal,Cash Withdrawal,Tablet,16,23,95.91,0,1,0
11466,2308,119.33,Portugal,Card Payment,Tablet,15,17,157.86,0,2,0
11467,877,157.74,Germany,Online Payment,Web,5,8,191.24,1,0,0
11468,3726,42.78,Portugal,Transfer,Tablet,12,24,64.51,1,2,1
11469,2999,320.28,Senegal,Transfer,Tablet,22,21,135.16,0,0,0
11470,1547,113.88,Portugal,Cash Withdrawal,Mobile,19,22,132.09,0,3,0
11471,872,256.65,Germany,Online Payment,Tablet,20,30,154.24,0,0,0
11472,3283,223.09,France,Online Payment,Web,5,32,118.22,0,3,0
11473,1844,1662.25,Germany,Transfer,Mobile,2,36,68.86,0,3,1
11474,828,28.78,United Kingdom,Transfer,Web,21,12,125.84,0,3,0
11475,1158,110.04,Senegal,Online Payment,Mobile,22,32,135.23,0,3,0
11476,581,360.6,Portugal,Online Payment,Web,13,29,44.57,0,3,0
11477,3531,15.33,Portugal,Cash Withdrawal,Tablet,13,9,76.11,1,0,0
11478,1028,113.66,Senegal,Transfer,Mobile,22,23,58.27,1,1,0
11479,3734,26.53,Senegal,Transfer,Tablet,22,13,74.15,0,0,0
11480,1244,182.4,United Kingdom,Card Payment,Mobile,23,7,165.14,0,1,0
11481,2462,73.2,Spain,Card Payment,Mobile,21,15,60.61,0,2,0
11482,1648,46.01,Spain,Card Payment,Mobile,13,23,32.46,0,1,0
11483,3412,144.96,Portugal,Cash Withdrawal,Tablet,0,17,215.03,0,1,0
11484,3432,96.44,France,Transfer,Web,5,33,42.77,0,1,0
11485,89,288.55,United Kingdom,Cash Withdrawal,Mobile,4,29,53.27,0,1,0
11486,42,38.92,France,Online Payment,Tablet,8,17,79.05,0,2,0
11487,3776,82.04,France,Cash Withdrawal,Mobile,12,24,143.77,0,2,0
11488,3898,93.31,Germany,Cash Withdrawal,Tablet,23,20,72.29,0,1,0
11489,2152,52.1,Germany,Card Payment,Mobile,6,9,51.03,0,0,0
11490,3246,91.0,Senegal,Card Payment,Tablet,10,17,106.83,0,0,0
11491,92,121.44,Germany,Online Payment,Web,3,20,191.97,0,1,0
11492,2501,249.02,United Kingdom,Transfer,Web,23,1,130.69,1,1,0
11493,2875,188.44,United Kingdom,Card Payment,Web,20,9,134.56,0,1,0
11494,3668,53.13,Senegal,Online Payment,Web,15,17,171.59,0,1,0
11495,2368,64.88,Germany,Transfer,Tablet,5,25,52.54,1,1,0
11496,492,22.49,Spain,Online Payment,Web,5,26,152.65,0,1,0
11497,253,522.04,United Kingdom,Transfer,Web,11,4,136.23,0,5,0
11498,2420,87.62,Senegal,Online Payment,Mobile,1,50,202.19,0,2,0
11499,622,69.02,Germany,Cash Withdrawal,Tablet,13,13,92.47,0,2,0
11500,643,316.42,Germany,Online Payment,Mobile,9,40,109.72,0,0,0
11501,2940,45.44,Portugal,Card Payment,Web,17,27,138.66,0,0,0
11502,1238,190.8,Spain,Card Payment,Tablet,19,16,77.09,0,0,0
11503,3940,45.24,Portugal,Online Payment,Mobile,9,27,246.05,0,1,0
11504,3939,152.3,Senegal,Card Payment,Tablet,7,1,248.15,0,1,0
11505,1902,31.11,United Kingdom,Online Payment,Web,2,9,109.92,0,1,0
11506,2082,53.67,Germany,Online Payment,Web,0,11,190.25,0,3,0
11507,3797,32.83,Germany,Card Payment,Tablet,12,29,82.49,0,5,0
11508,932,584.08,Spain,Card Payment,Web,1,29,90.14,0,0,0
11509,1671,73.63,France,Transfer,Web,23,16,117.95,0,1,0
11510,414,83.93,United Kingdom,Transfer,Web,1,14,231.33,0,3,0
11511,2440,338.45,Senegal,Transfer,Tablet,2,17,246.04,0,2,0
11512,2388,571.58,United Kingdom,Transfer,Web,6,25,133.37,0,1,0
11513,1181,176.96,Senegal,Transfer,Web,13,44,115.87,0,2,0
11514,2692,471.68,Senegal,Online Payment,Tablet,10,15,62.06,0,1,0
11515,3758,42.82,Senegal,Card Payment,Tablet,4,8,18.47,0,3,0
11516,1245,47.71,Senegal,Card Payment,Mobile,22,1,49.2,1,0,0
11517,369,83.12,United Kingdom,Card Payment,Mobile,12,10,72.8,0,1,0
11518,1374,175.73,United Kingdom,Cash Withdrawal,Tablet,4,11,125.09,0,1,0
11519,1827,106.62,Portugal,Card Payment,Tablet,8,16,191.22,1,1,0
11520,3758,140.87,United Kingdom,Transfer,Tablet,17,3,98.74,0,1,0
11521,1769,23.47,Spain,Card Payment,Tablet,0,39,48.46,0,4,0
11522,2557,94.39,Portugal,Cash Withdrawal,Mobile,12,20,121.14,1,0,0
11523,448,143.67,Portugal,Cash Withdrawal,Web,23,20,161.5,0,0,0
11524,385,73.66,France,Online Payment,Mobile,17,11,103.75,1,2,0
11525,856,282.67,Senegal,Cash Withdrawal,Web,17,5,82.67,0,1,0
11526,1702,79.89,Germany,Card Payment,Mobile,19,20,115.26,0,1,0
11527,2231,42.69,United Kingdom,Online Payment,Web,5,24,47.61,0,2,0
11528,3301,79.98,Germany,Card Payment,Mobile,11,17,101.61,0,2,0
11529,1187,80.99,United Kingdom,Transfer,Mobile,19,16,187.05,0,2,0
11530,3683,102.05,Spain,Card Payment,Tablet,2,6,47.32,0,0,0
11531,2439,333.83,Germany,Transfer,Tablet,21,12,146.87,0,0,0
11532,2982,220.81,Portugal,Online Payment,Mobile,6,23,78.02,0,2,0
11533,419,44.55,Senegal,Card Payment,Mobile,15,23,80.56,0,1,0
11534,2343,88.61,Portugal,Transfer,Mobile,4,17,148.37,0,4,0
11535,3804,262.24,Spain,Online Payment,Mobile,1,1,136.16,0,0,0
11536,3458,277.99,Portugal,Cash Withdrawal,Web,2,27,85.97,0,1,0
11537,1354,51.25,Germany,Transfer,Tablet,6,16,209.52,0,3,0
11538,1705,80.9,United Kingdom,Online Payment,Tablet,19,20,100.06,1,2,0
11539,1382,144.6,Germany,Cash Withdrawal,Tablet,22,25,31.32,0,2,0
11540,29,84.57,Spain,Cash Withdrawal,Mobile,19,41,148.23,0,0,0
11541,119,58.64,Spain,Cash Withdrawal,Tablet,19,22,114.67,0,0,0
11542,1541,86.98,Senegal,Transfer,Mobile,12,16,88.57,0,2,0
11543,3131,295.0,France,Cash Withdrawal,Tablet,3,24,130.65,1,1,0
11544,3493,186.86,France,Card Payment,Tablet,14,1,304.19,0,2,0
11545,4,191.79,France,Cash Withdrawal,Web,15,20,237.2,0,1,0
11546,2558,169.92,Portugal,Online Payment,Tablet,20,17,158.31,0,2,0
11547,2998,239.91,Senegal,Online Payment,Web,2,16,253.01,1,1,1
11548,2551,277.1,Portugal,Card Payment,Mobile,15,22,68.78,0,0,0
11549,2516,151.5,Portugal,Online Payment,Web,5,25,70.33,0,4,0
11550,2160,58.05,United Kingdom,Cash Withdrawal,Mobile,10,25,154.31,0,1,0
11551,3845,139.28,France,Cash Withdrawal,Mobile,9,20,185.06,0,1,0
11552,3306,55.62,Senegal,Card Payment,Mobile,7,29,107.59,0,0,0
11553,3346,40.57,Germany,Card Payment,Web,17,6,208.6,0,0,0
11554,3822,116.9,Portugal,Cash Withdrawal,Tablet,8,13,114.85,0,0,0
11555,2010,52.09,United Kingdom,Card Payment,Web,6,27,162.62,0,2,0
11556,1381,69.16,France,Transfer,Tablet,12,21,98.17,0,0,0
11557,2386,38.75,Portugal,Transfer,Web,21,12,177.09,1,0,0
11558,1491,34.14,France,Cash Withdrawal,Web,8,40,68.02,0,2,0
11559,1449,122.87,Senegal,Online Payment,Web,6,1,56.82,0,2,0
11560,106,62.85,United Kingdom,Cash Withdrawal,Mobile,23,15,174.92,0,4,0
11561,410,140.09,United Kingdom,Transfer,Web,17,23,123.42,0,2,0
11562,1665,182.14,France,Transfer,Mobile,1,3,54.78,0,2,0
11563,3652,56.92,Portugal,Transfer,Web,2,30,144.18,1,2,0
11564,1506,78.02,United Kingdom,Transfer,Web,15,3,72.64,0,3,0
11565,3251,177.65,United Kingdom,Transfer,Mobile,3,8,123.95,0,1,0
11566,2846,165.58,Spain,Transfer,Web,23,18,143.61,0,1,0
11567,30,182.8,Spain,Online Payment,Mobile,15,19,148.72,0,0,0
11568,1520,59.54,United Kingdom,Card Payment,Mobile,2,29,61.66,1,5,0
11569,3479,297.88,Spain,Online Payment,Tablet,16,10,55.7,0,1,0
11570,1364,444.45,Spain,Cash Withdrawal,Mobile,4,9,97.49,0,2,0
11571,1935,197.07,United Kingdom,Online Payment,Web,9,19,83.02,0,1,0
11572,2957,85.3,Germany,Card Payment,Tablet,12,15,99.02,0,3,0
11573,1504,107.14,Germany,Transfer,Tablet,11,23,201.78,1,1,0
11574,813,182.41,Senegal,Transfer,Mobile,19,18,168.17,0,2,0
11575,543,44.54,Portugal,Transfer,Tablet,2,25,179.12,0,3,0
11576,233,205.22,France,Transfer,Web,22,23,105.37,0,5,0
11577,1775,199.76,United Kingdom,Transfer,Mobile,11,23,80.6,0,3,0
11578,559,165.71,Germany,Card Payment,Tablet,5,1,238.25,0,2,1
11579,1240,186.52,United Kingdom,Card Payment,Tablet,3,23,61.64,0,1,0
11580,671,86.83,Spain,Online Payment,Tablet,6,16,97.32,0,2,0
11581,3632,109.64,United Kingdom,Cash Withdrawal,Mobile,16,23,67.1,1,1,0
11582,2344,222.39,Portugal,Card Payment,Tablet,13,11,368.8,0,3,0
11583,1104,44.62,Portugal,Card Payment,Tablet,0,10,91.43,0,1,0
11584,3721,409.25,France,Online Payment,Tablet,23,10,104.37,0,1,0
11585,594,331.98,Senegal,Cash Withdrawal,Tablet,2,22,23.99,0,7,0
11586,3258,47.55,Germany,Cash Withdrawal,Web,1,16,167.22,1,0,0
11587,2815,140.22,France,Card Payment,Tablet,5,5,68.13,1,0,0
11588,1710,312.63,United Kingdom,Transfer,Mobile,4,10,28.66,0,1,0
11589,1263,122.43,Portugal,Cash Withdrawal,Mobile,7,33,119.86,0,1,0
11590,1248,246.38,Germany,Online Payment,Tablet,8,17,67.0,0,2,0
11591,751,25.84,Portugal,Transfer,Mobile,10,16,137.94,0,1,0
11592,2645,196.88,United Kingdom,Transfer,Mobile,20,13,87.76,0,4,0
11593,1558,173.49,United Kingdom,Cash Withdrawal,Mobile,11,19,120.57,1,0,0
11594,1174,21.54,Portugal,Online Payment,Mobile,12,4,83.19,1,0,0
11595,2062,81.67,United Kingdom,Cash Withdrawal,Web,17,17,121.47,0,8,0
11596,2415,67.57,Senegal,Card Payment,Mobile,8,15,216.5,0,0,0
11597,1033,449.33,United Kingdom,Cash Withdrawal,Tablet,10,12,68.29,0,3,0
11598,3167,78.45,Senegal,Card Payment,Mobile,7,28,188.61,0,0,0
11599,3360,157.25,France,Transfer,Tablet,2,18,110.8,0,1,0
11600,3421,192.48,Germany,Card Payment,Tablet,14,9,162.39,0,0,0
11601,375,283.0,Spain,Online Payment,Mobile,21,7,34.19,1,4,1
11602,3251,63.0,Portugal,Transfer,Mobile,3,1,102.25,1,2,0
11603,3306,146.63,France,Card Payment,Mobile,1,24,89.93,0,0,0
11604,3496,135.27,Spain,Online Payment,Mobile,0,31,162.35,0,0,0
11605,152,140.78,United Kingdom,Transfer,Tablet,1,42,66.97,1,0,0
11606,1676,276.99,Germany,Cash Withdrawal,Tablet,20,24,14.68,1,0,0
11607,2549,712.45,France,Online Payment,Mobile,4,18,160.78,0,1,0
11608,987,195.51,Spain,Transfer,Web,8,7,160.73,0,0,0
11609,1096,36.04,Spain,Cash Withdrawal,Web,11,47,116.96,0,3,0
11610,3707,47.09,France,Card Payment,Web,9,29,166.51,0,2,0
11611,211,75.09,Germany,Transfer,Mobile,11,34,48.81,0,3,0
11612,757,59.07,Portugal,Card Payment,Web,15,31,158.52,0,0,0
11613,1493,293.37,France,Transfer,Mobile,1,24,123.73,0,2,0
11614,1712,787.78,France,Online Payment,Mobile,10,18,134.6,0,1,0
11615,285,162.93,France,Card Payment,Mobile,17,14,88.02,0,0,0
11616,3838,19.17,Spain,Transfer,Mobile,4,16,105.61,0,2,0
11617,2100,164.3,United Kingdom,Transfer,Mobile,15,10,58.28,0,3,0
11618,1929,185.06,Spain,Online Payment,Mobile,8,8,92.0,1,2,0
11619,2213,122.99,Germany,Online Payment,Tablet,12,19,269.82,0,0,0
11620,2769,99.48,France,Online Payment,Tablet,6,29,278.99,0,3,0
11621,3839,125.32,Germany,Transfer,Tablet,1,23,89.29,0,1,0
11622,502,144.43,Portugal,Cash Withdrawal,Tablet,12,20,58.35,0,1,0
11623,362,45.04,France,Transfer,Web,15,19,195.53,0,4,0
11624,807,91.32,Portugal,Cash Withdrawal,Tablet,23,32,144.08,0,2,0
11625,2221,413.13,France,Cash Withdrawal,Mobile,13,20,53.44,0,2,0
11626,1510,196.68,Portugal,Transfer,Web,9,15,89.66,0,0,0
11627,3498,65.69,Germany,Online Payment,Web,20,3,138.11,0,1,0
11628,2320,327.98,United Kingdom,Card Payment,Tablet,17,22,56.49,0,0,0
11629,2959,196.7,Senegal,Card Payment,Tablet,6,11,77.47,0,1,0
11630,1598,33.08,United Kingdom,Cash Withdrawal,Tablet,16,9,173.49,0,2,0
11631,3406,168.69,United Kingdom,Cash Withdrawal,Mobile,10,5,92.85,0,1,0
11632,3955,285.64,Senegal,Transfer,Web,10,17,165.11,1,1,0
11633,3691,223.78,Senegal,Transfer,Mobile,17,23,155.46,0,5,0
11634,3779,134.52,France,Online Payment,Web,1,11,72.16,0,0,0
11635,2124,61.78,Germany,Card Payment,Mobile,7,7,242.23,1,2,0
11636,3434,198.49,Portugal,Cash Withdrawal,Tablet,6,31,89.16,0,1,0
11637,808,50.33,Portugal,Transfer,Tablet,11,15,247.2,0,0,0
11638,1907,84.21,United Kingdom,Transfer,Tablet,12,37,117.69,1,2,0
11639,2537,90.98,Spain,Transfer,Mobile,12,24,109.08,1,1,0
11640,2658,129.59,Senegal,Online Payment,Tablet,10,23,80.92,1,1,0
11641,163,59.86,Portugal,Cash Withdrawal,Tablet,14,7,148.42,0,2,0
11642,3291,50.17,Spain,Card Payment,Tablet,21,7,267.28,0,0,0
11643,2824,223.07,United Kingdom,Card Payment,Mobile,2,31,356.94,0,1,0
11644,1129,291.58,France,Online Payment,Web,6,22,185.63,0,1,0
11645,1602,141.55,Spain,Online Payment,Tablet,6,18,91.02,0,1,0
11646,1593,340.46,Senegal,Card Payment,Tablet,14,7,32.96,0,3,0
11647,704,96.41,Germany,Online Payment,Tablet,8,17,82.04,0,1,0
11648,1333,175.57,United Kingdom,Transfer,Mobile,19,36,138.9,1,0,0
11649,1977,37.42,Senegal,Cash Withdrawal,Tablet,3,25,25.8,0,2,0
11650,2138,117.25,United Kingdom,Online Payment,Mobile,7,23,243.4,0,2,0
11651,3448,139.39,Portugal,Transfer,Mobile,12,21,145.47,0,0,0
11652,143,289.19,France,Online Payment,Mobile,21,6,363.81,0,1,0
11653,242,164.13,Portugal,Cash Withdrawal,Mobile,23,9,43.26,0,1,0
11654,354,245.04,France,Card Payment,Web,9,22,98.55,0,1,0
11655,2456,136.79,Senegal,Card Payment,Mobile,11,28,476.72,0,1,0
11656,83,25.0,United Kingdom,Online Payment,Tablet,1,30,135.34,0,1,0
11657,2794,94.24,France,Transfer,Web,7,34,65.62,0,1,1
11658,3968,11.95,France,Card Payment,Web,16,19,50.86,0,1,0
11659,2036,46.04,Senegal,Online Payment,Web,4,11,117.13,0,2,0
11660,2992,17.99,Germany,Card Payment,Mobile,20,20,36.87,0,0,0
11661,2001,137.15,Spain,Card Payment,Tablet,5,18,69.88,0,1,0
11662,481,120.45,Portugal,Online Payment,Mobile,6,13,49.14,1,0,0
11663,2461,21.16,France,Cash Withdrawal,Web,7,7,157.3,0,0,0
11664,358,136.47,United Kingdom,Card Payment,Mobile,23,35,33.01,1,2,0
11665,205,47.08,Spain,Card Payment,Web,1,25,25.85,0,3,0
11666,296,74.18,Germany,Online Payment,Tablet,3,19,45.57,0,2,0
11667,2101,287.03,Spain,Transfer,Mobile,4,27,101.97,0,2,0
11668,1051,198.2,France,Transfer,Tablet,6,21,73.0,0,0,0
11669,1956,116.79,Portugal,Online Payment,Tablet,3,5,80.03,0,2,0
11670,458,98.82,Portugal,Cash Withdrawal,Mobile,15,23,179.55,0,1,0
11671,1387,33.16,Germany,Card Payment,Web,13,9,210.62,0,2,0
11672,3614,45.07,Senegal,Online Payment,Mobile,10,9,356.31,1,1,0
11673,1163,54.67,France,Card Payment,Mobile,12,20,61.09,0,2,0
11674,1080,21.84,Senegal,Card Payment,Tablet,12,1,173.4,0,1,0
11675,3892,108.34,Spain,Transfer,Mobile,0,25,187.76,0,4,0
11676,264,716.62,Portugal,Transfer,Web,8,24,63.74,0,2,0
11677,2444,76.43,United Kingdom,Online Payment,Web,7,47,91.18,0,1,1
11678,624,161.26,France,Online Payment,Tablet,16,30,101.78,0,2,0
11679,750,322.5,Portugal,Transfer,Mobile,23,18,103.21,0,4,0
11680,3993,122.05,Germany,Online Payment,Mobile,19,24,69.53,0,0,0
11681,835,114.75,United Kingdom,Transfer,Web,22,25,202.97,0,1,0
11682,499,52.43,France,Cash Withdrawal,Tablet,17,17,115.4,0,0,0
11683,495,534.66,United Kingdom,Cash Withdrawal,Web,4,23,102.01,0,0,0
11684,1023,236.3,Senegal,Online Payment,Mobile,6,18,172.18,1,3,0
11685,376,705.18,Spain,Card Payment,Web,2,27,93.35,1,2,0
11686,3634,167.47,Senegal,Transfer,Web,3,14,56.78,1,2,0
11687,2617,212.44,Senegal,Online Payment,Tablet,3,14,83.8,1,1,0
11688,2972,71.29,Spain,Online Payment,Web,8,19,239.45,0,1,0
11689,2434,218.91,Germany,Online Payment,Tablet,0,23,56.89,0,3,0
11690,797,305.43,Senegal,Online Payment,Mobile,23,16,95.42,0,1,0
11691,3438,24.16,United Kingdom,Transfer,Web,11,13,50.41,0,2,0
11692,2220,20.0,United Kingdom,Online Payment,Web,15,27,214.77,1,0,0
11693,1310,181.93,United Kingdom,Online Payment,Web,16,22,124.12,0,1,0
11694,966,176.9,France,Transfer,Tablet,8,15,71.69,0,1,0
11695,954,70.21,Senegal,Card Payment,Web,17,39,171.18,0,4,0
11696,2403,259.84,Spain,Transfer,Tablet,20,18,113.01,0,1,0
11697,1031,125.31,France,Card Payment,Tablet,4,21,101.53,0,1,1
11698,1159,41.88,Spain,Transfer,Web,0,18,110.6,1,1,0
11699,596,200.25,Senegal,Online Payment,Mobile,17,1,43.14,1,4,0
11700,2138,105.1,Spain,Online Payment,Mobile,23,12,153.12,0,3,0
11701,1167,110.52,Germany,Card Payment,Web,21,17,66.39,0,2,0
11702,3874,156.81,Spain,Online Payment,Web,7,22,43.69,0,0,0
11703,3094,139.21,Germany,Online Payment,Mobile,16,19,331.43,1,1,0
11704,3178,167.36,Spain,Cash Withdrawal,Tablet,17,16,90.26,0,0,0
11705,3248,224.13,United Kingdom,Transfer,Mobile,18,7,460.04,1,0,0
11706,2792,171.03,Spain,Cash Withdrawal,Tablet,14,22,80.83,0,2,0
11707,2535,65.35,Spain,Online Payment,Tablet,14,3,52.75,0,2,0
11708,2436,496.57,Germany,Card Payment,Mobile,10,17,41.34,0,2,0
11709,3785,201.62,France,Transfer,Tablet,20,14,29.64,0,0,0
11710,3716,306.49,Portugal,Cash Withdrawal,Web,15,30,152.14,0,1,0
11711,3325,121.58,France,Card Payment,Mobile,23,36,84.86,0,0,0
11712,3188,204.21,Spain,Card Payment,Tablet,18,37,155.67,0,1,0
11713,3741,285.98,Portugal,Transfer,Tablet,5,15,145.5,1,1,0
11714,2004,377.8,Germany,Online Payment,Tablet,2,13,38.28,0,3,0
11715,1102,61.74,Portugal,Cash Withdrawal,Tablet,2,19,169.87,0,1,0
11716,2588,313.63,Senegal,Card Payment,Mobile,22,19,174.27,0,2,0
11717,1822,215.08,France,Online Payment,Web,5,28,57.91,1,0,0
11718,2645,171.74,France,Online Payment,Mobile,8,13,116.36,0,0,0
11719,3815,43.73,Senegal,Online Payment,Web,8,24,92.84,0,1,0
11720,1769,37.64,France,Transfer,Tablet,4,25,192.66,0,1,0
11721,1782,409.42,Portugal,Cash Withdrawal,Tablet,11,10,306.22,0,0,0
11722,3874,93.78,United Kingdom,Online Payment,Web,21,1,92.19,0,1,0
11723,3434,90.15,Senegal,Card Payment,Web,13,52,57.9,0,1,0
11724,1417,151.09,France,Card Payment,Tablet,21,24,96.17,0,1,0
11725,2947,294.96,United Kingdom,Transfer,Tablet,19,17,155.37,0,1,0
11726,3631,30.04,Portugal,Online Payment,Mobile,15,12,101.81,0,2,0
11727,2940,74.46,France,Transfer,Web,19,31,73.06,0,2,0
11728,685,189.83,France,Cash Withdrawal,Web,17,21,94.25,0,1,0
11729,2820,131.22,France,Card Payment,Mobile,23,15,89.99,0,0,0
11730,825,111.72,Germany,Card Payment,Tablet,3,2,178.93,0,3,0
11731,2408,57.2,France,Transfer,Tablet,21,38,595.29,0,1,0
11732,1408,607.38,United Kingdom,Transfer,Web,20,8,76.27,0,2,0
11733,2848,300.17,Portugal,Card Payment,Mobile,17,22,121.35,0,3,0
11734,3105,120.46,Spain,Cash Withdrawal,Mobile,11,21,174.86,0,4,0
11735,3208,319.11,Senegal,Cash Withdrawal,Tablet,23,23,170.24,0,2,0
11736,814,129.11,Senegal,Online Payment,Mobile,4,21,80.38,0,1,0
11737,418,88.17,Spain,Cash Withdrawal,Mobile,19,33,35.3,0,2,0
11738,3446,181.43,France,Cash Withdrawal,Web,0,6,190.79,0,2,0
11739,3065,107.32,Portugal,Transfer,Tablet,23,19,52.54,0,0,0
11740,3961,342.07,France,Transfer,Web,21,18,100.58,0,1,0
11741,2697,118.67,France,Cash Withdrawal,Tablet,16,35,180.0,1,3,0
11742,2251,132.14,France,Cash Withdrawal,Tablet,23,26,171.38,0,1,0
11743,2120,77.5,Spain,Card Payment,Web,19,15,187.42,0,1,0
11744,1682,218.3,Germany,Cash Withdrawal,Web,9,19,166.16,1,2,0
11745,750,310.38,Germany,Transfer,Mobile,1,7,52.84,0,0,0
11746,1898,209.37,Senegal,Cash Withdrawal,Tablet,15,28,72.52,1,1,0
11747,2173,96.61,Portugal,Card Payment,Web,21,29,61.47,0,1,0
11748,446,75.92,Spain,Transfer,Tablet,9,20,220.69,0,1,0
11749,1729,242.7,France,Transfer,Tablet,21,19,111.32,0,3,0
11750,2345,400.79,France,Card Payment,Web,14,31,251.45,0,2,0
11751,3441,140.11,Senegal,Transfer,Web,13,10,32.65,0,1,0
11752,2426,42.54,Senegal,Card Payment,Tablet,15,5,140.64,0,4,0
11753,3220,25.06,United Kingdom,Online Payment,Tablet,21,23,79.15,0,0,0
11754,2066,442.43,Senegal,Transfer,Web,23,25,93.26,1,0,0
11755,1730,388.24,France,Transfer,Web,11,20,118.96,0,0,0
11756,2310,247.11,Senegal,Transfer,Mobile,4,4,71.67,1,0,0
11757,3378,192.8,Portugal,Online Payment,Tablet,20,13,84.82,0,0,0
11758,1659,44.47,Germany,Card Payment,Web,0,17,141.16,0,3,0
11759,2831,64.07,Spain,Cash Withdrawal,Web,5,11,53.12,0,0,0
11760,1684,137.19,Spain,Cash Withdrawal,Tablet,16,14,60.99,0,0,0
11761,1435,83.17,Portugal,Transfer,Tablet,12,15,76.36,0,3,0
11762,2708,181.39,Senegal,Card Payment,Web,6,17,149.33,0,1,0
11763,1490,19.18,France,Cash Withdrawal,Web,9,7,61.09,0,2,0
11764,2623,627.85,France,Card Payment,Tablet,17,27,75.71,1,1,1
11765,2971,62.53,Spain,Transfer,Web,11,20,85.6,0,2,0
11766,920,191.92,Spain,Card Payment,Web,21,18,52.11,0,3,0
11767,1231,56.98,Portugal,Cash Withdrawal,Mobile,23,29,364.25,0,1,0
11768,1299,347.65,Portugal,Card Payment,Web,17,25,311.3,0,1,0
11769,3691,47.3,France,Online Payment,Mobile,10,6,114.51,0,3,0
11770,962,393.13,Germany,Transfer,Tablet,4,14,83.7,0,3,0
11771,3121,7.2,Spain,Online Payment,Mobile,14,12,37.55,1,2,0
11772,790,78.23,Spain,Transfer,Web,16,25,100.48,1,3,0
11773,389,292.48,Senegal,Cash Withdrawal,Mobile,9,19,369.99,0,2,0
11774,770,113.79,United Kingdom,Online Payment,Tablet,17,28,43.99,0,0,0
11775,293,154.58,Senegal,Transfer,Tablet,20,8,147.3,0,2,0
11776,1618,659.67,Senegal,Cash Withdrawal,Web,9,27,349.24,1,0,0
11777,2394,86.27,Spain,Online Payment,Tablet,17,5,89.09,0,0,0
11778,1397,174.26,France,Transfer,Web,22,1,71.8,0,1,0
11779,54,170.29,Portugal,Online Payment,Web,13,19,145.7,0,2,0
11780,1663,351.06,United Kingdom,Transfer,Mobile,5,23,52.75,0,4,0
11781,105,328.19,Germany,Online Payment,Web,20,28,106.24,0,2,0
11782,1243,148.71,France,Card Payment,Tablet,9,7,178.0,0,2,0
11783,1905,241.04,Senegal,Cash Withdrawal,Mobile,16,15,193.11,0,2,0
11784,2053,34.64,United Kingdom,Card Payment,Mobile,6,18,64.28,0,0,0
11785,1378,295.27,Senegal,Transfer,Mobile,23,18,141.28,1,1,1
11786,1300,378.21,Portugal,Online Payment,Web,4,10,128.45,1,2,0
11787,656,81.21,Germany,Cash Withdrawal,Web,21,26,61.74,0,1,0
11788,81,1153.77,France,Card Payment,Tablet,4,14,175.33,1,0,1
11789,2675,393.02,United Kingdom,Transfer,Tablet,11,1,70.92,0,0,0
11790,3753,90.64,Germany,Online Payment,Mobile,0,26,135.05,0,0,0
11791,1873,108.43,Spain,Online Payment,Tablet,6,29,106.08,0,3,0
11792,2336,229.69,United Kingdom,Card Payment,Web,8,31,97.76,1,4,0
11793,37,29.16,Senegal,Online Payment,Web,1,37,182.34,1,2,0
11794,1138,66.9,Germany,Cash Withdrawal,Mobile,7,17,134.04,0,1,0
11795,3624,58.11,Portugal,Card Payment,Web,14,20,184.98,0,3,0
11796,2976,88.0,Senegal,Online Payment,Tablet,0,27,57.23,1,1,1
11797,862,57.45,Spain,Card Payment,Tablet,20,22,61.59,0,1,0
11798,1887,192.66,Portugal,Card Payment,Tablet,9,4,140.2,0,1,0
11799,2550,60.34,United Kingdom,Cash Withdrawal,Web,1,1,83.3,0,1,0
11800,1374,45.63,Senegal,Transfer,Web,5,17,115.59,1,0,0
11801,840,389.82,Senegal,Cash Withdrawal,Mobile,17,34,187.06,0,2,0
11802,1223,48.98,Spain,Transfer,Tablet,13,11,68.96,1,2,0
11803,1720,113.34,France,Card Payment,Tablet,15,15,297.32,0,2,0
11804,904,70.32,France,Transfer,Mobile,11,28,130.15,0,0,0
11805,3994,276.55,United Kingdom,Transfer,Tablet,22,29,73.73,0,1,0
11806,585,239.45,Portugal,Cash Withdrawal,Mobile,7,31,98.57,0,4,0
11807,1154,82.18,Germany,Cash Withdrawal,Mobile,22,17,30.05,0,1,0
11808,2456,78.66,United Kingdom,Cash Withdrawal,Web,11,16,225.39,0,1,0
11809,2168,107.92,France,Cash Withdrawal,Mobile,13,26,83.13,0,0,0
11810,1035,197.68,Senegal,Transfer,Tablet,0,31,289.37,0,1,0
11811,3429,49.0,United Kingdom,Cash Withdrawal,Mobile,4,17,104.1,0,0,0
11812,2827,30.72,Senegal,Transfer,Mobile,5,21,32.77,1,2,0
11813,2779,41.59,Portugal,Online Payment,Tablet,0,7,90.92,0,1,0
11814,3338,96.73,Portugal,Transfer,Tablet,16,19,101.81,0,1,0
11815,1942,199.46,Senegal,Transfer,Tablet,23,6,57.67,0,3,0
11816,1443,228.12,France,Card Payment,Web,3,33,66.02,1,0,0
11817,1177,182.14,Senegal,Card Payment,Web,18,8,61.61,0,2,0
11818,1942,47.12,Portugal,Online Payment,Web,6,22,287.84,0,2,0
11819,1610,166.59,France,Online Payment,Web,6,23,217.36,0,3,0
11820,596,85.65,Senegal,Online Payment,Tablet,10,4,63.08,0,1,0
11821,2707,380.47,Germany,Transfer,Mobile,16,28,88.59,0,0,0
11822,3332,93.71,Portugal,Cash Withdrawal,Tablet,22,23,84.95,0,4,0
11823,1799,215.66,Portugal,Cash Withdrawal,Mobile,23,25,25.2,0,2,0
11824,3107,157.5,Portugal,Online Payment,Tablet,2,10,84.58,0,2,0
11825,220,75.74,Spain,Card Payment,Web,9,23,125.55,0,1,0
11826,2925,72.18,Germany,Cash Withdrawal,Tablet,6,15,198.25,0,2,1
11827,99,171.57,United Kingdom,Card Payment,Mobile,5,18,213.67,0,1,0
11828,1584,71.81,France,Online Payment,Web,2,32,176.42,1,2,0
11829,516,307.72,Germany,Online Payment,Tablet,1,9,59.66,0,2,0
11830,954,152.93,Portugal,Card Payment,Tablet,7,16,157.53,0,2,0
11831,3966,27.7,Germany,Cash Withdrawal,Tablet,0,40,101.59,0,3,0
11832,1341,439.43,Germany,Card Payment,Web,16,9,102.89,0,0,0
11833,2417,220.19,Portugal,Transfer,Mobile,19,5,137.26,1,2,1
11834,342,162.58,Spain,Cash Withdrawal,Web,8,27,98.16,1,2,0
11835,3087,234.32,United Kingdom,Cash Withdrawal,Tablet,15,20,126.11,0,0,0
11836,3670,109.77,Spain,Card Payment,Tablet,15,19,67.06,1,0,0
11837,1981,67.51,United Kingdom,Card Payment,Web,19,10,25.75,0,4,0
11838,1516,87.61,France,Transfer,Web,7,9,132.25,0,1,0
11839,2838,247.52,United Kingdom,Online Payment,Web,4,25,95.99,0,0,0
11840,206,113.21,Portugal,Online Payment,Mobile,12,19,209.14,0,1,0
11841,2472,49.48,France,Card Payment,Tablet,22,20,149.06,0,1,0
11842,1391,14.96,France,Card Payment,Tablet,13,20,91.28,1,0,0
11843,1467,149.7,Germany,Transfer,Tablet,8,29,127.3,0,0,0
11844,1155,1278.48,France,Transfer,Web,6,30,72.11,0,0,0
11845,2417,68.52,France,Cash Withdrawal,Mobile,12,29,114.23,0,1,0
11846,641,27.51,Germany,Transfer,Web,8,6,143.24,0,1,0
11847,1029,87.82,Senegal,Card Payment,Web,9,28,90.15,0,0,0
11848,3729,219.13,Spain,Online Payment,Mobile,2,35,386.7,0,1,0
11849,2009,50.07,France,Online Payment,Web,10,12,124.63,0,1,0
11850,3030,179.73,Spain,Card Payment,Web,6,31,170.22,0,1,0
11851,3052,244.74,Germany,Card Payment,Mobile,14,35,51.29,1,1,0
11852,1673,154.81,United Kingdom,Cash Withdrawal,Mobile,5,30,391.08,0,2,0
11853,547,87.78,France,Card Payment,Web,13,15,117.08,0,0,0
11854,189,116.63,France,Card Payment,Web,12,17,132.36,0,1,0
11855,1764,156.83,Germany,Online Payment,Web,16,1,194.33,1,0,0
11856,935,144.09,United Kingdom,Cash Withdrawal,Web,14,21,103.24,0,2,0
11857,690,257.37,France,Online Payment,Tablet,22,26,130.03,0,1,0
11858,1015,120.56,Germany,Online Payment,Mobile,5,14,61.78,0,2,1
11859,1069,140.16,United Kingdom,Online Payment,Web,13,52,200.66,0,1,0
11860,3972,17.92,United Kingdom,Card Payment,Web,19,15,122.2,0,1,0
11861,1622,84.05,Portugal,Transfer,Web,2,1,113.93,0,3,0
11862,2729,77.47,Senegal,Card Payment,Web,21,12,179.25,0,1,0
11863,3258,65.15,France,Transfer,Web,21,17,55.34,0,1,0
11864,1660,94.51,France,Cash Withdrawal,Tablet,17,28,101.42,1,5,0
11865,1776,61.13,Germany,Online Payment,Tablet,7,37,49.37,0,4,0
11866,2389,153.62,United Kingdom,Card Payment,Mobile,20,22,117.96,0,2,0
11867,3937,73.12,Portugal,Transfer,Tablet,12,15,117.37,0,2,0
11868,444,141.1,United Kingdom,Card Payment,Mobile,10,32,287.92,0,1,0
11869,2824,220.93,Spain,Online Payment,Tablet,10,8,88.48,1,3,0
11870,724,115.62,Senegal,Card Payment,Mobile,18,18,523.89,1,1,0
11871,1993,198.72,France,Online Payment,Tablet,10,15,77.92,0,1,0
11872,3818,350.6,Portugal,Cash Withdrawal,Web,13,5,156.5,1,4,0
11873,2177,139.45,Portugal,Cash Withdrawal,Tablet,21,27,258.03,0,1,0
11874,2078,508.57,United Kingdom,Card Payment,Mobile,16,34,174.87,1,1,0
11875,1461,234.55,France,Card Payment,Mobile,8,12,72.69,1,0,0
11876,1734,205.85,Portugal,Online Payment,Web,16,14,99.0,0,3,0
11877,2515,173.01,Spain,Online Payment,Web,9,21,337.15,0,2,0
11878,817,158.11,Germany,Transfer,Mobile,3,9,148.1,1,1,0
11879,2578,95.36,United Kingdom,Online Payment,Web,0,16,352.72,0,1,0
11880,1924,507.99,Germany,Online Payment,Mobile,20,20,183.7,0,0,0
11881,1678,221.09,United Kingdom,Card Payment,Web,9,18,208.82,1,0,0
11882,3123,115.6,United Kingdom,Online Payment,Tablet,17,18,180.38,0,4,0
11883,3087,282.43,France,Card Payment,Tablet,19,41,114.74,0,1,0
11884,672,22.66,United Kingdom,Card Payment,Mobile,0,2,64.57,0,5,0
11885,3404,87.78,United Kingdom,Cash Withdrawal,Web,23,20,23.37,0,2,0
11886,231,204.61,Senegal,Cash Withdrawal,Web,11,12,251.2,0,0,0
11887,3359,41.42,Senegal,Transfer,Tablet,16,11,51.3,1,1,0
11888,134,53.86,France,Cash Withdrawal,Mobile,3,8,106.55,0,1,0
11889,303,50.72,Senegal,Card Payment,Mobile,16,29,98.54,0,1,0
11890,795,66.84,United Kingdom,Transfer,Web,17,12,46.44,1,0,0
11891,1339,261.59,Germany,Card Payment,Tablet,17,11,55.73,0,0,0
11892,3902,74.92,Portugal,Cash Withdrawal,Mobile,19,32,48.66,0,1,0
11893,2231,128.54,United Kingdom,Card Payment,Tablet,8,26,25.66,0,2,0
11894,2542,241.77,Senegal,Cash Withdrawal,Web,18,23,68.7,0,1,0
11895,2998,149.93,Senegal,Transfer,Tablet,10,37,105.74,0,3,0
11896,3639,273.87,United Kingdom,Transfer,Tablet,19,28,305.55,0,2,0
11897,517,143.92,Portugal,Cash Withdrawal,Mobile,19,16,118.23,0,1,0
11898,3133,493.45,Spain,Online Payment,Mobile,3,16,74.24,0,2,0
11899,736,160.39,Germany,Online Payment,Tablet,17,8,77.9,0,0,0
11900,1921,148.14,Portugal,Online Payment,Tablet,14,25,126.44,0,3,0
11901,2444,13.3,Portugal,Cash Withdrawal,Web,17,24,255.09,0,3,0
11902,3862,140.96,Spain,Cash Withdrawal,Tablet,22,9,50.9,0,1,0
11903,1788,142.98,United Kingdom,Transfer,Mobile,12,13,49.49,0,0,0
11904,2819,815.58,Portugal,Cash Withdrawal,Tablet,15,20,64.48,0,0,0
11905,3068,421.25,United Kingdom,Card Payment,Mobile,1,26,345.53,0,4,0
11906,381,69.62,Spain,Cash Withdrawal,Mobile,21,1,57.01,0,1,0
11907,1247,126.76,Senegal,Card Payment,Mobile,4,18,65.89,0,2,0
11908,2190,139.15,France,Cash Withdrawal,Tablet,10,18,254.82,0,1,0
11909,2144,202.34,Senegal,Transfer,Web,4,29,112.44,0,1,0
11910,3992,96.62,Germany,Transfer,Tablet,17,1,132.34,0,3,0
11911,3386,138.0,Senegal,Online Payment,Tablet,22,8,109.58,0,2,0
11912,1500,41.54,Senegal,Card Payment,Tablet,15,12,244.82,0,1,0
11913,3570,330.48,Germany,Card Payment,Mobile,19,20,238.55,0,1,0
11914,3873,104.49,Senegal,Cash Withdrawal,Web,22,8,171.63,1,0,0
11915,2347,62.34,Spain,Transfer,Tablet,5,22,407.6,0,4,0
11916,1767,77.67,Germany,Transfer,Web,22,20,37.5,0,1,0
11917,3900,86.75,Senegal,Card Payment,Tablet,23,20,224.11,0,2,0
11918,368,165.95,France,Card Payment,Tablet,4,18,100.87,0,1,0
11919,466,242.87,Germany,Transfer,Mobile,15,17,106.68,0,2,0
11920,392,204.25,Spain,Transfer,Tablet,18,31,65.88,1,2,0
11921,918,123.4,United Kingdom,Card Payment,Tablet,22,12,276.2,0,2,0
11922,1312,308.36,United Kingdom,Online Payment,Tablet,5,26,206.77,0,3,0
11923,3199,28.53,Germany,Transfer,Web,4,24,78.05,0,5,0
11924,3574,103.61,Portugal,Online Payment,Web,7,1,138.6,0,2,0
11925,1837,53.4,United Kingdom,Transfer,Tablet,12,8,67.83,0,1,0
11926,3796,186.0,Portugal,Card Payment,Mobile,4,24,170.09,0,1,0
11927,39,89.23,France,Transfer,Tablet,15,8,183.59,1,2,0
11928,3084,83.84,Portugal,Online Payment,Mobile,19,29,153.11,0,3,0
11929,3195,79.63,Portugal,Transfer,Mobile,9,25,164.61,1,2,0
11930,2828,65.83,France,Online Payment,Mobile,5,5,75.91,0,0,0
11931,2243,75.09,Senegal,Cash Withdrawal,Web,20,15,180.95,0,2,0
11932,2389,437.23,Germany,Cash Withdrawal,Mobile,22,6,110.19,0,2,0
11933,647,267.14,France,Cash Withdrawal,Tablet,18,1,120.49,0,0,0
11934,3937,107.48,Germany,Online Payment,Tablet,2,28,379.49,0,2,0
11935,2794,86.16,France,Online Payment,Tablet,23,25,69.69,0,4,0
11936,3621,197.23,France,Card Payment,Mobile,9,18,57.19,0,0,0
11937,3746,245.19,France,Card Payment,Tablet,2,11,63.24,0,1,0
11938,908,48.06,Spain,Cash Withdrawal,Tablet,7,22,72.32,0,1,0
11939,2836,112.01,France,Online Payment,Web,1,12,96.53,0,2,1
11940,715,103.13,Spain,Card Payment,Tablet,9,16,187.04,0,4,0
11941,910,91.15,Portugal,Online Payment,Web,10,30,225.03,0,1,0
11942,1012,77.98,Portugal,Card Payment,Mobile,12,22,74.19,0,2,0
11943,3201,499.06,Spain,Card Payment,Tablet,6,23,21.76,0,2,0
11944,162,128.48,Germany,Card Payment,Web,11,3,112.34,0,1,0
11945,2756,299.48,Germany,Cash Withdrawal,Web,4,1,90.76,0,1,0
11946,868,247.1,United Kingdom,Card Payment,Web,17,38,170.05,0,0,0
11947,2033,140.2,France,Online Payment,Web,20,22,51.74,0,1,0
11948,2251,134.57,Spain,Online Payment,Tablet,1,23,73.32,0,1,0
11949,2985,21.66,United Kingdom,Transfer,Mobile,17,40,124.33,0,1,0
11950,3102,91.18,Spain,Transfer,Mobile,12,21,213.52,0,1,0
11951,553,50.32,France,Online Payment,Tablet,18,15,48.02,0,2,0
11952,2928,237.03,United Kingdom,Transfer,Tablet,20,25,177.5,0,2,0
11953,1664,52.41,Spain,Card Payment,Web,7,24,140.93,0,0,0
11954,704,77.09,Germany,Online Payment,Web,12,14,99.16,0,2,0
11955,3692,216.81,Portugal,Card Payment,Web,7,20,217.79,0,2,0
11956,3273,131.5,France,Online Payment,Mobile,0,6,116.21,0,2,0
11957,2568,59.21,Germany,Card Payment,Tablet,10,24,206.65,1,0,0
11958,399,59.92,Spain,Cash Withdrawal,Mobile,1,44,184.62,0,0,0
11959,3056,215.02,Germany,Transfer,Web,8,4,375.85,0,1,0
11960,417,81.65,Germany,Online Payment,Web,4,22,79.8,0,2,0
11961,1003,306.55,Portugal,Cash Withdrawal,Web,2,41,245.79,0,0,0
11962,646,117.56,France,Online Payment,Web,5,31,183.45,0,3,0
11963,1160,492.48,France,Cash Withdrawal,Tablet,18,20,58.87,1,2,0
11964,2900,53.64,United Kingdom,Online Payment,Web,13,30,122.12,0,0,0
11965,2182,190.49,United Kingdom,Online Payment,Tablet,11,4,40.01,0,2,0
11966,452,81.65,Germany,Card Payment,Mobile,5,18,112.21,0,2,0
11967,2095,41.28,Spain,Cash Withdrawal,Tablet,17,5,248.55,0,0,0
11968,3393,62.89,Spain,Cash Withdrawal,Mobile,22,25,144.59,0,2,0
11969,1764,59.71,France,Cash Withdrawal,Mobile,16,35,125.99,0,0,0
11970,2057,118.93,Senegal,Transfer,Mobile,3,10,26.82,0,2,0
11971,3574,56.0,Portugal,Card Payment,Tablet,4,14,87.11,0,2,0
11972,2676,435.28,France,Card Payment,Web,5,26,53.36,0,4,0
11973,2242,61.04,Senegal,Online Payment,Tablet,5,23,566.85,0,2,0
11974,1545,86.95,Germany,Card Payment,Tablet,18,32,151.54,0,1,0
11975,2066,66.76,Portugal,Cash Withdrawal,Tablet,1,9,80.84,0,1,0
11976,276,141.69,France,Card Payment,Tablet,4,6,35.15,0,2,0
11977,2162,232.9,Spain,Card Payment,Web,20,6,120.47,0,7,0
11978,1649,190.07,Spain,Online Payment,Web,4,19,152.51,0,0,0
11979,3772,99.33,France,Cash Withdrawal,Web,9,33,134.38,0,1,0
11980,2327,128.1,Portugal,Cash Withdrawal,Web,19,27,190.53,0,0,0
11981,1878,181.16,Senegal,Card Payment,Web,0,17,46.05,0,2,0
11982,2637,48.18,Portugal,Cash Withdrawal,Tablet,20,22,75.64,1,3,0
11983,1582,377.64,Senegal,Cash Withdrawal,Web,2,27,90.2,0,1,0
11984,3742,94.25,Spain,Transfer,Mobile,7,22,294.25,0,1,0
11985,2158,67.8,Senegal,Online Payment,Web,1,19,135.01,0,2,0
11986,3747,554.39,United Kingdom,Online Payment,Mobile,0,36,110.1,0,0,0
11987,524,202.95,Germany,Card Payment,Web,12,32,149.68,0,2,0
11988,290,136.85,Germany,Cash Withdrawal,Tablet,1,21,214.32,0,3,0
11989,137,317.09,Senegal,Cash Withdrawal,Tablet,23,18,135.74,0,2,0
11990,1206,76.01,United Kingdom,Card Payment,Tablet,4,15,93.28,0,0,0
11991,1976,32.83,France,Cash Withdrawal,Mobile,17,15,255.19,0,2,0
11992,3460,242.53,Germany,Online Payment,Web,19,18,74.9,0,0,0
11993,2150,44.33,Portugal,Transfer,Mobile,10,31,171.24,0,1,0
11994,1230,48.02,Portugal,Cash Withdrawal,Tablet,3,22,58.57,0,3,0
11995,845,148.42,Germany,Cash Withdrawal,Tablet,18,7,58.05,0,3,0
11996,1504,331.94,Spain,Transfer,Mobile,17,23,116.26,0,1,0
11997,458,95.73,Germany,Cash Withdrawal,Web,23,5,146.4,0,0,0
11998,2302,505.51,Spain,Transfer,Tablet,20,27,148.37,0,0,0
11999,3272,305.17,Germany,Online Payment,Tablet,1,25,35.81,0,5,0
12000,2714,489.75,Spain,Online Payment,Web,20,14,84.1,1,1,1
12001,3055,183.27,United Kingdom,Online Payment,Mobile,13,22,129.02,0,2,0
12002,620,47.93,Senegal,Transfer,Tablet,13,49,174.96,0,3,0
12003,2524,133.48,United Kingdom,Cash Withdrawal,Web,14,24,132.36,0,1,0
12004,2043,201.82,France,Cash Withdrawal,Web,10,15,124.57,0,0,0
12005,2406,180.86,Spain,Online Payment,Web,2,12,87.51,1,3,0
12006,2426,167.01,France,Transfer,Tablet,7,13,30.66,0,2,0
12007,859,22.02,Spain,Online Payment,Mobile,2,35,52.02,0,2,0
12008,465,42.54,United Kingdom,Online Payment,Web,21,38,106.1,0,2,0
12009,3798,97.23,Portugal,Cash Withdrawal,Web,19,37,159.85,0,3,0
12010,1609,78.53,Senegal,Cash Withdrawal,Mobile,19,30,89.5,0,2,0
12011,3350,116.48,United Kingdom,Card Payment,Tablet,9,13,196.56,1,2,0
12012,3764,45.26,Germany,Cash Withdrawal,Mobile,10,13,74.72,0,2,0
12013,1483,65.11,France,Transfer,Mobile,4,1,58.81,0,3,0
12014,2868,53.32,Germany,Transfer,Tablet,21,33,202.27,1,2,0
12015,740,201.29,Senegal,Online Payment,Web,10,19,85.0,0,2,0
12016,907,141.4,France,Online Payment,Mobile,12,18,68.25,0,3,0
12017,3323,262.44,United Kingdom,Transfer,Tablet,22,14,228.45,0,2,0
12018,668,45.35,France,Online Payment,Tablet,18,32,71.1,0,2,0
12019,45,120.09,United Kingdom,Cash Withdrawal,Web,15,8,77.19,1,2,0
12020,1704,71.4,Spain,Online Payment,Mobile,22,23,94.74,1,3,0
12021,2305,77.39,Germany,Transfer,Mobile,11,25,77.25,0,1,0
12022,953,86.18,Germany,Cash Withdrawal,Mobile,18,36,116.96,0,1,0
12023,2227,395.69,France,Online Payment,Mobile,21,28,47.95,0,1,0
12024,2252,74.58,France,Online Payment,Mobile,3,25,214.65,1,3,0
12025,3088,70.86,Spain,Online Payment,Mobile,11,26,152.93,0,2,0
12026,1803,553.04,Germany,Cash Withdrawal,Tablet,16,19,183.46,0,3,0
12027,3937,162.8,Germany,Transfer,Mobile,8,17,84.74,0,1,0
12028,376,337.74,France,Online Payment,Web,6,26,199.88,1,2,0
12029,1900,138.27,United Kingdom,Transfer,Tablet,15,5,280.71,0,3,0
12030,3140,166.89,United Kingdom,Transfer,Web,17,22,189.61,0,2,0
12031,1106,157.58,France,Online Payment,Web,16,13,210.13,0,3,0
12032,2841,25.01,Germany,Cash Withdrawal,Mobile,23,15,257.37,0,3,1
12033,2953,270.06,Spain,Cash Withdrawal,Mobile,3,16,239.52,0,2,0
12034,195,87.15,United Kingdom,Cash Withdrawal,Tablet,17,26,195.56,0,1,0
12035,783,128.79,Portugal,Cash Withdrawal,Mobile,15,32,49.22,0,2,0
12036,886,243.64,France,Cash Withdrawal,Web,12,16,149.59,0,0,0
12037,2351,352.98,France,Transfer,Mobile,16,10,51.09,1,1,0
12038,357,51.45,Senegal,Transfer,Mobile,17,22,109.61,1,1,0
12039,879,80.12,France,Cash Withdrawal,Tablet,22,40,168.8,0,2,0
12040,2614,71.9,Portugal,Transfer,Mobile,12,17,183.06,0,0,0
12041,1463,93.93,Spain,Cash Withdrawal,Web,8,32,151.21,0,3,0
12042,1680,78.51,Germany,Card Payment,Mobile,16,19,96.63,0,3,0
12043,3075,68.81,France,Card Payment,Tablet,23,7,133.41,1,3,0
12044,2925,67.2,Germany,Online Payment,Tablet,8,36,168.27,0,6,0
12045,3035,79.63,France,Transfer,Web,12,39,275.52,0,6,0
12046,2749,263.29,France,Transfer,Mobile,14,26,506.91,1,2,0
12047,2780,51.1,Portugal,Online Payment,Web,14,30,119.44,0,0,0
12048,3334,103.4,United Kingdom,Transfer,Tablet,16,33,24.29,0,3,0
12049,3403,54.45,Germany,Card Payment,Tablet,4,30,118.29,0,2,0
12050,2754,259.84,Senegal,Cash Withdrawal,Web,7,15,272.37,0,2,0
12051,3047,37.1,Senegal,Card Payment,Web,9,14,77.3,0,2,0
12052,1049,81.38,Portugal,Card Payment,Tablet,5,9,119.65,0,1,0
12053,2675,129.42,Portugal,Online Payment,Tablet,14,25,134.92,0,2,0
12054,1066,43.71,Portugal,Card Payment,Tablet,20,30,239.87,0,0,0
12055,2352,169.48,France,Online Payment,Tablet,21,29,61.2,0,2,0
12056,2178,25.33,United Kingdom,Card Payment,Mobile,0,1,286.59,0,1,0
12057,1328,295.6,Portugal,Transfer,Mobile,21,31,166.4,0,1,0
12058,54,188.02,Spain,Online Payment,Mobile,4,22,71.01,0,2,0
12059,253,213.97,Senegal,Cash Withdrawal,Tablet,7,18,52.12,0,1,0
12060,1944,116.47,France,Card Payment,Tablet,16,28,246.1,1,4,0
12061,598,382.03,Germany,Transfer,Tablet,1,26,52.49,1,2,0
12062,2264,37.37,United Kingdom,Cash Withdrawal,Web,6,26,125.37,0,1,0
12063,1418,73.13,United Kingdom,Card Payment,Tablet,11,17,361.99,0,1,1
12064,1341,234.74,Germany,Card Payment,Web,8,34,90.63,0,1,0
12065,2133,146.09,United Kingdom,Transfer,Mobile,14,9,93.03,0,0,0
12066,3469,78.1,Spain,Online Payment,Mobile,4,28,223.37,0,0,0
12067,2773,116.42,United Kingdom,Online Payment,Web,3,12,66.16,0,2,0
12068,305,69.36,Portugal,Online Payment,Mobile,4,14,49.51,0,0,0
12069,2700,134.07,Germany,Online Payment,Tablet,21,11,408.46,0,2,0
12070,1828,200.14,Portugal,Cash Withdrawal,Tablet,0,31,45.46,0,2,0
12071,2127,366.98,Portugal,Cash Withdrawal,Web,21,16,273.58,0,2,0
12072,1580,224.5,Spain,Cash Withdrawal,Mobile,11,32,138.29,0,2,0
12073,3936,103.96,Senegal,Transfer,Web,1,9,56.12,0,1,0
12074,1945,69.97,Germany,Cash Withdrawal,Tablet,4,11,168.02,0,1,0
12075,1422,232.08,Germany,Transfer,Mobile,21,18,114.34,0,2,0
12076,2182,101.59,Senegal,Transfer,Tablet,16,28,106.69,0,0,0
12077,2576,154.16,United Kingdom,Transfer,Web,3,16,183.9,1,1,0
12078,3628,59.35,United Kingdom,Transfer,Web,1,16,45.19,0,2,0
12079,3586,117.45,Senegal,Online Payment,Web,1,19,106.28,0,1,0
12080,1860,331.77,United Kingdom,Transfer,Mobile,2,10,212.47,0,3,1
12081,1678,111.14,Germany,Online Payment,Web,16,19,63.69,1,3,0
12082,820,109.67,Senegal,Card Payment,Web,6,2,27.31,0,1,0
12083,3299,359.61,Germany,Cash Withdrawal,Mobile,13,21,90.06,0,1,0
12084,3798,122.19,France,Online Payment,Mobile,17,29,35.95,0,1,0
12085,976,38.79,United Kingdom,Cash Withdrawal,Tablet,23,20,84.54,0,5,0
12086,1907,147.54,France,Online Payment,Tablet,3,32,177.36,0,0,0
12087,3698,86.0,United Kingdom,Card Payment,Tablet,9,43,47.04,0,3,0
12088,3307,109.53,Portugal,Transfer,Tablet,1,26,171.38,0,0,0
12089,2001,67.58,Senegal,Cash Withdrawal,Web,2,29,96.45,0,3,0
12090,1982,99.29,Senegal,Online Payment,Web,2,21,231.89,0,1,0
12091,1721,94.44,Senegal,Cash Withdrawal,Tablet,21,21,89.37,0,1,0
12092,2401,561.84,Portugal,Transfer,Web,6,18,119.1,0,0,0
12093,121,730.16,Portugal,Transfer,Tablet,14,26,42.35,0,0,0
12094,3215,78.69,Senegal,Transfer,Web,15,40,177.91,0,0,0
12095,3846,35.43,Spain,Online Payment,Web,7,1,231.76,0,1,0
12096,1587,237.41,Germany,Cash Withdrawal,Mobile,19,23,132.0,0,0,0
12097,3347,127.52,Germany,Online Payment,Mobile,7,14,140.02,0,1,0
12098,3774,121.25,France,Online Payment,Web,19,51,157.07,0,2,0
12099,950,88.18,Spain,Transfer,Tablet,14,24,164.72,0,2,0
12100,1405,45.63,France,Card Payment,Tablet,20,14,22.84,0,0,0
12101,3120,128.6,Senegal,Card Payment,Web,13,24,201.04,0,2,0
12102,3762,54.27,Senegal,Cash Withdrawal,Mobile,2,5,91.06,0,2,0
12103,2298,121.91,Spain,Transfer,Web,1,29,51.96,0,1,0
12104,696,742.28,United Kingdom,Card Payment,Mobile,12,11,113.67,1,4,0
12105,1840,17.49,United Kingdom,Cash Withdrawal,Web,14,35,106.32,0,3,0
12106,3773,121.03,Portugal,Transfer,Tablet,9,19,46.63,1,0,0
12107,3951,287.22,France,Online Payment,Web,16,26,90.2,0,1,0
12108,2134,142.35,France,Online Payment,Web,11,11,191.33,0,1,0
12109,1851,46.03,Spain,Transfer,Mobile,14,29,57.35,0,3,0
12110,341,228.95,Spain,Transfer,Web,20,24,83.89,0,1,0
12111,1289,83.98,Germany,Online Payment,Mobile,7,28,495.89,0,3,0
12112,3878,133.31,Portugal,Card Payment,Tablet,6,24,51.98,0,1,0
12113,126,453.15,Spain,Online Payment,Mobile,13,16,90.11,0,1,0
12114,3978,770.2,Senegal,Online Payment,Mobile,6,12,406.49,0,1,0
12115,1620,207.79,Senegal,Transfer,Web,5,17,143.46,0,2,0
12116,422,152.98,Germany,Cash Withdrawal,Web,7,25,68.17,0,1,0
12117,1061,152.52,United Kingdom,Cash Withdrawal,Web,5,14,93.82,0,2,0
12118,1903,120.58,France,Cash Withdrawal,Web,20,30,61.97,0,0,0
12119,831,125.05,Spain,Online Payment,Tablet,20,37,147.13,0,1,0
12120,2707,165.55,Senegal,Card Payment,Web,16,1,85.19,1,2,0
12121,688,42.58,France,Online Payment,Tablet,5,18,278.22,0,1,0
12122,3587,408.98,Portugal,Online Payment,Tablet,13,23,65.6,0,3,0
12123,1555,39.35,Germany,Card Payment,Mobile,2,9,271.47,0,0,0
12124,3829,410.52,Germany,Cash Withdrawal,Mobile,2,25,52.78,0,1,0
12125,975,216.77,United Kingdom,Cash Withdrawal,Web,17,23,99.93,1,2,0
12126,2776,54.62,Senegal,Card Payment,Web,12,14,266.88,0,1,0
12127,3477,22.46,Portugal,Online Payment,Web,21,29,68.38,0,1,0
12128,770,166.11,Germany,Card Payment,Mobile,17,23,160.74,0,1,0
12129,3509,158.51,France,Card Payment,Mobile,23,39,124.62,0,5,0
12130,2495,734.23,Spain,Transfer,Web,16,22,391.94,1,0,0
12131,999,81.45,Germany,Card Payment,Mobile,19,26,111.45,0,3,0
12132,2046,78.36,Portugal,Online Payment,Mobile,2,25,164.71,0,2,0
12133,811,46.64,Portugal,Card Payment,Tablet,21,25,142.41,0,1,0
12134,1770,212.61,United Kingdom,Card Payment,Web,17,24,419.8,1,1,0
12135,1973,41.26,France,Card Payment,Web,6,22,59.29,0,1,0
12136,131,67.52,Senegal,Transfer,Web,16,34,61.53,0,1,0
12137,3712,86.51,Senegal,Transfer,Mobile,1,5,39.49,0,0,0
12138,1342,97.17,Portugal,Cash Withdrawal,Mobile,20,1,254.9,0,2,0
12139,1848,38.76,Spain,Card Payment,Mobile,20,13,210.47,0,2,0
12140,2482,102.43,United Kingdom,Transfer,Mobile,4,10,74.37,0,2,0
12141,3604,214.79,France,Transfer,Web,19,31,82.69,0,0,0
12142,714,236.09,Portugal,Card Payment,Mobile,21,20,53.58,0,1,0
12143,578,185.15,United Kingdom,Transfer,Mobile,22,28,125.67,1,1,0
12144,300,79.64,France,Transfer,Mobile,15,17,68.93,0,1,0
12145,61,45.74,United Kingdom,Online Payment,Tablet,8,24,94.45,0,1,0
12146,3559,68.7,France,Card Payment,Tablet,20,1,74.81,0,2,0
12147,3436,123.3,Senegal,Online Payment,Tablet,23,22,84.72,0,0,0
12148,3424,267.07,Spain,Online Payment,Web,12,21,67.63,0,1,0
12149,845,197.66,France,Cash Withdrawal,Tablet,20,38,54.58,0,0,0
12150,2778,200.28,Germany,Cash Withdrawal,Mobile,14,18,99.13,1,0,0
12151,302,89.96,Spain,Card Payment,Mobile,6,14,161.6,0,2,0
12152,343,126.32,France,Online Payment,Mobile,15,19,122.09,0,3,0
12153,1727,205.67,Senegal,Cash Withdrawal,Mobile,7,42,167.51,0,0,0
12154,1533,66.94,Senegal,Card Payment,Web,7,29,89.7,0,1,0
12155,3164,99.34,Germany,Cash Withdrawal,Web,21,18,68.9,0,2,0
12156,963,80.32,Germany,Transfer,Web,7,2,82.3,1,1,0
12157,2664,29.7,France,Online Payment,Mobile,5,5,21.36,0,0,0
12158,3788,554.09,France,Online Payment,Tablet,19,37,295.42,1,1,0
12159,553,136.43,Portugal,Online Payment,Mobile,4,26,74.07,0,1,0
12160,58,183.83,Senegal,Online Payment,Web,2,8,48.39,0,2,0
12161,3191,75.25,France,Transfer,Tablet,20,15,64.11,0,2,0
12162,47,76.01,Spain,Online Payment,Web,13,6,138.83,0,0,0
12163,2328,473.62,United Kingdom,Online Payment,Web,23,29,227.81,0,3,0
12164,3868,68.91,Spain,Card Payment,Web,2,15,130.97,0,0,0
12165,911,104.37,France,Transfer,Tablet,9,15,155.1,0,4,0
12166,440,139.09,France,Cash Withdrawal,Tablet,6,32,224.77,0,2,0
12167,995,130.12,France,Card Payment,Mobile,20,42,168.86,1,1,0
12168,679,53.52,Spain,Cash Withdrawal,Web,0,16,134.85,0,3,0
12169,2443,88.08,France,Card Payment,Tablet,10,16,98.33,0,1,0
12170,749,90.58,Senegal,Transfer,Mobile,14,37,177.75,0,1,0
12171,3435,158.23,Portugal,Transfer,Web,11,25,155.32,0,2,0
12172,2095,132.98,Germany,Card Payment,Web,22,27,98.67,0,0,0
12173,3229,180.4,Senegal,Cash Withdrawal,Mobile,16,14,55.72,0,3,0
12174,2022,82.3,France,Card Payment,Web,7,28,140.36,0,2,0
12175,542,143.64,Germany,Online Payment,Mobile,0,31,91.53,1,3,0
12176,3930,179.0,Germany,Online Payment,Mobile,20,8,32.3,0,1,0
12177,2691,52.93,France,Online Payment,Web,15,30,253.33,0,0,0
12178,2246,177.36,Senegal,Transfer,Tablet,3,21,121.39,0,3,0
12179,947,24.62,Germany,Cash Withdrawal,Web,19,25,59.89,0,1,0
12180,1267,127.54,France,Card Payment,Web,0,1,38.94,1,2,0
12181,2298,83.05,Germany,Cash Withdrawal,Mobile,19,30,74.84,0,2,0
12182,828,61.68,Portugal,Online Payment,Mobile,16,24,65.01,0,3,0
12183,3937,87.96,France,Cash Withdrawal,Mobile,17,16,100.4,0,2,0
12184,3182,209.84,Spain,Cash Withdrawal,Web,21,9,75.51,0,0,1
12185,2699,84.59,Spain,Cash Withdrawal,Mobile,2,16,337.87,0,1,0
12186,3378,129.99,United Kingdom,Card Payment,Web,8,24,327.64,0,2,0
12187,2868,57.18,United Kingdom,Card Payment,Web,11,4,104.15,0,0,0
12188,2214,41.57,Germany,Card Payment,Mobile,4,12,89.82,0,0,0
12189,62,330.79,France,Cash Withdrawal,Tablet,1,4,164.93,0,0,0
12190,3553,152.64,Spain,Cash Withdrawal,Mobile,7,28,93.38,0,1,0
12191,1086,157.86,Senegal,Transfer,Tablet,2,27,333.0,0,1,0
12192,186,119.38,Germany,Card Payment,Mobile,10,21,78.02,0,4,0
12193,2916,52.06,Germany,Transfer,Mobile,8,17,69.2,0,2,0
12194,753,127.85,Germany,Cash Withdrawal,Web,13,32,111.93,1,1,0
12195,2691,21.96,Germany,Transfer,Mobile,10,26,156.11,0,2,0
12196,3998,48.13,Germany,Transfer,Web,8,17,69.5,0,1,0
12197,1866,81.82,Spain,Transfer,Web,1,32,190.22,0,1,0
12198,1088,150.91,United Kingdom,Online Payment,Mobile,14,16,255.63,0,3,0
12199,230,72.05,Germany,Cash Withdrawal,Web,15,24,55.41,0,1,1
12200,2964,149.89,Portugal,Online Payment,Web,0,11,79.22,0,1,0
12201,643,72.75,Germany,Card Payment,Mobile,20,13,166.13,0,1,0
12202,224,104.23,Senegal,Online Payment,Mobile,3,10,57.55,1,1,0
12203,2084,446.17,Senegal,Transfer,Mobile,4,19,63.55,0,1,0
12204,2083,52.27,Germany,Card Payment,Mobile,17,3,98.81,0,0,0
12205,405,205.2,United Kingdom,Cash Withdrawal,Tablet,20,29,80.82,0,0,0
12206,3846,36.22,United Kingdom,Cash Withdrawal,Mobile,22,21,76.52,1,1,0
12207,2935,159.53,France,Transfer,Tablet,13,12,144.46,0,0,0
12208,3138,99.07,Spain,Card Payment,Mobile,17,26,84.49,0,1,0
12209,1942,27.37,Portugal,Transfer,Tablet,19,24,91.12,0,4,0
12210,318,139.84,Spain,Online Payment,Web,14,16,143.41,0,0,0
12211,3271,160.63,Portugal,Online Payment,Web,10,20,227.93,0,1,0
12212,2901,100.63,United Kingdom,Cash Withdrawal,Tablet,17,29,149.47,0,2,0
12213,1935,725.44,Portugal,Cash Withdrawal,Web,18,25,32.52,0,1,0
12214,3656,86.36,Senegal,Online Payment,Tablet,4,26,71.45,0,2,0
12215,466,66.35,Spain,Online Payment,Mobile,13,8,208.7,0,2,0
12216,2201,43.51,Germany,Cash Withdrawal,Web,4,33,105.5,0,2,0
12217,1814,150.5,Portugal,Transfer,Mobile,12,13,64.33,0,1,0
12218,1708,20.5,Senegal,Cash Withdrawal,Tablet,23,19,78.04,0,3,0
12219,195,36.57,Germany,Online Payment,Mobile,1,1,75.82,0,1,0
12220,722,82.23,Portugal,Transfer,Tablet,0,25,70.09,0,1,0
12221,2406,332.53,United Kingdom,Online Payment,Mobile,23,21,143.97,0,0,0
12222,1008,267.64,France,Cash Withdrawal,Web,19,14,67.21,0,1,0
12223,529,341.98,France,Card Payment,Web,21,18,198.51,0,2,0
12224,336,412.06,United Kingdom,Transfer,Web,8,29,268.86,0,2,0
12225,3191,55.24,Portugal,Card Payment,Web,7,25,89.8,0,2,0
12226,608,119.1,United Kingdom,Card Payment,Mobile,16,12,86.54,0,5,0
12227,2755,381.85,Spain,Transfer,Mobile,11,22,170.79,1,1,0
12228,2840,153.73,Senegal,Cash Withdrawal,Tablet,9,17,348.16,0,1,0
12229,3230,44.77,Portugal,Transfer,Tablet,17,29,153.72,0,4,0
12230,624,44.23,Spain,Transfer,Web,4,38,302.99,0,4,0
12231,1828,78.54,Germany,Card Payment,Web,19,35,87.46,0,2,0
12232,585,155.3,France,Online Payment,Tablet,3,7,67.32,0,0,0
12233,191,126.97,France,Transfer,Web,5,7,127.87,0,4,0
12234,1883,43.1,Portugal,Online Payment,Tablet,22,22,200.87,0,3,0
12235,2825,168.72,Portugal,Card Payment,Tablet,3,25,119.83,0,1,0
12236,667,149.06,United Kingdom,Cash Withdrawal,Tablet,12,25,76.35,1,1,1
12237,653,106.13,Germany,Card Payment,Web,5,36,131.33,0,0,0
12238,2204,190.49,United Kingdom,Card Payment,Mobile,14,11,64.34,0,2,0
12239,2356,396.16,United Kingdom,Transfer,Mobile,11,25,127.2,0,2,0
12240,3252,24.9,Spain,Online Payment,Mobile,15,8,69.52,0,2,0
12241,2954,150.39,France,Cash Withdrawal,Tablet,12,14,203.57,0,5,0
12242,1670,110.79,France,Online Payment,Tablet,17,28,72.64,0,1,0
12243,2741,171.1,Germany,Cash Withdrawal,Tablet,0,8,74.32,0,2,0
12244,2355,41.5,Germany,Card Payment,Tablet,13,19,126.61,0,2,0
12245,1435,41.36,France,Online Payment,Tablet,21,6,217.49,0,5,0
12246,2477,99.73,France,Card Payment,Tablet,15,5,127.93,0,1,0
12247,302,235.77,Portugal,Transfer,Tablet,13,22,83.71,0,2,0
12248,783,46.51,Senegal,Transfer,Mobile,3,33,75.17,1,1,0
12249,3815,140.12,Germany,Card Payment,Web,23,15,76.55,0,2,0
12250,1967,136.93,Spain,Transfer,Tablet,23,24,86.33,0,1,0
12251,1144,267.77,Spain,Online Payment,Tablet,22,9,61.66,1,2,0
12252,2996,128.31,France,Transfer,Web,18,20,10.31,0,2,0
12253,3985,52.34,Spain,Cash Withdrawal,Tablet,0,16,212.79,0,1,0
12254,1799,199.42,Senegal,Online Payment,Web,9,23,105.98,0,0,0
12255,3112,88.78,Senegal,Cash Withdrawal,Web,14,22,150.21,0,3,0
12256,356,266.21,United Kingdom,Card Payment,Web,18,7,38.84,0,0,0
12257,179,145.03,United Kingdom,Cash Withdrawal,Mobile,17,19,160.47,0,0,0
12258,2001,120.11,United Kingdom,Card Payment,Tablet,16,20,80.62,0,1,0
12259,1816,288.95,United Kingdom,Cash Withdrawal,Web,9,20,69.32,0,1,0
12260,3122,221.43,Spain,Transfer,Web,17,26,42.0,0,1,0
12261,3178,43.82,Portugal,Cash Withdrawal,Web,4,32,41.25,0,0,0
12262,1005,93.69,Spain,Card Payment,Web,3,20,148.78,0,2,0
12263,2100,170.45,Spain,Card Payment,Web,6,8,150.71,0,2,0
12264,217,350.46,Senegal,Online Payment,Mobile,3,14,280.92,1,1,0
12265,2590,78.03,Portugal,Cash Withdrawal,Mobile,14,25,235.3,0,1,0
12266,20,72.59,Portugal,Cash Withdrawal,Tablet,13,16,50.87,0,1,0
12267,2704,400.73,Germany,Card Payment,Web,7,13,92.24,0,2,0
12268,599,231.88,Senegal,Card Payment,Tablet,5,8,179.04,1,3,0
12269,478,100.71,United Kingdom,Transfer,Mobile,21,36,93.12,0,1,0
12270,93,71.4,Spain,Cash Withdrawal,Web,19,38,42.32,0,3,0
12271,2627,98.63,France,Online Payment,Web,12,9,106.01,0,0,0
12272,1727,201.29,Portugal,Card Payment,Mobile,19,28,93.96,0,1,0
12273,959,173.92,Spain,Transfer,Mobile,21,15,128.01,0,2,0
12274,2897,242.34,France,Transfer,Mobile,11,36,100.66,0,5,0
12275,2782,228.77,Germany,Transfer,Web,22,25,139.8,1,2,0
12276,3091,63.29,Portugal,Cash Withdrawal,Mobile,20,29,70.42,1,2,0
12277,3745,121.17,Portugal,Online Payment,Mobile,1,26,84.27,0,1,0
12278,3546,329.45,Germany,Online Payment,Web,15,12,55.11,0,0,0
12279,1906,68.64,Spain,Online Payment,Mobile,6,1,98.49,0,0,0
12280,1042,55.96,Spain,Transfer,Tablet,15,20,209.03,1,2,0
12281,1605,45.02,Portugal,Online Payment,Mobile,4,11,72.12,0,1,0
12282,2308,253.53,Spain,Online Payment,Web,14,21,35.99,0,1,0
12283,2401,54.41,France,Online Payment,Web,20,20,66.46,1,1,0
12284,2324,109.14,Portugal,Online Payment,Web,0,34,187.87,1,2,0
12285,3326,206.49,Portugal,Cash Withdrawal,Tablet,1,32,137.81,0,1,0
12286,2216,66.66,Senegal,Card Payment,Web,6,26,150.16,1,1,0
12287,26,76.97,Senegal,Cash Withdrawal,Tablet,17,18,127.41,0,1,0
12288,1239,151.63,Portugal,Cash Withdrawal,Tablet,17,6,113.34,0,0,0
12289,1345,93.35,Germany,Card Payment,Web,2,21,74.68,0,2,0
12290,2133,320.39,United Kingdom,Transfer,Web,12,22,92.76,1,0,0
12291,3050,141.81,France,Transfer,Web,15,28,268.38,0,0,0
12292,482,154.3,Portugal,Online Payment,Tablet,11,27,283.27,0,1,0
12293,2641,79.7,United Kingdom,Transfer,Web,21,26,52.51,0,1,0
12294,2430,117.98,France,Online Payment,Mobile,8,13,178.38,0,1,0
12295,2346,176.52,Spain,Card Payment,Web,23,28,64.53,0,3,0
12296,30,207.75,Senegal,Transfer,Tablet,10,23,129.86,0,4,0
12297,2088,681.99,Senegal,Cash Withdrawal,Mobile,22,18,297.73,0,2,0
12298,1260,172.65,United Kingdom,Online Payment,Tablet,9,20,89.66,0,0,0
12299,750,256.25,United Kingdom,Cash Withdrawal,Tablet,2,27,136.76,0,2,0
12300,1651,487.55,Spain,Cash Withdrawal,Mobile,18,24,129.98,0,1,0
12301,3024,94.14,Portugal,Transfer,Mobile,1,10,43.47,0,1,0
12302,2264,119.5,United Kingdom,Transfer,Mobile,21,28,64.47,1,1,0
12303,918,45.27,United Kingdom,Card Payment,Mobile,6,6,73.55,0,0,0
12304,1443,73.61,Germany,Card Payment,Tablet,9,22,167.98,0,1,0
12305,3257,460.26,United Kingdom,Transfer,Mobile,8,27,69.04,0,1,0
12306,75,44.58,France,Cash Withdrawal,Tablet,10,26,27.63,0,3,0
12307,3605,77.36,United Kingdom,Online Payment,Mobile,19,27,37.25,0,0,0
12308,1096,86.49,France,Online Payment,Mobile,17,24,192.16,0,2,0
12309,2720,85.04,Germany,Transfer,Web,18,3,201.61,0,1,0
12310,2772,211.04,France,Cash Withdrawal,Mobile,18,9,226.16,0,2,0
12311,3289,366.49,United Kingdom,Online Payment,Tablet,3,36,40.35,0,1,0
12312,60,126.61,Germany,Card Payment,Mobile,13,28,137.55,0,1,0
12313,3365,79.82,Spain,Transfer,Web,6,29,70.97,0,2,0
12314,197,138.27,Senegal,Cash Withdrawal,Tablet,5,19,172.09,0,0,0
12315,823,700.41,Germany,Cash Withdrawal,Tablet,17,25,132.67,0,2,1
12316,2178,210.88,United Kingdom,Cash Withdrawal,Tablet,15,29,254.7,0,1,0
12317,1464,245.75,France,Card Payment,Tablet,9,28,80.95,0,1,0
12318,251,70.96,France,Cash Withdrawal,Web,16,11,141.43,0,1,0
12319,3552,140.78,Germany,Transfer,Mobile,6,10,85.54,1,2,0
12320,3319,109.75,Senegal,Transfer,Web,7,3,169.76,0,1,0
12321,173,19.79,United Kingdom,Transfer,Mobile,21,14,91.28,0,3,0
12322,1,109.72,Senegal,Online Payment,Web,21,23,118.64,0,1,0
12323,2722,25.16,Senegal,Online Payment,Mobile,19,1,172.98,0,1,0
12324,2046,114.29,Senegal,Online Payment,Web,16,23,144.91,0,0,0
12325,536,46.59,Portugal,Card Payment,Tablet,9,8,158.82,0,1,0
12326,3659,45.31,Senegal,Transfer,Mobile,5,12,61.15,0,2,0
12327,3285,47.05,Germany,Card Payment,Web,5,16,59.35,0,0,0
12328,327,69.93,Spain,Card Payment,Web,15,20,108.19,0,0,0
12329,1812,100.7,Spain,Cash Withdrawal,Mobile,9,19,204.79,0,0,0
12330,47,53.09,Germany,Transfer,Mobile,10,23,84.7,0,5,0
12331,312,116.1,Germany,Online Payment,Web,19,32,105.3,1,3,0
12332,3290,120.9,Spain,Card Payment,Tablet,5,18,58.54,0,2,0
12333,3360,105.08,France,Online Payment,Mobile,22,9,46.83,0,0,0
12334,74,236.29,Germany,Card Payment,Web,13,25,105.46,1,3,0
12335,2527,359.67,Germany,Cash Withdrawal,Mobile,15,3,73.05,0,1,0
12336,3254,183.01,Spain,Transfer,Mobile,23,32,159.75,1,2,0
12337,1333,81.52,Spain,Transfer,Mobile,2,29,81.25,0,2,0
12338,1839,209.26,Senegal,Card Payment,Web,4,20,191.39,0,0,0
12339,1101,179.48,United Kingdom,Card Payment,Web,19,11,102.5,0,1,0
12340,2001,63.46,Senegal,Transfer,Web,0,19,57.08,0,1,0
12341,2481,108.04,Germany,Cash Withdrawal,Mobile,3,5,72.25,0,2,0
12342,3577,294.09,France,Online Payment,Tablet,9,24,158.91,0,0,0
12343,2481,139.31,Portugal,Card Payment,Tablet,3,33,57.51,0,0,0
12344,1137,209.8,United Kingdom,Cash Withdrawal,Tablet,0,9,78.44,0,1,0
12345,2751,87.43,United Kingdom,Transfer,Tablet,15,10,191.41,0,0,0
12346,2597,269.47,Germany,Card Payment,Web,5,13,116.6,0,1,0
12347,3666,295.1,Spain,Transfer,Mobile,20,26,117.88,0,3,0
12348,3229,196.27,Senegal,Transfer,Mobile,13,17,97.81,0,0,0
12349,584,123.32,Senegal,Cash Withdrawal,Mobile,16,23,134.63,0,1,0
12350,2277,51.11,Senegal,Transfer,Web,18,15,127.6,0,0,0
12351,3355,51.4,Germany,Cash Withdrawal,Mobile,7,28,43.63,1,1,0
12352,4000,58.35,Senegal,Transfer,Tablet,4,23,123.37,1,4,0
12353,710,29.71,Senegal,Cash Withdrawal,Mobile,21,19,66.41,1,0,0
12354,1307,232.45,Senegal,Transfer,Mobile,18,9,201.29,0,2,0
12355,1607,76.04,France,Cash Withdrawal,Mobile,21,33,100.86,0,1,0
12356,2510,259.21,Germany,Online Payment,Mobile,15,10,163.08,1,2,0
12357,1548,272.01,France,Card Payment,Web,11,29,46.37,0,1,0
12358,1049,300.21,France,Card Payment,Web,18,19,156.83,0,2,0
12359,1462,56.03,Germany,Cash Withdrawal,Tablet,9,24,57.4,1,1,0
12360,63,160.14,United Kingdom,Cash Withdrawal,Web,18,16,29.24,1,3,0
12361,2945,74.39,Germany,Transfer,Tablet,4,6,76.19,0,3,0
12362,2056,104.89,Spain,Online Payment,Web,12,4,79.45,1,2,0
12363,443,134.38,Spain,Online Payment,Mobile,0,15,66.69,0,1,0
12364,3120,79.71,Spain,Card Payment,Mobile,13,25,140.5,1,3,0
12365,3577,311.92,Senegal,Transfer,Mobile,11,30,105.53,0,2,0
12366,1892,108.6,United Kingdom,Transfer,Mobile,13,40,155.18,0,6,0
12367,3786,239.23,France,Cash Withdrawal,Tablet,8,34,34.78,0,2,0
12368,3700,192.14,Senegal,Online Payment,Web,10,23,320.71,0,2,0
12369,3668,106.1,Spain,Card Payment,Web,11,27,134.19,0,3,0
12370,2396,39.08,Germany,Online Payment,Web,21,11,277.14,0,1,0
12371,1260,194.28,France,Cash Withdrawal,Tablet,16,41,75.67,1,2,0
12372,595,175.23,France,Card Payment,Mobile,0,32,152.59,0,3,0
12373,3197,195.63,Germany,Transfer,Web,0,9,150.2,1,3,0
12374,765,222.26,France,Transfer,Mobile,4,31,159.14,0,1,0
12375,1181,133.75,France,Card Payment,Web,3,39,46.36,0,2,0
12376,2346,49.12,United Kingdom,Transfer,Tablet,9,8,217.05,0,0,0
12377,290,267.74,Portugal,Cash Withdrawal,Web,13,15,167.37,1,2,1
12378,2932,42.16,United Kingdom,Card Payment,Tablet,8,13,105.44,0,2,0
12379,895,153.21,France,Card Payment,Mobile,18,24,133.4,0,3,0
12380,146,29.11,United Kingdom,Online Payment,Mobile,23,23,111.91,0,1,0
12381,826,320.69,Senegal,Card Payment,Web,21,12,71.29,0,1,0
12382,3532,95.87,Germany,Transfer,Mobile,16,7,210.69,0,1,0
12383,544,159.98,Germany,Transfer,Mobile,3,27,96.06,0,3,0
12384,2064,69.26,Senegal,Transfer,Mobile,21,18,36.92,0,2,0
12385,2379,33.42,United Kingdom,Transfer,Web,6,27,82.48,0,2,0
12386,2999,99.8,United Kingdom,Cash Withdrawal,Web,11,19,203.09,0,1,0
12387,3104,64.63,Portugal,Online Payment,Tablet,16,8,38.05,0,0,0
12388,768,141.81,Spain,Card Payment,Tablet,17,26,383.12,0,0,0
12389,3588,123.55,Portugal,Card Payment,Tablet,2,30,217.07,0,0,0
12390,347,71.19,Germany,Online Payment,Tablet,0,46,47.33,1,3,0
12391,2155,86.07,France,Online Payment,Web,20,29,188.23,0,2,0
12392,2420,161.35,United Kingdom,Online Payment,Web,16,25,167.44,0,3,0
12393,1793,171.78,Germany,Online Payment,Mobile,4,31,71.48,1,2,0
12394,2927,159.55,Portugal,Cash Withdrawal,Tablet,8,18,51.08,0,4,0
12395,1547,57.99,United Kingdom,Online Payment,Web,6,20,117.18,0,1,0
12396,3609,21.1,Germany,Cash Withdrawal,Tablet,16,27,39.81,0,1,0
12397,306,262.23,France,Transfer,Tablet,3,6,141.8,0,0,1
12398,389,256.75,France,Cash Withdrawal,Web,16,13,160.57,0,3,0
12399,1833,159.29,France,Cash Withdrawal,Mobile,12,1,239.94,0,0,0
12400,443,140.9,Portugal,Cash Withdrawal,Tablet,18,16,202.1,1,2,0
12401,1085,150.58,Germany,Cash Withdrawal,Mobile,15,33,268.23,0,3,0
12402,1075,240.86,United Kingdom,Online Payment,Web,10,22,212.04,0,0,0
12403,2596,171.68,France,Card Payment,Mobile,16,26,111.13,0,3,0
12404,407,82.66,France,Cash Withdrawal,Web,5,22,96.23,0,2,0
12405,3158,136.29,France,Transfer,Web,1,14,87.49,0,3,0
12406,138,12.61,Spain,Cash Withdrawal,Mobile,2,45,75.92,0,0,0
12407,3540,284.64,Senegal,Transfer,Mobile,4,11,95.24,0,2,0
12408,1775,103.25,Senegal,Cash Withdrawal,Tablet,8,13,211.42,0,0,0
12409,346,129.59,Senegal,Online Payment,Tablet,9,15,64.27,0,1,0
12410,492,397.79,Spain,Cash Withdrawal,Tablet,6,33,67.8,0,1,0
12411,3099,124.1,France,Transfer,Tablet,15,29,17.72,0,1,0
12412,1194,116.71,Senegal,Online Payment,Mobile,23,4,195.98,0,1,0
12413,1097,64.46,Spain,Cash Withdrawal,Web,7,37,61.99,0,1,0
12414,3173,174.12,Germany,Cash Withdrawal,Tablet,23,19,111.66,1,0,0
12415,476,126.42,Germany,Cash Withdrawal,Mobile,18,17,149.18,0,0,0
12416,3344,798.45,Spain,Cash Withdrawal,Tablet,12,8,47.71,0,2,1
12417,627,270.72,Germany,Card Payment,Web,22,10,61.13,0,3,0
12418,2811,166.57,Spain,Online Payment,Tablet,4,11,94.46,0,1,0
12419,659,78.79,Portugal,Card Payment,Tablet,1,21,48.82,0,0,0
12420,1607,194.72,Senegal,Card Payment,Mobile,16,32,48.11,1,3,0
12421,3874,34.8,Senegal,Online Payment,Mobile,9,14,41.53,1,3,0
12422,2034,203.87,Spain,Online Payment,Mobile,15,29,131.0,0,3,0
12423,556,94.41,Senegal,Online Payment,Tablet,0,25,71.95,1,2,0
12424,992,34.52,Spain,Online Payment,Mobile,20,4,531.1,1,1,0
12425,3957,187.59,Senegal,Online Payment,Mobile,18,18,213.98,0,2,0
12426,3764,234.78,Senegal,Online Payment,Web,3,8,82.17,0,3,0
12427,2031,221.98,Germany,Online Payment,Tablet,8,3,64.35,1,2,0
12428,3395,85.39,Senegal,Online Payment,Web,17,22,103.79,0,2,0
12429,2785,20.56,Portugal,Cash Withdrawal,Tablet,9,6,93.52,0,0,0
12430,1398,75.6,Senegal,Cash Withdrawal,Tablet,19,1,119.35,0,0,0
12431,1194,101.63,United Kingdom,Transfer,Tablet,13,21,188.23,0,2,0
12432,1200,66.5,United Kingdom,Card Payment,Mobile,13,21,245.6,0,0,0
12433,3653,944.94,Germany,Online Payment,Web,7,6,165.07,0,0,0
12434,705,140.04,United Kingdom,Cash Withdrawal,Mobile,22,34,157.83,0,2,0
12435,872,100.05,France,Card Payment,Mobile,4,16,106.98,0,0,0
12436,448,290.07,Spain,Online Payment,Tablet,11,13,388.2,1,1,0
12437,879,52.28,United Kingdom,Cash Withdrawal,Tablet,21,15,78.12,0,2,0
12438,2417,227.28,Germany,Online Payment,Mobile,0,25,239.33,0,0,0
12439,1543,146.52,Spain,Transfer,Web,22,5,97.43,0,0,0
12440,1245,142.6,France,Transfer,Web,19,6,115.17,0,1,0
12441,2616,45.72,Germany,Card Payment,Mobile,10,18,206.29,1,2,0
12442,859,390.54,Germany,Transfer,Web,5,20,104.48,0,1,0
12443,1651,73.12,Senegal,Transfer,Mobile,2,15,189.51,0,3,1
12444,2248,70.95,United Kingdom,Online Payment,Web,4,23,50.88,0,1,0
12445,3208,100.99,United Kingdom,Online Payment,Mobile,5,12,110.79,1,2,0
12446,3847,42.98,France,Online Payment,Web,14,8,169.75,0,2,0
12447,2905,123.35,France,Card Payment,Mobile,13,42,84.99,1,2,0
12448,2769,123.78,Spain,Transfer,Web,17,30,30.19,0,0,0
12449,2514,422.13,Portugal,Online Payment,Web,17,9,57.19,1,0,0
12450,796,547.94,France,Cash Withdrawal,Mobile,7,11,63.28,0,2,0
12451,1040,30.43,Portugal,Cash Withdrawal,Tablet,13,16,42.95,0,0,0
12452,3975,231.93,Portugal,Cash Withdrawal,Web,1,30,164.5,0,1,0
12453,290,226.68,Germany,Card Payment,Web,10,1,131.81,0,1,0
12454,3244,222.82,Spain,Online Payment,Tablet,1,20,325.84,0,1,0
12455,2647,37.49,United Kingdom,Card Payment,Tablet,0,20,179.32,0,2,0
12456,562,79.81,United Kingdom,Cash Withdrawal,Web,11,19,317.32,0,1,0
12457,857,96.23,France,Transfer,Web,15,23,81.66,1,0,0
12458,2241,32.97,Portugal,Cash Withdrawal,Mobile,16,23,73.19,0,2,0
12459,2418,300.65,Spain,Cash Withdrawal,Mobile,16,24,207.68,0,2,0
12460,1853,90.04,Germany,Transfer,Web,19,25,113.39,0,2,0
12461,100,484.46,Spain,Transfer,Web,14,9,71.24,0,1,0
12462,2,194.14,Senegal,Cash Withdrawal,Web,8,7,399.79,1,1,0
12463,2220,129.46,Senegal,Online Payment,Mobile,13,10,58.93,1,1,0
12464,2151,43.51,United Kingdom,Online Payment,Tablet,10,31,57.88,1,0,0
12465,661,157.01,Senegal,Online Payment,Web,5,9,53.49,0,0,0
12466,3965,107.67,Senegal,Card Payment,Tablet,16,21,91.75,1,2,0
12467,2813,146.1,Portugal,Cash Withdrawal,Web,20,8,22.08,0,0,0
12468,548,184.44,Senegal,Card Payment,Tablet,4,37,43.81,1,3,0
12469,1494,26.23,Spain,Cash Withdrawal,Web,7,17,210.06,0,3,0
12470,3075,38.32,Portugal,Online Payment,Tablet,21,29,288.0,0,1,0
12471,1721,203.72,Spain,Card Payment,Mobile,14,20,328.09,0,1,0
12472,2547,95.15,Portugal,Card Payment,Tablet,10,23,102.27,0,0,0
12473,1915,133.45,Senegal,Card Payment,Tablet,20,28,189.27,0,0,0
12474,3142,430.2,Portugal,Online Payment,Tablet,10,50,234.97,0,1,0
12475,2624,104.74,France,Online Payment,Web,13,17,122.04,0,1,0
12476,2864,76.52,Spain,Card Payment,Web,9,15,250.6,0,2,0
12477,2413,91.63,Senegal,Transfer,Web,15,32,121.81,1,0,0
12478,2200,322.13,United Kingdom,Card Payment,Web,15,24,313.69,0,1,0
12479,3982,314.92,Portugal,Transfer,Tablet,0,29,45.9,0,2,0
12480,1144,310.15,Germany,Card Payment,Mobile,23,12,174.93,0,0,0
12481,1042,62.33,Senegal,Online Payment,Web,16,7,141.63,0,0,0
12482,1058,298.72,Spain,Transfer,Web,10,22,23.85,0,1,0
12483,1038,184.92,Spain,Online Payment,Tablet,10,4,90.76,0,4,0
12484,21,572.57,France,Transfer,Mobile,21,32,136.17,0,3,0
12485,1598,123.85,United Kingdom,Transfer,Mobile,22,34,54.87,0,3,0
12486,1532,110.51,Portugal,Cash Withdrawal,Tablet,13,4,150.18,1,3,0
12487,1940,101.47,United Kingdom,Transfer,Mobile,7,26,101.9,0,1,0
12488,3663,435.27,France,Transfer,Web,7,26,45.65,0,0,0
12489,988,141.0,Germany,Cash Withdrawal,Mobile,12,41,137.51,0,1,0
12490,2100,202.52,United Kingdom,Online Payment,Web,7,9,157.45,0,0,0
12491,2634,26.24,Spain,Card Payment,Mobile,19,33,134.44,0,2,0
12492,2496,242.66,France,Transfer,Mobile,15,21,86.8,0,2,0
12493,362,398.67,Germany,Transfer,Tablet,16,23,115.63,0,2,0
12494,494,113.65,Germany,Transfer,Mobile,10,18,43.96,1,2,0
12495,1970,111.95,United Kingdom,Card Payment,Web,6,31,253.88,0,1,0
12496,213,110.35,Portugal,Online Payment,Mobile,19,43,160.71,0,2,0
12497,24,176.48,Spain,Cash Withdrawal,Web,8,17,37.78,0,2,0
12498,10,131.85,Spain,Transfer,Tablet,20,10,194.61,0,1,0
12499,2890,153.55,Germany,Cash Withdrawal,Tablet,6,32,372.45,0,1,0
12500,1644,105.61,Senegal,Online Payment,Web,5,5,133.36,0,2,0
12501,549,58.33,Senegal,Online Payment,Web,2,22,92.6,1,1,0
12502,3175,424.63,Germany,Cash Withdrawal,Web,18,8,85.12,0,0,0
12503,461,48.52,Senegal,Transfer,Mobile,1,12,196.78,1,2,0
12504,406,474.64,Germany,Transfer,Tablet,5,11,88.77,0,4,0
12505,2818,122.35,Portugal,Cash Withdrawal,Tablet,9,22,110.08,0,0,0
12506,1065,291.68,Portugal,Online Payment,Web,8,9,176.2,1,1,1
12507,2532,104.52,United Kingdom,Card Payment,Web,7,8,245.81,0,2,0
12508,1167,120.16,Senegal,Card Payment,Tablet,11,34,400.93,0,3,0
12509,3442,88.11,France,Online Payment,Mobile,13,27,133.12,0,1,0
12510,1083,375.38,Senegal,Cash Withdrawal,Mobile,6,28,145.29,1,3,0
12511,763,69.06,France,Cash Withdrawal,Mobile,5,11,87.98,0,2,0
12512,2080,162.89,France,Transfer,Mobile,3,16,303.99,0,2,0
12513,562,40.11,Spain,Online Payment,Tablet,22,42,90.72,0,5,0
12514,3173,64.38,United Kingdom,Cash Withdrawal,Tablet,2,17,84.6,0,1,0
12515,2662,217.11,Portugal,Transfer,Mobile,11,37,139.26,0,0,0
12516,2729,608.95,Senegal,Cash Withdrawal,Web,1,15,205.66,1,1,0
12517,689,113.36,United Kingdom,Online Payment,Web,12,13,60.67,0,2,0
12518,3882,244.27,Germany,Transfer,Web,2,13,99.44,0,1,0
12519,293,96.61,France,Online Payment,Mobile,6,13,138.84,0,4,0
12520,3017,52.19,Spain,Online Payment,Tablet,14,49,75.36,0,3,0
12521,3001,161.39,Senegal,Online Payment,Tablet,20,26,115.49,0,3,0
12522,2098,135.95,Germany,Online Payment,Tablet,20,17,78.76,0,1,0
12523,3663,264.0,France,Online Payment,Tablet,7,10,93.44,0,0,0
12524,3615,51.79,Spain,Cash Withdrawal,Web,5,1,77.12,1,0,0
12525,3664,370.04,United Kingdom,Transfer,Mobile,1,24,101.18,0,2,0
12526,395,69.8,Senegal,Cash Withdrawal,Web,16,19,62.48,0,3,0
12527,2187,98.34,Spain,Transfer,Mobile,2,24,241.37,0,2,0
12528,2808,330.55,Portugal,Cash Withdrawal,Tablet,4,18,151.68,0,0,0
12529,2760,220.03,Portugal,Transfer,Tablet,8,16,129.65,0,1,0
12530,3293,80.58,Senegal,Card Payment,Web,3,42,127.05,0,1,0
12531,3761,53.82,Spain,Cash Withdrawal,Tablet,3,30,133.54,0,0,0
12532,28,157.85,Senegal,Online Payment,Web,1,9,204.18,0,1,0
12533,2514,31.74,Portugal,Online Payment,Tablet,12,30,125.13,1,3,0
12534,3724,79.33,Spain,Card Payment,Web,19,33,281.17,1,4,0
12535,3748,61.33,Spain,Card Payment,Mobile,9,13,168.95,0,1,0
12536,2493,271.21,Spain,Card Payment,Mobile,0,16,207.94,0,0,0
12537,1040,92.32,United Kingdom,Card Payment,Tablet,10,10,53.02,0,3,0
12538,3704,491.93,Germany,Online Payment,Tablet,9,6,39.05,0,1,0
12539,3367,84.59,Senegal,Cash Withdrawal,Web,23,1,103.9,0,3,0
12540,2159,142.19,Senegal,Card Payment,Tablet,7,22,367.84,0,3,0
12541,914,96.58,France,Transfer,Mobile,8,36,95.26,0,3,0
12542,3665,70.52,Portugal,Transfer,Mobile,6,12,72.73,0,1,0
12543,1645,471.51,France,Cash Withdrawal,Tablet,15,32,273.1,0,1,0
12544,3422,257.89,Germany,Transfer,Tablet,8,9,197.45,0,0,0
12545,2434,79.39,Portugal,Transfer,Tablet,3,11,211.51,0,2,0
12546,682,103.22,Germany,Online Payment,Tablet,6,14,199.27,1,1,0
12547,554,69.13,Portugal,Cash Withdrawal,Mobile,7,18,184.04,0,0,0
12548,3696,396.68,Senegal,Card Payment,Tablet,5,13,112.79,0,0,0
12549,2711,79.42,United Kingdom,Card Payment,Web,22,31,64.68,0,2,0
12550,3916,158.08,Portugal,Online Payment,Tablet,14,6,120.92,0,0,0
12551,2016,40.3,France,Online Payment,Tablet,15,25,124.71,0,1,0
12552,900,37.6,France,Card Payment,Mobile,6,14,102.32,0,2,0
12553,1361,20.11,Germany,Cash Withdrawal,Web,3,19,68.91,0,0,0
12554,128,30.36,Senegal,Cash Withdrawal,Tablet,0,20,299.06,0,1,0
12555,1041,62.44,Senegal,Transfer,Mobile,18,20,100.35,0,3,0
12556,2078,58.03,France,Cash Withdrawal,Mobile,12,26,76.2,0,2,0
12557,1572,93.43,Germany,Transfer,Mobile,18,30,105.13,0,1,0
12558,183,29.42,Germany,Online Payment,Tablet,10,4,31.49,0,4,0
12559,1176,133.85,Spain,Cash Withdrawal,Mobile,12,18,280.99,0,2,0
12560,1235,236.79,United Kingdom,Online Payment,Web,2,1,151.9,0,1,0
12561,2716,208.31,Spain,Transfer,Tablet,7,25,57.58,0,1,1
12562,562,299.2,Spain,Transfer,Web,18,15,200.54,0,2,0
12563,2197,230.63,United Kingdom,Cash Withdrawal,Web,10,31,152.18,0,3,0
12564,1947,82.54,United Kingdom,Transfer,Tablet,21,22,213.76,0,3,0
12565,83,40.65,France,Online Payment,Tablet,21,13,28.82,0,0,0
12566,215,85.32,Senegal,Card Payment,Mobile,10,25,131.67,0,1,0
12567,2364,27.34,Germany,Online Payment,Tablet,1,33,105.16,0,2,0
12568,1771,232.82,United Kingdom,Online Payment,Web,9,32,130.78,1,1,0
12569,3421,59.53,Senegal,Online Payment,Tablet,13,29,69.71,0,2,0
12570,3260,242.13,France,Online Payment,Tablet,15,14,174.92,0,1,0
12571,3332,158.16,Spain,Transfer,Web,16,12,41.1,0,0,0
12572,1772,429.96,France,Cash Withdrawal,Web,4,8,104.6,1,1,0
12573,818,123.32,Portugal,Card Payment,Web,4,27,113.78,0,1,0
12574,137,104.43,United Kingdom,Online Payment,Tablet,9,12,36.32,0,2,0
12575,1307,65.39,Spain,Card Payment,Mobile,1,5,35.04,1,1,0
12576,1264,36.59,Germany,Cash Withdrawal,Mobile,5,27,146.27,0,3,0
12577,963,47.82,Germany,Cash Withdrawal,Tablet,1,8,216.49,0,1,0
12578,17,77.27,Portugal,Transfer,Mobile,16,30,135.92,0,2,0
12579,212,1239.45,Germany,Online Payment,Tablet,2,35,48.43,0,0,0
12580,3115,54.66,France,Transfer,Tablet,4,21,37.31,0,2,0
12581,2887,222.13,Senegal,Cash Withdrawal,Tablet,11,28,249.87,0,0,0
12582,3857,147.5,France,Transfer,Mobile,22,13,184.2,1,2,0
12583,370,37.93,Germany,Cash Withdrawal,Web,4,40,72.43,0,1,0
12584,2906,61.2,Spain,Transfer,Mobile,1,23,60.69,0,1,0
12585,3381,136.15,Portugal,Card Payment,Mobile,8,39,122.46,1,1,0
12586,772,139.46,Portugal,Card Payment,Tablet,13,20,23.41,1,1,0
12587,3154,108.22,United Kingdom,Online Payment,Tablet,22,11,154.32,0,3,0
12588,1435,55.63,Germany,Transfer,Mobile,4,33,124.88,0,0,0
12589,2709,47.22,Portugal,Cash Withdrawal,Tablet,9,18,82.25,0,0,0
12590,1101,167.92,Germany,Online Payment,Mobile,6,19,175.29,0,3,0
12591,199,70.58,Spain,Transfer,Mobile,7,15,119.63,0,1,0
12592,2139,663.31,France,Transfer,Web,8,6,123.23,1,2,0
12593,794,14.9,Senegal,Online Payment,Tablet,9,14,154.44,0,0,0
12594,3270,386.17,United Kingdom,Transfer,Web,2,34,140.18,0,0,0
12595,3119,200.69,United Kingdom,Online Payment,Tablet,13,13,86.85,0,0,0
12596,3922,131.38,United Kingdom,Card Payment,Web,1,20,67.05,1,1,0
12597,3874,88.63,United Kingdom,Cash Withdrawal,Tablet,17,19,69.19,1,0,0
12598,480,77.2,United Kingdom,Card Payment,Web,13,26,77.04,0,2,0
12599,1674,369.43,Senegal,Card Payment,Tablet,11,27,89.95,0,1,1
12600,3259,73.25,France,Card Payment,Mobile,4,9,113.6,0,2,0
12601,1322,197.81,United Kingdom,Cash Withdrawal,Mobile,19,14,49.06,0,1,1
12602,3619,26.66,Portugal,Cash Withdrawal,Web,0,7,139.98,1,4,0
12603,3083,123.38,United Kingdom,Transfer,Mobile,19,7,80.44,0,1,0
12604,1485,33.06,Spain,Online Payment,Mobile,19,43,108.22,0,0,0
12605,194,68.48,Germany,Card Payment,Mobile,12,14,180.65,0,2,0
12606,409,184.8,Portugal,Card Payment,Tablet,7,29,104.63,0,2,1
12607,557,116.86,France,Transfer,Tablet,5,21,54.26,0,0,0
12608,917,96.35,France,Online Payment,Tablet,8,17,206.44,0,2,0
12609,2875,211.39,United Kingdom,Online Payment,Mobile,4,21,50.74,0,3,0
12610,3614,139.41,Senegal,Transfer,Mobile,12,39,132.53,0,2,0
12611,1028,428.95,United Kingdom,Online Payment,Mobile,5,12,83.26,0,0,0
12612,2544,222.01,Portugal,Online Payment,Mobile,8,17,67.88,0,4,0
12613,1076,728.25,France,Online Payment,Tablet,23,30,65.59,0,0,1
12614,3699,134.08,Spain,Online Payment,Tablet,1,23,170.01,0,2,0
12615,2378,36.53,Senegal,Card Payment,Web,3,14,55.68,0,2,0
12616,1884,202.7,Senegal,Card Payment,Tablet,2,14,208.62,0,1,0
12617,1518,61.07,France,Cash Withdrawal,Tablet,22,36,29.7,0,1,0
12618,2706,119.52,Senegal,Cash Withdrawal,Tablet,6,21,197.5,0,1,0
12619,2928,66.22,Spain,Transfer,Tablet,7,20,211.73,0,3,0
12620,618,194.06,Portugal,Cash Withdrawal,Tablet,19,7,125.04,0,1,0
12621,1308,67.82,France,Card Payment,Mobile,23,14,71.92,0,0,0
12622,2160,102.1,Germany,Card Payment,Tablet,10,15,80.1,0,2,0
12623,2413,181.29,Spain,Transfer,Tablet,5,12,138.71,0,1,0
12624,2672,177.97,Germany,Cash Withdrawal,Tablet,5,11,184.99,0,3,0
12625,1776,282.94,France,Online Payment,Tablet,0,1,119.37,1,2,0
12626,1545,81.6,Spain,Transfer,Mobile,1,20,164.84,0,2,0
12627,1146,136.67,France,Cash Withdrawal,Tablet,8,26,284.12,0,1,0
12628,731,113.22,Spain,Card Payment,Tablet,6,16,107.43,0,1,0
12629,3368,333.28,France,Online Payment,Web,23,42,46.32,0,0,0
12630,2656,45.83,Spain,Transfer,Web,5,16,142.45,0,1,0
12631,461,120.82,France,Online Payment,Tablet,22,26,92.07,1,2,0
12632,80,250.08,France,Transfer,Tablet,12,22,145.37,0,1,0
12633,3462,62.85,Senegal,Card Payment,Tablet,5,21,114.17,0,3,0
12634,2723,132.58,Senegal,Transfer,Web,3,22,166.76,0,3,0
12635,2724,103.01,Portugal,Online Payment,Mobile,6,26,67.63,0,7,0
12636,3453,107.59,Spain,Transfer,Tablet,12,21,74.5,0,0,0
12637,3365,93.86,Senegal,Cash Withdrawal,Mobile,1,15,258.22,0,1,0
12638,1736,228.81,Germany,Cash Withdrawal,Web,23,30,52.06,0,1,0
12639,2863,84.5,Spain,Cash Withdrawal,Mobile,0,1,225.84,0,2,0
12640,609,105.69,France,Online Payment,Tablet,9,30,176.62,1,2,0
12641,1325,452.92,United Kingdom,Transfer,Mobile,16,30,67.25,0,2,0
12642,2648,45.99,Portugal,Cash Withdrawal,Mobile,19,21,158.56,0,1,0
12643,601,161.77,Senegal,Online Payment,Mobile,23,21,112.31,0,2,0
12644,910,67.11,France,Transfer,Web,0,13,188.79,0,3,0
12645,3623,56.55,Spain,Cash Withdrawal,Tablet,0,22,172.9,0,2,0
12646,2352,25.0,France,Transfer,Web,2,16,142.46,0,2,0
12647,3472,239.72,France,Cash Withdrawal,Tablet,4,32,65.73,0,0,0
12648,3846,512.31,Senegal,Transfer,Tablet,3,1,89.61,0,1,0
12649,622,127.89,Germany,Online Payment,Mobile,6,24,75.24,0,1,0
12650,505,124.91,Spain,Card Payment,Web,10,17,56.98,0,1,0
12651,1057,202.07,France,Cash Withdrawal,Web,23,35,74.91,1,3,0
12652,2077,29.85,Germany,Online Payment,Tablet,7,22,49.65,0,3,0
12653,124,169.21,United Kingdom,Transfer,Mobile,19,32,177.4,0,1,0
12654,3218,20.72,Portugal,Cash Withdrawal,Web,6,7,68.95,0,1,0
12655,1941,106.65,France,Card Payment,Tablet,17,14,33.14,0,1,0
12656,3525,173.36,Germany,Online Payment,Web,7,17,28.1,0,0,0
12657,2843,142.08,United Kingdom,Card Payment,Tablet,10,19,212.05,0,1,0
12658,2679,127.48,France,Transfer,Mobile,20,15,267.76,0,2,0
12659,1015,285.56,France,Cash Withdrawal,Mobile,12,15,132.88,0,2,0
12660,1189,36.18,United Kingdom,Transfer,Mobile,23,26,117.3,0,0,0
12661,1327,117.69,United Kingdom,Online Payment,Tablet,2,32,52.07,0,0,0
12662,3994,247.83,Spain,Card Payment,Web,12,12,178.65,0,1,0
12663,1495,353.92,Portugal,Online Payment,Web,17,30,59.48,0,1,0
12664,2448,312.5,France,Online Payment,Tablet,16,16,131.07,0,3,0
12665,604,89.9,Germany,Card Payment,Tablet,3,1,98.06,1,0,0
12666,1725,36.0,Senegal,Online Payment,Mobile,23,27,110.05,0,3,0
12667,2682,61.68,Portugal,Cash Withdrawal,Web,9,18,76.71,0,2,0
12668,426,110.13,United Kingdom,Cash Withdrawal,Tablet,2,35,35.82,0,2,0
12669,904,39.1,Portugal,Online Payment,Mobile,9,18,122.13,0,2,0
12670,512,188.21,France,Transfer,Mobile,11,32,157.62,0,6,0
12671,2913,382.45,Senegal,Card Payment,Tablet,0,13,106.27,0,2,0
12672,2364,267.81,Senegal,Cash Withdrawal,Mobile,21,17,116.5,0,0,0
12673,700,22.86,Portugal,Card Payment,Web,9,17,112.99,0,0,0
12674,2946,32.18,Senegal,Card Payment,Mobile,20,5,264.83,0,2,0
12675,3724,112.31,United Kingdom,Cash Withdrawal,Mobile,18,7,236.08,0,1,0
12676,780,257.64,United Kingdom,Cash Withdrawal,Web,10,20,94.62,0,2,0
12677,650,72.43,United Kingdom,Online Payment,Web,17,15,109.05,1,0,0
12678,1296,104.73,Spain,Cash Withdrawal,Web,18,16,222.26,0,3,0
12679,1518,767.53,Senegal,Card Payment,Tablet,2,27,160.11,0,2,1
12680,574,18.13,Germany,Cash Withdrawal,Tablet,18,12,73.29,0,2,0
12681,2025,285.34,Germany,Card Payment,Tablet,5,34,56.89,1,4,0
12682,1909,67.91,Germany,Transfer,Web,14,11,34.37,0,1,0
12683,2718,108.74,Germany,Cash Withdrawal,Tablet,7,17,259.44,1,0,0
12684,776,238.47,Germany,Online Payment,Web,2,25,80.37,1,1,0
12685,1468,55.31,France,Cash Withdrawal,Mobile,4,46,131.55,0,0,0
12686,3983,49.84,Spain,Online Payment,Mobile,18,24,224.63,0,2,0
12687,2612,151.89,Spain,Transfer,Tablet,23,35,280.56,0,2,0
12688,1393,655.67,Spain,Transfer,Tablet,14,26,131.9,0,2,0
12689,3953,144.08,Senegal,Transfer,Mobile,10,15,195.91,0,0,0
12690,3535,39.05,Senegal,Online Payment,Mobile,6,20,158.29,0,0,0
12691,1032,393.17,Germany,Online Payment,Tablet,17,18,102.48,0,0,0
12692,213,294.05,Germany,Cash Withdrawal,Web,7,32,480.28,0,1,0
12693,423,132.24,France,Transfer,Web,9,14,85.05,0,1,0
12694,2650,57.29,Spain,Cash Withdrawal,Mobile,12,37,135.86,0,0,0
12695,638,141.25,Portugal,Card Payment,Web,8,43,130.74,0,1,1
12696,1395,77.44,United Kingdom,Card Payment,Mobile,15,23,38.22,0,1,0
12697,3725,104.82,Portugal,Online Payment,Mobile,10,24,67.91,0,0,0
12698,1138,75.56,Germany,Online Payment,Tablet,2,15,245.19,0,2,0
12699,1965,53.03,Portugal,Transfer,Tablet,15,14,193.04,0,2,0
12700,1641,44.82,Spain,Cash Withdrawal,Web,8,29,87.81,0,2,0
12701,869,239.13,Spain,Card Payment,Tablet,10,17,74.42,0,0,0
12702,2825,373.13,Germany,Cash Withdrawal,Tablet,3,28,282.18,0,4,0
12703,1159,55.49,Portugal,Cash Withdrawal,Tablet,18,28,74.45,0,0,0
12704,3809,302.12,United Kingdom,Card Payment,Tablet,20,11,63.89,0,1,1
12705,49,79.33,United Kingdom,Cash Withdrawal,Mobile,11,6,152.03,0,2,0
12706,1407,29.57,Portugal,Card Payment,Mobile,1,14,227.35,0,2,0
12707,137,54.29,Portugal,Online Payment,Tablet,13,21,51.58,1,2,0
12708,2810,68.96,United Kingdom,Cash Withdrawal,Mobile,0,20,64.17,1,1,0
12709,1877,83.91,Portugal,Transfer,Web,2,27,126.88,0,1,0
12710,3101,55.72,Portugal,Transfer,Tablet,2,32,170.5,0,1,0
12711,1007,907.57,France,Card Payment,Tablet,9,23,104.83,0,1,0
12712,225,73.23,Senegal,Card Payment,Tablet,15,1,73.42,0,2,0
12713,774,111.09,Germany,Cash Withdrawal,Mobile,5,23,122.61,0,1,0
12714,3804,205.57,France,Online Payment,Tablet,23,20,85.71,0,0,0
12715,3082,63.64,Spain,Online Payment,Mobile,16,19,122.23,0,0,0
12716,1056,207.98,France,Card Payment,Web,4,9,120.98,0,0,0
12717,2191,25.24,Germany,Transfer,Tablet,0,25,31.08,0,1,0
12718,587,138.61,United Kingdom,Transfer,Web,11,18,130.75,0,4,0
12719,90,41.25,United Kingdom,Transfer,Tablet,9,10,101.44,0,3,0
12720,34,191.64,France,Cash Withdrawal,Mobile,11,21,113.19,0,0,0
12721,3393,73.41,Senegal,Cash Withdrawal,Tablet,9,32,171.61,0,2,0
12722,2448,66.59,Senegal,Cash Withdrawal,Web,3,13,176.26,0,1,0
12723,1820,245.47,Senegal,Card Payment,Mobile,16,21,131.63,0,1,0
12724,2745,97.69,United Kingdom,Card Payment,Web,13,20,72.72,0,0,0
12725,1889,371.97,Germany,Cash Withdrawal,Tablet,8,40,190.22,0,0,0
12726,2271,86.6,United Kingdom,Cash Withdrawal,Tablet,23,14,154.29,0,0,0
12727,1744,138.12,Spain,Transfer,Tablet,20,25,48.11,0,0,0
12728,3594,224.09,Germany,Online Payment,Mobile,14,21,337.83,1,1,0
12729,445,243.51,Portugal,Online Payment,Web,3,13,163.28,0,0,0
12730,568,76.1,Germany,Cash Withdrawal,Tablet,2,23,280.67,0,0,0
12731,759,46.06,United Kingdom,Cash Withdrawal,Mobile,9,24,95.53,0,5,0
12732,2083,40.9,United Kingdom,Card Payment,Mobile,17,20,116.23,0,1,0
12733,64,183.17,Spain,Card Payment,Mobile,3,10,47.49,1,0,0
12734,3561,55.51,Spain,Card Payment,Mobile,21,43,194.72,0,1,0
12735,2387,29.48,Senegal,Online Payment,Tablet,7,19,126.27,0,2,0
12736,3100,51.42,Spain,Transfer,Web,0,10,129.37,0,0,0
12737,1735,194.01,Portugal,Card Payment,Web,21,14,168.26,0,2,0
12738,269,264.61,Spain,Online Payment,Mobile,19,17,68.98,0,4,0
12739,1288,266.85,Senegal,Cash Withdrawal,Tablet,20,16,117.33,0,2,0
12740,178,75.7,France,Cash Withdrawal,Web,12,38,179.09,0,2,0
12741,2573,123.7,France,Online Payment,Web,5,19,114.01,1,1,0
12742,2432,415.24,Portugal,Transfer,Mobile,9,6,221.82,0,2,0
12743,1125,99.24,United Kingdom,Transfer,Tablet,5,31,47.05,0,0,0
12744,691,233.27,Senegal,Transfer,Tablet,1,1,186.25,1,3,0
12745,2250,108.48,Germany,Transfer,Mobile,12,20,212.9,0,1,0
12746,1408,163.08,Germany,Card Payment,Mobile,19,31,97.64,0,4,0
12747,403,165.91,United Kingdom,Online Payment,Web,12,24,24.92,1,4,0
12748,2225,76.8,France,Transfer,Web,10,23,88.85,0,1,0
12749,290,87.91,Spain,Cash Withdrawal,Web,9,13,84.61,0,4,0
12750,174,71.98,United Kingdom,Transfer,Web,12,16,84.95,0,0,0
12751,405,44.15,Germany,Card Payment,Mobile,15,25,360.43,0,1,0
12752,2233,104.77,Portugal,Online Payment,Tablet,12,2,62.17,0,2,0
12753,1484,45.76,Senegal,Card Payment,Mobile,6,24,51.48,0,0,0
12754,3198,47.11,Senegal,Cash Withdrawal,Mobile,15,20,159.71,0,0,0
12755,3508,28.48,France,Card Payment,Tablet,0,40,87.77,0,1,0
12756,3045,22.35,Senegal,Transfer,Web,3,33,121.26,0,0,0
12757,3651,185.75,Spain,Online Payment,Tablet,18,20,139.99,0,3,0
12758,2504,343.94,Senegal,Card Payment,Tablet,17,23,74.82,0,1,0
12759,2220,64.87,United Kingdom,Cash Withdrawal,Tablet,20,16,102.6,0,4,0
12760,714,265.15,Spain,Transfer,Mobile,14,30,48.99,0,2,0
12761,2407,101.24,Germany,Card Payment,Mobile,17,9,144.91,0,3,0
12762,3958,29.25,Spain,Online Payment,Mobile,13,28,105.09,0,3,0
12763,2955,482.63,Germany,Card Payment,Web,20,22,165.63,0,2,0
12764,1686,96.38,Senegal,Cash Withdrawal,Mobile,7,25,65.56,0,2,0
12765,3350,383.46,Portugal,Card Payment,Tablet,15,17,179.94,0,4,0
12766,3900,535.53,Senegal,Cash Withdrawal,Mobile,21,23,28.37,0,0,0
12767,948,48.38,United Kingdom,Online Payment,Mobile,1,42,67.82,0,0,0
12768,783,254.13,Germany,Cash Withdrawal,Tablet,13,19,176.92,0,0,0
12769,557,130.98,Portugal,Cash Withdrawal,Mobile,20,9,111.42,0,2,0
12770,688,386.54,Senegal,Transfer,Tablet,17,23,241.14,0,1,0
12771,1308,189.48,Spain,Transfer,Mobile,2,8,63.12,0,2,0
12772,2316,180.1,Germany,Card Payment,Web,2,17,104.3,0,2,0
12773,1980,32.99,United Kingdom,Card Payment,Mobile,14,25,198.59,1,1,0
12774,2835,250.58,Senegal,Transfer,Web,5,15,51.39,0,3,0
12775,3470,52.15,Portugal,Online Payment,Web,6,5,124.18,0,1,0
12776,436,153.42,Senegal,Card Payment,Web,12,13,57.88,0,3,0
12777,747,108.7,Germany,Card Payment,Tablet,4,29,103.22,0,3,0
12778,1135,94.45,Senegal,Cash Withdrawal,Web,19,14,100.49,0,1,1
12779,2417,83.08,France,Cash Withdrawal,Tablet,3,11,264.79,1,2,0
12780,1279,117.19,Portugal,Cash Withdrawal,Mobile,18,19,179.23,0,3,0
12781,1270,40.25,Portugal,Transfer,Mobile,2,24,186.14,0,1,0
12782,2053,81.85,Senegal,Card Payment,Web,23,20,99.15,0,1,0
12783,3095,140.78,Spain,Card Payment,Mobile,12,15,43.25,0,3,0
12784,2140,77.56,Portugal,Cash Withdrawal,Mobile,14,36,113.08,0,0,0
12785,244,409.06,Germany,Transfer,Tablet,12,28,79.65,0,0,0
12786,2139,196.48,Senegal,Online Payment,Tablet,5,24,79.32,0,4,0
12787,278,177.66,Senegal,Cash Withdrawal,Tablet,16,34,309.4,0,1,0
12788,2207,154.74,United Kingdom,Transfer,Web,21,1,111.32,0,2,0
12789,481,67.76,France,Card Payment,Tablet,17,8,212.95,0,0,0
12790,2203,120.64,Spain,Transfer,Tablet,3,4,247.8,0,6,0
12791,3393,56.57,Germany,Card Payment,Tablet,21,23,107.96,0,1,0
12792,3741,55.92,France,Transfer,Mobile,2,32,58.79,0,0,0
12793,1469,1076.09,Portugal,Cash Withdrawal,Mobile,4,35,98.71,0,0,1
12794,2901,224.32,France,Transfer,Mobile,1,14,65.69,0,1,0
12795,2667,465.67,Portugal,Card Payment,Mobile,10,28,90.24,0,2,1
12796,2246,757.11,Spain,Cash Withdrawal,Tablet,23,3,76.5,1,2,0
12797,3029,61.63,Senegal,Online Payment,Tablet,14,14,154.89,0,1,0
12798,877,82.62,Germany,Transfer,Web,3,31,92.12,0,3,0
12799,889,83.3,Spain,Cash Withdrawal,Mobile,10,16,82.82,0,3,0
12800,2575,236.8,France,Cash Withdrawal,Web,15,38,154.81,0,4,0
12801,293,58.53,United Kingdom,Cash Withdrawal,Tablet,0,11,125.89,0,0,0
12802,392,99.56,Germany,Cash Withdrawal,Web,10,17,155.94,0,2,0
12803,2276,66.09,Senegal,Card Payment,Tablet,15,27,80.51,0,1,0
12804,368,154.28,France,Card Payment,Mobile,12,20,224.56,0,3,0
12805,1713,414.49,Senegal,Transfer,Tablet,18,21,79.79,0,0,0
12806,3287,111.39,France,Transfer,Web,3,14,155.45,0,0,0
12807,1799,76.8,Spain,Online Payment,Web,13,16,168.42,0,5,0
12808,826,31.16,Germany,Cash Withdrawal,Mobile,14,31,65.63,0,1,0
12809,2626,84.44,Portugal,Cash Withdrawal,Web,11,24,158.33,0,0,0
12810,3205,98.28,Senegal,Transfer,Mobile,22,18,190.4,0,4,0
12811,82,896.82,Senegal,Transfer,Mobile,5,1,59.35,0,2,0
12812,3226,57.85,Senegal,Card Payment,Tablet,5,21,21.55,0,0,0
12813,1148,149.53,Senegal,Cash Withdrawal,Tablet,16,29,93.75,0,3,0
12814,570,105.8,Senegal,Transfer,Mobile,11,23,143.06,1,4,0
12815,2214,155.52,Senegal,Cash Withdrawal,Mobile,12,8,133.14,0,2,0
12816,3227,34.13,Portugal,Transfer,Web,12,7,80.24,0,2,0
12817,3552,458.21,Senegal,Card Payment,Tablet,23,43,130.79,1,3,0
12818,529,54.61,Portugal,Online Payment,Mobile,12,33,55.47,0,2,0
12819,360,116.63,Germany,Cash Withdrawal,Web,15,27,389.1,0,1,0
12820,1031,23.02,Spain,Cash Withdrawal,Mobile,4,24,118.92,0,0,0
12821,1082,158.24,Portugal,Online Payment,Web,7,43,160.76,0,4,0
12822,194,355.48,Germany,Online Payment,Tablet,9,32,54.69,1,0,0
12823,2782,70.32,Spain,Online Payment,Mobile,23,26,48.03,0,0,0
12824,3794,151.4,Spain,Cash Withdrawal,Mobile,13,25,95.77,0,1,0
12825,1217,106.94,Senegal,Online Payment,Web,16,29,186.36,0,3,0
12826,108,151.53,United Kingdom,Cash Withdrawal,Web,12,12,124.26,0,1,0
12827,3649,56.81,United Kingdom,Card Payment,Tablet,20,16,144.04,0,0,0
12828,557,80.97,Portugal,Cash Withdrawal,Tablet,6,15,84.64,0,2,0
12829,3932,260.16,Spain,Cash Withdrawal,Mobile,3,29,85.68,1,1,0
12830,3710,139.79,Spain,Card Payment,Web,4,19,47.89,0,0,0
12831,2172,47.62,United Kingdom,Transfer,Mobile,10,24,85.79,0,2,0
12832,1367,140.51,Portugal,Transfer,Mobile,20,13,222.96,1,2,0
12833,1116,56.37,Germany,Cash Withdrawal,Web,6,27,50.48,0,5,0
12834,1524,155.32,Germany,Card Payment,Mobile,16,14,98.76,0,4,0
12835,3307,490.08,Portugal,Online Payment,Tablet,13,8,75.11,0,1,0
12836,2075,574.4,Spain,Card Payment,Mobile,4,12,163.6,0,2,0
12837,2932,110.93,United Kingdom,Card Payment,Mobile,17,29,206.81,0,2,0
12838,1719,261.64,United Kingdom,Card Payment,Mobile,23,27,120.23,0,0,0
12839,1021,33.07,Senegal,Card Payment,Tablet,10,22,76.95,0,2,0
12840,2278,70.14,France,Cash Withdrawal,Tablet,8,17,149.29,0,3,0
12841,2099,201.91,Portugal,Online Payment,Web,4,22,91.99,0,1,0
12842,1200,70.33,Spain,Online Payment,Mobile,5,19,37.61,0,1,0
12843,952,181.81,Germany,Card Payment,Mobile,22,26,57.78,0,5,0
12844,2411,42.69,Senegal,Online Payment,Mobile,14,29,162.34,0,2,0
12845,1519,103.28,United Kingdom,Online Payment,Web,18,8,207.13,0,2,0
12846,3815,126.32,United Kingdom,Card Payment,Tablet,11,1,130.38,0,1,0
12847,2147,56.92,Germany,Card Payment,Tablet,16,35,114.59,1,2,0
12848,3203,136.54,Senegal,Online Payment,Web,15,37,192.53,0,0,0
12849,2893,96.98,Spain,Online Payment,Web,4,39,320.33,0,1,0
12850,1260,106.7,Senegal,Online Payment,Tablet,23,30,64.59,0,0,0
12851,178,151.94,United Kingdom,Transfer,Tablet,17,31,65.02,0,0,0
12852,663,335.98,United Kingdom,Online Payment,Web,22,14,67.79,0,1,0
12853,3694,89.61,Spain,Cash Withdrawal,Web,3,32,143.05,0,0,0
12854,1947,181.01,Germany,Transfer,Web,18,8,273.77,0,2,0
12855,3305,897.66,Spain,Transfer,Web,15,14,41.36,0,2,0
12856,1361,153.16,United Kingdom,Card Payment,Web,13,11,70.91,0,2,0
12857,2071,478.17,France,Card Payment,Web,6,23,85.65,0,0,0
12858,2435,164.94,United Kingdom,Transfer,Mobile,3,28,79.74,0,1,0
12859,971,41.46,Senegal,Cash Withdrawal,Tablet,7,12,176.33,1,2,0
12860,2957,170.41,Germany,Cash Withdrawal,Web,17,26,315.4,0,3,0
12861,2062,161.21,Spain,Card Payment,Web,15,31,75.3,1,3,0
12862,1166,116.2,France,Cash Withdrawal,Mobile,16,11,134.11,0,0,0
12863,1910,270.85,Portugal,Cash Withdrawal,Tablet,13,8,86.71,0,3,0
12864,1943,162.38,Senegal,Online Payment,Tablet,11,1,47.44,0,4,0
12865,3505,45.47,Portugal,Card Payment,Tablet,14,11,82.91,0,2,0
12866,443,340.55,France,Transfer,Web,15,30,127.78,0,3,0
12867,1492,387.45,Senegal,Card Payment,Web,9,20,409.98,0,2,0
12868,1467,167.66,Portugal,Card Payment,Mobile,23,1,188.0,0,3,0
12869,33,458.54,Germany,Cash Withdrawal,Mobile,12,19,171.17,0,1,0
12870,1637,598.57,Senegal,Cash Withdrawal,Tablet,13,8,58.37,0,2,0
12871,1940,84.94,Spain,Transfer,Web,0,11,140.33,0,1,0
12872,1612,141.84,Spain,Transfer,Tablet,22,31,35.57,0,2,0
12873,1945,144.43,Senegal,Online Payment,Tablet,15,22,117.25,1,2,0
12874,779,93.58,Senegal,Card Payment,Web,2,20,206.06,1,1,0
12875,1588,82.12,Portugal,Card Payment,Web,22,31,129.82,1,1,0
12876,685,884.69,Portugal,Card Payment,Web,19,29,72.96,0,1,0
12877,3416,158.34,Portugal,Online Payment,Web,0,22,125.35,0,0,0
12878,2038,55.72,United Kingdom,Transfer,Mobile,11,1,106.49,1,2,0
12879,154,191.41,Senegal,Card Payment,Mobile,16,6,45.34,0,0,0
12880,17,206.32,Portugal,Online Payment,Mobile,1,3,30.76,0,0,0
12881,2472,66.25,Senegal,Online Payment,Tablet,17,15,115.15,0,3,1
12882,2996,280.56,Spain,Card Payment,Tablet,1,19,76.56,0,4,0
12883,614,104.14,Germany,Online Payment,Mobile,22,9,111.31,0,1,0
12884,1388,215.58,Senegal,Cash Withdrawal,Mobile,22,11,407.33,0,4,0
12885,3295,79.99,France,Cash Withdrawal,Tablet,4,18,42.82,1,1,0
12886,3928,95.27,France,Cash Withdrawal,Mobile,0,25,113.5,0,3,0
12887,1074,111.22,Portugal,Transfer,Web,18,20,74.2,0,2,0
12888,3804,26.76,Senegal,Transfer,Tablet,15,1,115.35,1,1,0
12889,1860,599.06,Germany,Cash Withdrawal,Web,2,15,176.6,0,2,0
12890,1736,281.29,France,Card Payment,Web,22,17,94.89,0,1,0
12891,1253,103.4,Portugal,Cash Withdrawal,Web,20,11,101.1,1,2,0
12892,2650,109.94,Spain,Transfer,Web,23,25,81.77,1,1,0
12893,1539,128.43,Spain,Transfer,Tablet,20,19,76.73,0,4,0
12894,263,164.83,United Kingdom,Card Payment,Web,10,11,176.09,0,0,0
12895,2601,57.01,United Kingdom,Cash Withdrawal,Web,0,15,86.32,1,1,0
12896,3525,58.22,Senegal,Online Payment,Mobile,20,20,346.66,0,2,0
12897,3876,56.66,Senegal,Card Payment,Tablet,5,28,87.18,0,1,0
12898,319,128.01,France,Card Payment,Tablet,16,25,117.28,0,0,0
12899,1833,1378.01,Senegal,Card Payment,Web,0,34,243.8,1,1,1
12900,2498,43.8,Spain,Cash Withdrawal,Tablet,9,16,333.16,0,3,0
12901,1023,145.94,United Kingdom,Transfer,Web,7,30,73.22,0,0,0
12902,637,274.5,Senegal,Online Payment,Web,19,24,124.81,0,0,0
12903,1328,581.98,Portugal,Cash Withdrawal,Web,0,15,41.24,0,0,1
12904,2399,65.23,Spain,Cash Withdrawal,Tablet,19,20,137.1,0,0,0
12905,574,444.97,Senegal,Cash Withdrawal,Web,18,22,284.72,0,2,0
12906,2972,285.23,Germany,Transfer,Mobile,16,14,60.09,0,4,0
12907,1961,287.9,Germany,Transfer,Tablet,10,5,210.62,1,1,0
12908,2052,102.26,France,Transfer,Tablet,20,5,193.13,0,1,0
12909,3347,20.18,Spain,Card Payment,Mobile,5,29,127.56,0,1,0
12910,2235,83.62,Portugal,Online Payment,Web,18,23,110.29,0,1,0
12911,2430,147.61,Spain,Online Payment,Mobile,14,33,53.6,0,3,0
12912,1481,68.53,France,Transfer,Mobile,7,38,54.76,0,2,0
12913,2316,126.89,Senegal,Online Payment,Mobile,16,22,163.68,0,1,0
12914,3700,157.32,Germany,Cash Withdrawal,Mobile,16,26,105.38,1,1,0
12915,614,30.8,Spain,Transfer,Web,11,15,145.27,0,3,0
12916,1853,165.12,Germany,Card Payment,Web,18,24,68.56,0,0,0
12917,3431,42.71,United Kingdom,Card Payment,Tablet,7,32,123.93,1,2,0
12918,3331,120.28,France,Transfer,Mobile,20,22,94.43,0,3,0
12919,888,73.05,United Kingdom,Cash Withdrawal,Tablet,15,29,149.51,0,4,0
12920,1017,442.63,Portugal,Online Payment,Mobile,16,5,77.23,0,2,0
12921,1178,414.69,Portugal,Card Payment,Mobile,20,17,216.14,0,0,0
12922,1479,179.32,Spain,Online Payment,Mobile,17,2,85.69,0,2,0
12923,2155,131.16,Senegal,Cash Withdrawal,Mobile,22,29,131.02,0,0,0
12924,505,216.65,United Kingdom,Transfer,Web,14,7,94.37,0,0,0
12925,3034,222.55,Germany,Card Payment,Mobile,20,17,113.37,1,5,0
12926,5,219.22,Senegal,Transfer,Web,21,25,330.13,1,1,0
12927,1330,82.77,Senegal,Online Payment,Tablet,5,9,326.38,0,3,0
12928,1145,434.59,Spain,Cash Withdrawal,Tablet,15,21,184.08,0,1,0
12929,3670,273.86,France,Online Payment,Mobile,22,29,120.79,0,3,0
12930,2490,362.57,Spain,Cash Withdrawal,Tablet,20,11,130.02,0,6,0
12931,3003,175.77,Spain,Transfer,Tablet,2,19,153.55,0,2,0
12932,413,77.79,Germany,Transfer,Web,0,25,100.5,1,2,0
12933,859,101.54,Spain,Online Payment,Mobile,3,1,125.7,0,1,0
12934,2218,124.22,France,Online Payment,Mobile,13,20,271.37,0,1,0
12935,2208,58.87,Spain,Cash Withdrawal,Web,17,8,84.15,0,1,0
12936,993,163.89,Senegal,Online Payment,Mobile,6,28,59.08,0,0,0
12937,1671,306.24,France,Cash Withdrawal,Tablet,17,17,109.31,1,2,0
12938,3587,99.59,Germany,Cash Withdrawal,Mobile,10,24,58.85,0,2,0
12939,1576,89.77,Spain,Transfer,Mobile,16,6,48.73,0,2,0
12940,3985,108.93,United Kingdom,Transfer,Web,4,1,124.46,0,1,0
12941,3328,235.37,United Kingdom,Card Payment,Mobile,9,1,167.88,1,3,0
12942,22,555.12,United Kingdom,Card Payment,Tablet,20,25,125.29,0,6,0
12943,2869,22.01,United Kingdom,Cash Withdrawal,Mobile,6,16,107.85,0,0,0
12944,955,84.13,United Kingdom,Card Payment,Tablet,5,19,80.45,0,1,0
12945,3731,161.07,Spain,Transfer,Web,22,25,73.83,0,1,0
12946,2648,136.91,France,Online Payment,Mobile,15,3,62.51,0,0,0
12947,1047,177.82,Senegal,Transfer,Tablet,5,29,81.84,0,0,0
12948,132,105.36,Senegal,Transfer,Mobile,6,8,99.25,0,2,0
12949,886,131.18,Spain,Transfer,Mobile,4,37,318.14,0,0,0
12950,2068,390.02,Portugal,Online Payment,Tablet,8,21,193.76,0,2,0
12951,1187,156.94,United Kingdom,Card Payment,Mobile,4,22,82.45,0,0,0
12952,2702,30.02,Senegal,Online Payment,Tablet,13,12,54.27,0,5,0
12953,3805,91.67,Portugal,Online Payment,Web,9,14,185.47,0,1,0
12954,15,80.7,Germany,Card Payment,Web,15,10,115.71,1,0,0
12955,1519,159.23,Portugal,Transfer,Tablet,7,17,167.2,0,3,0
12956,2242,101.44,Spain,Cash Withdrawal,Mobile,2,14,171.56,0,6,0
12957,2776,279.58,Senegal,Cash Withdrawal,Web,4,25,52.05,0,1,0
12958,415,81.66,Portugal,Transfer,Web,4,26,30.17,0,3,0
12959,3958,111.41,Spain,Cash Withdrawal,Web,12,31,89.42,0,3,0
12960,2933,125.69,United Kingdom,Cash Withdrawal,Mobile,11,14,378.29,0,0,0
12961,2330,158.83,United Kingdom,Transfer,Web,4,23,99.99,0,1,0
12962,2597,73.34,United Kingdom,Card Payment,Tablet,11,41,100.25,0,1,0
12963,325,49.58,United Kingdom,Cash Withdrawal,Tablet,8,30,149.92,0,0,0
12964,1531,110.28,Portugal,Card Payment,Tablet,9,26,33.94,0,2,0
12965,1520,251.04,France,Cash Withdrawal,Mobile,10,30,120.45,0,3,0
12966,618,135.91,Spain,Card Payment,Tablet,7,14,72.97,0,1,0
12967,697,14.23,Spain,Online Payment,Tablet,23,1,137.78,0,1,0
12968,1186,36.48,Spain,Card Payment,Web,14,4,49.11,0,2,0
12969,3571,88.01,Portugal,Online Payment,Tablet,6,12,104.4,0,1,0
12970,668,365.13,Senegal,Card Payment,Tablet,17,23,106.0,0,2,0
12971,369,584.15,Senegal,Card Payment,Tablet,19,21,153.8,0,0,0
12972,821,17.67,Senegal,Transfer,Tablet,13,12,157.1,0,2,0
12973,3383,105.93,Portugal,Cash Withdrawal,Mobile,11,32,42.46,0,1,0
12974,314,53.0,Spain,Cash Withdrawal,Web,19,1,451.56,0,1,0
12975,649,101.65,Senegal,Cash Withdrawal,Tablet,12,33,115.32,0,4,0
12976,965,156.51,Spain,Cash Withdrawal,Web,3,26,89.57,0,0,0
12977,3183,83.37,Portugal,Transfer,Web,12,12,177.32,0,2,0
12978,2074,23.35,Spain,Card Payment,Web,17,20,45.58,0,1,0
12979,707,107.2,Portugal,Online Payment,Mobile,15,42,343.35,0,2,0
12980,169,18.32,Senegal,Card Payment,Mobile,11,14,138.3,0,3,0
12981,1702,146.52,France,Card Payment,Tablet,2,21,45.25,1,2,0
12982,2088,133.37,United Kingdom,Cash Withdrawal,Web,14,13,350.62,0,1,0
12983,788,70.72,Spain,Transfer,Tablet,3,15,180.11,0,1,0
12984,427,102.78,United Kingdom,Online Payment,Web,12,27,139.56,0,1,0
12985,2246,52.04,United Kingdom,Online Payment,Mobile,10,11,70.09,0,3,0
12986,1228,117.04,United Kingdom,Transfer,Tablet,14,25,65.45,0,0,0
12987,2718,63.44,France,Card Payment,Web,6,18,58.13,0,0,0
12988,3144,102.41,Senegal,Transfer,Tablet,14,41,42.33,0,1,1
12989,2311,130.97,France,Card Payment,Tablet,0,21,190.69,0,1,0
12990,3669,173.12,Senegal,Online Payment,Mobile,10,26,252.68,0,0,0
12991,2534,167.82,Spain,Online Payment,Mobile,15,23,30.98,0,2,0
12992,466,1181.24,Germany,Online Payment,Web,1,12,197.43,0,1,1
12993,1593,147.08,France,Cash Withdrawal,Tablet,10,17,117.9,0,1,0
12994,1104,221.34,Germany,Online Payment,Mobile,17,25,209.24,0,1,0
12995,2056,57.66,Spain,Transfer,Web,4,31,223.51,0,1,0
12996,3343,63.58,Germany,Card Payment,Web,23,8,183.95,0,2,0
12997,2303,51.72,France,Online Payment,Tablet,10,23,187.53,1,4,0
12998,3795,162.68,Senegal,Card Payment,Mobile,15,26,128.67,1,1,0
12999,1627,129.89,United Kingdom,Online Payment,Web,22,13,69.03,0,0,0
13000,2579,56.08,Senegal,Cash Withdrawal,Mobile,15,20,42.76,0,0,0
13001,2044,148.35,United Kingdom,Cash Withdrawal,Mobile,10,23,61.9,0,3,0
13002,3917,95.04,Portugal,Card Payment,Mobile,10,25,76.99,0,3,0
13003,45,84.11,Germany,Cash Withdrawal,Tablet,12,32,91.69,0,0,0
13004,1380,102.69,Spain,Transfer,Tablet,15,27,174.92,0,2,0
13005,1834,243.61,Spain,Card Payment,Tablet,21,11,83.94,0,3,0
13006,1323,65.59,Spain,Card Payment,Web,9,24,132.96,0,1,0
13007,3225,252.24,France,Transfer,Tablet,6,30,116.99,1,0,0
13008,2089,142.36,Portugal,Card Payment,Web,5,1,73.94,0,2,0
13009,2786,43.87,United Kingdom,Card Payment,Web,19,30,84.3,0,3,0
13010,3649,245.09,Portugal,Transfer,Web,6,29,31.74,0,1,0
13011,1058,144.39,Senegal,Online Payment,Tablet,18,10,39.47,0,1,0
13012,688,198.14,United Kingdom,Card Payment,Tablet,10,21,99.72,0,1,0
13013,2405,78.6,Senegal,Card Payment,Web,0,36,124.96,0,1,1
13014,2153,946.86,Portugal,Online Payment,Web,4,6,91.79,0,0,0
13015,523,60.43,Spain,Transfer,Mobile,20,16,165.64,0,2,0
13016,2368,46.7,France,Online Payment,Mobile,7,29,259.01,0,2,0
13017,3658,238.66,Spain,Transfer,Web,15,31,76.51,1,0,0
13018,3896,120.68,Germany,Online Payment,Mobile,2,25,55.05,0,3,0
13019,3705,43.23,Senegal,Cash Withdrawal,Web,15,27,287.76,0,1,0
13020,1967,178.23,United Kingdom,Transfer,Web,7,26,95.73,0,1,0
13021,1567,58.64,Portugal,Card Payment,Mobile,12,22,225.7,1,1,0
13022,3582,409.89,United Kingdom,Transfer,Tablet,23,12,179.44,0,2,0
13023,3293,382.33,Spain,Transfer,Mobile,13,1,80.49,0,1,0
13024,1808,91.05,Senegal,Online Payment,Tablet,6,19,175.4,1,0,0
13025,116,52.78,Portugal,Cash Withdrawal,Web,9,13,186.42,0,0,0
13026,2436,94.66,Germany,Online Payment,Web,16,16,245.91,1,2,0
13027,1858,190.21,United Kingdom,Transfer,Tablet,21,7,217.33,0,3,0
13028,2238,410.22,Portugal,Transfer,Tablet,19,21,304.89,1,1,0
13029,3714,437.96,Senegal,Cash Withdrawal,Tablet,15,5,81.25,0,2,0
13030,633,194.13,Senegal,Transfer,Tablet,13,15,157.81,0,2,0
13031,1547,49.36,Portugal,Transfer,Mobile,16,14,109.47,0,0,0
13032,955,80.31,Senegal,Card Payment,Mobile,18,29,103.48,0,1,0
13033,3564,94.37,United Kingdom,Card Payment,Web,3,24,23.78,1,2,0
13034,707,92.0,Spain,Cash Withdrawal,Web,20,13,184.46,1,3,0
13035,3069,63.41,Spain,Online Payment,Web,3,20,43.44,0,3,0
13036,2639,280.19,Germany,Transfer,Tablet,0,7,84.64,0,0,0
13037,3685,182.94,Germany,Card Payment,Mobile,4,22,103.98,0,0,0
13038,3386,121.63,France,Online Payment,Web,12,23,81.74,0,0,0
13039,280,122.87,France,Online Payment,Web,2,4,170.58,0,3,0
13040,857,95.86,Portugal,Card Payment,Tablet,14,14,77.23,0,3,0
13041,1989,258.75,France,Cash Withdrawal,Mobile,21,1,70.21,0,0,0
13042,3544,115.64,Senegal,Cash Withdrawal,Web,21,23,56.59,0,1,0
13043,91,231.93,Senegal,Transfer,Web,18,26,165.53,0,0,0
13044,1146,59.75,Spain,Transfer,Web,3,24,80.87,0,0,0
13045,2625,116.12,France,Cash Withdrawal,Web,14,25,282.65,1,1,0
13046,3537,143.78,Portugal,Card Payment,Tablet,18,21,74.01,1,4,0
13047,1982,183.27,France,Cash Withdrawal,Tablet,4,8,65.93,0,2,0
13048,710,30.91,Senegal,Cash Withdrawal,Tablet,21,31,102.51,1,2,0
13049,432,20.66,United Kingdom,Card Payment,Web,9,25,275.26,0,2,0
13050,2430,533.5,Spain,Online Payment,Mobile,4,17,141.65,1,1,0
13051,3875,47.23,Germany,Online Payment,Mobile,13,12,228.91,0,2,0
13052,2189,270.24,Spain,Cash Withdrawal,Mobile,11,14,183.07,0,2,0
13053,2133,389.41,France,Card Payment,Mobile,18,20,147.82,0,1,0
13054,1615,148.11,Portugal,Online Payment,Web,3,29,312.7,0,0,0
13055,2016,100.73,Germany,Transfer,Mobile,21,6,43.44,0,0,0
13056,1764,278.12,Germany,Online Payment,Web,14,27,105.6,0,1,0
13057,2693,47.46,United Kingdom,Online Payment,Web,20,18,204.44,1,0,0
13058,79,170.08,United Kingdom,Online Payment,Tablet,22,27,133.05,1,2,0
13059,419,329.33,United Kingdom,Transfer,Web,12,28,73.4,0,1,0
13060,1610,759.74,Senegal,Transfer,Mobile,14,21,96.98,0,0,0
13061,2844,104.57,Spain,Cash Withdrawal,Web,19,15,107.98,0,0,0
13062,3397,224.57,Portugal,Online Payment,Mobile,4,21,189.98,0,2,0
13063,2560,60.37,Senegal,Cash Withdrawal,Tablet,20,27,101.61,0,1,0
13064,1543,47.37,France,Cash Withdrawal,Mobile,7,21,118.29,0,2,0
13065,285,250.41,France,Transfer,Web,7,20,68.7,0,0,0
13066,2487,176.08,France,Online Payment,Tablet,21,1,166.68,0,0,0
13067,253,80.74,Germany,Card Payment,Tablet,16,32,96.68,0,2,0
13068,2981,90.15,Senegal,Card Payment,Tablet,14,15,100.89,0,4,0
13069,3607,98.65,Germany,Transfer,Web,20,39,113.14,1,2,0
13070,3755,138.56,United Kingdom,Online Payment,Web,21,30,60.3,0,0,0
13071,1846,251.84,United Kingdom,Transfer,Mobile,20,4,110.16,0,2,0
13072,3785,337.98,Spain,Cash Withdrawal,Mobile,20,36,192.43,0,0,0
13073,3816,180.39,Portugal,Card Payment,Mobile,14,19,145.76,0,1,0
13074,1638,156.5,United Kingdom,Online Payment,Web,23,7,44.81,0,1,0
13075,908,100.14,Germany,Cash Withdrawal,Tablet,18,24,111.04,0,2,0
13076,342,698.09,Germany,Cash Withdrawal,Tablet,0,5,217.25,0,3,0
13077,3990,77.17,Germany,Card Payment,Mobile,4,29,79.85,0,1,0
13078,2277,26.38,France,Card Payment,Web,1,29,41.46,0,1,0
13079,1024,122.88,France,Cash Withdrawal,Web,2,2,76.15,0,0,0
13080,469,48.56,Senegal,Transfer,Mobile,1,24,198.26,1,1,0
13081,293,240.87,Germany,Card Payment,Tablet,18,9,577.44,0,0,0
13082,2161,790.76,Spain,Transfer,Web,0,44,72.75,0,0,0
13083,2559,202.71,Germany,Transfer,Web,7,1,62.33,0,1,0
13084,3747,136.11,France,Card Payment,Mobile,4,24,99.76,0,1,0
13085,2848,182.27,United Kingdom,Transfer,Mobile,4,10,135.18,0,2,0
13086,3438,157.53,France,Transfer,Web,3,23,102.62,0,1,0
13087,2163,65.4,Germany,Card Payment,Mobile,12,37,298.0,0,3,0
13088,2804,383.14,Spain,Transfer,Web,14,13,53.53,0,2,0
13089,2606,88.97,France,Card Payment,Tablet,5,22,111.92,0,2,0
13090,2486,35.91,Spain,Card Payment,Web,10,13,139.97,1,2,0
13091,764,105.13,Senegal,Transfer,Web,23,28,291.96,0,1,0
13092,1873,88.58,Spain,Transfer,Tablet,19,11,109.99,0,2,0
13093,3671,211.23,United Kingdom,Transfer,Tablet,16,26,65.15,0,3,0
13094,1187,315.56,United Kingdom,Transfer,Web,8,31,150.32,1,3,0
13095,1576,78.12,Spain,Cash Withdrawal,Tablet,1,24,44.9,0,1,0
13096,2197,120.69,United Kingdom,Online Payment,Web,6,29,128.78,1,0,1
13097,3235,931.03,United Kingdom,Transfer,Mobile,4,19,111.91,0,1,0
13098,3117,225.24,Spain,Transfer,Web,19,4,181.65,1,1,0
13099,1296,83.98,United Kingdom,Cash Withdrawal,Web,7,20,99.22,0,3,0
13100,1347,141.5,United Kingdom,Card Payment,Mobile,4,21,59.85,0,2,0
13101,3745,111.52,Senegal,Online Payment,Mobile,11,31,71.88,0,1,0
13102,2709,55.08,Portugal,Card Payment,Tablet,21,27,78.84,0,0,0
13103,788,125.72,Portugal,Cash Withdrawal,Tablet,9,18,61.42,0,1,0
13104,1032,168.08,United Kingdom,Transfer,Web,4,20,67.5,0,1,0
13105,682,99.71,Germany,Online Payment,Mobile,16,21,36.51,0,3,0
13106,3878,177.91,Senegal,Online Payment,Web,23,17,184.57,1,1,0
13107,2839,18.55,Spain,Online Payment,Tablet,12,12,144.28,0,2,0
13108,3332,81.95,Spain,Cash Withdrawal,Web,22,12,162.52,1,0,0
13109,3690,632.76,France,Transfer,Mobile,22,18,129.22,0,1,0
13110,1779,56.44,Germany,Online Payment,Tablet,11,19,20.72,1,4,0
13111,3917,19.12,Senegal,Cash Withdrawal,Web,0,21,222.46,0,2,0
13112,2593,125.86,Senegal,Transfer,Tablet,5,6,93.48,0,3,0
13113,35,100.48,Portugal,Card Payment,Mobile,18,27,50.95,1,1,0
13114,251,120.37,Spain,Card Payment,Mobile,18,22,207.72,0,0,0
13115,3630,248.02,France,Card Payment,Mobile,6,33,133.99,0,1,0
13116,3776,384.13,Spain,Online Payment,Tablet,3,19,162.21,0,4,0
13117,431,211.71,Germany,Transfer,Web,11,24,187.47,0,2,0
13118,322,52.69,Germany,Transfer,Tablet,9,8,37.32,0,4,0
13119,3779,60.28,Portugal,Cash Withdrawal,Web,7,7,107.47,0,1,0
13120,1959,101.54,Spain,Card Payment,Web,21,18,64.98,0,3,0
13121,717,85.75,Portugal,Card Payment,Web,17,18,129.33,0,2,0
13122,2903,251.49,Spain,Transfer,Web,2,12,31.89,0,3,0
13123,3749,44.51,Germany,Cash Withdrawal,Web,8,30,70.43,0,1,0
13124,744,178.53,United Kingdom,Transfer,Web,12,13,137.51,0,1,0
13125,743,129.19,Spain,Cash Withdrawal,Tablet,8,23,70.15,0,1,0
13126,3431,64.04,Spain,Card Payment,Mobile,3,7,90.6,0,4,0
13127,402,176.75,Senegal,Card Payment,Web,20,10,231.11,1,1,0
13128,106,112.55,Portugal,Online Payment,Web,20,8,162.96,1,0,0
13129,46,314.94,France,Cash Withdrawal,Mobile,19,30,133.17,0,1,0
13130,2063,146.3,Portugal,Card Payment,Web,8,21,44.82,0,0,0
13131,3173,210.9,United Kingdom,Online Payment,Web,2,23,279.23,0,1,0
13132,3108,64.41,Senegal,Transfer,Web,5,14,91.69,0,3,0
13133,461,252.27,United Kingdom,Card Payment,Tablet,8,10,90.04,0,0,0
13134,2324,62.22,Portugal,Card Payment,Web,7,27,48.37,0,0,0
13135,2934,74.36,Portugal,Card Payment,Tablet,11,40,106.16,0,5,0
13136,2026,41.17,France,Online Payment,Web,17,12,268.43,0,2,0
13137,2138,167.32,Senegal,Online Payment,Mobile,23,18,87.57,0,0,0
13138,3312,139.66,Portugal,Transfer,Web,4,33,136.19,0,2,0
13139,2718,50.43,Senegal,Card Payment,Web,21,18,73.15,0,1,0
13140,2351,139.65,United Kingdom,Transfer,Mobile,18,43,131.33,0,2,0
13141,2971,109.87,Portugal,Card Payment,Web,23,7,57.51,0,3,0
13142,1581,64.43,France,Transfer,Mobile,17,25,184.75,0,0,0
13143,3526,108.92,Germany,Transfer,Web,17,21,205.51,0,2,0
13144,176,87.63,Spain,Cash Withdrawal,Web,15,14,11.76,0,4,0
13145,2001,337.59,Germany,Online Payment,Tablet,5,4,77.28,0,1,0
13146,1194,150.5,France,Transfer,Mobile,22,7,111.97,0,2,0
13147,3042,53.94,Spain,Cash Withdrawal,Mobile,10,38,300.31,0,0,0
13148,240,49.75,United Kingdom,Online Payment,Tablet,5,6,91.99,0,0,0
13149,2966,528.61,United Kingdom,Card Payment,Mobile,22,1,145.34,1,1,0
13150,2475,337.78,Portugal,Cash Withdrawal,Mobile,2,30,56.59,0,1,0
13151,869,33.91,United Kingdom,Transfer,Mobile,9,28,61.55,0,1,0
13152,1982,140.26,United Kingdom,Card Payment,Web,8,8,130.11,0,1,0
13153,261,232.93,Spain,Transfer,Tablet,13,13,35.95,1,1,0
13154,3856,103.16,Germany,Transfer,Mobile,9,16,79.31,0,3,0
13155,2664,12.9,United Kingdom,Cash Withdrawal,Mobile,10,16,89.03,0,2,0
13156,3021,238.34,Germany,Card Payment,Mobile,18,19,39.89,0,1,0
13157,2991,39.48,United Kingdom,Online Payment,Tablet,3,23,87.05,1,2,1
13158,470,591.25,Senegal,Online Payment,Web,21,19,169.1,0,1,0
13159,1247,95.67,Portugal,Online Payment,Mobile,20,27,105.02,0,1,0
13160,3892,243.1,United Kingdom,Card Payment,Tablet,11,23,329.57,0,1,0
13161,3527,199.18,Portugal,Card Payment,Mobile,0,44,63.0,0,2,0
13162,1211,149.35,Germany,Card Payment,Mobile,10,24,241.6,0,4,0
13163,249,200.82,France,Online Payment,Mobile,6,34,71.94,0,0,0
13164,3121,132.23,Spain,Cash Withdrawal,Tablet,4,35,52.6,0,0,0
13165,1868,95.64,Senegal,Card Payment,Mobile,6,20,169.83,0,4,0
13166,1766,306.15,Senegal,Online Payment,Mobile,4,12,91.33,0,2,0
13167,2538,74.86,Spain,Card Payment,Web,18,23,144.58,0,1,0
13168,1379,56.89,Germany,Card Payment,Web,18,32,83.24,0,1,0
13169,1328,344.0,Portugal,Card Payment,Web,5,8,35.41,0,0,0
13170,1942,395.62,Portugal,Cash Withdrawal,Tablet,1,10,143.46,0,2,0
13171,3296,207.56,Portugal,Card Payment,Web,6,21,137.95,0,0,0
13172,3706,67.13,Germany,Cash Withdrawal,Web,7,20,55.87,0,0,0
13173,906,97.38,Senegal,Card Payment,Mobile,0,20,41.66,1,0,0
13174,3179,245.91,Portugal,Transfer,Mobile,16,14,243.29,0,1,0
13175,14,113.89,Spain,Online Payment,Tablet,17,11,165.83,0,1,0
13176,3735,152.13,Spain,Transfer,Mobile,2,19,58.88,0,0,0
13177,2823,98.34,Spain,Online Payment,Web,13,20,141.72,0,3,0
13178,1087,240.0,United Kingdom,Card Payment,Tablet,4,12,63.68,1,2,0
13179,274,140.62,Germany,Card Payment,Web,4,12,102.89,0,2,0
13180,2047,83.95,Spain,Cash Withdrawal,Mobile,13,18,161.05,0,1,0
13181,60,114.71,Senegal,Transfer,Tablet,18,10,119.44,1,3,0
13182,465,97.03,United Kingdom,Cash Withdrawal,Mobile,11,1,43.33,0,2,0
13183,2077,28.88,France,Card Payment,Mobile,4,12,252.77,1,3,0
13184,2019,234.83,Senegal,Card Payment,Mobile,21,29,172.99,0,1,0
13185,622,99.47,Portugal,Transfer,Web,0,10,161.48,0,0,0
13186,2007,128.68,France,Transfer,Tablet,5,12,176.58,0,3,0
13187,673,204.25,France,Transfer,Mobile,19,10,180.35,0,1,0
13188,3390,152.93,United Kingdom,Cash Withdrawal,Mobile,19,27,136.58,0,2,0
13189,1544,201.66,Portugal,Online Payment,Tablet,3,47,66.98,0,0,0
13190,114,123.81,Germany,Online Payment,Web,12,34,117.84,0,0,0
13191,2980,180.57,Senegal,Card Payment,Mobile,16,13,100.32,0,0,0
13192,1358,580.7,Germany,Online Payment,Web,2,32,103.39,0,0,0
13193,535,644.47,France,Transfer,Web,8,23,65.8,0,1,1
13194,1029,281.33,Germany,Card Payment,Web,5,14,64.91,0,1,0
13195,47,65.32,United Kingdom,Card Payment,Tablet,6,8,116.89,0,1,0
13196,3260,45.02,Senegal,Cash Withdrawal,Tablet,3,17,110.06,0,1,0
13197,2638,98.76,Portugal,Card Payment,Mobile,4,42,111.22,0,5,0
13198,3769,105.0,Germany,Card Payment,Tablet,12,30,83.81,0,1,0
13199,3139,182.5,France,Online Payment,Tablet,17,22,49.71,0,0,0
13200,3437,121.52,France,Online Payment,Web,4,16,36.0,0,1,0
13201,2463,19.46,Senegal,Cash Withdrawal,Web,11,30,147.07,0,3,0
13202,1155,42.33,Portugal,Transfer,Mobile,0,20,89.1,0,2,0
13203,1679,56.39,Spain,Cash Withdrawal,Mobile,1,4,106.27,0,3,0
13204,2437,204.5,Spain,Transfer,Mobile,19,21,205.05,0,1,0
13205,3904,149.39,Portugal,Online Payment,Tablet,2,20,261.28,0,0,0
13206,2053,21.75,Spain,Card Payment,Mobile,20,13,57.93,0,3,0
13207,2548,24.51,Spain,Cash Withdrawal,Mobile,19,4,111.54,1,3,0
13208,696,125.71,Spain,Cash Withdrawal,Web,4,31,122.55,1,0,0
13209,91,301.37,France,Card Payment,Web,23,20,91.89,0,1,0
13210,3478,321.57,Senegal,Transfer,Tablet,15,4,98.71,0,0,0
13211,2722,97.65,United Kingdom,Card Payment,Tablet,17,28,60.02,0,1,0
13212,1792,399.93,Senegal,Cash Withdrawal,Tablet,9,28,166.53,0,2,0
13213,3527,213.43,France,Card Payment,Web,5,32,198.35,0,3,0
13214,3354,111.16,Portugal,Transfer,Web,3,23,101.57,0,0,0
13215,125,123.05,United Kingdom,Cash Withdrawal,Web,12,29,68.21,0,1,0
13216,1745,315.64,France,Cash Withdrawal,Tablet,22,4,57.49,0,2,0
13217,3830,33.87,Portugal,Card Payment,Web,21,20,112.09,0,1,0
13218,1751,91.96,Spain,Cash Withdrawal,Tablet,1,18,51.26,0,2,0
13219,1098,95.69,France,Card Payment,Tablet,19,21,267.51,0,1,0
13220,1611,148.89,France,Cash Withdrawal,Tablet,1,17,184.58,0,1,1
13221,172,113.81,Spain,Online Payment,Web,1,30,60.45,0,2,0
13222,2329,138.91,Germany,Transfer,Web,3,18,121.56,0,4,0
13223,30,318.46,Spain,Transfer,Tablet,6,11,89.45,0,1,0
13224,2836,107.05,Spain,Transfer,Tablet,18,13,186.24,0,1,0
13225,270,205.63,United Kingdom,Online Payment,Tablet,7,5,75.13,0,0,0
13226,2951,90.75,Portugal,Online Payment,Mobile,18,13,80.61,1,2,0
13227,205,33.43,Senegal,Card Payment,Tablet,22,14,176.74,1,1,0
13228,2573,167.0,France,Card Payment,Tablet,18,9,29.76,0,0,0
13229,508,189.45,United Kingdom,Card Payment,Tablet,15,21,144.07,0,1,0
13230,3445,161.51,Spain,Online Payment,Mobile,14,14,100.23,0,0,0
13231,3094,91.77,Portugal,Online Payment,Web,9,22,191.57,0,1,0
13232,1985,39.98,Portugal,Cash Withdrawal,Tablet,12,1,130.48,0,4,0
13233,109,432.65,United Kingdom,Online Payment,Web,22,22,269.73,0,0,0
13234,3199,123.31,Portugal,Card Payment,Mobile,20,26,138.81,0,1,0
13235,2184,275.05,United Kingdom,Online Payment,Tablet,17,22,115.03,0,2,0
13236,3630,248.03,Senegal,Transfer,Tablet,5,14,172.33,1,3,0
13237,226,141.79,Portugal,Cash Withdrawal,Tablet,9,28,78.66,0,3,0
13238,437,91.77,United Kingdom,Online Payment,Tablet,14,19,54.55,0,2,0
13239,2089,72.2,Spain,Transfer,Web,19,14,99.88,0,2,0
13240,2732,46.07,France,Cash Withdrawal,Mobile,18,4,129.56,0,2,0
13241,3361,56.97,United Kingdom,Card Payment,Tablet,21,19,56.85,1,1,0
13242,1353,236.78,France,Card Payment,Web,4,8,278.33,0,0,0
13243,3765,49.09,Portugal,Transfer,Mobile,22,20,77.64,0,0,0
13244,1430,143.33,Senegal,Cash Withdrawal,Mobile,6,3,98.02,0,2,0
13245,3947,111.82,Portugal,Cash Withdrawal,Mobile,4,23,317.8,0,1,0
13246,1775,550.93,Spain,Online Payment,Tablet,20,18,133.84,0,3,0
13247,648,83.02,Senegal,Card Payment,Mobile,7,22,169.05,0,1,0
13248,2082,226.73,Spain,Cash Withdrawal,Web,4,12,96.13,0,4,0
13249,1520,23.35,Senegal,Cash Withdrawal,Tablet,5,25,123.68,1,3,0
13250,800,544.23,Germany,Transfer,Mobile,22,31,45.19,1,1,1
13251,2595,236.74,Germany,Transfer,Tablet,12,34,337.04,1,4,0
13252,1762,88.51,Senegal,Transfer,Web,4,17,145.66,0,3,0
13253,312,264.95,United Kingdom,Online Payment,Tablet,21,19,214.85,1,2,0
13254,3371,96.96,Senegal,Online Payment,Mobile,15,1,107.08,0,1,0
13255,2551,47.55,Portugal,Cash Withdrawal,Tablet,22,23,348.43,0,2,0
13256,2579,129.62,Senegal,Card Payment,Tablet,16,17,52.66,0,3,0
13257,3492,14.32,France,Online Payment,Web,5,10,154.22,0,1,0
13258,3610,36.1,Spain,Transfer,Tablet,20,25,120.31,0,0,0
13259,2076,129.75,Portugal,Online Payment,Web,13,6,88.49,0,3,0
13260,3254,71.16,France,Transfer,Tablet,10,24,41.61,0,2,0
13261,2011,39.49,Senegal,Transfer,Web,18,18,117.19,0,3,0
13262,3061,227.65,United Kingdom,Transfer,Web,3,8,220.56,0,1,0
13263,2454,155.63,Portugal,Online Payment,Web,15,31,369.45,0,3,0
13264,1716,81.18,Portugal,Card Payment,Tablet,11,19,90.4,0,3,0
13265,2169,174.76,United Kingdom,Online Payment,Tablet,7,20,74.56,0,1,0
13266,1916,51.19,United Kingdom,Card Payment,Web,9,6,160.33,0,1,0
13267,804,44.18,Portugal,Transfer,Web,21,27,294.81,0,5,0
13268,2509,162.5,Senegal,Card Payment,Mobile,17,6,174.71,1,2,0
13269,272,290.35,United Kingdom,Transfer,Tablet,8,22,42.78,0,0,0
13270,222,532.38,Germany,Cash Withdrawal,Tablet,1,16,122.0,1,3,0
13271,1876,207.9,France,Card Payment,Web,12,16,60.05,0,0,0
13272,3610,393.13,Senegal,Transfer,Tablet,13,23,103.81,0,0,1
13273,1524,84.47,Senegal,Card Payment,Tablet,12,29,230.09,0,1,0
13274,3658,386.43,France,Card Payment,Web,18,22,55.5,0,2,0
13275,3173,93.03,France,Transfer,Tablet,15,24,123.14,0,4,0
13276,2976,154.4,Spain,Card Payment,Tablet,14,13,123.12,0,1,0
13277,3974,244.48,United Kingdom,Transfer,Tablet,23,17,107.17,0,0,0
13278,3507,29.4,Senegal,Transfer,Web,19,35,158.32,0,1,0
13279,2044,44.93,Senegal,Card Payment,Mobile,5,36,60.54,0,1,0
13280,3202,16.07,Germany,Online Payment,Mobile,8,12,118.82,0,0,0
13281,1454,272.27,Portugal,Cash Withdrawal,Mobile,13,29,68.41,0,0,0
13282,3355,76.03,Spain,Transfer,Mobile,16,22,22.07,0,1,0
13283,2781,35.52,Portugal,Card Payment,Mobile,11,2,99.91,0,0,0
13284,2516,142.92,Spain,Card Payment,Mobile,2,34,43.76,0,2,1
13285,2289,66.04,Senegal,Online Payment,Web,21,16,112.29,0,1,0
13286,2235,169.14,Spain,Card Payment,Tablet,3,23,180.79,0,3,0
13287,3950,107.7,Germany,Card Payment,Web,7,6,106.8,0,2,0
13288,133,152.34,Senegal,Card Payment,Web,20,1,69.46,0,1,0
13289,3751,193.81,France,Transfer,Web,19,23,33.4,0,3,0
13290,225,93.2,Senegal,Online Payment,Mobile,10,30,124.62,0,3,0
13291,1755,66.63,France,Online Payment,Web,2,21,124.9,0,0,0
13292,1681,184.4,Spain,Transfer,Mobile,3,11,55.72,0,3,0
13293,1662,210.87,Senegal,Cash Withdrawal,Tablet,19,23,40.3,1,3,0
13294,1966,73.82,Portugal,Cash Withdrawal,Web,7,41,143.86,0,0,0
13295,2646,57.85,Germany,Online Payment,Tablet,5,13,399.73,0,2,0
13296,239,104.98,Portugal,Online Payment,Tablet,4,28,371.62,0,2,0
13297,1258,68.69,Senegal,Online Payment,Tablet,20,18,151.03,0,2,0
13298,2984,129.12,France,Card Payment,Mobile,7,27,54.44,0,1,0
13299,881,149.67,Germany,Online Payment,Web,1,22,516.38,1,2,0
13300,3556,19.94,United Kingdom,Cash Withdrawal,Mobile,6,17,54.15,0,2,0
13301,2780,74.86,Germany,Card Payment,Mobile,13,21,149.52,0,3,0
13302,2543,269.9,Germany,Transfer,Mobile,14,26,165.81,0,0,0
13303,3844,106.64,France,Transfer,Tablet,2,22,59.92,1,3,0
13304,2917,70.0,Senegal,Cash Withdrawal,Web,18,22,50.96,0,2,0
13305,1022,56.74,Senegal,Card Payment,Mobile,0,12,88.13,0,2,0
13306,3432,64.15,Spain,Card Payment,Web,6,31,132.01,0,1,0
13307,340,174.1,Senegal,Cash Withdrawal,Mobile,4,25,201.9,0,0,0
13308,3896,33.25,United Kingdom,Online Payment,Web,5,18,146.65,0,3,0
13309,1304,430.03,Spain,Cash Withdrawal,Mobile,12,31,130.22,1,1,0
13310,2033,65.57,France,Cash Withdrawal,Tablet,11,27,49.29,0,0,0
13311,1189,84.02,France,Cash Withdrawal,Tablet,4,24,161.82,1,2,0
13312,30,188.85,Spain,Cash Withdrawal,Web,12,8,195.77,0,0,0
13313,3559,397.78,France,Online Payment,Mobile,7,20,117.05,0,1,0
13314,432,114.05,France,Cash Withdrawal,Mobile,4,23,64.07,0,4,0
13315,2980,177.18,United Kingdom,Cash Withdrawal,Mobile,10,37,248.58,0,1,0
13316,1828,83.93,Portugal,Card Payment,Tablet,17,9,47.02,1,3,0
13317,847,146.76,United Kingdom,Online Payment,Mobile,18,30,218.39,0,2,0
13318,2251,98.61,France,Card Payment,Web,9,1,91.84,1,2,0
13319,3520,83.95,Portugal,Transfer,Tablet,5,30,546.1,0,0,0
13320,343,63.71,Germany,Cash Withdrawal,Mobile,3,22,400.87,0,1,0
13321,3791,55.95,Portugal,Card Payment,Mobile,13,27,112.0,0,1,0
13322,2804,523.67,Senegal,Online Payment,Mobile,5,16,32.08,0,2,0
13323,3048,76.29,Senegal,Transfer,Mobile,3,8,356.61,0,3,0
13324,3637,81.72,United Kingdom,Online Payment,Mobile,7,43,40.85,0,4,0
13325,2110,191.34,United Kingdom,Transfer,Tablet,13,27,164.16,0,2,0
13326,2879,113.27,France,Transfer,Web,1,16,46.9,0,2,0
13327,2707,161.59,Portugal,Online Payment,Tablet,21,22,143.48,0,4,0
13328,1925,305.92,Portugal,Cash Withdrawal,Mobile,3,13,112.16,0,1,0
13329,3074,57.44,Germany,Card Payment,Tablet,19,8,83.14,0,0,0
13330,250,106.84,United Kingdom,Online Payment,Mobile,10,12,194.78,0,2,0
13331,672,78.61,Germany,Card Payment,Mobile,0,38,142.51,0,2,0
13332,2986,40.69,Germany,Online Payment,Tablet,22,38,47.0,0,1,0
13333,3332,214.5,United Kingdom,Cash Withdrawal,Mobile,9,26,148.72,1,2,0
13334,947,153.14,Germany,Card Payment,Tablet,9,22,218.6,0,1,0
13335,2710,142.77,United Kingdom,Online Payment,Web,8,8,58.18,0,0,0
13336,902,34.22,United Kingdom,Cash Withdrawal,Tablet,19,40,160.3,0,1,0
13337,1294,68.55,United Kingdom,Card Payment,Web,11,23,123.37,0,1,0
13338,407,349.71,Senegal,Online Payment,Tablet,2,22,58.72,0,1,1
13339,3408,424.78,Spain,Transfer,Mobile,19,28,128.6,0,2,0
13340,1186,183.12,Germany,Online Payment,Mobile,19,21,120.21,0,1,0
13341,3884,237.32,United Kingdom,Transfer,Web,8,21,204.56,0,1,0
13342,2427,169.43,United Kingdom,Online Payment,Mobile,13,19,39.85,0,2,0
13343,1535,21.88,United Kingdom,Card Payment,Mobile,4,31,354.79,0,1,0
13344,2494,57.95,Portugal,Online Payment,Mobile,19,11,140.59,0,0,0
13345,3176,166.29,Spain,Transfer,Tablet,12,19,109.5,0,2,0
13346,561,416.84,Spain,Cash Withdrawal,Tablet,0,33,221.31,0,2,0
13347,218,441.8,Spain,Cash Withdrawal,Mobile,9,18,147.91,1,1,0
13348,3387,479.08,France,Card Payment,Mobile,21,7,172.94,0,1,0
13349,3263,360.57,Senegal,Transfer,Mobile,12,13,69.6,0,1,0
13350,2206,207.67,Spain,Online Payment,Tablet,9,35,153.12,0,0,0
13351,2174,116.52,Germany,Online Payment,Mobile,8,12,61.22,0,0,0
13352,1457,186.45,Portugal,Transfer,Tablet,2,11,88.55,0,2,0
13353,336,236.77,Spain,Card Payment,Web,6,17,161.16,0,3,0
13354,3706,166.46,Germany,Card Payment,Web,13,5,212.02,0,3,0
13355,974,99.96,Germany,Cash Withdrawal,Tablet,23,1,308.3,0,1,0
13356,3653,61.28,Portugal,Online Payment,Tablet,8,17,128.31,0,0,0
13357,2932,103.21,Senegal,Card Payment,Web,14,6,248.07,1,0,0
13358,184,91.74,United Kingdom,Transfer,Tablet,1,17,121.76,0,2,0
13359,3639,132.25,Portugal,Card Payment,Web,3,23,114.16,0,1,0
13360,421,448.06,Senegal,Cash Withdrawal,Mobile,21,21,60.49,0,4,0
13361,1754,59.96,United Kingdom,Online Payment,Mobile,17,18,71.62,0,2,0
13362,578,135.4,Spain,Cash Withdrawal,Mobile,2,27,213.15,0,0,0
13363,3023,124.43,Portugal,Online Payment,Tablet,1,23,106.77,0,2,0
13364,1388,107.4,Portugal,Online Payment,Tablet,7,23,202.9,0,0,0
13365,3890,81.4,United Kingdom,Card Payment,Web,7,34,41.78,1,3,0
13366,656,38.73,Germany,Cash Withdrawal,Mobile,0,12,141.01,0,2,0
13367,3444,493.34,France,Card Payment,Web,6,37,131.55,0,0,1
13368,3732,33.94,Senegal,Cash Withdrawal,Mobile,22,13,172.65,0,1,0
13369,2921,195.79,Portugal,Cash Withdrawal,Tablet,20,50,49.35,0,2,0
13370,3879,24.84,Germany,Card Payment,Mobile,21,31,117.13,0,0,0
13371,3602,40.7,France,Transfer,Web,11,5,73.84,0,1,0
13372,3011,61.93,Spain,Card Payment,Mobile,22,26,80.79,1,2,0
13373,557,85.45,Senegal,Online Payment,Mobile,19,27,75.89,0,3,0
13374,2412,94.92,United Kingdom,Online Payment,Mobile,17,1,40.42,1,1,0
13375,251,109.91,France,Card Payment,Web,3,1,62.81,0,0,0
13376,3394,36.07,Portugal,Cash Withdrawal,Mobile,13,13,29.33,0,2,0
13377,2046,72.61,Senegal,Online Payment,Web,18,33,89.91,0,1,0
13378,759,175.01,United Kingdom,Card Payment,Mobile,15,1,82.4,0,1,0
13379,994,148.75,France,Online Payment,Tablet,20,28,253.4,0,2,0
13380,2636,208.98,Germany,Card Payment,Mobile,11,20,36.96,0,1,0
13381,1190,285.01,Senegal,Online Payment,Tablet,22,37,110.44,0,0,0
13382,958,147.19,Senegal,Cash Withdrawal,Web,4,22,82.98,0,1,0
13383,1552,80.91,Portugal,Online Payment,Tablet,14,21,112.18,0,3,0
13384,1317,566.03,Portugal,Cash Withdrawal,Mobile,2,33,134.35,0,2,0
13385,1560,161.07,Spain,Card Payment,Mobile,11,19,106.73,0,5,1
13386,2615,97.12,United Kingdom,Transfer,Web,4,50,60.92,0,0,0
13387,2465,109.54,Spain,Online Payment,Tablet,18,30,95.7,0,1,0
13388,3682,237.68,Germany,Online Payment,Tablet,13,26,380.08,0,3,0
13389,42,221.1,Senegal,Online Payment,Tablet,5,16,273.61,0,2,0
13390,1640,42.33,Senegal,Cash Withdrawal,Mobile,7,2,238.52,0,1,0
13391,2632,309.39,Germany,Cash Withdrawal,Tablet,1,29,60.56,0,3,0
13392,3586,104.32,Germany,Card Payment,Mobile,17,17,140.45,0,1,0
13393,977,68.7,Senegal,Card Payment,Mobile,11,7,67.56,0,0,0
13394,3534,156.0,Germany,Card Payment,Mobile,17,24,63.71,0,0,0
13395,2697,50.08,Germany,Cash Withdrawal,Tablet,0,16,267.54,0,1,0
13396,1419,63.23,Germany,Card Payment,Tablet,22,28,64.76,0,2,0
13397,3772,118.95,France,Card Payment,Mobile,6,9,43.5,0,1,0
13398,3375,47.27,France,Transfer,Tablet,20,5,97.12,0,1,0
13399,211,125.48,France,Cash Withdrawal,Web,2,16,93.47,0,2,0
13400,2294,337.34,United Kingdom,Cash Withdrawal,Web,5,30,71.99,0,2,0
13401,536,656.32,Senegal,Online Payment,Tablet,22,26,306.58,0,0,0
13402,3405,26.85,Portugal,Online Payment,Mobile,11,30,136.69,0,0,0
13403,3848,128.75,United Kingdom,Online Payment,Mobile,21,28,138.66,0,2,0
13404,2885,183.46,Germany,Online Payment,Web,15,3,181.81,1,2,0
13405,1185,43.07,Portugal,Online Payment,Tablet,17,32,127.24,0,3,0
13406,1213,89.74,Spain,Online Payment,Web,3,38,35.44,0,2,0
13407,2442,199.66,Spain,Card Payment,Mobile,10,37,80.89,0,2,0
13408,1730,155.91,Portugal,Online Payment,Tablet,7,34,112.13,0,2,0
13409,3809,111.29,France,Card Payment,Mobile,14,28,137.59,0,2,0
13410,2587,160.74,France,Card Payment,Tablet,1,3,108.02,0,1,0
13411,2046,176.44,Spain,Transfer,Tablet,23,17,61.74,0,2,0
13412,1362,129.37,Spain,Online Payment,Tablet,7,19,21.28,0,0,0
13413,310,39.48,Germany,Card Payment,Tablet,1,16,145.04,0,3,0
13414,376,22.13,United Kingdom,Card Payment,Mobile,16,44,126.22,1,2,0
13415,676,108.37,Germany,Transfer,Tablet,6,26,141.87,0,3,0
13416,2245,112.49,France,Cash Withdrawal,Tablet,19,12,164.02,0,2,0
13417,195,227.73,United Kingdom,Transfer,Mobile,23,33,122.94,0,4,0
13418,580,204.98,United Kingdom,Transfer,Web,21,12,144.92,0,1,0
13419,3020,91.71,France,Cash Withdrawal,Mobile,11,29,136.85,0,0,0
13420,3591,117.53,Senegal,Cash Withdrawal,Tablet,14,30,123.43,0,1,0
13421,3277,148.54,France,Card Payment,Tablet,14,28,69.61,0,3,0
13422,2036,58.29,Germany,Online Payment,Mobile,11,25,149.29,0,2,0
13423,3020,84.71,Senegal,Online Payment,Mobile,16,14,70.43,0,1,0
13424,330,376.97,France,Online Payment,Web,2,16,125.75,1,3,1
13425,1726,283.37,France,Cash Withdrawal,Web,12,36,52.28,0,2,0
13426,1269,127.96,Portugal,Online Payment,Mobile,21,15,180.78,0,0,0
13427,3366,57.07,United Kingdom,Online Payment,Tablet,8,14,75.73,0,1,0
13428,704,187.46,France,Cash Withdrawal,Mobile,10,13,54.32,0,2,0
13429,1070,45.73,France,Card Payment,Mobile,20,6,90.96,0,1,0
13430,732,39.16,Germany,Online Payment,Mobile,12,8,182.92,0,5,0
13431,3680,74.89,Senegal,Cash Withdrawal,Mobile,2,19,120.2,1,1,0
13432,2651,202.93,France,Card Payment,Tablet,0,30,76.59,0,1,0
13433,138,128.14,Senegal,Transfer,Web,19,5,78.88,1,1,0
13434,1204,116.85,Portugal,Online Payment,Web,19,23,107.44,1,1,0
13435,901,107.11,United Kingdom,Cash Withdrawal,Mobile,20,1,86.7,0,0,0
13436,1691,530.04,Spain,Card Payment,Web,4,19,97.02,0,2,0
13437,351,182.22,France,Online Payment,Mobile,19,28,292.26,0,1,0
13438,701,56.62,United Kingdom,Card Payment,Tablet,17,24,147.76,0,2,0
13439,824,346.49,France,Transfer,Mobile,1,6,87.36,0,2,0
13440,2689,57.84,Spain,Online Payment,Web,2,54,84.05,0,1,0
13441,2894,262.76,France,Card Payment,Tablet,4,18,79.5,0,2,0
13442,1818,41.95,Spain,Online Payment,Mobile,21,17,75.78,0,0,0
13443,113,36.18,Senegal,Card Payment,Mobile,17,43,132.14,1,0,0
13444,2973,93.58,United Kingdom,Card Payment,Web,5,19,226.32,0,3,0
13445,2243,265.29,Portugal,Transfer,Mobile,22,24,22.31,0,0,0
13446,2092,131.97,Spain,Online Payment,Tablet,7,17,148.51,0,0,0
13447,567,65.68,Portugal,Cash Withdrawal,Tablet,12,23,53.63,0,2,0
13448,3611,132.04,Germany,Card Payment,Tablet,10,5,78.91,0,2,0
13449,3733,171.64,France,Card Payment,Mobile,16,3,152.04,0,0,0
13450,42,98.52,Spain,Card Payment,Web,15,11,107.27,0,0,0
13451,1336,240.77,Senegal,Online Payment,Tablet,7,32,61.73,0,1,0
13452,625,395.12,Spain,Transfer,Mobile,10,19,152.37,1,3,0
13453,1603,492.18,United Kingdom,Transfer,Mobile,4,40,54.28,0,0,0
13454,2126,358.15,Portugal,Cash Withdrawal,Mobile,1,38,144.36,0,2,0
13455,1117,117.28,United Kingdom,Cash Withdrawal,Web,22,18,109.89,0,2,0
13456,182,221.07,United Kingdom,Transfer,Web,10,31,110.35,0,2,0
13457,3587,214.48,Spain,Online Payment,Mobile,14,21,141.02,0,0,0
13458,993,87.59,Portugal,Transfer,Tablet,2,22,149.39,1,0,0
13459,2089,10.73,Portugal,Transfer,Tablet,18,24,204.45,0,2,0
13460,148,215.37,Germany,Cash Withdrawal,Mobile,16,34,269.85,0,0,0
13461,2643,139.79,Germany,Transfer,Tablet,1,25,149.95,0,2,0
13462,345,138.59,Portugal,Online Payment,Web,3,38,200.62,0,3,0
13463,1500,148.17,Germany,Online Payment,Mobile,23,26,95.43,0,3,0
13464,199,219.18,Germany,Transfer,Web,14,1,75.98,0,1,0
13465,2929,262.2,Portugal,Online Payment,Tablet,13,19,248.0,0,1,0
13466,3013,65.4,Spain,Online Payment,Mobile,4,31,117.13,0,3,0
13467,2718,167.03,Germany,Card Payment,Web,0,15,50.3,0,2,0
13468,390,98.16,Spain,Transfer,Web,0,9,78.71,0,1,0
13469,3390,71.67,Portugal,Transfer,Web,22,26,112.25,0,0,0
13470,3156,22.73,Senegal,Online Payment,Mobile,20,4,102.74,1,4,0
13471,3790,61.45,United Kingdom,Cash Withdrawal,Tablet,4,19,97.59,0,2,0
13472,1048,81.28,Germany,Transfer,Web,9,19,147.43,0,2,0
13473,662,94.55,Spain,Transfer,Web,5,3,55.88,0,1,0
13474,33,145.88,France,Online Payment,Mobile,5,22,128.47,1,1,0
13475,1241,87.18,Spain,Cash Withdrawal,Mobile,20,21,111.91,1,1,0
13476,888,276.62,United Kingdom,Cash Withdrawal,Web,12,16,88.09,0,0,0
13477,694,201.61,Germany,Transfer,Tablet,2,14,461.8,0,0,0
13478,1131,198.62,France,Transfer,Web,14,24,96.22,0,0,0
13479,1088,150.85,Spain,Cash Withdrawal,Web,7,26,50.17,0,2,0
13480,1571,122.6,France,Transfer,Web,21,20,502.32,0,2,0
13481,3268,343.53,Spain,Cash Withdrawal,Tablet,5,18,62.76,0,3,0
13482,1431,235.21,Spain,Online Payment,Web,11,13,137.78,0,3,0
13483,3168,87.47,Portugal,Cash Withdrawal,Mobile,7,19,100.36,0,0,1
13484,3280,212.3,Portugal,Online Payment,Mobile,1,42,34.84,0,0,0
13485,3145,124.92,Spain,Card Payment,Web,18,28,498.64,0,1,0
13486,753,261.13,Portugal,Cash Withdrawal,Tablet,8,19,89.73,0,0,0
13487,2760,102.95,United Kingdom,Cash Withdrawal,Web,22,25,50.72,0,1,0
13488,1368,55.8,Germany,Online Payment,Mobile,5,7,134.84,0,2,0
13489,2651,143.48,France,Cash Withdrawal,Tablet,10,16,97.97,1,1,0
13490,2992,91.16,Senegal,Online Payment,Mobile,4,1,117.63,0,1,0
13491,2895,250.22,Spain,Cash Withdrawal,Web,19,21,122.51,0,0,0
13492,2560,49.65,United Kingdom,Card Payment,Tablet,9,29,252.66,0,2,0
13493,1313,87.56,Portugal,Cash Withdrawal,Tablet,20,19,211.16,0,1,0
13494,165,89.59,United Kingdom,Online Payment,Web,8,13,86.4,0,1,0
13495,2099,137.87,Germany,Cash Withdrawal,Web,19,22,187.12,1,1,0
13496,710,218.5,France,Transfer,Tablet,19,13,179.79,0,3,0
13497,3027,270.19,United Kingdom,Online Payment,Web,16,12,108.32,1,0,0
13498,1293,211.02,United Kingdom,Card Payment,Tablet,16,4,220.2,0,1,0
13499,253,330.66,Spain,Online Payment,Web,19,25,190.39,0,2,0
13500,1906,276.11,United Kingdom,Card Payment,Mobile,9,24,131.31,0,0,0
13501,1745,115.62,Spain,Card Payment,Tablet,21,29,49.31,1,1,0
13502,1544,26.32,Germany,Transfer,Mobile,8,20,251.36,0,4,0
13503,2468,81.53,France,Cash Withdrawal,Mobile,15,24,148.21,0,3,0
13504,2065,44.99,United Kingdom,Online Payment,Web,5,33,41.46,0,1,0
13505,1519,94.1,United Kingdom,Card Payment,Web,12,17,54.22,0,2,0
13506,2516,58.64,Spain,Transfer,Tablet,15,14,177.55,1,3,0
13507,3291,85.48,Portugal,Transfer,Mobile,8,13,47.1,0,2,0
13508,236,165.01,United Kingdom,Transfer,Web,7,20,164.47,0,1,0
13509,2557,111.55,Spain,Online Payment,Tablet,23,3,72.75,0,3,0
13510,2075,119.46,United Kingdom,Online Payment,Tablet,16,4,109.56,0,0,0
13511,3881,115.19,United Kingdom,Online Payment,Web,0,3,58.58,0,1,0
13512,3499,129.68,United Kingdom,Online Payment,Web,19,30,107.01,0,1,0
13513,1477,31.6,Portugal,Transfer,Tablet,19,20,238.66,0,2,0
13514,2765,69.65,Senegal,Card Payment,Tablet,8,35,215.54,1,2,0
13515,3447,262.76,United Kingdom,Online Payment,Tablet,11,30,218.89,0,3,0
13516,333,37.27,Portugal,Transfer,Web,16,19,138.26,1,0,0
13517,809,52.84,Senegal,Online Payment,Web,17,19,54.54,1,4,0
13518,3704,64.03,United Kingdom,Cash Withdrawal,Mobile,12,11,64.66,1,1,0
13519,1129,72.66,France,Card Payment,Mobile,15,7,71.72,0,1,0
13520,2061,520.41,United Kingdom,Online Payment,Mobile,23,21,58.52,0,1,0
13521,3280,122.96,Portugal,Online Payment,Tablet,23,17,143.87,0,0,0
13522,1814,143.27,Senegal,Card Payment,Mobile,22,17,164.17,0,4,0
13523,934,515.68,United Kingdom,Cash Withdrawal,Tablet,0,1,214.27,0,0,0
13524,3038,294.11,Senegal,Cash Withdrawal,Web,23,8,138.14,0,4,0
13525,3377,81.17,Portugal,Online Payment,Mobile,1,9,97.81,0,1,0
13526,626,181.23,Senegal,Card Payment,Tablet,3,31,163.79,0,3,0
13527,591,89.73,United Kingdom,Online Payment,Tablet,1,28,233.68,0,0,0
13528,2,18.52,France,Transfer,Web,1,1,122.27,0,1,0
13529,128,245.52,Senegal,Card Payment,Tablet,17,15,41.22,0,2,0
13530,1617,31.37,Senegal,Online Payment,Mobile,16,24,92.38,0,1,0
13531,165,310.47,France,Online Payment,Mobile,4,21,209.2,0,0,0
13532,1803,21.37,Spain,Online Payment,Web,0,22,203.1,0,0,0
13533,450,232.81,Spain,Transfer,Mobile,3,20,52.14,1,4,0
13534,3894,175.98,United Kingdom,Cash Withdrawal,Mobile,10,6,100.03,0,4,0
13535,36,149.46,Portugal,Transfer,Web,21,24,101.17,0,0,0
13536,460,176.54,Portugal,Transfer,Web,23,25,135.93,0,0,0
13537,3421,169.5,United Kingdom,Cash Withdrawal,Web,16,17,86.28,0,1,0
13538,2544,193.53,France,Online Payment,Tablet,21,1,156.46,0,3,0
13539,342,494.44,Germany,Card Payment,Web,22,28,128.68,0,0,0
13540,1610,58.53,Portugal,Transfer,Mobile,13,9,81.96,0,1,0
13541,3016,91.97,Senegal,Transfer,Tablet,14,22,88.24,0,2,0
13542,3174,146.72,Germany,Online Payment,Tablet,22,29,106.48,0,4,0
13543,2129,253.71,Portugal,Cash Withdrawal,Tablet,10,22,71.01,1,2,0
13544,747,230.56,Germany,Transfer,Web,14,21,103.89,0,0,0
13545,2090,69.9,United Kingdom,Cash Withdrawal,Mobile,9,23,77.77,1,4,0
13546,1089,120.04,Senegal,Online Payment,Tablet,6,6,113.35,0,0,0
13547,1087,60.26,France,Card Payment,Tablet,22,22,47.07,0,0,0
13548,2688,117.91,France,Card Payment,Mobile,5,46,214.87,0,0,0
13549,1361,640.95,United Kingdom,Cash Withdrawal,Mobile,5,20,185.88,0,3,0
13550,3810,173.68,Senegal,Transfer,Web,7,22,61.71,0,2,1
13551,3350,74.05,Portugal,Cash Withdrawal,Tablet,18,20,99.38,0,0,0
13552,3060,174.12,Germany,Card Payment,Tablet,8,23,116.4,0,0,0
13553,3368,82.48,Portugal,Online Payment,Mobile,21,31,103.08,0,1,0
13554,1914,54.24,Germany,Transfer,Web,20,41,87.8,0,1,0
13555,3627,206.22,Spain,Cash Withdrawal,Tablet,4,39,95.05,0,1,0
13556,2104,103.72,Senegal,Transfer,Tablet,21,20,64.79,1,0,0
13557,451,106.47,France,Transfer,Tablet,15,26,100.53,0,0,0
13558,1386,28.31,United Kingdom,Online Payment,Web,20,7,87.37,0,2,0
13559,1951,646.84,Germany,Card Payment,Mobile,5,16,169.11,0,0,0
13560,1312,95.1,Spain,Transfer,Tablet,0,27,87.36,0,0,0
13561,1278,69.63,Portugal,Card Payment,Web,15,13,137.65,0,2,0
13562,3062,115.83,Senegal,Cash Withdrawal,Tablet,5,20,95.17,0,3,0
13563,2542,140.69,Senegal,Online Payment,Tablet,6,30,83.02,0,0,0
13564,1892,112.65,Germany,Transfer,Web,21,32,276.1,1,1,0
13565,186,56.14,Spain,Cash Withdrawal,Tablet,6,9,115.38,1,2,0
13566,6,69.35,Spain,Cash Withdrawal,Mobile,16,27,38.2,0,1,0
13567,372,88.1,France,Cash Withdrawal,Mobile,18,11,134.91,0,3,0
13568,3515,119.5,Senegal,Card Payment,Tablet,15,16,191.55,1,1,0
13569,3896,129.62,Spain,Transfer,Mobile,2,35,121.12,0,0,0
13570,288,254.64,France,Online Payment,Mobile,3,20,126.85,1,1,0
13571,1560,198.52,Portugal,Cash Withdrawal,Tablet,11,19,155.03,0,2,0
13572,2799,189.36,Senegal,Online Payment,Tablet,1,1,195.02,0,0,0
13573,3734,143.88,United Kingdom,Online Payment,Web,7,33,101.06,0,2,0
13574,1774,465.7,France,Cash Withdrawal,Mobile,3,17,217.48,0,2,0
13575,2653,202.78,France,Transfer,Web,7,31,189.63,0,2,0
13576,221,83.63,Portugal,Cash Withdrawal,Web,22,19,50.0,0,3,0
13577,3676,244.6,United Kingdom,Card Payment,Tablet,4,37,180.13,0,0,0
13578,1756,54.41,Senegal,Transfer,Web,15,20,114.31,0,0,0
13579,3503,214.63,United Kingdom,Cash Withdrawal,Mobile,10,19,83.33,0,5,0
13580,1951,231.07,Portugal,Card Payment,Mobile,15,16,189.33,0,2,0
13581,708,264.45,Senegal,Online Payment,Tablet,16,19,47.88,0,4,0
13582,2016,12.7,Portugal,Transfer,Tablet,14,13,60.42,0,4,0
13583,1590,47.39,United Kingdom,Card Payment,Mobile,20,20,71.34,0,0,0
13584,3821,80.34,France,Cash Withdrawal,Web,16,16,113.17,0,2,0
13585,1782,107.18,Germany,Transfer,Web,7,12,144.07,0,0,0
13586,2253,50.11,France,Transfer,Mobile,18,19,119.05,0,0,1
13587,290,108.77,United Kingdom,Cash Withdrawal,Tablet,11,12,93.85,0,0,0
13588,3237,353.04,Spain,Transfer,Mobile,10,1,100.69,0,1,0
13589,2810,299.18,Senegal,Card Payment,Web,22,25,133.46,1,1,0
13590,1373,183.81,Senegal,Online Payment,Tablet,15,7,159.1,0,3,0
13591,3864,43.94,Senegal,Card Payment,Tablet,17,24,155.87,0,1,0
13592,2068,70.97,Germany,Card Payment,Tablet,19,10,68.89,0,4,0
13593,3756,78.69,Senegal,Transfer,Tablet,17,30,119.0,0,0,0
13594,416,94.7,Portugal,Transfer,Mobile,1,7,98.83,0,2,1
13595,1620,175.14,Senegal,Transfer,Mobile,15,12,93.76,0,4,0
13596,3529,151.61,Senegal,Transfer,Web,18,13,125.71,0,2,0
13597,3241,121.53,Portugal,Card Payment,Web,19,27,71.95,0,5,0
13598,1197,168.73,Germany,Online Payment,Tablet,0,11,264.7,0,3,0
13599,641,40.59,France,Card Payment,Tablet,7,38,137.23,0,1,0
13600,2611,536.23,Portugal,Card Payment,Web,8,29,134.01,0,0,1
13601,2023,104.48,Spain,Card Payment,Tablet,8,18,110.89,0,1,0
13602,2537,130.19,Portugal,Transfer,Mobile,5,34,93.27,0,1,0
13603,2734,58.06,Senegal,Cash Withdrawal,Tablet,18,14,224.83,0,3,0
13604,1345,16.14,United Kingdom,Card Payment,Mobile,9,29,122.87,0,5,0
13605,15,111.57,Senegal,Card Payment,Mobile,20,31,217.66,0,0,0
13606,3231,262.63,United Kingdom,Card Payment,Mobile,21,26,35.31,1,0,0
13607,1005,89.34,United Kingdom,Transfer,Web,21,30,190.91,0,3,0
13608,687,223.71,Portugal,Transfer,Web,11,24,215.63,0,0,0
13609,1962,214.9,United Kingdom,Cash Withdrawal,Tablet,8,31,175.65,0,1,0
13610,2252,81.99,France,Online Payment,Web,5,32,64.48,0,2,0
13611,3200,435.0,Spain,Cash Withdrawal,Tablet,12,33,79.84,1,2,0
13612,3406,54.0,Germany,Cash Withdrawal,Tablet,17,17,91.22,0,0,0
13613,914,707.12,Spain,Transfer,Tablet,0,17,142.35,1,1,0
13614,3978,48.66,France,Online Payment,Tablet,4,25,30.27,0,1,0
13615,3741,32.75,Spain,Card Payment,Mobile,10,35,74.35,0,1,0
13616,493,739.93,Germany,Transfer,Mobile,4,22,113.6,0,1,1
13617,1993,122.34,Senegal,Card Payment,Web,12,16,143.75,0,1,0
13618,858,83.31,Senegal,Card Payment,Web,15,15,109.88,1,2,0
13619,3019,149.59,Senegal,Card Payment,Web,7,19,150.64,0,2,0
13620,599,66.43,Germany,Online Payment,Web,20,26,54.33,0,3,0
13621,512,292.0,Portugal,Transfer,Web,8,14,116.04,1,2,0
13622,580,31.51,Portugal,Transfer,Mobile,8,28,304.56,0,1,0
13623,2480,126.34,United Kingdom,Cash Withdrawal,Mobile,1,34,142.93,0,2,0
13624,1205,132.21,France,Online Payment,Tablet,22,13,118.58,0,1,0
13625,571,451.02,Germany,Transfer,Tablet,7,18,98.97,0,1,0
13626,829,122.28,France,Cash Withdrawal,Web,5,18,98.77,1,5,0
13627,1907,263.32,United Kingdom,Card Payment,Tablet,22,25,55.07,0,1,0
13628,1511,71.57,Senegal,Online Payment,Tablet,4,13,67.6,0,3,0
13629,3744,131.57,France,Card Payment,Web,3,17,91.16,0,0,0
13630,1724,145.24,Spain,Transfer,Web,18,33,54.32,0,4,0
13631,3595,80.56,United Kingdom,Online Payment,Web,17,16,28.38,0,1,0
13632,2063,79.16,France,Card Payment,Web,21,28,76.3,0,1,0
13633,2900,84.81,France,Card Payment,Web,10,5,66.42,0,2,0
13634,2576,184.28,Germany,Cash Withdrawal,Tablet,21,26,198.44,0,0,0
13635,2747,95.48,Germany,Card Payment,Web,6,26,105.8,0,5,0
13636,1712,37.18,France,Card Payment,Web,8,10,57.73,0,1,0
13637,2940,167.96,Germany,Online Payment,Web,7,8,109.07,1,0,0
13638,598,50.39,Senegal,Transfer,Web,4,26,129.17,0,1,0
13639,1862,59.76,France,Cash Withdrawal,Tablet,15,22,119.49,0,1,0
13640,429,77.56,Germany,Cash Withdrawal,Tablet,2,6,57.93,0,1,0
13641,1025,82.84,Germany,Cash Withdrawal,Tablet,12,30,159.33,1,1,0
13642,3795,298.43,Senegal,Cash Withdrawal,Web,23,14,216.28,0,1,0
13643,429,102.34,United Kingdom,Online Payment,Tablet,13,26,180.95,1,1,0
13644,622,35.19,Spain,Transfer,Mobile,8,17,162.93,1,3,0
13645,245,109.05,Spain,Online Payment,Tablet,16,12,86.66,0,0,0
13646,631,106.19,France,Cash Withdrawal,Mobile,8,15,55.89,0,3,0
13647,913,26.37,Portugal,Transfer,Tablet,17,35,60.37,0,2,0
13648,2841,620.24,Spain,Online Payment,Mobile,5,13,101.88,0,0,0
13649,2601,19.0,Spain,Online Payment,Mobile,19,25,98.71,0,1,0
13650,996,295.77,Spain,Cash Withdrawal,Web,11,20,392.64,0,1,0
13651,3944,159.2,Spain,Transfer,Web,8,22,104.58,0,7,0
13652,179,43.5,Senegal,Cash Withdrawal,Tablet,0,8,147.62,0,3,0
13653,1799,236.42,Germany,Card Payment,Tablet,3,22,301.69,0,1,0
13654,1160,27.98,Spain,Cash Withdrawal,Tablet,23,23,73.5,0,1,0
13655,2802,107.77,Germany,Transfer,Mobile,13,27,239.28,0,0,0
13656,1708,52.26,Spain,Transfer,Web,7,30,89.85,0,1,0
13657,77,129.44,Germany,Cash Withdrawal,Tablet,13,1,72.01,0,1,0
13658,566,176.77,Senegal,Cash Withdrawal,Web,4,7,85.9,0,1,0
13659,1561,66.23,Portugal,Online Payment,Web,8,28,141.2,0,3,0
13660,3717,627.32,Spain,Online Payment,Tablet,19,38,215.03,0,2,0
13661,3790,138.78,Senegal,Card Payment,Web,12,45,37.2,0,0,0
13662,3521,55.82,Portugal,Cash Withdrawal,Tablet,5,11,133.55,1,3,0
13663,3009,104.28,Senegal,Transfer,Web,15,17,104.98,1,2,0
13664,89,410.1,United Kingdom,Transfer,Mobile,12,28,70.92,0,0,1
13665,2956,133.29,Spain,Card Payment,Tablet,20,4,96.61,1,0,0
13666,1846,164.95,Portugal,Card Payment,Web,13,20,143.79,0,0,0
13667,2089,150.25,Spain,Card Payment,Tablet,20,2,124.44,1,2,0
13668,2917,84.18,Senegal,Card Payment,Web,23,27,101.3,1,0,0
13669,1288,116.79,United Kingdom,Card Payment,Web,15,33,76.47,0,2,0
13670,951,156.29,Spain,Online Payment,Mobile,9,26,109.68,0,3,0
13671,1309,432.05,Germany,Transfer,Mobile,15,13,185.04,0,3,0
13672,286,74.91,Spain,Transfer,Mobile,16,17,79.03,0,2,0
13673,2989,233.02,Germany,Cash Withdrawal,Mobile,10,23,29.77,0,0,0
13674,2230,338.08,Germany,Cash Withdrawal,Tablet,5,15,86.45,0,2,0
13675,3790,212.62,Spain,Online Payment,Tablet,18,12,198.73,0,1,0
13676,1378,379.54,United Kingdom,Transfer,Mobile,14,11,191.49,1,3,0
13677,3418,163.01,Senegal,Online Payment,Tablet,8,39,38.57,0,2,0
13678,1364,94.83,Spain,Transfer,Tablet,12,15,167.99,0,4,0
13679,1271,89.52,Portugal,Cash Withdrawal,Tablet,10,24,77.17,0,2,0
13680,174,139.88,United Kingdom,Transfer,Web,11,23,88.5,0,0,0
13681,2759,46.46,Portugal,Cash Withdrawal,Tablet,19,30,172.34,1,0,0
13682,1378,44.51,Portugal,Card Payment,Mobile,22,27,119.11,0,2,0
13683,323,268.19,Senegal,Online Payment,Tablet,5,27,93.47,0,1,0
13684,1439,175.64,Spain,Cash Withdrawal,Web,3,19,82.69,0,1,0
13685,520,108.91,Germany,Online Payment,Web,18,15,81.77,0,3,0
13686,3514,44.94,Portugal,Card Payment,Tablet,16,3,226.51,0,3,0
13687,18,115.81,France,Cash Withdrawal,Web,23,21,74.68,0,1,0
13688,760,63.89,Portugal,Cash Withdrawal,Web,19,3,52.36,0,1,0
13689,1437,202.32,Senegal,Cash Withdrawal,Tablet,20,16,97.94,0,4,0
13690,1269,165.05,Senegal,Card Payment,Mobile,17,21,424.27,0,3,0
13691,391,197.34,Germany,Card Payment,Web,7,25,73.49,0,1,0
13692,3567,96.15,Spain,Cash Withdrawal,Mobile,8,6,103.69,0,1,0
13693,2297,161.23,France,Cash Withdrawal,Web,12,13,87.45,0,0,0
13694,3603,95.16,Spain,Transfer,Web,1,6,146.38,0,2,0
13695,3256,183.11,Portugal,Online Payment,Tablet,4,26,82.88,0,2,0
13696,3618,274.66,Senegal,Online Payment,Web,15,12,135.2,0,2,0
13697,2155,42.62,Germany,Card Payment,Web,9,25,66.56,0,2,0
13698,2723,164.86,Senegal,Online Payment,Tablet,6,14,144.28,0,4,0
13699,1964,97.06,Portugal,Cash Withdrawal,Tablet,17,19,205.78,0,0,0
13700,784,57.84,France,Card Payment,Web,1,7,120.42,1,0,0
13701,3153,318.48,Spain,Cash Withdrawal,Tablet,6,36,169.7,0,1,0
13702,3049,382.56,Senegal,Online Payment,Web,8,24,177.12,0,0,0
13703,1080,202.13,Portugal,Transfer,Mobile,6,15,206.49,0,3,0
13704,1707,142.49,Portugal,Cash Withdrawal,Mobile,9,13,160.12,0,0,0
13705,1749,150.84,Spain,Transfer,Mobile,3,33,166.33,0,4,0
13706,2878,16.01,Spain,Cash Withdrawal,Tablet,12,23,130.53,1,0,0
13707,2566,43.37,Senegal,Cash Withdrawal,Web,17,26,56.23,0,5,0
13708,2093,169.23,France,Online Payment,Web,19,16,27.05,0,1,0
13709,3314,107.05,Senegal,Cash Withdrawal,Mobile,22,27,117.92,0,2,0
13710,1982,124.64,France,Cash Withdrawal,Web,6,27,181.8,0,1,0
13711,1240,74.88,United Kingdom,Cash Withdrawal,Mobile,18,13,87.09,0,2,0
13712,785,100.29,Senegal,Cash Withdrawal,Mobile,20,18,144.39,0,1,0
13713,1722,168.58,Portugal,Cash Withdrawal,Web,21,1,120.48,1,2,0
13714,1937,42.33,Senegal,Online Payment,Mobile,7,19,78.41,0,1,0
13715,2757,246.01,Senegal,Online Payment,Tablet,11,17,40.16,0,2,0
13716,507,120.37,France,Card Payment,Tablet,16,27,145.91,1,1,0
13717,2680,66.25,Spain,Online Payment,Tablet,10,1,212.34,0,3,0
13718,2966,190.44,United Kingdom,Cash Withdrawal,Mobile,13,17,133.91,0,1,0
13719,1520,195.89,Portugal,Card Payment,Web,2,26,27.73,0,1,0
13720,2270,241.84,Spain,Transfer,Mobile,2,2,74.67,0,3,0
13721,492,69.07,Germany,Transfer,Mobile,12,22,224.89,0,2,0
13722,3640,252.8,Portugal,Card Payment,Mobile,1,23,82.73,0,2,0
13723,2491,287.11,United Kingdom,Card Payment,Tablet,20,13,72.94,0,2,0
13724,2544,128.19,United Kingdom,Card Payment,Mobile,6,28,100.71,0,2,0
13725,1507,63.99,Germany,Online Payment,Mobile,12,9,88.72,0,1,0
13726,1160,89.81,Senegal,Transfer,Mobile,12,4,215.39,0,0,0
13727,3898,56.92,France,Card Payment,Tablet,8,23,89.67,0,3,0
13728,2887,53.28,Portugal,Online Payment,Mobile,23,8,158.96,0,3,0
13729,2091,720.82,France,Transfer,Tablet,16,34,84.27,0,2,0
13730,1947,155.03,Germany,Transfer,Mobile,2,30,65.45,0,2,0
13731,2645,100.95,Senegal,Cash Withdrawal,Mobile,22,46,154.56,0,1,0
13732,137,200.82,Spain,Online Payment,Mobile,21,11,190.2,1,1,0
13733,3381,153.41,Germany,Card Payment,Tablet,4,10,50.93,1,0,0
13734,291,120.29,France,Transfer,Web,1,25,72.62,0,0,0
13735,2403,38.65,Spain,Transfer,Mobile,2,14,166.23,0,6,0
13736,2877,1282.6,Portugal,Cash Withdrawal,Web,21,29,171.45,0,0,0
13737,3946,56.09,Portugal,Online Payment,Mobile,2,24,34.82,0,3,0
13738,3487,232.7,Germany,Card Payment,Web,23,22,38.86,0,1,0
13739,400,216.2,United Kingdom,Card Payment,Web,22,5,95.53,0,2,0
13740,816,86.68,Spain,Transfer,Mobile,17,27,115.92,1,2,0
13741,2783,134.98,France,Cash Withdrawal,Web,8,27,80.62,0,3,0
13742,2277,23.56,Senegal,Online Payment,Tablet,17,32,141.62,0,2,0
13743,220,32.23,Germany,Online Payment,Mobile,0,17,71.35,0,0,0
13744,2535,36.7,France,Transfer,Mobile,16,23,250.76,1,3,0
13745,3962,236.23,Senegal,Transfer,Mobile,11,33,81.92,0,1,0
13746,2810,279.47,Spain,Cash Withdrawal,Mobile,14,13,82.59,0,0,0
13747,2320,146.4,France,Transfer,Mobile,10,34,62.17,0,1,0
13748,1856,177.9,Spain,Card Payment,Tablet,11,22,69.05,1,3,0
13749,2434,74.04,Germany,Online Payment,Mobile,4,23,155.06,1,2,0
13750,3624,293.11,Germany,Card Payment,Web,18,17,71.07,0,0,0
13751,155,65.41,France,Online Payment,Tablet,22,22,171.16,0,4,0
13752,1942,275.38,Portugal,Online Payment,Tablet,14,25,109.35,0,0,0
13753,880,174.82,Senegal,Cash Withdrawal,Mobile,22,10,94.53,0,1,0
13754,2498,109.71,France,Transfer,Mobile,5,10,67.96,0,0,0
13755,3068,167.05,Germany,Card Payment,Mobile,1,15,71.17,0,1,0
13756,1753,146.8,Germany,Card Payment,Web,12,5,57.9,0,2,0
13757,2182,70.9,Portugal,Cash Withdrawal,Web,16,4,54.14,0,0,0
13758,259,140.93,Senegal,Online Payment,Mobile,8,2,53.01,0,1,0
13759,195,207.43,United Kingdom,Cash Withdrawal,Mobile,11,4,178.89,0,1,0
13760,1675,117.72,Portugal,Online Payment,Mobile,1,5,209.85,0,0,0
13761,1461,303.18,Portugal,Online Payment,Mobile,4,19,116.31,0,3,0
13762,100,245.21,Spain,Card Payment,Web,9,5,77.19,0,0,0
13763,2114,105.11,United Kingdom,Cash Withdrawal,Tablet,6,21,179.46,1,2,0
13764,1756,88.72,Senegal,Cash Withdrawal,Tablet,12,13,111.53,0,1,0
13765,3091,58.62,Senegal,Card Payment,Mobile,6,19,155.92,1,1,0
13766,1894,155.72,France,Online Payment,Tablet,4,19,163.04,0,0,0
13767,1427,103.36,Senegal,Cash Withdrawal,Web,7,18,84.25,0,1,0
13768,2809,88.95,France,Transfer,Web,17,36,85.31,0,5,0
13769,2097,58.2,Senegal,Transfer,Tablet,10,18,53.95,0,0,0
13770,2843,249.04,Spain,Cash Withdrawal,Tablet,18,22,80.94,0,1,0
13771,635,97.89,United Kingdom,Card Payment,Mobile,17,26,89.97,0,2,0
13772,353,366.02,Germany,Transfer,Tablet,22,26,60.24,0,5,0
13773,1513,116.04,Senegal,Cash Withdrawal,Tablet,10,27,51.6,0,1,0
13774,1149,87.21,United Kingdom,Transfer,Web,11,30,293.3,0,3,0
13775,2150,155.28,Portugal,Cash Withdrawal,Mobile,3,1,38.87,0,1,0
13776,316,160.81,Portugal,Card Payment,Mobile,23,18,135.09,0,2,0
13777,1894,365.16,Portugal,Cash Withdrawal,Mobile,5,31,232.7,0,4,0
13778,3231,109.96,United Kingdom,Card Payment,Mobile,4,21,131.89,0,1,0
13779,3728,113.74,France,Transfer,Web,10,1,55.79,1,3,0
13780,1323,81.61,Portugal,Cash Withdrawal,Web,22,25,168.76,0,5,0
13781,926,64.7,United Kingdom,Online Payment,Web,3,17,72.27,0,3,0
13782,2988,171.89,Spain,Online Payment,Web,2,1,71.39,0,0,0
13783,1619,122.04,Portugal,Cash Withdrawal,Web,0,16,122.98,0,2,0
13784,2435,243.67,United Kingdom,Card Payment,Mobile,0,10,322.49,1,0,0
13785,3640,64.5,Spain,Online Payment,Web,6,11,66.65,0,2,0
13786,1688,349.64,Spain,Online Payment,Mobile,18,28,396.92,1,0,0
13787,3698,19.85,Portugal,Online Payment,Web,22,20,160.7,0,0,0
13788,1942,190.84,France,Transfer,Mobile,6,31,114.7,0,4,0
13789,876,151.65,Senegal,Transfer,Tablet,15,17,158.77,1,1,0
13790,887,84.6,France,Transfer,Web,18,14,104.26,1,0,0
13791,3776,77.51,Portugal,Transfer,Web,7,19,143.78,0,0,0
13792,1974,118.14,United Kingdom,Transfer,Mobile,17,19,457.07,0,0,0
13793,732,133.71,Senegal,Card Payment,Mobile,21,20,77.15,0,2,0
13794,1656,128.81,Portugal,Cash Withdrawal,Web,20,8,138.21,0,0,0
13795,3545,72.11,Spain,Transfer,Web,17,25,109.17,0,0,0
13796,2593,66.67,Senegal,Online Payment,Tablet,8,32,85.79,0,3,0
13797,2797,113.06,Spain,Online Payment,Tablet,8,20,161.39,1,0,0
13798,54,56.68,France,Card Payment,Web,14,24,119.89,0,1,0
13799,2119,474.25,Portugal,Card Payment,Web,2,6,83.57,0,3,0
13800,1247,61.41,Germany,Transfer,Tablet,7,13,74.67,0,2,0
13801,2559,69.33,United Kingdom,Online Payment,Mobile,16,37,121.59,0,2,0
13802,1151,313.64,Spain,Cash Withdrawal,Web,9,33,193.17,0,0,0
13803,1009,54.27,Portugal,Online Payment,Web,21,25,115.9,0,0,0
13804,1509,185.77,United Kingdom,Online Payment,Mobile,10,17,218.15,0,0,0
13805,777,369.69,France,Transfer,Web,3,14,185.03,0,2,0
13806,502,165.16,France,Card Payment,Web,17,6,206.54,0,2,0
13807,2942,90.46,Portugal,Transfer,Tablet,4,11,102.72,0,1,0
13808,978,54.06,United Kingdom,Card Payment,Mobile,10,31,98.93,0,3,0
13809,186,68.67,Germany,Online Payment,Mobile,11,23,114.15,1,2,0
13810,1496,64.95,Portugal,Online Payment,Mobile,3,13,71.15,0,2,0
13811,3853,82.09,Senegal,Card Payment,Tablet,15,30,60.95,0,2,0
13812,796,360.57,Portugal,Transfer,Tablet,18,26,167.15,0,0,0
13813,450,88.74,Senegal,Transfer,Tablet,14,9,56.01,0,1,0
13814,252,215.64,United Kingdom,Transfer,Web,7,28,123.36,0,2,0
13815,2499,130.09,Spain,Online Payment,Web,22,32,130.53,0,1,0
13816,2187,109.36,Portugal,Transfer,Tablet,1,42,36.59,0,1,0
13817,741,280.18,United Kingdom,Cash Withdrawal,Web,0,14,196.49,0,3,0
13818,1768,30.63,France,Card Payment,Web,23,17,144.04,0,2,0
13819,2433,151.83,Portugal,Cash Withdrawal,Web,20,23,52.5,0,1,0
13820,3564,130.66,Portugal,Transfer,Tablet,11,32,138.23,0,1,0
13821,2631,100.08,Spain,Cash Withdrawal,Tablet,4,16,90.07,0,2,0
13822,2753,46.33,United Kingdom,Card Payment,Mobile,22,24,237.03,0,2,0
13823,2701,42.28,Germany,Card Payment,Tablet,1,10,71.97,1,2,0
13824,1420,490.45,Germany,Transfer,Mobile,18,26,22.64,1,0,0
13825,2587,62.83,Germany,Cash Withdrawal,Tablet,20,30,323.74,0,2,0
13826,1139,63.64,United Kingdom,Transfer,Tablet,5,17,103.13,1,0,0
13827,803,89.81,France,Card Payment,Tablet,15,12,73.34,0,3,0
13828,783,45.58,France,Transfer,Mobile,22,6,43.55,1,2,0
13829,3800,131.81,Spain,Card Payment,Web,18,9,148.89,0,0,0
13830,3934,156.32,France,Online Payment,Mobile,2,15,23.31,0,2,0
13831,1763,112.57,Portugal,Card Payment,Tablet,11,19,132.42,0,2,0
13832,666,261.04,France,Cash Withdrawal,Tablet,13,19,86.81,0,4,0
13833,3326,367.99,Germany,Online Payment,Mobile,13,32,112.84,0,2,0
13834,3635,117.4,United Kingdom,Cash Withdrawal,Tablet,9,14,110.78,0,0,0
13835,131,115.49,Spain,Card Payment,Web,21,35,275.37,1,1,0
13836,127,404.57,Senegal,Card Payment,Mobile,23,18,266.17,0,0,0
13837,2991,66.35,Spain,Card Payment,Mobile,8,11,50.0,0,2,0
13838,1226,207.92,Portugal,Transfer,Web,18,14,132.15,0,2,0
13839,1382,35.24,Portugal,Online Payment,Mobile,6,33,63.2,0,1,0
13840,3378,34.18,Germany,Online Payment,Mobile,18,36,98.35,1,1,0
13841,2084,186.96,Germany,Cash Withdrawal,Web,10,23,51.22,0,1,0
13842,3371,117.09,Spain,Card Payment,Mobile,5,20,65.37,0,1,0
13843,2586,230.38,Portugal,Card Payment,Web,23,37,149.34,1,0,0
13844,563,242.81,United Kingdom,Card Payment,Tablet,15,21,94.23,0,2,0
13845,2280,166.98,Portugal,Online Payment,Mobile,7,5,82.4,0,2,0
13846,1432,63.42,United Kingdom,Cash Withdrawal,Web,5,9,148.72,0,0,0
13847,1943,126.06,Germany,Online Payment,Tablet,6,17,64.46,0,0,0
13848,3560,135.53,Spain,Online Payment,Web,6,35,106.74,0,1,0
13849,1556,59.11,United Kingdom,Online Payment,Tablet,16,26,105.39,0,2,0
13850,223,103.61,Senegal,Cash Withdrawal,Web,2,16,46.55,0,2,0
13851,1461,122.25,Spain,Card Payment,Web,2,4,205.95,0,1,0
13852,3129,343.03,Portugal,Transfer,Web,7,29,90.5,0,2,0
13853,3668,123.83,United Kingdom,Card Payment,Mobile,3,20,74.12,0,0,0
13854,551,86.04,Senegal,Transfer,Mobile,22,15,166.83,0,2,0
13855,1049,183.97,France,Transfer,Mobile,9,26,196.84,0,2,0
13856,2548,92.79,Portugal,Card Payment,Web,3,16,84.31,0,1,0
13857,2992,168.04,France,Card Payment,Mobile,10,1,135.63,0,2,1
13858,16,97.38,Germany,Transfer,Mobile,4,21,67.93,0,2,0
13859,1122,16.99,United Kingdom,Cash Withdrawal,Web,1,44,24.47,0,2,0
13860,2713,78.84,Germany,Cash Withdrawal,Tablet,17,10,187.83,0,2,0
13861,1384,30.78,United Kingdom,Card Payment,Mobile,11,23,89.54,0,4,0
13862,1348,104.59,France,Cash Withdrawal,Web,19,19,124.15,0,1,0
13863,2876,55.1,Spain,Transfer,Mobile,6,30,172.09,0,2,0
13864,575,27.76,Senegal,Cash Withdrawal,Mobile,21,23,128.84,0,0,0
13865,750,66.51,France,Transfer,Mobile,1,28,121.92,1,3,0
13866,442,43.6,Germany,Transfer,Web,20,4,307.02,0,1,0
13867,223,235.24,Spain,Card Payment,Web,16,21,304.73,0,2,0
13868,3881,36.74,Senegal,Transfer,Tablet,17,20,58.0,0,0,0
13869,3443,75.18,Senegal,Cash Withdrawal,Mobile,5,27,149.67,0,0,0
13870,1073,318.42,Spain,Transfer,Mobile,21,29,120.51,0,1,0
13871,3068,177.47,Portugal,Transfer,Tablet,21,7,544.78,0,1,0
13872,3920,355.18,Portugal,Cash Withdrawal,Web,7,6,342.84,0,1,0
13873,1423,522.52,Portugal,Online Payment,Tablet,7,21,53.68,0,0,1
13874,912,29.36,Spain,Cash Withdrawal,Web,14,10,130.71,1,1,0
13875,16,251.55,France,Transfer,Mobile,12,16,246.56,0,0,0
13876,795,182.14,United Kingdom,Card Payment,Web,14,10,42.93,0,3,1
13877,904,171.71,Portugal,Card Payment,Web,10,22,77.16,1,1,0
13878,68,126.22,United Kingdom,Transfer,Web,4,35,47.81,0,2,0
13879,3936,68.37,France,Transfer,Tablet,13,19,77.19,0,1,0
13880,426,277.49,Senegal,Online Payment,Web,23,3,20.17,0,3,0
13881,936,25.48,United Kingdom,Card Payment,Tablet,3,35,68.63,0,3,0
13882,3222,279.64,Portugal,Online Payment,Tablet,12,10,112.74,0,2,0
13883,742,65.97,United Kingdom,Transfer,Web,23,22,190.93,1,0,0
13884,2127,100.09,Senegal,Cash Withdrawal,Tablet,14,12,358.95,0,2,0
13885,2046,186.79,Germany,Online Payment,Mobile,2,35,36.2,1,1,0
13886,184,70.24,Portugal,Transfer,Mobile,20,18,118.7,0,2,0
13887,3877,141.25,Germany,Online Payment,Mobile,11,12,93.35,0,2,0
13888,1582,309.51,Spain,Cash Withdrawal,Web,4,25,64.34,0,2,0
13889,2850,93.68,Senegal,Online Payment,Tablet,2,6,158.13,0,2,0
13890,3232,106.85,Senegal,Card Payment,Mobile,0,36,86.48,0,1,0
13891,1770,153.23,Germany,Cash Withdrawal,Tablet,1,21,65.11,0,3,0
13892,1958,199.97,France,Transfer,Web,14,28,105.79,0,1,0
13893,1845,76.18,Portugal,Transfer,Mobile,22,22,166.41,0,1,0
13894,2525,63.58,Portugal,Transfer,Web,10,41,107.09,0,2,0
13895,1379,65.34,Spain,Online Payment,Tablet,10,21,80.83,0,1,0
13896,935,47.06,Portugal,Transfer,Web,15,25,384.85,0,2,0
13897,912,156.58,Spain,Online Payment,Tablet,4,11,73.96,0,1,0
13898,3092,52.47,Senegal,Cash Withdrawal,Mobile,18,10,115.66,0,4,0
13899,2514,56.51,Portugal,Card Payment,Mobile,18,6,103.96,0,0,0
13900,3572,115.06,Spain,Online Payment,Mobile,3,15,107.87,1,2,0
13901,2005,28.31,United Kingdom,Online Payment,Web,16,7,306.25,0,1,0
13902,139,77.22,Germany,Online Payment,Tablet,14,31,71.08,0,0,0
13903,1153,56.04,France,Card Payment,Tablet,5,4,52.86,0,2,0
13904,2650,87.12,United Kingdom,Cash Withdrawal,Tablet,0,7,144.1,1,5,0
13905,118,437.02,France,Card Payment,Mobile,5,16,34.97,1,0,0
13906,553,389.48,United Kingdom,Cash Withdrawal,Web,23,25,190.55,0,4,0
13907,2344,150.03,Germany,Transfer,Tablet,18,17,274.02,0,1,0
13908,2877,353.9,France,Online Payment,Tablet,9,10,77.21,1,1,0
13909,3276,1391.45,Spain,Transfer,Mobile,7,30,228.79,0,1,1
13910,2490,118.68,Portugal,Card Payment,Web,22,22,149.59,0,2,0
13911,1071,171.87,Senegal,Card Payment,Web,2,33,50.8,0,3,0
13912,899,69.93,United Kingdom,Card Payment,Mobile,0,17,107.24,0,1,0
13913,3390,208.74,Spain,Transfer,Tablet,1,14,58.74,0,0,0
13914,3551,225.37,France,Card Payment,Mobile,9,23,127.1,1,5,0
13915,2356,82.29,United Kingdom,Card Payment,Tablet,21,1,64.22,0,1,0
13916,920,508.33,France,Cash Withdrawal,Web,10,13,99.23,1,2,0
13917,2878,521.75,Spain,Cash Withdrawal,Web,22,22,42.0,0,2,0
13918,3142,317.78,United Kingdom,Cash Withdrawal,Web,18,5,170.82,0,2,1
13919,3695,266.97,France,Online Payment,Web,8,10,55.49,0,2,0
13920,1400,124.11,Germany,Cash Withdrawal,Mobile,9,5,247.84,0,1,0
13921,1717,256.13,United Kingdom,Transfer,Mobile,15,12,222.38,0,2,0
13922,2392,180.21,Spain,Online Payment,Mobile,8,38,185.05,0,1,0
13923,2654,157.82,Germany,Card Payment,Mobile,4,13,240.25,1,1,0
13924,2946,48.78,Senegal,Cash Withdrawal,Mobile,15,9,105.97,0,4,0
13925,106,458.52,Spain,Cash Withdrawal,Mobile,6,20,150.98,0,3,0
13926,1026,42.98,Senegal,Online Payment,Web,18,33,186.83,1,2,0
13927,1808,1345.6,Spain,Transfer,Web,13,24,95.45,0,1,1
13928,1970,112.1,Portugal,Card Payment,Tablet,13,3,129.32,0,3,0
13929,2962,259.95,Portugal,Online Payment,Web,7,1,63.45,0,0,0
13930,298,79.93,Portugal,Online Payment,Web,15,12,106.04,0,1,0
13931,543,92.33,United Kingdom,Card Payment,Mobile,22,17,101.45,0,3,0
13932,2666,62.39,Spain,Online Payment,Tablet,14,18,66.96,1,0,0
13933,3595,166.35,Germany,Cash Withdrawal,Tablet,15,27,116.83,0,1,0
13934,3424,203.87,France,Card Payment,Web,4,18,52.6,0,2,0
13935,2513,80.72,Germany,Card Payment,Web,23,22,240.9,0,0,0
13936,2441,81.49,Portugal,Cash Withdrawal,Web,2,10,75.74,0,1,0
13937,1014,29.9,France,Transfer,Web,4,22,51.13,0,2,0
13938,3247,124.25,Germany,Online Payment,Web,17,9,59.33,0,2,1
13939,2281,306.75,Spain,Cash Withdrawal,Web,3,1,134.32,0,1,0
13940,1299,150.68,United Kingdom,Cash Withdrawal,Mobile,3,9,34.72,0,1,0
13941,1406,52.29,United Kingdom,Cash Withdrawal,Tablet,6,26,89.09,0,1,0
13942,2161,218.58,France,Card Payment,Web,14,27,22.92,1,1,0
13943,2616,344.62,Germany,Cash Withdrawal,Web,4,6,252.73,0,1,0
13944,1651,172.59,Germany,Transfer,Mobile,0,9,199.47,0,2,0
13945,2648,99.74,United Kingdom,Transfer,Tablet,13,31,53.59,0,0,0
13946,1150,287.73,Spain,Transfer,Web,9,13,77.71,0,1,0
13947,1984,136.26,Spain,Card Payment,Tablet,17,33,60.63,0,1,0
13948,3721,42.85,Portugal,Online Payment,Tablet,17,23,151.38,0,2,0
13949,3937,369.22,Portugal,Cash Withdrawal,Tablet,3,17,131.57,0,2,0
13950,3042,345.82,United Kingdom,Online Payment,Tablet,12,9,366.55,0,0,0
13951,3653,281.0,Spain,Cash Withdrawal,Tablet,0,37,165.5,0,0,0
13952,886,80.68,United Kingdom,Card Payment,Tablet,13,6,99.78,1,1,0
13953,1060,149.15,Germany,Online Payment,Tablet,17,31,160.46,1,3,0
13954,2912,46.15,Germany,Online Payment,Web,13,29,55.54,1,2,0
13955,249,141.72,Portugal,Card Payment,Mobile,7,17,46.85,0,0,0
13956,2530,92.34,France,Card Payment,Mobile,1,11,59.09,1,2,0
13957,3145,168.29,United Kingdom,Cash Withdrawal,Mobile,2,35,172.27,0,0,0
13958,1157,62.84,United Kingdom,Cash Withdrawal,Mobile,0,25,131.55,0,5,0
13959,524,182.09,France,Cash Withdrawal,Web,5,14,51.44,0,5,0
13960,920,156.87,Senegal,Cash Withdrawal,Web,18,9,112.74,0,1,0
13961,3346,111.97,Senegal,Cash Withdrawal,Tablet,17,28,83.5,1,1,0
13962,827,130.68,Senegal,Card Payment,Web,14,14,109.39,0,1,0
13963,2059,59.55,United Kingdom,Online Payment,Mobile,18,18,245.51,0,1,0
13964,1399,262.59,Germany,Cash Withdrawal,Mobile,4,25,103.96,0,1,0
13965,2740,86.19,Spain,Card Payment,Web,11,22,61.52,0,3,0
13966,16,67.1,Senegal,Card Payment,Tablet,0,15,84.39,0,1,0
13967,3723,39.09,United Kingdom,Online Payment,Tablet,23,24,97.78,0,1,0
13968,2630,108.72,Senegal,Cash Withdrawal,Mobile,11,16,60.64,0,2,0
13969,2142,250.63,Spain,Transfer,Web,16,32,38.82,0,0,0
13970,3640,134.8,France,Card Payment,Tablet,21,15,58.82,0,0,0
13971,671,733.44,United Kingdom,Card Payment,Tablet,2,27,104.53,0,0,0
13972,2320,39.5,United Kingdom,Card Payment,Web,11,19,148.15,0,0,0
13973,3566,61.35,Senegal,Transfer,Mobile,17,22,101.09,0,1,0
13974,567,231.77,Spain,Online Payment,Web,20,25,129.78,1,2,0
13975,1947,569.41,Germany,Card Payment,Tablet,19,13,110.75,0,0,0
13976,3994,105.74,France,Online Payment,Tablet,4,11,103.7,0,1,0
13977,2173,194.88,Portugal,Card Payment,Tablet,22,19,235.22,0,2,0
13978,1884,58.24,Senegal,Online Payment,Tablet,18,8,80.61,0,1,0
13979,221,444.37,United Kingdom,Transfer,Tablet,2,21,126.44,0,2,0
13980,2625,105.35,Senegal,Online Payment,Mobile,19,11,200.43,1,2,0
13981,1631,200.99,Spain,Cash Withdrawal,Tablet,6,36,172.43,1,0,0
13982,2591,245.14,Senegal,Online Payment,Tablet,0,41,339.88,0,3,0
13983,1704,114.49,Spain,Cash Withdrawal,Web,0,14,98.62,0,2,0
13984,1508,67.08,France,Cash Withdrawal,Web,8,19,237.19,1,3,0
13985,3421,178.97,Germany,Cash Withdrawal,Mobile,22,14,59.23,0,2,0
13986,1786,125.17,France,Cash Withdrawal,Web,21,13,116.53,0,2,0
13987,2771,208.8,Portugal,Online Payment,Web,21,5,237.66,0,0,0
13988,1825,976.26,Spain,Online Payment,Mobile,17,49,77.15,0,3,1
13989,145,80.14,United Kingdom,Online Payment,Tablet,21,14,121.32,0,3,0
13990,3561,474.6,Germany,Transfer,Tablet,21,14,97.79,0,1,0
13991,971,100.25,Germany,Cash Withdrawal,Mobile,12,30,110.77,1,2,0
13992,3543,28.67,Portugal,Cash Withdrawal,Mobile,21,19,131.0,0,1,0
13993,336,151.33,Spain,Cash Withdrawal,Web,7,34,49.54,1,2,0
13994,1199,390.53,Germany,Cash Withdrawal,Mobile,8,23,78.75,0,1,0
13995,787,157.94,Portugal,Card Payment,Mobile,9,34,162.09,0,0,0
13996,1269,142.53,United Kingdom,Transfer,Mobile,9,24,92.88,0,1,0
13997,2436,165.18,Portugal,Cash Withdrawal,Web,18,16,214.52,0,1,0
13998,53,138.48,Senegal,Transfer,Tablet,22,24,209.28,0,1,0
13999,2292,223.53,Germany,Cash Withdrawal,Web,16,20,84.08,0,1,0
14000,3609,126.68,Senegal,Cash Withdrawal,Tablet,4,19,166.1,0,1,0
14001,3778,35.68,France,Cash Withdrawal,Tablet,15,21,108.07,0,1,0
14002,777,736.02,France,Transfer,Web,5,24,174.13,0,1,0
14003,2637,136.5,France,Cash Withdrawal,Tablet,19,55,91.33,0,3,0
14004,395,64.84,United Kingdom,Card Payment,Web,16,20,85.5,0,0,0
14005,1118,24.54,Senegal,Card Payment,Tablet,0,30,100.07,0,2,0
14006,1913,28.03,Portugal,Card Payment,Tablet,19,21,101.14,1,1,0
14007,144,311.71,Portugal,Card Payment,Mobile,3,15,56.49,0,0,0
14008,3044,16.09,France,Transfer,Tablet,1,10,238.37,0,2,0
14009,1603,42.98,United Kingdom,Card Payment,Tablet,22,23,166.27,0,3,1
14010,2877,32.22,Portugal,Transfer,Tablet,20,19,152.71,0,0,0
14011,1866,58.33,Senegal,Online Payment,Tablet,1,24,168.27,0,2,0
14012,712,307.36,Senegal,Card Payment,Web,13,31,71.98,1,1,0
14013,2444,53.59,Portugal,Online Payment,Tablet,11,21,111.17,0,4,0
14014,1027,113.83,Germany,Card Payment,Web,17,23,142.64,0,1,0
14015,3710,88.18,Spain,Cash Withdrawal,Web,14,16,75.36,1,0,0
14016,3739,156.63,France,Card Payment,Mobile,0,12,93.41,0,3,0
14017,3223,41.15,United Kingdom,Cash Withdrawal,Mobile,18,39,138.11,0,2,0
14018,428,86.58,Spain,Cash Withdrawal,Mobile,0,26,80.27,0,1,0
14019,1242,39.18,Germany,Card Payment,Web,6,37,116.51,0,1,0
14020,1305,86.01,Senegal,Transfer,Web,3,28,147.14,0,1,0
14021,1260,159.92,Senegal,Transfer,Web,0,16,105.56,1,2,0
14022,2655,206.4,Spain,Transfer,Web,0,2,188.14,0,0,0
14023,1745,51.67,Senegal,Transfer,Tablet,8,15,537.99,1,1,0
14024,968,539.56,Portugal,Cash Withdrawal,Web,17,16,74.93,0,0,0
14025,3799,116.87,United Kingdom,Cash Withdrawal,Mobile,18,12,77.73,0,1,0
14026,3355,65.37,Germany,Transfer,Tablet,2,26,72.43,0,1,0
14027,1969,872.35,Senegal,Transfer,Mobile,7,21,139.74,0,2,0
14028,544,99.11,United Kingdom,Card Payment,Tablet,6,14,64.81,0,1,0
14029,3273,306.19,Senegal,Card Payment,Web,1,34,76.89,0,3,0
14030,173,500.93,Senegal,Transfer,Tablet,17,10,137.29,1,0,1
14031,108,152.54,France,Transfer,Web,2,51,44.31,0,0,0
14032,798,27.02,France,Online Payment,Web,18,19,39.88,0,0,0
14033,2074,47.65,Spain,Online Payment,Tablet,5,14,92.14,0,0,0
14034,3965,97.82,United Kingdom,Online Payment,Mobile,14,16,58.03,1,0,0
14035,1774,121.02,France,Cash Withdrawal,Tablet,19,29,45.22,0,2,0
14036,2316,123.91,Germany,Online Payment,Mobile,1,12,156.15,0,3,0
14037,128,136.33,Germany,Online Payment,Mobile,16,22,95.79,1,3,0
14038,2141,214.52,France,Cash Withdrawal,Mobile,6,31,37.95,0,0,0
14039,2435,68.15,Spain,Online Payment,Mobile,20,18,252.47,0,1,0
14040,1966,47.38,Portugal,Card Payment,Mobile,17,11,54.43,0,0,0
14041,3667,244.07,Spain,Transfer,Tablet,22,9,93.43,0,1,0
14042,3233,100.21,France,Card Payment,Tablet,18,17,41.12,0,1,0
14043,2504,522.01,Portugal,Card Payment,Mobile,7,25,196.34,1,4,0
14044,2931,117.88,United Kingdom,Transfer,Mobile,11,1,101.34,1,2,0
14045,1227,62.92,Spain,Online Payment,Tablet,9,6,151.44,0,2,0
14046,2577,348.08,Germany,Online Payment,Mobile,23,28,236.92,0,4,0
14047,425,181.12,United Kingdom,Transfer,Tablet,21,23,100.12,0,4,0
14048,373,87.12,Portugal,Online Payment,Mobile,20,22,244.77,0,2,0
14049,3160,31.48,Senegal,Cash Withdrawal,Mobile,18,27,191.11,0,1,0
14050,2610,116.02,France,Card Payment,Mobile,7,8,90.18,0,2,0
14051,1538,163.59,Senegal,Cash Withdrawal,Mobile,9,1,104.63,0,2,0
14052,1234,62.29,Spain,Online Payment,Web,2,21,231.03,0,1,0
14053,769,70.91,Spain,Cash Withdrawal,Tablet,15,19,246.37,0,0,0
14054,3955,94.85,France,Transfer,Web,2,13,242.88,0,0,0
14055,3160,100.04,Germany,Transfer,Tablet,1,1,117.23,0,2,0
14056,1397,195.16,Senegal,Card Payment,Web,4,10,120.03,0,0,0
14057,3978,87.53,Portugal,Transfer,Web,7,10,22.96,0,2,0
14058,3432,276.96,United Kingdom,Online Payment,Mobile,2,31,131.61,0,2,0
14059,3195,181.66,France,Online Payment,Mobile,5,30,267.56,0,0,0
14060,3733,485.32,Spain,Cash Withdrawal,Tablet,10,8,299.73,0,0,0
14061,1739,97.66,Germany,Card Payment,Web,18,5,108.74,0,0,0
14062,1071,134.89,Germany,Card Payment,Web,3,19,57.72,0,0,0
14063,2016,47.62,Senegal,Cash Withdrawal,Web,3,22,67.08,1,3,0
14064,986,157.58,Portugal,Card Payment,Web,18,37,145.67,0,3,0
14065,3427,34.3,Portugal,Online Payment,Tablet,2,15,82.32,0,2,0
14066,3292,65.12,France,Online Payment,Web,13,12,87.4,0,0,0
14067,971,62.69,United Kingdom,Card Payment,Tablet,12,12,63.17,1,2,0
14068,3477,67.13,France,Cash Withdrawal,Web,22,26,64.68,1,0,0
14069,1609,132.1,France,Transfer,Tablet,6,37,136.41,1,1,0
14070,1773,377.03,Portugal,Cash Withdrawal,Tablet,20,27,73.25,1,0,0
14071,3517,38.01,Senegal,Card Payment,Tablet,8,21,40.0,0,2,0
14072,2175,114.55,Senegal,Online Payment,Tablet,11,17,150.51,0,1,0
14073,1729,74.73,Senegal,Online Payment,Tablet,17,1,172.92,0,2,0
14074,1091,164.92,Portugal,Card Payment,Tablet,17,20,88.0,0,2,0
14075,3851,167.23,France,Card Payment,Mobile,0,24,143.98,0,1,0
14076,2272,39.3,Portugal,Transfer,Tablet,14,19,89.09,0,0,0
14077,3347,179.49,France,Online Payment,Web,13,23,150.92,0,3,0
14078,2407,37.01,Germany,Cash Withdrawal,Web,5,23,117.43,1,1,0
14079,1340,89.83,Spain,Transfer,Mobile,14,5,91.02,0,2,0
14080,3687,59.52,Portugal,Cash Withdrawal,Web,13,37,50.1,0,4,0
14081,3647,463.74,Germany,Online Payment,Mobile,3,15,98.37,0,3,0
14082,2747,62.16,Spain,Cash Withdrawal,Tablet,9,29,185.4,0,0,0
14083,1661,47.67,United Kingdom,Cash Withdrawal,Tablet,2,35,102.58,0,2,0
14084,1561,133.92,Spain,Online Payment,Mobile,11,8,76.47,0,3,0
14085,903,19.99,Portugal,Cash Withdrawal,Tablet,18,31,120.12,0,2,0
14086,1386,114.97,Senegal,Transfer,Mobile,16,17,23.87,0,1,0
14087,1067,93.86,United Kingdom,Card Payment,Mobile,19,32,94.79,0,0,0
14088,3552,75.92,Portugal,Cash Withdrawal,Mobile,5,15,280.61,1,1,0
14089,1237,75.96,France,Transfer,Mobile,21,23,162.1,0,0,1
14090,1128,413.36,Spain,Online Payment,Web,22,25,187.26,0,1,0
14091,3248,45.25,Portugal,Card Payment,Mobile,1,21,78.11,0,2,0
14092,2660,69.62,United Kingdom,Card Payment,Mobile,23,17,116.11,0,3,0
14093,780,79.18,Portugal,Cash Withdrawal,Tablet,14,19,53.14,0,3,0
14094,243,125.45,United Kingdom,Online Payment,Web,14,25,101.16,0,0,0
14095,2480,412.63,France,Transfer,Web,3,14,241.94,0,2,0
14096,2512,25.75,Spain,Online Payment,Web,5,22,112.36,0,0,0
14097,3655,106.63,Senegal,Online Payment,Tablet,5,13,63.25,0,2,0
14098,3336,94.87,Spain,Cash Withdrawal,Tablet,14,22,107.31,0,2,0
14099,1644,161.44,Germany,Online Payment,Web,10,24,51.76,1,2,0
14100,1477,239.7,France,Card Payment,Mobile,9,2,76.42,0,0,0
14101,3349,39.49,Portugal,Online Payment,Mobile,0,15,195.94,0,1,0
14102,3765,110.8,Portugal,Card Payment,Mobile,19,4,48.67,0,2,0
14103,3371,114.46,Portugal,Online Payment,Web,6,21,113.8,0,1,0
14104,748,336.41,Germany,Online Payment,Web,2,15,164.98,0,3,0
14105,3149,331.62,Spain,Cash Withdrawal,Web,3,11,72.32,0,1,0
14106,2662,592.45,France,Online Payment,Mobile,5,32,222.59,0,1,0
14107,2468,199.89,Senegal,Online Payment,Web,10,27,109.35,0,0,0
14108,2028,69.62,Spain,Online Payment,Mobile,11,12,37.9,0,0,0
14109,3305,533.49,United Kingdom,Online Payment,Mobile,8,17,44.36,0,3,0
14110,3801,91.2,France,Cash Withdrawal,Web,9,8,123.28,0,4,0
14111,3847,328.16,Senegal,Online Payment,Web,10,8,207.99,0,1,0
14112,2928,140.82,Spain,Online Payment,Web,11,12,40.59,0,0,0
14113,190,86.88,Senegal,Card Payment,Web,22,8,97.21,0,1,0
14114,1599,73.07,Germany,Online Payment,Tablet,15,28,126.2,0,0,0
14115,1678,101.17,Portugal,Transfer,Mobile,20,13,89.73,0,2,0
14116,1496,96.03,Spain,Transfer,Web,14,1,153.21,0,1,0
14117,2655,70.68,Germany,Online Payment,Tablet,1,27,203.33,0,1,0
14118,3074,111.07,Senegal,Transfer,Web,6,19,200.46,0,2,0
14119,980,56.6,Germany,Transfer,Web,10,27,194.22,0,2,0
14120,3969,38.48,United Kingdom,Cash Withdrawal,Tablet,10,27,225.34,0,2,0
14121,3598,215.55,United Kingdom,Transfer,Mobile,8,37,238.72,0,2,0
14122,3377,81.3,Portugal,Card Payment,Mobile,19,1,177.79,0,0,0
14123,1641,81.87,United Kingdom,Transfer,Web,19,16,194.11,0,2,0
14124,3035,243.07,Spain,Cash Withdrawal,Web,14,15,145.59,0,0,0
14125,3334,196.86,Spain,Transfer,Tablet,1,25,72.28,0,0,0
14126,421,117.07,Spain,Transfer,Web,7,15,87.42,0,1,0
14127,2740,61.07,France,Card Payment,Tablet,23,20,126.16,1,1,0
14128,3106,56.03,Germany,Online Payment,Mobile,0,41,265.08,0,1,0
14129,2360,60.12,United Kingdom,Online Payment,Tablet,7,30,161.72,0,1,0
14130,226,42.46,France,Transfer,Tablet,4,33,87.58,0,2,0
14131,2227,156.83,Senegal,Online Payment,Tablet,18,16,159.1,0,3,0
14132,1934,428.29,Spain,Online Payment,Tablet,0,23,457.34,0,3,1
14133,104,391.43,United Kingdom,Cash Withdrawal,Mobile,5,21,83.33,0,5,0
14134,3302,125.86,Spain,Card Payment,Tablet,13,12,283.62,0,1,0
14135,1591,49.33,Senegal,Transfer,Web,1,7,130.73,1,2,0
14136,3509,83.31,Senegal,Card Payment,Mobile,22,28,126.04,0,1,0
14137,1425,404.4,France,Online Payment,Tablet,8,30,216.41,0,2,0
14138,1815,109.28,Portugal,Card Payment,Mobile,11,19,239.99,0,0,0
14139,2748,29.37,Spain,Transfer,Web,19,1,59.56,0,1,0
14140,2754,89.74,Germany,Cash Withdrawal,Mobile,11,30,158.55,0,0,0
14141,2428,231.15,Germany,Card Payment,Tablet,13,33,146.53,0,1,0
14142,515,46.09,United Kingdom,Online Payment,Web,5,24,111.49,0,1,0
14143,1254,446.47,Germany,Card Payment,Tablet,14,24,116.87,0,1,0
14144,2013,46.0,Germany,Card Payment,Mobile,21,24,284.56,0,3,0
14145,1989,50.65,Spain,Online Payment,Web,3,27,96.49,0,2,0
14146,2805,144.71,United Kingdom,Online Payment,Web,15,19,213.65,1,0,0
14147,818,59.28,Spain,Online Payment,Tablet,8,29,207.13,0,4,0
14148,1692,203.66,France,Transfer,Web,12,13,292.08,0,3,0
14149,2579,224.07,Germany,Cash Withdrawal,Web,2,11,84.19,0,1,0
14150,670,84.64,Germany,Online Payment,Mobile,2,7,180.76,0,2,0
14151,3261,143.31,Spain,Card Payment,Web,19,16,49.58,0,1,0
14152,785,663.24,Germany,Card Payment,Tablet,4,6,106.94,0,0,0
14153,2912,202.23,United Kingdom,Card Payment,Tablet,12,19,62.91,0,2,0
14154,2875,226.46,United Kingdom,Cash Withdrawal,Mobile,21,14,81.14,0,1,0
14155,2855,320.71,Spain,Card Payment,Mobile,0,23,163.32,0,0,0
14156,2453,297.07,Spain,Card Payment,Tablet,15,24,98.07,0,0,0
14157,413,100.88,Senegal,Cash Withdrawal,Tablet,21,19,270.34,0,0,0
14158,1080,39.24,Spain,Transfer,Web,7,14,186.22,0,0,0
14159,2932,55.61,Portugal,Online Payment,Web,9,16,76.18,1,0,0
14160,473,290.13,France,Transfer,Tablet,16,1,33.7,0,1,0
14161,878,204.4,Portugal,Online Payment,Tablet,12,32,133.6,0,1,0
14162,2528,26.65,Spain,Online Payment,Mobile,8,18,36.09,0,1,0
14163,1269,389.79,Portugal,Transfer,Web,23,27,92.53,0,5,0
14164,831,145.91,Portugal,Cash Withdrawal,Web,7,35,134.08,0,0,0
14165,2720,445.53,Portugal,Online Payment,Mobile,6,13,87.01,0,0,0
14166,3891,29.06,Senegal,Transfer,Tablet,21,6,103.71,1,1,0
14167,1194,99.97,Germany,Card Payment,Tablet,11,11,61.94,0,0,0
14168,861,135.24,Senegal,Online Payment,Web,4,9,117.46,0,1,0
14169,1912,346.52,Senegal,Online Payment,Tablet,6,10,60.34,0,3,0
14170,3432,70.66,Portugal,Online Payment,Tablet,8,4,105.12,0,5,0
14171,3284,250.55,Portugal,Online Payment,Web,3,14,119.44,0,0,0
14172,3318,87.94,Portugal,Transfer,Mobile,21,17,72.73,0,1,0
14173,2453,518.18,France,Online Payment,Tablet,7,26,121.69,0,1,0
14174,293,107.89,France,Cash Withdrawal,Web,3,6,17.39,0,2,0
14175,3434,27.05,Senegal,Card Payment,Mobile,16,24,284.12,0,1,0
14176,904,40.68,Senegal,Card Payment,Mobile,18,31,77.94,0,3,0
14177,1917,172.33,Portugal,Cash Withdrawal,Web,10,34,154.72,0,0,0
14178,2606,555.86,Germany,Online Payment,Web,21,29,58.5,0,1,0
14179,615,607.43,Spain,Transfer,Mobile,15,24,157.25,0,3,0
14180,2095,36.35,Spain,Transfer,Mobile,7,10,113.74,1,3,0
14181,1725,240.28,Germany,Card Payment,Mobile,20,17,149.82,0,2,0
14182,1680,186.06,Spain,Cash Withdrawal,Mobile,6,28,69.0,0,1,0
14183,1755,158.43,Portugal,Cash Withdrawal,Tablet,11,35,74.3,0,1,0
14184,2227,120.21,France,Online Payment,Mobile,20,18,202.42,0,3,0
14185,3394,96.68,Portugal,Card Payment,Web,12,25,152.43,1,0,0
14186,3700,100.29,Germany,Card Payment,Mobile,16,7,196.98,0,3,0
14187,3606,157.73,France,Online Payment,Tablet,20,32,136.54,1,0,0
14188,2658,135.03,United Kingdom,Card Payment,Tablet,8,27,65.07,0,1,0
14189,1404,473.96,Portugal,Cash Withdrawal,Web,7,15,89.64,1,1,0
14190,2855,39.7,United Kingdom,Transfer,Web,16,31,105.39,0,2,0
14191,1498,237.19,Portugal,Transfer,Mobile,4,30,66.21,0,0,0
14192,3419,288.06,France,Card Payment,Web,0,24,124.73,0,3,0
14193,3699,167.98,United Kingdom,Card Payment,Tablet,17,13,104.86,0,2,0
14194,828,120.33,Senegal,Transfer,Tablet,10,24,213.88,0,0,0
14195,2880,532.71,Spain,Card Payment,Tablet,12,27,157.61,0,2,0
14196,2058,133.48,Spain,Transfer,Web,10,27,105.42,0,2,0
14197,2569,53.53,Portugal,Cash Withdrawal,Web,0,16,63.96,1,0,0
14198,2714,45.84,Germany,Transfer,Web,16,17,89.08,0,1,0
14199,3300,282.67,Spain,Online Payment,Web,23,14,41.06,0,2,0
14200,2039,131.14,France,Online Payment,Web,3,18,122.86,0,1,0
14201,1653,218.26,United Kingdom,Card Payment,Mobile,17,11,184.39,0,4,0
14202,333,126.09,Portugal,Transfer,Tablet,0,22,152.89,0,2,0
14203,2766,37.73,Portugal,Card Payment,Mobile,14,24,175.82,0,2,0
14204,999,133.13,Germany,Online Payment,Tablet,0,21,90.9,0,1,1
14205,390,130.22,Senegal,Transfer,Mobile,23,27,38.78,0,3,0
14206,725,199.56,Portugal,Cash Withdrawal,Mobile,17,19,65.97,0,0,0
14207,3627,55.44,Senegal,Transfer,Tablet,16,14,135.88,1,1,0
14208,3981,107.66,France,Transfer,Mobile,16,19,112.01,0,3,0
14209,1381,439.07,United Kingdom,Online Payment,Tablet,13,1,87.89,0,1,0
14210,822,134.83,Portugal,Card Payment,Mobile,7,15,77.15,0,1,0
14211,2128,182.97,Spain,Online Payment,Mobile,1,22,168.79,1,3,1
14212,2723,91.41,Germany,Transfer,Web,4,9,64.8,0,0,0
14213,389,134.08,Portugal,Cash Withdrawal,Mobile,14,32,118.94,0,0,0
14214,3812,22.3,Portugal,Transfer,Tablet,6,22,86.32,0,2,0
14215,459,89.5,Spain,Card Payment,Web,10,1,37.64,1,1,0
14216,2133,41.23,Portugal,Card Payment,Web,22,18,135.52,0,0,0
14217,1436,24.46,France,Online Payment,Mobile,3,24,266.93,0,4,0
14218,1131,43.52,Senegal,Card Payment,Mobile,19,7,151.48,0,0,0
14219,3156,68.56,Germany,Online Payment,Web,4,18,166.68,0,0,0
14220,1298,253.85,United Kingdom,Online Payment,Web,15,1,122.8,1,1,0
14221,3428,109.76,France,Cash Withdrawal,Web,17,24,28.12,0,0,0
14222,486,55.0,Portugal,Transfer,Tablet,4,20,81.71,0,2,0
14223,103,135.78,Germany,Online Payment,Mobile,21,15,185.65,1,5,0
14224,3572,75.85,Germany,Card Payment,Web,21,15,44.65,0,1,0
14225,922,116.58,Portugal,Online Payment,Web,3,20,128.06,1,1,0
14226,472,63.11,France,Transfer,Web,19,5,76.17,0,5,0
14227,369,74.32,United Kingdom,Card Payment,Mobile,5,11,345.89,0,1,0
14228,807,87.18,Portugal,Cash Withdrawal,Tablet,16,17,190.12,0,1,0
14229,3108,284.36,United Kingdom,Card Payment,Tablet,4,14,130.92,0,2,1
14230,1010,115.54,Spain,Cash Withdrawal,Mobile,22,26,137.78,0,1,0
14231,3454,143.88,Spain,Transfer,Mobile,11,16,293.0,0,1,0
14232,319,897.13,Senegal,Cash Withdrawal,Tablet,20,1,111.84,0,2,0
14233,36,343.09,France,Cash Withdrawal,Tablet,22,32,121.01,0,3,0
14234,2139,77.62,United Kingdom,Transfer,Mobile,9,19,135.07,0,1,0
14235,2900,164.4,France,Transfer,Mobile,2,38,104.36,1,1,0
14236,1972,183.71,Senegal,Card Payment,Mobile,15,23,97.25,0,0,0
14237,975,226.04,Spain,Online Payment,Mobile,20,40,104.2,0,0,0
14238,2421,172.07,Portugal,Card Payment,Tablet,21,33,103.26,1,0,0
14239,2613,82.82,Senegal,Online Payment,Tablet,13,25,80.52,0,2,0
14240,2072,141.19,United Kingdom,Cash Withdrawal,Web,14,26,128.66,1,0,0
14241,3564,85.97,Portugal,Card Payment,Mobile,13,13,95.73,0,1,0
14242,3241,225.49,France,Card Payment,Mobile,3,16,142.06,0,1,0
14243,3410,21.43,Germany,Online Payment,Mobile,5,19,76.66,0,2,0
14244,958,30.88,Spain,Cash Withdrawal,Tablet,19,14,74.14,0,0,0
14245,631,278.63,Spain,Online Payment,Web,22,7,198.85,0,1,0
14246,514,34.58,Germany,Online Payment,Mobile,0,19,203.11,0,1,0
14247,2638,73.82,France,Transfer,Tablet,4,41,85.11,0,0,0
14248,1935,75.72,Germany,Transfer,Web,23,18,59.76,0,1,0
14249,3829,87.88,France,Transfer,Web,22,4,409.17,0,0,0
14250,356,256.41,Germany,Cash Withdrawal,Tablet,10,11,196.68,0,1,0
14251,2274,42.03,Germany,Card Payment,Web,12,38,144.51,0,1,0
14252,3102,39.36,Senegal,Online Payment,Tablet,17,19,126.37,0,1,0
14253,106,290.76,Germany,Cash Withdrawal,Web,13,27,44.61,0,2,0
14254,715,83.75,France,Transfer,Tablet,17,19,109.47,0,1,0
14255,186,67.0,Portugal,Card Payment,Web,18,20,291.96,0,2,0
14256,22,172.79,Portugal,Cash Withdrawal,Tablet,11,23,102.88,0,3,0
14257,894,273.59,United Kingdom,Online Payment,Tablet,5,6,125.16,0,1,0
14258,103,224.89,France,Cash Withdrawal,Web,11,28,150.98,0,0,0
14259,1977,100.08,Spain,Cash Withdrawal,Web,6,1,94.4,0,2,0
14260,480,51.08,United Kingdom,Online Payment,Web,9,18,63.69,0,3,0
14261,616,48.36,France,Online Payment,Web,12,16,86.96,0,1,0
14262,2540,90.36,Senegal,Cash Withdrawal,Mobile,8,35,139.84,0,0,0
14263,1660,57.51,France,Cash Withdrawal,Tablet,2,25,132.4,0,1,0
14264,2042,351.38,United Kingdom,Online Payment,Web,16,16,37.62,0,1,0
14265,3201,113.44,Spain,Transfer,Tablet,12,33,89.75,1,0,0
14266,2077,118.3,France,Card Payment,Tablet,4,23,106.89,0,1,0
14267,3443,95.17,Senegal,Card Payment,Web,16,19,53.27,0,0,0
14268,1735,41.09,Senegal,Online Payment,Tablet,18,20,113.93,0,2,0
14269,3629,265.94,United Kingdom,Card Payment,Web,22,29,210.73,1,1,0
14270,3592,24.59,Spain,Transfer,Web,15,20,86.98,0,3,0
14271,542,90.58,Portugal,Transfer,Mobile,19,21,98.44,0,2,0
14272,841,47.85,Senegal,Card Payment,Web,18,31,100.77,0,1,0
14273,2509,28.46,France,Card Payment,Tablet,16,6,91.86,0,0,0
14274,3498,198.83,France,Transfer,Web,15,16,101.9,0,3,0
14275,1461,365.64,United Kingdom,Card Payment,Mobile,14,16,213.97,1,3,0
14276,3174,141.55,Portugal,Online Payment,Mobile,9,31,132.9,0,3,0
14277,1672,74.76,Portugal,Cash Withdrawal,Tablet,18,20,50.61,1,1,0
14278,3487,182.86,France,Cash Withdrawal,Tablet,20,37,87.46,0,2,0
14279,1031,51.27,United Kingdom,Cash Withdrawal,Mobile,1,19,41.69,1,2,0
14280,2334,123.68,Spain,Cash Withdrawal,Web,11,13,109.39,0,3,0
14281,3449,160.7,Germany,Transfer,Mobile,5,15,28.57,0,1,0
14282,402,361.23,United Kingdom,Card Payment,Mobile,16,25,49.32,0,1,0
14283,2937,39.01,United Kingdom,Online Payment,Mobile,13,17,145.61,1,0,1
14284,593,357.75,Spain,Online Payment,Mobile,15,6,103.71,0,2,0
14285,3912,113.87,France,Cash Withdrawal,Web,10,21,387.9,0,1,0
14286,3070,192.04,Germany,Transfer,Web,2,4,150.58,0,0,0
14287,2131,18.82,France,Cash Withdrawal,Mobile,23,21,89.1,0,0,0
14288,658,95.31,France,Card Payment,Tablet,19,38,42.63,0,2,0
14289,2626,161.48,Germany,Cash Withdrawal,Web,12,10,99.11,0,1,0
14290,380,105.69,Germany,Transfer,Web,4,13,235.05,0,3,0
14291,954,45.63,Spain,Transfer,Mobile,17,31,378.45,0,2,0
14292,1398,69.51,Spain,Cash Withdrawal,Web,12,2,101.91,0,3,0
14293,3518,182.41,France,Online Payment,Tablet,13,28,148.54,0,1,0
14294,2161,557.69,Germany,Cash Withdrawal,Tablet,4,20,216.9,0,3,0
14295,2508,223.65,United Kingdom,Transfer,Web,7,20,39.86,0,2,0
14296,480,113.46,Spain,Card Payment,Web,16,21,54.94,0,2,0
14297,3152,141.29,United Kingdom,Cash Withdrawal,Web,13,1,94.64,0,7,0
14298,1980,93.36,France,Online Payment,Mobile,8,1,53.72,0,2,0
14299,1310,193.83,Portugal,Transfer,Mobile,3,27,55.58,0,4,0
14300,3681,27.69,Spain,Transfer,Mobile,15,2,151.03,0,0,0
14301,3288,58.42,France,Online Payment,Mobile,8,30,203.71,0,2,0
14302,3924,39.77,Spain,Cash Withdrawal,Mobile,15,21,80.0,0,1,0
14303,3577,463.92,Portugal,Transfer,Web,1,21,160.89,0,0,0
14304,2472,415.17,United Kingdom,Card Payment,Mobile,5,12,40.98,0,4,0
14305,1858,78.52,Senegal,Transfer,Web,20,16,63.16,0,1,0
14306,2491,57.92,Portugal,Transfer,Mobile,18,19,109.3,0,1,0
14307,1265,57.46,Spain,Transfer,Tablet,18,33,287.52,0,3,0
14308,660,110.21,Senegal,Online Payment,Web,9,29,59.13,0,2,0
14309,2636,58.79,Spain,Online Payment,Web,6,35,178.27,0,1,0
14310,398,300.17,Senegal,Transfer,Mobile,18,3,56.75,0,0,0
14311,768,65.68,Portugal,Card Payment,Mobile,2,23,112.71,1,3,0
14312,1913,509.35,Senegal,Transfer,Mobile,22,21,168.12,0,1,1
14313,3208,345.71,United Kingdom,Cash Withdrawal,Web,23,27,205.67,0,2,1
14314,1996,92.58,United Kingdom,Card Payment,Web,12,18,186.9,0,1,0
14315,3819,105.09,Portugal,Transfer,Web,15,7,103.15,1,2,0
14316,1641,85.1,Germany,Transfer,Tablet,20,13,220.7,0,1,0
14317,1255,453.05,United Kingdom,Card Payment,Web,15,33,273.57,0,4,0
14318,1259,88.01,Germany,Card Payment,Mobile,14,29,335.17,0,3,0
14319,2983,170.39,Spain,Online Payment,Tablet,6,27,50.89,0,0,0
14320,2502,41.31,Spain,Transfer,Tablet,20,20,67.23,0,0,0
14321,2991,99.13,France,Cash Withdrawal,Mobile,14,15,97.7,0,3,0
14322,1230,18.77,Senegal,Transfer,Mobile,22,29,82.64,0,1,0
14323,1072,210.02,Germany,Cash Withdrawal,Tablet,8,31,107.3,1,2,0
14324,1085,171.2,France,Transfer,Web,7,30,567.58,0,2,0
14325,2932,60.67,Senegal,Online Payment,Mobile,21,14,67.14,0,2,0
14326,3169,186.16,Portugal,Card Payment,Tablet,1,38,95.68,0,1,0
14327,837,62.72,United Kingdom,Cash Withdrawal,Web,19,32,110.82,0,1,0
14328,2891,52.5,United Kingdom,Cash Withdrawal,Web,3,24,180.28,1,0,0
14329,2472,755.2,Portugal,Transfer,Mobile,11,15,147.36,0,2,0
14330,210,145.81,Germany,Transfer,Web,22,20,241.29,0,3,0
14331,1863,280.19,Senegal,Transfer,Web,21,25,40.93,0,2,0
14332,2707,208.27,Spain,Transfer,Mobile,9,12,187.5,0,1,0
14333,2122,573.35,Spain,Transfer,Tablet,8,20,59.91,0,4,1
14334,3650,166.78,Senegal,Card Payment,Tablet,16,7,215.51,0,2,0
14335,489,723.78,Germany,Cash Withdrawal,Tablet,5,17,53.19,0,4,0
14336,2332,251.15,Spain,Transfer,Tablet,20,14,103.46,0,2,0
14337,2624,487.8,Spain,Cash Withdrawal,Tablet,17,12,101.02,0,2,0
14338,563,85.77,Spain,Card Payment,Tablet,17,17,58.89,0,1,0
14339,3668,176.42,France,Online Payment,Mobile,16,21,120.81,0,0,0
14340,102,154.44,Portugal,Card Payment,Web,13,17,263.15,0,2,0
14341,3095,49.57,Spain,Card Payment,Tablet,0,8,190.34,0,1,0
14342,313,66.54,Germany,Transfer,Mobile,20,11,454.43,0,0,0
14343,2602,1269.99,Spain,Transfer,Tablet,16,20,144.34,1,3,1
14344,704,54.93,United Kingdom,Transfer,Tablet,0,25,114.63,0,1,0
14345,381,341.3,Portugal,Card Payment,Tablet,21,12,65.15,0,1,0
14346,2716,121.94,Germany,Cash Withdrawal,Mobile,6,12,30.63,0,3,0
14347,3161,107.29,Germany,Online Payment,Tablet,10,22,598.82,0,0,0
14348,1392,91.68,Senegal,Cash Withdrawal,Tablet,4,31,108.63,0,0,0
14349,3417,26.5,Senegal,Cash Withdrawal,Tablet,0,22,216.82,1,0,0
14350,1693,777.46,France,Transfer,Mobile,11,26,56.82,0,1,0
14351,20,122.09,France,Transfer,Mobile,15,20,99.48,0,2,0
14352,2384,34.95,United Kingdom,Cash Withdrawal,Mobile,11,6,224.57,0,2,0
14353,3407,62.85,Spain,Cash Withdrawal,Mobile,22,34,127.88,0,5,0
14354,3756,72.66,Portugal,Online Payment,Web,19,17,92.05,0,1,0
14355,47,327.82,United Kingdom,Cash Withdrawal,Tablet,5,6,155.77,0,2,0
14356,3272,197.42,United Kingdom,Card Payment,Mobile,0,16,103.25,0,1,0
14357,2764,210.08,Germany,Transfer,Mobile,18,1,30.49,0,0,0
14358,2318,115.57,Senegal,Cash Withdrawal,Mobile,5,30,101.53,0,3,0
14359,2078,326.01,Senegal,Card Payment,Web,12,24,53.92,0,2,0
14360,3917,76.88,United Kingdom,Cash Withdrawal,Mobile,12,23,70.4,0,0,0
14361,3968,198.8,Germany,Cash Withdrawal,Web,1,25,58.11,0,1,0
14362,474,156.26,France,Online Payment,Mobile,10,16,45.63,0,1,0
14363,3193,78.78,France,Transfer,Web,20,23,75.38,0,2,0
14364,959,615.3,United Kingdom,Online Payment,Web,5,24,43.24,0,1,0
14365,870,119.57,France,Card Payment,Tablet,12,19,92.43,0,2,0
14366,3283,88.12,Germany,Cash Withdrawal,Web,4,9,121.73,1,0,0
14367,815,19.49,France,Card Payment,Web,15,30,204.98,0,0,0
14368,3993,112.1,Germany,Card Payment,Tablet,18,22,173.0,0,5,0
14369,3065,624.11,Senegal,Online Payment,Mobile,5,4,49.44,0,1,0
14370,2033,49.22,Senegal,Card Payment,Mobile,3,18,40.62,0,2,0
14371,175,157.79,Spain,Transfer,Tablet,21,16,147.12,0,1,0
14372,458,122.65,Portugal,Transfer,Web,4,7,82.94,0,0,0
14373,3362,219.93,Germany,Cash Withdrawal,Web,5,11,73.02,0,1,0
14374,3394,175.41,France,Online Payment,Web,15,23,61.42,0,0,0
14375,164,40.18,France,Transfer,Tablet,6,28,141.35,0,0,0
14376,3843,98.28,Spain,Cash Withdrawal,Mobile,21,15,173.9,0,7,0
14377,119,226.74,Spain,Online Payment,Tablet,4,19,88.4,0,1,0
14378,1190,315.23,Spain,Cash Withdrawal,Mobile,0,12,106.07,0,1,0
14379,3444,67.42,Spain,Card Payment,Tablet,22,17,135.06,0,1,0
14380,1279,16.04,United Kingdom,Cash Withdrawal,Mobile,3,11,137.09,0,1,0
14381,2265,32.84,France,Card Payment,Web,20,14,58.44,0,3,0
14382,1363,81.81,Germany,Online Payment,Tablet,2,29,44.52,0,0,0
14383,44,224.44,Senegal,Transfer,Web,16,20,97.61,0,1,0
14384,467,194.54,Germany,Card Payment,Tablet,11,20,141.0,0,0,0
14385,3106,98.33,France,Online Payment,Mobile,17,31,203.04,0,1,0
14386,2234,168.02,France,Card Payment,Web,4,23,62.9,0,1,0
14387,3401,221.27,France,Online Payment,Tablet,4,26,115.23,0,1,0
14388,405,50.28,Spain,Card Payment,Mobile,5,28,61.27,0,1,0
14389,2144,613.28,United Kingdom,Transfer,Web,8,30,149.57,0,2,0
14390,1491,75.05,Spain,Card Payment,Web,16,1,70.82,0,2,0
14391,1627,411.31,Portugal,Cash Withdrawal,Mobile,6,24,27.73,0,0,0
14392,842,48.25,Spain,Card Payment,Tablet,3,22,145.37,0,1,0
14393,99,96.36,Senegal,Card Payment,Tablet,2,23,54.29,1,2,0
14394,2036,336.01,Portugal,Transfer,Mobile,1,34,63.74,0,0,0
14395,3951,85.4,Portugal,Transfer,Mobile,16,3,122.52,0,1,0
14396,1575,94.01,United Kingdom,Transfer,Web,13,4,79.14,0,2,0
14397,3061,76.8,United Kingdom,Transfer,Web,6,12,57.24,0,0,0
14398,1391,295.55,Senegal,Transfer,Web,15,10,96.62,1,2,0
14399,1128,395.99,Portugal,Cash Withdrawal,Web,15,20,75.4,0,0,0
14400,1112,123.69,Senegal,Cash Withdrawal,Web,18,20,118.74,0,2,0
14401,276,283.54,Senegal,Transfer,Web,18,32,113.81,1,1,0
14402,2356,728.13,Portugal,Card Payment,Web,2,4,114.26,0,1,0
14403,1493,614.96,Germany,Online Payment,Mobile,17,8,13.2,0,1,0
14404,3453,613.8,Portugal,Cash Withdrawal,Tablet,16,7,62.73,0,2,0
14405,484,266.57,Portugal,Transfer,Web,23,11,161.62,0,1,0
14406,144,81.22,United Kingdom,Transfer,Mobile,3,37,680.35,0,0,0
14407,2447,68.48,Germany,Transfer,Web,0,24,132.52,0,1,1
14408,2923,38.79,France,Cash Withdrawal,Web,22,25,166.99,0,0,0
14409,1975,224.53,Senegal,Cash Withdrawal,Tablet,8,17,96.81,0,1,0
14410,2057,479.13,France,Card Payment,Web,7,15,304.73,0,2,0
14411,1685,351.63,Senegal,Card Payment,Tablet,1,11,93.19,0,1,0
14412,768,121.32,Germany,Cash Withdrawal,Mobile,8,17,39.14,0,2,0
14413,1332,125.07,Spain,Online Payment,Web,13,9,43.87,0,1,0
14414,3479,154.05,Portugal,Cash Withdrawal,Tablet,6,33,90.17,0,1,0
14415,3717,165.5,France,Cash Withdrawal,Tablet,0,24,163.93,0,2,0
14416,1185,231.23,Germany,Online Payment,Web,16,15,100.41,0,3,0
14417,2577,83.34,Portugal,Transfer,Tablet,4,1,235.12,1,1,0
14418,1953,171.3,Senegal,Card Payment,Web,2,10,136.25,0,3,0
14419,1211,47.18,Portugal,Online Payment,Web,14,13,123.81,0,3,0
14420,1289,135.75,Spain,Online Payment,Tablet,16,10,157.18,0,1,0
14421,1553,79.01,France,Card Payment,Mobile,15,12,135.56,0,0,0
14422,3705,178.04,Senegal,Card Payment,Web,5,26,51.58,0,0,0
14423,2290,120.66,Senegal,Transfer,Tablet,20,4,413.28,0,0,0
14424,3679,104.69,Germany,Card Payment,Tablet,20,27,47.46,0,0,0
14425,1637,56.68,France,Card Payment,Web,16,18,55.89,0,0,0
14426,1655,318.41,Germany,Transfer,Tablet,18,22,113.64,0,2,0
14427,910,20.74,Germany,Online Payment,Tablet,3,9,63.08,0,3,0
14428,3041,73.4,Senegal,Card Payment,Mobile,14,29,165.45,0,2,0
14429,2204,105.03,Portugal,Transfer,Mobile,4,9,24.38,0,2,0
14430,3515,168.16,United Kingdom,Card Payment,Mobile,16,25,487.38,0,0,0
14431,1651,268.26,United Kingdom,Transfer,Mobile,7,1,193.1,0,3,0
14432,243,96.31,Senegal,Card Payment,Tablet,2,3,93.09,0,1,0
14433,510,93.19,Portugal,Card Payment,Web,1,21,142.4,0,2,0
14434,1017,410.48,Spain,Card Payment,Mobile,21,8,108.89,0,1,0
14435,1171,63.19,Germany,Online Payment,Tablet,11,18,162.41,0,1,0
14436,2531,148.79,France,Online Payment,Tablet,21,38,114.1,0,2,0
14437,1448,154.72,United Kingdom,Transfer,Mobile,16,14,79.07,0,2,0
14438,2241,114.14,Portugal,Cash Withdrawal,Tablet,10,15,24.44,0,1,0
14439,1778,93.72,France,Cash Withdrawal,Tablet,15,22,89.57,1,0,0
14440,2431,53.56,United Kingdom,Card Payment,Web,21,19,60.67,1,3,0
14441,439,115.74,Senegal,Cash Withdrawal,Web,5,18,231.79,0,2,0
14442,1956,111.29,Germany,Card Payment,Tablet,23,20,184.36,0,3,0
14443,3395,164.96,Spain,Card Payment,Mobile,8,28,78.98,0,2,0
14444,1977,107.72,United Kingdom,Transfer,Web,2,24,567.81,0,4,0
14445,518,198.6,United Kingdom,Transfer,Web,23,23,192.77,1,0,0
14446,455,236.0,United Kingdom,Cash Withdrawal,Mobile,19,13,81.06,0,0,0
14447,811,235.77,Senegal,Cash Withdrawal,Tablet,5,38,86.75,0,1,0
14448,986,74.99,United Kingdom,Online Payment,Mobile,15,21,112.58,1,7,0
14449,1841,61.98,Germany,Transfer,Mobile,13,13,206.99,0,1,0
14450,2608,65.17,Portugal,Online Payment,Mobile,21,25,121.76,0,1,0
14451,234,169.33,Germany,Transfer,Tablet,9,17,89.89,0,1,0
14452,1941,252.96,Spain,Online Payment,Web,5,30,72.78,0,0,0
14453,3137,205.01,Germany,Online Payment,Mobile,4,11,60.66,0,1,0
14454,2055,95.92,France,Cash Withdrawal,Tablet,19,21,60.86,0,1,0
14455,3665,293.07,United Kingdom,Cash Withdrawal,Web,7,19,89.25,0,1,0
14456,1819,485.07,France,Cash Withdrawal,Mobile,1,17,125.69,0,1,0
14457,3925,123.6,Portugal,Online Payment,Tablet,20,17,53.17,0,0,0
14458,2205,393.3,Senegal,Online Payment,Mobile,15,15,118.93,0,4,0
14459,283,268.65,Spain,Card Payment,Web,16,18,45.35,0,3,0
14460,2909,51.74,France,Transfer,Web,18,30,75.15,0,1,0
14461,587,69.37,United Kingdom,Cash Withdrawal,Tablet,2,17,132.37,0,0,0
14462,785,110.76,United Kingdom,Online Payment,Web,1,24,113.78,0,0,0
14463,939,157.45,Spain,Transfer,Tablet,18,36,143.12,1,0,0
14464,3851,124.85,France,Card Payment,Mobile,0,10,55.47,1,0,0
14465,3326,42.53,Senegal,Transfer,Tablet,16,5,105.42,0,3,0
14466,2631,189.34,France,Card Payment,Web,6,14,104.17,0,3,0
14467,3780,70.87,United Kingdom,Transfer,Web,8,13,228.93,1,0,0
14468,2200,349.31,Spain,Card Payment,Mobile,2,11,261.08,0,2,0
14469,722,101.6,Senegal,Online Payment,Web,9,30,67.93,0,1,0
14470,3025,56.11,France,Online Payment,Web,20,26,154.82,0,1,0
14471,457,134.17,Germany,Transfer,Mobile,17,11,68.84,0,4,0
14472,1827,200.27,United Kingdom,Card Payment,Tablet,17,14,64.94,0,1,0
14473,3388,76.32,Portugal,Online Payment,Mobile,8,2,102.32,0,1,0
14474,2488,77.8,France,Online Payment,Tablet,15,14,126.63,0,2,0
14475,3273,73.09,Germany,Card Payment,Tablet,13,16,208.75,0,4,0
14476,3038,87.06,Senegal,Online Payment,Tablet,14,12,49.94,0,0,0
14477,1086,77.71,Portugal,Card Payment,Mobile,16,27,74.63,0,1,0
14478,1624,242.36,France,Online Payment,Tablet,8,2,79.5,0,1,0
14479,1836,266.78,Portugal,Card Payment,Web,23,12,33.81,1,3,0
14480,3161,190.91,Senegal,Transfer,Tablet,14,11,61.38,0,1,0
14481,2646,103.31,France,Card Payment,Tablet,1,36,112.81,1,5,0
14482,2578,261.86,United Kingdom,Online Payment,Mobile,23,21,179.5,1,0,0
14483,770,165.32,Senegal,Card Payment,Mobile,8,21,163.48,0,0,0
14484,1285,202.47,Germany,Cash Withdrawal,Web,15,43,225.66,0,3,0
14485,3820,437.15,United Kingdom,Transfer,Mobile,19,31,172.5,0,4,0
14486,3297,420.21,United Kingdom,Cash Withdrawal,Mobile,14,41,172.34,1,1,0
14487,2104,112.65,Senegal,Cash Withdrawal,Web,23,21,158.46,0,0,0
14488,652,97.7,Portugal,Card Payment,Tablet,23,16,167.52,1,2,0
14489,370,231.95,Germany,Online Payment,Web,9,24,136.15,0,2,0
14490,2533,128.11,France,Cash Withdrawal,Mobile,16,20,82.4,0,1,0
14491,1212,153.69,Senegal,Online Payment,Tablet,10,28,304.58,0,2,0
14492,2670,254.61,France,Card Payment,Tablet,6,30,170.13,0,1,0
14493,3316,761.65,United Kingdom,Online Payment,Mobile,22,33,29.0,0,3,0
14494,168,93.09,France,Card Payment,Tablet,15,23,129.87,0,1,0
14495,527,176.98,United Kingdom,Transfer,Tablet,22,37,35.3,0,1,0
14496,3643,174.37,Portugal,Online Payment,Web,18,21,193.01,1,1,0
14497,2449,284.6,Spain,Transfer,Tablet,4,32,59.14,0,1,1
14498,2466,86.27,Germany,Cash Withdrawal,Tablet,23,24,164.78,0,3,0
14499,258,67.31,Germany,Cash Withdrawal,Tablet,3,18,51.9,0,0,0
14500,2338,22.36,France,Cash Withdrawal,Mobile,23,16,162.53,0,1,0
14501,2217,157.86,Portugal,Card Payment,Mobile,18,15,60.47,0,0,0
14502,1688,713.9,Senegal,Transfer,Web,14,26,92.21,0,3,0
14503,1055,166.17,United Kingdom,Card Payment,Mobile,11,22,123.61,0,1,0
14504,1555,495.51,Spain,Cash Withdrawal,Tablet,13,33,235.77,0,3,0
14505,812,149.17,France,Card Payment,Mobile,8,14,106.17,0,0,0
14506,2475,124.74,France,Transfer,Tablet,21,27,161.02,1,2,0
14507,3550,145.65,Germany,Online Payment,Mobile,16,37,66.82,0,2,0
14508,3444,140.19,Portugal,Cash Withdrawal,Mobile,13,23,45.95,0,1,0
14509,119,117.58,Spain,Cash Withdrawal,Tablet,2,1,84.94,0,0,0
14510,1496,182.88,Portugal,Cash Withdrawal,Tablet,6,22,95.08,1,2,0
14511,1786,144.79,Senegal,Online Payment,Web,22,8,188.75,0,2,0
14512,481,210.9,France,Card Payment,Tablet,8,11,334.28,1,3,0
14513,2027,129.97,France,Card Payment,Web,18,46,63.11,0,0,0
14514,3655,93.83,France,Cash Withdrawal,Mobile,6,14,133.37,0,3,0
14515,3739,329.26,Germany,Card Payment,Tablet,13,21,57.3,0,3,0
14516,256,62.51,France,Cash Withdrawal,Tablet,7,29,308.73,0,0,0
14517,2942,58.72,Germany,Transfer,Tablet,9,23,150.01,1,0,0
14518,3596,264.47,France,Transfer,Web,23,33,119.92,0,1,0
14519,441,181.27,Germany,Cash Withdrawal,Tablet,11,5,286.18,0,1,0
14520,1655,354.07,Germany,Online Payment,Tablet,13,31,643.66,0,1,0
14521,362,88.65,Portugal,Transfer,Web,8,30,136.0,0,1,0
14522,73,80.65,Spain,Card Payment,Mobile,14,17,54.89,0,0,0
14523,1622,83.74,France,Transfer,Web,3,12,266.51,0,1,0
14524,2532,29.81,Spain,Card Payment,Tablet,1,26,202.56,0,2,0
14525,70,79.46,Germany,Cash Withdrawal,Mobile,14,18,102.95,0,1,0
14526,2594,28.07,France,Cash Withdrawal,Mobile,5,44,464.81,0,2,0
14527,2961,76.22,Portugal,Transfer,Mobile,21,13,113.88,0,2,0
14528,1858,59.93,Spain,Card Payment,Web,13,18,233.07,0,1,0
14529,1546,70.09,Germany,Card Payment,Web,18,29,166.8,0,1,0
14530,1259,49.87,Spain,Online Payment,Tablet,22,15,100.25,0,0,0
14531,2787,177.85,Portugal,Online Payment,Tablet,6,3,28.39,0,1,0
14532,2322,326.37,United Kingdom,Online Payment,Web,15,16,103.81,0,3,0
14533,141,133.45,Portugal,Transfer,Web,18,18,47.83,1,2,0
14534,1263,145.83,Germany,Card Payment,Mobile,11,23,89.68,0,3,0
14535,2191,241.99,Senegal,Online Payment,Web,9,33,198.63,0,1,0
14536,1094,49.8,Spain,Card Payment,Tablet,22,16,60.93,1,2,0
14537,98,98.12,Portugal,Transfer,Tablet,15,36,123.56,0,4,0
14538,927,78.17,France,Transfer,Tablet,1,25,85.79,0,3,0
14539,2657,43.38,Portugal,Online Payment,Tablet,2,16,142.42,0,1,0
14540,2827,79.63,Germany,Card Payment,Mobile,2,15,49.74,1,1,0
14541,2445,130.64,Senegal,Transfer,Tablet,4,23,91.91,1,1,0
14542,3005,36.21,United Kingdom,Transfer,Web,5,24,38.51,0,0,0
14543,928,127.17,Portugal,Online Payment,Mobile,5,13,50.0,0,1,0
14544,685,97.3,Senegal,Online Payment,Mobile,21,15,92.51,0,2,0
14545,1811,518.8,United Kingdom,Online Payment,Tablet,17,25,115.01,1,1,0
14546,2310,102.37,Portugal,Cash Withdrawal,Mobile,5,23,224.16,0,2,0
14547,2282,223.96,Spain,Online Payment,Tablet,14,6,111.06,1,1,0
14548,967,144.28,France,Online Payment,Tablet,12,26,113.12,0,0,0
14549,451,59.91,Germany,Online Payment,Tablet,3,13,126.97,0,2,0
14550,1918,95.1,Germany,Transfer,Mobile,5,11,412.19,1,1,0
14551,3700,177.87,Germany,Card Payment,Mobile,23,8,92.68,0,0,0
14552,1676,233.07,Germany,Cash Withdrawal,Mobile,6,23,111.6,1,1,0
14553,3541,17.59,Germany,Transfer,Tablet,23,20,58.27,0,3,0
14554,1950,162.52,Portugal,Cash Withdrawal,Web,13,1,101.94,0,1,0
14555,1344,106.31,United Kingdom,Transfer,Web,21,15,129.05,0,2,0
14556,511,52.34,Spain,Cash Withdrawal,Tablet,10,11,193.05,1,1,0
14557,1913,159.24,Germany,Card Payment,Mobile,2,23,154.57,0,2,0
14558,1150,98.02,United Kingdom,Online Payment,Web,20,26,89.17,0,0,0
14559,917,280.56,United Kingdom,Online Payment,Web,23,31,392.57,0,0,0
14560,1707,98.59,United Kingdom,Card Payment,Web,17,23,45.0,0,1,0
14561,665,85.16,Portugal,Transfer,Web,6,10,193.16,0,1,0
14562,3715,283.85,Senegal,Card Payment,Web,7,19,244.23,1,2,0
14563,212,363.38,Spain,Card Payment,Tablet,5,16,115.71,1,2,0
14564,313,220.74,Spain,Transfer,Web,19,31,292.18,1,4,0
14565,2556,76.25,Portugal,Online Payment,Mobile,21,5,126.74,0,1,0
14566,2300,420.74,Spain,Online Payment,Tablet,4,11,181.69,0,4,1
14567,2842,29.59,Senegal,Transfer,Web,7,11,75.07,0,0,1
14568,1405,211.32,Senegal,Cash Withdrawal,Tablet,2,32,46.05,1,1,0
14569,195,38.2,Portugal,Card Payment,Tablet,17,3,75.63,1,1,0
14570,3918,52.86,Spain,Online Payment,Tablet,20,18,68.08,0,2,0
14571,3944,23.71,Portugal,Card Payment,Web,8,15,32.07,0,1,0
14572,3540,80.92,Germany,Cash Withdrawal,Web,17,29,59.56,0,2,0
14573,220,144.66,Senegal,Card Payment,Mobile,2,23,62.21,0,1,0
14574,3255,226.38,France,Transfer,Web,1,16,113.42,0,4,0
14575,3859,53.61,France,Online Payment,Tablet,12,34,59.88,0,0,0
14576,1287,44.58,Spain,Transfer,Web,16,13,46.76,0,1,0
14577,981,485.82,United Kingdom,Cash Withdrawal,Tablet,15,19,291.48,0,3,0
14578,2840,56.56,Portugal,Online Payment,Mobile,5,7,108.51,0,1,0
14579,1792,48.6,Germany,Cash Withdrawal,Mobile,18,29,148.34,0,3,0
14580,1069,278.36,Portugal,Transfer,Mobile,8,27,66.79,0,0,0
14581,2956,194.07,Germany,Cash Withdrawal,Mobile,23,16,272.1,0,0,0
14582,2852,128.51,Germany,Online Payment,Web,11,17,128.36,0,2,0
14583,568,243.47,Senegal,Card Payment,Mobile,15,34,58.18,0,0,0
14584,3015,62.72,Senegal,Card Payment,Web,22,26,47.89,0,0,0
14585,1985,376.4,United Kingdom,Online Payment,Web,20,18,113.87,0,0,0
14586,1922,135.1,Portugal,Online Payment,Mobile,5,29,30.92,0,3,0
14587,3719,24.25,United Kingdom,Cash Withdrawal,Web,1,19,244.07,0,4,0
14588,3038,151.72,Spain,Transfer,Mobile,8,17,105.48,0,1,0
14589,2311,242.89,France,Card Payment,Tablet,8,24,150.1,0,3,0
14590,1806,322.16,United Kingdom,Cash Withdrawal,Mobile,2,15,157.12,0,1,0
14591,2029,258.65,Spain,Transfer,Web,15,21,373.54,0,2,0
14592,70,98.38,Portugal,Online Payment,Tablet,13,42,173.59,0,1,0
14593,3057,29.57,Germany,Transfer,Tablet,12,20,66.41,0,2,0
14594,701,29.89,United Kingdom,Transfer,Tablet,19,5,233.19,0,2,0
14595,1438,84.03,United Kingdom,Transfer,Mobile,12,34,124.65,0,2,0
14596,2831,22.87,Senegal,Cash Withdrawal,Mobile,8,8,86.09,0,0,0
14597,3553,553.73,France,Cash Withdrawal,Mobile,21,12,119.64,0,1,0
14598,3462,42.11,Germany,Online Payment,Mobile,12,23,62.3,0,0,0
14599,1081,41.44,Germany,Transfer,Web,16,22,251.23,0,1,0
14600,1742,75.51,Germany,Transfer,Tablet,0,22,47.99,1,4,0
14601,791,25.78,Germany,Cash Withdrawal,Tablet,22,37,73.78,0,1,0
14602,1854,186.2,Germany,Online Payment,Web,21,29,189.32,0,0,0
14603,451,1108.85,France,Card Payment,Mobile,18,13,86.77,0,1,0
14604,1376,378.39,France,Online Payment,Web,16,1,48.05,0,1,0
14605,2413,44.8,Spain,Online Payment,Mobile,22,22,254.65,1,1,0
14606,1465,620.95,United Kingdom,Cash Withdrawal,Mobile,9,32,118.22,1,2,0
14607,2697,99.27,Portugal,Card Payment,Web,21,37,56.16,0,0,0
14608,1473,40.52,Portugal,Card Payment,Tablet,2,29,260.19,0,0,0
14609,2866,51.41,Spain,Online Payment,Tablet,15,21,96.01,0,1,0
14610,3095,112.85,Spain,Online Payment,Mobile,13,11,63.73,1,2,0
14611,315,155.18,Senegal,Transfer,Web,6,3,206.18,0,0,0
14612,3876,126.15,Spain,Cash Withdrawal,Mobile,10,37,189.89,0,2,0
14613,3753,59.61,Spain,Online Payment,Mobile,2,10,76.01,0,0,0
14614,130,97.6,Spain,Online Payment,Mobile,6,37,119.79,0,1,0
14615,1598,75.12,United Kingdom,Transfer,Web,6,35,33.88,0,1,0
14616,375,150.11,Senegal,Transfer,Tablet,1,20,28.19,1,5,1
14617,2447,146.66,United Kingdom,Online Payment,Mobile,0,30,121.84,1,0,0
14618,1227,142.96,Portugal,Cash Withdrawal,Mobile,17,18,123.64,0,2,0
14619,2183,68.8,France,Transfer,Mobile,9,35,372.27,0,2,0
14620,1336,78.0,Portugal,Card Payment,Web,2,22,157.03,0,0,0
14621,2102,98.12,United Kingdom,Cash Withdrawal,Tablet,18,29,169.19,0,0,0
14622,1803,145.45,Portugal,Card Payment,Mobile,19,26,125.37,0,3,0
14623,2595,111.16,Spain,Card Payment,Mobile,3,19,132.72,0,2,0
14624,2223,84.24,Germany,Card Payment,Tablet,20,20,59.64,1,2,0
14625,3886,268.16,Portugal,Transfer,Tablet,9,4,235.15,0,0,0
14626,1313,159.53,France,Online Payment,Tablet,3,31,105.6,1,1,0
14627,3685,67.48,Senegal,Cash Withdrawal,Mobile,9,1,227.12,1,0,0
14628,2040,36.69,United Kingdom,Online Payment,Mobile,19,17,158.84,0,0,0
14629,1275,192.99,United Kingdom,Transfer,Mobile,20,1,115.74,0,0,0
14630,206,481.97,Senegal,Card Payment,Web,5,27,65.12,0,0,0
14631,3277,108.07,Senegal,Transfer,Tablet,1,9,148.04,0,4,1
14632,3659,147.19,United Kingdom,Card Payment,Web,7,33,79.67,0,0,0
14633,3329,46.73,Germany,Online Payment,Mobile,0,21,83.5,1,1,0
14634,1663,170.91,United Kingdom,Online Payment,Mobile,19,20,246.0,0,1,0
14635,1284,76.79,Spain,Cash Withdrawal,Mobile,1,22,141.15,0,3,0
14636,3338,191.36,Germany,Cash Withdrawal,Web,7,12,139.43,1,1,0
14637,2357,139.93,United Kingdom,Cash Withdrawal,Mobile,20,4,140.17,0,1,0
14638,526,997.68,Senegal,Card Payment,Mobile,13,40,215.54,1,0,0
14639,1372,331.65,United Kingdom,Transfer,Tablet,9,32,39.94,0,1,0
14640,529,143.9,Germany,Transfer,Mobile,20,25,244.41,0,0,0
14641,945,246.6,Germany,Online Payment,Mobile,8,21,186.53,0,0,0
14642,3362,355.04,France,Online Payment,Mobile,11,13,161.08,0,4,0
14643,3586,186.94,Portugal,Transfer,Web,4,25,92.5,0,1,0
14644,687,70.28,Germany,Online Payment,Web,16,20,136.91,0,2,0
14645,1621,468.94,Germany,Card Payment,Tablet,13,18,135.08,0,3,0
14646,1454,235.37,Portugal,Transfer,Tablet,20,17,90.72,0,1,0
14647,1383,48.45,Portugal,Card Payment,Web,13,1,205.38,0,6,0
14648,3078,100.76,Spain,Transfer,Mobile,15,9,196.1,0,0,0
14649,3659,44.96,Spain,Online Payment,Web,2,26,98.88,1,3,0
14650,3759,16.54,United Kingdom,Cash Withdrawal,Tablet,4,21,43.66,0,4,0
14651,3812,45.68,Senegal,Online Payment,Tablet,1,10,122.69,0,1,0
14652,458,37.48,France,Card Payment,Tablet,19,10,207.03,0,3,0
14653,2089,147.16,United Kingdom,Card Payment,Mobile,0,1,90.95,0,2,0
14654,3158,294.01,Portugal,Online Payment,Web,12,31,68.48,0,4,0
14655,3949,42.17,France,Transfer,Web,16,7,96.51,0,1,0
14656,155,46.86,Portugal,Card Payment,Web,16,7,130.2,1,1,0
14657,882,601.5,Spain,Card Payment,Tablet,16,12,240.16,0,3,0
14658,1925,107.79,United Kingdom,Card Payment,Web,9,28,154.49,0,2,0
14659,2817,337.57,France,Card Payment,Web,15,29,105.03,0,0,0
14660,1913,174.92,Portugal,Card Payment,Mobile,17,11,37.42,0,1,0
14661,3023,82.07,France,Card Payment,Tablet,19,14,92.07,0,1,0
14662,3944,48.26,Portugal,Cash Withdrawal,Mobile,15,22,33.62,0,1,0
14663,3751,110.67,Germany,Transfer,Mobile,9,34,73.33,0,3,0
14664,1391,77.5,Senegal,Card Payment,Tablet,11,3,307.04,0,0,0
14665,1995,41.63,Spain,Cash Withdrawal,Tablet,16,35,126.43,0,2,0
14666,1536,93.32,United Kingdom,Transfer,Web,2,32,82.89,0,3,0
14667,2125,75.84,Spain,Card Payment,Tablet,11,23,120.02,0,2,0
14668,2089,45.25,Spain,Cash Withdrawal,Mobile,18,12,117.09,0,3,0
14669,2684,92.02,Portugal,Card Payment,Tablet,19,20,169.64,0,0,0
14670,2182,133.94,Senegal,Cash Withdrawal,Tablet,23,29,49.91,0,3,0
14671,3658,32.16,Portugal,Transfer,Web,1,8,132.56,0,1,0
14672,3150,840.74,United Kingdom,Transfer,Tablet,15,12,151.79,0,0,0
14673,3591,233.09,United Kingdom,Online Payment,Mobile,0,23,91.16,0,2,0
14674,1834,634.64,Portugal,Online Payment,Web,17,27,61.04,1,1,0
14675,2255,152.2,Senegal,Transfer,Mobile,11,39,86.99,0,2,0
14676,1106,290.23,Senegal,Card Payment,Mobile,6,8,58.22,1,0,0
14677,2481,14.26,Germany,Transfer,Mobile,23,22,127.61,0,0,0
14678,721,88.53,France,Card Payment,Web,11,18,55.04,1,1,0
14679,2586,270.85,United Kingdom,Transfer,Mobile,19,46,263.94,0,3,0
14680,654,91.31,Portugal,Transfer,Tablet,22,22,38.56,0,1,0
14681,1744,818.52,United Kingdom,Cash Withdrawal,Mobile,7,26,212.98,0,4,0
14682,665,111.25,United Kingdom,Online Payment,Tablet,19,18,232.34,0,2,0
14683,3115,543.76,United Kingdom,Card Payment,Tablet,14,13,98.63,0,1,0
14684,442,149.16,Spain,Transfer,Tablet,11,31,115.04,0,1,0
14685,828,77.68,Senegal,Cash Withdrawal,Mobile,5,20,123.71,1,3,0
14686,1104,21.79,Portugal,Online Payment,Tablet,21,9,91.05,0,1,0
14687,1822,315.72,United Kingdom,Online Payment,Web,8,23,98.16,1,3,0
14688,2774,43.79,Germany,Card Payment,Web,6,14,83.68,0,0,0
14689,2770,49.04,Portugal,Transfer,Mobile,0,8,132.28,0,0,0
14690,2620,35.5,Senegal,Card Payment,Mobile,10,20,116.36,1,0,0
14691,3152,98.59,United Kingdom,Online Payment,Tablet,2,17,174.25,0,1,0
14692,1678,56.34,France,Cash Withdrawal,Web,11,12,95.49,0,1,0
14693,3842,210.65,Senegal,Cash Withdrawal,Web,23,13,167.98,0,1,0
14694,991,242.09,United Kingdom,Cash Withdrawal,Tablet,14,4,27.45,0,3,0
14695,2043,49.1,Germany,Online Payment,Mobile,12,17,191.14,0,3,0
14696,924,553.32,United Kingdom,Cash Withdrawal,Web,14,19,112.04,0,0,0
14697,818,267.22,Senegal,Card Payment,Tablet,14,18,126.81,0,0,0
14698,3598,255.19,United Kingdom,Transfer,Mobile,20,10,151.6,0,1,0
14699,820,160.53,Germany,Card Payment,Web,8,26,277.22,0,4,0
14700,3615,86.76,Portugal,Online Payment,Mobile,6,25,53.0,1,2,0
14701,3508,106.62,France,Online Payment,Tablet,4,11,170.57,0,2,0
14702,2708,206.9,France,Transfer,Tablet,21,40,42.89,0,1,0
14703,3614,162.63,Portugal,Transfer,Mobile,14,21,152.54,0,0,0
14704,1808,333.21,United Kingdom,Online Payment,Tablet,1,26,212.89,0,3,0
14705,1249,124.07,Portugal,Card Payment,Web,3,4,74.7,0,3,0
14706,127,43.31,Senegal,Card Payment,Tablet,10,24,325.3,0,4,0
14707,3495,14.35,France,Card Payment,Tablet,11,10,77.61,0,3,0
14708,299,22.58,Spain,Online Payment,Web,2,23,184.63,0,1,0
14709,3535,252.73,Germany,Cash Withdrawal,Tablet,18,31,77.14,0,1,0
14710,805,101.0,Spain,Online Payment,Web,5,23,123.65,0,3,0
14711,2936,76.29,Senegal,Online Payment,Web,17,25,176.46,0,0,0
14712,3018,30.9,Portugal,Cash Withdrawal,Mobile,1,28,121.96,0,3,0
14713,1221,198.47,Portugal,Card Payment,Mobile,18,26,105.02,0,0,0
14714,3008,24.43,United Kingdom,Card Payment,Tablet,0,32,223.13,0,3,0
14715,2094,75.22,Germany,Online Payment,Mobile,0,31,105.14,0,0,0
14716,2571,136.82,Germany,Transfer,Web,5,27,124.83,0,0,0
14717,1096,154.34,Senegal,Cash Withdrawal,Mobile,7,9,81.95,0,0,0
14718,342,85.22,Germany,Cash Withdrawal,Tablet,21,29,177.59,0,0,0
14719,2613,368.06,Portugal,Online Payment,Web,2,24,216.67,1,2,0
14720,3673,22.22,United Kingdom,Card Payment,Tablet,18,11,103.43,0,1,0
14721,3589,112.73,Senegal,Online Payment,Web,17,19,344.44,0,4,0
14722,827,142.81,Spain,Online Payment,Tablet,17,4,142.72,0,1,0
14723,1846,934.92,Spain,Transfer,Tablet,20,41,71.9,0,0,0
14724,2856,556.53,France,Cash Withdrawal,Mobile,21,34,107.09,0,1,0
14725,1856,110.31,Senegal,Cash Withdrawal,Web,10,22,84.56,0,2,0
14726,922,129.63,Portugal,Online Payment,Web,20,8,202.54,0,1,0
14727,3286,42.3,Germany,Online Payment,Mobile,18,24,148.58,0,0,1
14728,19,423.89,Spain,Card Payment,Tablet,5,1,250.54,1,2,0
14729,2071,59.35,France,Online Payment,Mobile,11,24,110.24,0,0,0
14730,950,301.31,France,Cash Withdrawal,Tablet,15,24,41.61,0,3,0
14731,3788,102.36,Germany,Card Payment,Tablet,4,15,107.83,1,4,0
14732,2596,40.86,United Kingdom,Cash Withdrawal,Web,9,22,50.44,1,4,0
14733,455,131.03,Portugal,Online Payment,Web,19,27,195.83,0,3,0
14734,2329,43.7,United Kingdom,Transfer,Tablet,0,11,62.67,0,1,0
14735,2392,148.12,Spain,Card Payment,Tablet,9,24,177.94,0,0,0
14736,3120,142.88,France,Transfer,Tablet,18,6,91.68,0,0,0
14737,1054,225.84,Germany,Online Payment,Mobile,18,25,126.4,0,0,0
14738,3686,185.99,Portugal,Online Payment,Mobile,23,11,32.98,0,1,0
14739,3738,158.24,Spain,Transfer,Tablet,18,17,95.85,1,0,0
14740,2988,50.28,France,Transfer,Tablet,8,17,28.89,1,1,0
14741,1521,128.38,Germany,Online Payment,Mobile,16,33,148.88,0,1,0
14742,2266,79.53,Portugal,Card Payment,Web,13,34,33.02,1,0,0
14743,676,95.9,Senegal,Online Payment,Tablet,10,35,257.72,0,4,0
14744,604,84.46,France,Transfer,Tablet,7,15,126.48,0,3,0
14745,607,135.67,United Kingdom,Online Payment,Tablet,15,17,87.54,0,0,0
14746,3882,84.85,Germany,Transfer,Web,18,16,92.79,0,0,0
14747,2424,77.73,Senegal,Card Payment,Tablet,16,25,88.98,0,1,0
14748,2103,75.77,United Kingdom,Cash Withdrawal,Mobile,11,5,125.38,0,1,0
14749,3358,63.6,Spain,Card Payment,Mobile,4,29,373.99,0,1,0
14750,1168,65.94,Spain,Cash Withdrawal,Web,6,25,116.02,0,3,0
14751,2325,204.18,Senegal,Transfer,Mobile,10,31,157.8,0,0,0
14752,1142,90.39,France,Card Payment,Web,2,18,170.41,0,1,0
14753,2428,82.75,United Kingdom,Transfer,Web,15,20,177.41,0,3,0
14754,903,79.19,United Kingdom,Card Payment,Web,22,34,145.53,0,0,0
14755,231,141.01,United Kingdom,Online Payment,Tablet,23,13,113.16,0,3,0
14756,714,137.81,Portugal,Transfer,Mobile,5,22,222.02,0,1,0
14757,2246,75.84,Germany,Online Payment,Mobile,22,17,129.31,1,2,0
14758,1992,155.15,Senegal,Online Payment,Web,13,36,70.25,0,2,0
14759,1598,22.8,France,Card Payment,Mobile,10,26,103.0,0,1,0
14760,2313,229.78,United Kingdom,Cash Withdrawal,Web,19,22,55.96,0,4,0
14761,3279,96.27,United Kingdom,Card Payment,Mobile,8,25,146.21,0,0,0
14762,2550,132.33,Germany,Transfer,Web,4,29,67.81,0,1,0
14763,3884,191.8,Spain,Online Payment,Web,3,47,32.65,0,0,0
14764,600,75.99,Spain,Online Payment,Tablet,19,24,481.3,0,1,0
14765,2284,358.88,Senegal,Transfer,Tablet,2,17,170.45,1,1,0
14766,440,75.05,Germany,Online Payment,Tablet,17,21,125.16,0,1,0
14767,1431,52.39,Germany,Cash Withdrawal,Tablet,17,14,29.82,0,2,0
14768,703,89.71,Germany,Transfer,Web,15,30,101.82,0,2,0
14769,1123,135.77,Portugal,Card Payment,Tablet,2,8,103.72,0,2,0
14770,327,178.26,Portugal,Online Payment,Web,13,16,128.8,0,1,0
14771,21,62.93,Senegal,Transfer,Web,15,32,92.12,0,3,0
14772,3930,40.04,Senegal,Online Payment,Mobile,23,29,72.39,0,1,0
14773,283,134.27,United Kingdom,Cash Withdrawal,Mobile,13,40,85.36,0,2,0
14774,3746,142.71,Senegal,Cash Withdrawal,Web,18,9,129.07,0,1,0
14775,3885,35.56,United Kingdom,Cash Withdrawal,Web,5,26,39.11,0,0,0
14776,1623,45.24,United Kingdom,Card Payment,Web,11,26,176.07,0,1,0
14777,2435,23.33,Spain,Card Payment,Tablet,1,22,79.22,0,4,0
14778,2487,104.33,Spain,Cash Withdrawal,Web,20,36,139.03,1,1,0
14779,2740,358.82,France,Card Payment,Tablet,22,13,74.09,1,1,0
14780,3219,302.44,Senegal,Cash Withdrawal,Web,6,13,84.8,0,3,0
14781,2307,43.57,United Kingdom,Cash Withdrawal,Tablet,10,28,84.03,0,1,0
14782,3324,43.63,Senegal,Online Payment,Tablet,16,22,70.15,0,0,0
14783,353,215.69,Portugal,Online Payment,Web,3,19,90.27,0,1,0
14784,1488,80.67,Spain,Online Payment,Mobile,2,38,25.63,0,2,0
14785,1126,213.14,France,Online Payment,Tablet,5,22,42.84,0,3,0
14786,3801,64.73,Germany,Online Payment,Web,1,25,92.94,0,1,0
14787,3479,259.74,France,Transfer,Web,22,39,129.83,1,1,0
14788,1533,256.89,Senegal,Cash Withdrawal,Tablet,23,19,138.52,1,2,0
14789,1348,41.43,United Kingdom,Online Payment,Tablet,2,32,240.2,0,3,0
14790,3010,129.55,Germany,Cash Withdrawal,Web,4,17,246.84,1,0,0
14791,152,38.1,Germany,Online Payment,Web,18,32,144.36,0,3,0
14792,298,80.64,Germany,Card Payment,Mobile,21,27,364.97,1,1,0
14793,3228,37.82,Spain,Cash Withdrawal,Web,22,38,170.18,0,0,0
14794,3775,90.13,Spain,Online Payment,Mobile,2,25,80.14,0,0,0
14795,99,119.87,Spain,Card Payment,Tablet,13,13,220.19,0,4,0
14796,702,31.21,Senegal,Online Payment,Mobile,17,16,94.66,0,2,0
14797,1754,132.73,Senegal,Cash Withdrawal,Web,0,20,126.31,0,2,0
14798,2466,93.3,Portugal,Online Payment,Web,14,43,112.02,0,3,0
14799,479,100.09,Spain,Cash Withdrawal,Mobile,12,18,161.82,0,2,0
14800,1713,137.85,France,Card Payment,Web,6,29,92.04,0,1,0
14801,2112,228.18,Senegal,Cash Withdrawal,Tablet,3,7,125.26,0,1,0
14802,2208,33.22,Portugal,Transfer,Web,10,21,88.25,1,1,0
14803,1826,39.67,United Kingdom,Online Payment,Tablet,1,19,62.92,0,1,0
14804,813,94.17,Spain,Cash Withdrawal,Web,22,7,82.62,0,1,0
14805,195,28.22,Portugal,Cash Withdrawal,Tablet,15,20,56.42,0,2,0
14806,3447,40.74,Germany,Card Payment,Web,19,21,126.29,0,1,0
14807,1864,630.36,United Kingdom,Transfer,Tablet,8,30,58.51,0,1,0
14808,261,91.21,United Kingdom,Transfer,Mobile,17,9,145.1,0,0,0
14809,3588,45.71,Spain,Card Payment,Tablet,4,19,145.4,0,1,0
14810,576,59.17,United Kingdom,Card Payment,Web,23,44,134.3,0,1,0
14811,340,180.28,Germany,Online Payment,Tablet,20,11,105.03,0,3,0
14812,1823,587.45,Spain,Online Payment,Web,8,19,91.65,1,1,1
14813,3548,84.39,Senegal,Card Payment,Mobile,16,13,92.09,0,0,0
14814,3824,72.0,Spain,Transfer,Mobile,21,34,192.84,0,2,0
14815,273,173.61,Senegal,Transfer,Tablet,15,15,112.89,0,0,0
14816,2184,109.94,Spain,Card Payment,Web,6,25,110.46,0,2,0
14817,2361,47.07,Portugal,Cash Withdrawal,Mobile,19,29,44.38,0,3,0
14818,625,389.34,Spain,Cash Withdrawal,Web,10,19,130.78,0,0,0
14819,1123,233.4,Portugal,Online Payment,Web,13,32,49.74,0,2,0
14820,2415,50.87,Spain,Card Payment,Mobile,4,23,297.28,0,5,0
14821,2154,175.21,United Kingdom,Card Payment,Tablet,10,20,247.24,0,1,0
14822,406,70.1,United Kingdom,Online Payment,Tablet,6,10,84.43,0,2,0
14823,2404,63.83,Spain,Transfer,Mobile,1,23,434.55,0,0,0
14824,2365,355.37,Spain,Transfer,Web,10,21,147.83,0,0,0
14825,959,80.7,Germany,Online Payment,Mobile,13,28,175.65,0,0,0
14826,1837,371.91,Portugal,Online Payment,Mobile,10,22,67.63,0,1,0
14827,3093,148.43,Spain,Transfer,Web,22,9,74.75,1,2,0
14828,1955,58.64,France,Online Payment,Mobile,23,9,124.24,1,1,0
14829,3810,60.39,France,Transfer,Tablet,23,11,58.98,1,1,0
14830,1264,101.07,Spain,Online Payment,Tablet,22,13,59.23,0,2,0
14831,1277,108.62,Germany,Online Payment,Tablet,21,33,166.07,0,1,0
14832,1352,278.1,Portugal,Online Payment,Mobile,12,9,70.89,1,0,0
14833,3185,371.2,Spain,Card Payment,Tablet,4,29,139.57,0,1,0
14834,2660,79.46,France,Card Payment,Mobile,18,16,77.87,0,1,0
14835,2299,333.84,Spain,Card Payment,Mobile,10,24,107.18,0,2,0
14836,590,233.62,France,Cash Withdrawal,Tablet,9,41,77.03,0,1,0
14837,404,145.08,France,Cash Withdrawal,Web,18,22,94.31,0,2,0
14838,2037,24.91,Portugal,Transfer,Web,16,29,65.67,0,2,0
14839,3511,59.24,United Kingdom,Card Payment,Web,22,6,103.61,1,1,0
14840,3668,36.54,Senegal,Cash Withdrawal,Web,7,11,352.31,0,0,0
14841,1128,141.91,Germany,Cash Withdrawal,Web,5,25,44.91,0,0,0
14842,1181,84.53,Spain,Card Payment,Web,7,16,51.41,0,1,0
14843,2668,61.65,Spain,Cash Withdrawal,Web,7,14,82.81,0,1,0
14844,759,92.1,Portugal,Online Payment,Tablet,5,13,142.73,0,1,0
14845,1231,49.15,United Kingdom,Transfer,Tablet,20,15,196.88,0,1,0
14846,761,118.86,Senegal,Cash Withdrawal,Tablet,11,7,39.5,0,1,0
14847,2553,828.32,United Kingdom,Online Payment,Web,15,39,346.14,0,2,0
14848,3153,45.93,United Kingdom,Cash Withdrawal,Mobile,2,20,83.72,1,2,0
14849,795,442.23,France,Card Payment,Web,23,9,133.67,0,0,0
14850,20,25.8,France,Online Payment,Mobile,3,25,71.47,0,2,0
14851,3464,41.73,Germany,Cash Withdrawal,Web,2,17,172.93,0,1,0
14852,196,42.43,United Kingdom,Online Payment,Tablet,23,11,214.68,0,3,0
14853,3765,87.73,Germany,Card Payment,Web,8,27,85.31,0,0,0
14854,2322,41.16,Spain,Online Payment,Web,11,1,118.41,0,0,0
14855,2826,101.35,Spain,Transfer,Tablet,5,22,205.14,0,0,0
14856,3860,279.38,Portugal,Card Payment,Tablet,17,11,22.99,1,2,0
14857,3477,28.2,United Kingdom,Cash Withdrawal,Mobile,11,15,79.64,0,3,0
14858,3969,64.61,United Kingdom,Transfer,Web,18,17,73.12,0,1,0
14859,3882,89.0,Germany,Cash Withdrawal,Mobile,22,22,75.65,1,3,0
14860,3701,86.21,France,Card Payment,Mobile,18,25,92.35,0,2,0
14861,447,233.08,Germany,Online Payment,Mobile,14,14,74.02,0,1,0
14862,2475,135.94,Germany,Online Payment,Mobile,20,26,75.69,0,3,0
14863,389,145.87,United Kingdom,Cash Withdrawal,Web,4,22,102.6,0,0,0
14864,960,631.59,Portugal,Cash Withdrawal,Tablet,14,21,53.49,0,1,0
14865,844,279.58,Germany,Cash Withdrawal,Mobile,4,18,118.86,0,2,0
14866,2230,155.51,Senegal,Online Payment,Tablet,4,11,246.96,0,3,1
14867,3253,88.53,France,Transfer,Web,10,1,348.21,1,1,0
14868,1384,165.05,Portugal,Cash Withdrawal,Mobile,6,15,64.9,1,1,0
14869,2685,77.38,Senegal,Cash Withdrawal,Mobile,9,21,223.03,0,1,0
14870,1965,161.46,Senegal,Card Payment,Tablet,18,24,71.52,0,2,0
14871,3276,53.32,Senegal,Transfer,Web,18,15,285.55,0,3,0
14872,2208,202.65,Spain,Card Payment,Tablet,2,15,77.64,1,0,0
14873,2377,190.59,Senegal,Online Payment,Web,4,18,67.59,0,1,0
14874,3606,573.05,Senegal,Card Payment,Web,21,17,85.01,1,1,0
14875,2684,180.53,Germany,Online Payment,Mobile,7,22,136.61,0,1,0
14876,502,91.95,France,Card Payment,Web,3,18,93.25,0,0,0
14877,2174,47.9,Senegal,Transfer,Web,6,14,149.1,0,3,0
14878,1085,56.15,Germany,Transfer,Mobile,18,22,134.7,1,2,0
14879,3061,210.18,Spain,Online Payment,Tablet,3,30,170.83,0,2,0
14880,2098,606.19,United Kingdom,Online Payment,Mobile,12,11,158.25,0,1,0
14881,1125,128.87,Spain,Card Payment,Web,22,32,71.53,0,4,0
14882,418,144.11,Senegal,Online Payment,Tablet,7,13,46.28,0,1,0
14883,3586,99.31,United Kingdom,Transfer,Mobile,0,26,121.43,0,2,0
14884,660,380.07,Spain,Card Payment,Web,18,34,157.99,0,3,0
14885,3988,17.7,Germany,Transfer,Tablet,13,21,78.66,0,2,0
14886,2214,40.53,Portugal,Transfer,Tablet,0,17,172.95,0,1,0
14887,2257,99.6,Germany,Card Payment,Tablet,1,35,120.16,0,1,0
14888,1598,116.1,Germany,Online Payment,Web,23,30,179.41,0,0,0
14889,1500,149.63,Germany,Transfer,Web,10,26,269.3,0,3,0
14890,2120,127.82,Senegal,Card Payment,Tablet,1,28,99.52,0,1,0
14891,2078,215.03,United Kingdom,Online Payment,Web,17,22,152.76,0,0,0
14892,3623,547.95,Germany,Online Payment,Mobile,15,21,148.02,0,0,0
14893,1454,124.52,Spain,Card Payment,Web,7,27,83.84,1,2,0
14894,790,77.24,Portugal,Cash Withdrawal,Web,19,39,101.61,0,1,0
14895,3582,98.7,France,Online Payment,Web,12,36,106.01,0,1,0
14896,703,185.81,Portugal,Card Payment,Web,22,20,97.35,0,1,0
14897,1452,212.76,United Kingdom,Online Payment,Web,0,1,81.37,0,3,0
14898,3674,208.47,Spain,Card Payment,Web,12,26,67.54,0,1,0
14899,626,61.49,Spain,Online Payment,Web,1,14,60.1,0,2,0
14900,2088,102.49,United Kingdom,Cash Withdrawal,Tablet,17,31,114.35,0,1,0
14901,1653,70.56,United Kingdom,Cash Withdrawal,Tablet,18,24,35.24,0,0,0
14902,2187,310.07,Spain,Online Payment,Tablet,3,30,15.6,0,3,0
14903,2442,61.38,Spain,Transfer,Mobile,11,13,93.57,1,1,0
14904,2951,136.7,Senegal,Cash Withdrawal,Tablet,12,8,97.32,0,0,0
14905,2763,21.31,Senegal,Cash Withdrawal,Web,16,15,60.58,1,1,0
14906,2369,57.66,Portugal,Card Payment,Mobile,5,16,72.04,0,2,0
14907,1396,51.75,France,Card Payment,Tablet,3,35,103.01,0,2,0
14908,2831,416.77,Spain,Cash Withdrawal,Tablet,1,16,54.4,0,0,0
14909,3717,159.48,Senegal,Card Payment,Web,3,10,63.65,0,3,0
14910,3143,157.69,Senegal,Online Payment,Tablet,21,26,168.61,0,1,0
14911,2407,47.34,France,Online Payment,Mobile,10,34,69.54,0,3,0
14912,3945,166.08,Senegal,Cash Withdrawal,Mobile,23,2,148.27,0,0,0
14913,1018,158.08,Germany,Transfer,Mobile,12,16,29.41,1,1,0
14914,43,219.12,Spain,Transfer,Tablet,14,33,142.53,0,0,0
14915,2196,137.33,Spain,Cash Withdrawal,Web,21,23,124.71,0,1,0
14916,1719,79.8,United Kingdom,Cash Withdrawal,Tablet,16,22,125.45,0,2,0
14917,530,308.46,Portugal,Online Payment,Mobile,12,19,398.59,0,0,0
14918,161,363.01,Senegal,Card Payment,Tablet,8,29,63.05,0,0,0
14919,376,111.25,Germany,Cash Withdrawal,Tablet,21,37,62.66,0,1,0
14920,1703,182.1,United Kingdom,Card Payment,Mobile,13,28,260.92,0,0,0
14921,2712,231.11,France,Transfer,Mobile,18,9,53.72,0,2,0
14922,928,296.19,Senegal,Online Payment,Tablet,19,5,170.24,0,1,0
14923,1811,291.72,Portugal,Card Payment,Web,5,23,353.06,0,1,0
14924,2679,371.75,Senegal,Cash Withdrawal,Mobile,18,21,224.15,1,0,1
14925,3528,78.82,Spain,Cash Withdrawal,Web,19,26,95.89,0,0,0
14926,2021,288.11,United Kingdom,Card Payment,Web,10,22,239.88,0,1,0
14927,895,103.79,Germany,Cash Withdrawal,Mobile,11,22,122.66,0,2,0
14928,3279,99.19,United Kingdom,Transfer,Web,10,14,115.0,0,1,0
14929,3696,117.61,Portugal,Card Payment,Mobile,9,9,67.97,0,1,0
14930,709,208.76,United Kingdom,Online Payment,Mobile,6,25,172.44,0,1,0
14931,2104,145.29,Senegal,Transfer,Tablet,20,27,81.42,0,0,0
14932,951,89.45,Portugal,Cash Withdrawal,Mobile,3,28,62.06,0,2,0
14933,3422,95.69,Senegal,Online Payment,Tablet,9,16,170.36,0,1,0
14934,1407,119.65,Spain,Online Payment,Tablet,5,28,179.76,0,0,0
14935,1944,84.59,United Kingdom,Transfer,Mobile,3,17,103.2,0,1,0
14936,1837,65.36,Spain,Online Payment,Mobile,1,19,150.84,0,3,0
14937,3563,92.53,Senegal,Online Payment,Web,22,26,134.78,0,3,0
14938,2222,76.57,Spain,Card Payment,Tablet,0,10,111.61,0,0,0
14939,3176,75.97,France,Transfer,Mobile,11,22,132.17,0,3,0
14940,2350,165.99,Spain,Online Payment,Mobile,8,30,50.32,0,2,0
14941,274,148.52,United Kingdom,Transfer,Mobile,12,4,96.18,0,0,0
14942,2862,26.02,France,Card Payment,Mobile,21,21,319.44,0,1,0
14943,2998,15.82,Germany,Card Payment,Web,8,22,158.86,1,0,0
14944,2090,125.95,Senegal,Transfer,Web,23,14,213.33,0,1,0
14945,2761,121.69,Germany,Transfer,Mobile,3,14,285.63,0,0,0
14946,2413,140.68,France,Card Payment,Tablet,7,28,111.81,0,2,0
14947,1668,113.96,Senegal,Online Payment,Web,11,7,126.52,0,2,0
14948,2142,127.22,Portugal,Online Payment,Tablet,13,12,106.99,0,0,0
14949,2194,300.35,United Kingdom,Online Payment,Web,22,18,86.41,1,3,0
14950,1648,47.65,Germany,Cash Withdrawal,Mobile,6,15,49.52,0,4,0
14951,2101,347.61,Spain,Card Payment,Tablet,10,22,146.94,0,2,0
14952,1367,91.95,Germany,Cash Withdrawal,Tablet,15,24,94.16,0,0,0
14953,3508,13.05,Portugal,Online Payment,Web,19,3,150.1,0,0,0
14954,752,39.15,France,Card Payment,Mobile,9,1,61.03,0,0,0
14955,2141,583.44,Spain,Card Payment,Mobile,22,21,99.72,0,1,0
14956,3169,357.4,Senegal,Transfer,Web,0,1,243.73,1,1,0
14957,2655,35.84,Senegal,Online Payment,Tablet,17,23,266.45,0,1,0
14958,3806,60.85,France,Online Payment,Tablet,13,8,149.62,0,2,0
14959,1042,265.92,Spain,Card Payment,Web,18,6,194.15,0,0,0
14960,3483,61.52,Senegal,Card Payment,Web,20,26,37.63,0,1,0
14961,1337,71.24,Senegal,Card Payment,Mobile,20,16,100.95,1,1,0
14962,1112,28.28,Portugal,Transfer,Web,20,22,382.01,0,1,0
14963,1290,67.73,Senegal,Online Payment,Tablet,10,20,399.63,0,0,0
14964,2500,247.51,Senegal,Online Payment,Web,18,26,119.1,0,0,0
14965,1154,49.05,Germany,Transfer,Mobile,19,29,134.55,0,1,0
14966,2588,30.53,Spain,Card Payment,Web,15,28,50.06,0,3,0
14967,1274,297.72,Portugal,Card Payment,Mobile,14,4,84.15,1,0,0
14968,685,215.93,Portugal,Transfer,Web,17,16,50.66,0,0,0
14969,3397,111.46,Germany,Transfer,Tablet,17,14,244.81,0,2,0
14970,2524,257.17,Germany,Card Payment,Mobile,3,28,53.74,0,1,0
14971,1523,129.61,Senegal,Cash Withdrawal,Tablet,12,20,257.32,0,0,0
14972,2525,57.01,Spain,Online Payment,Tablet,10,24,79.65,1,2,0
14973,539,100.74,Portugal,Card Payment,Web,22,13,107.39,0,1,0
14974,1868,149.56,Germany,Online Payment,Web,19,18,235.5,0,3,0
14975,1981,124.58,United Kingdom,Transfer,Mobile,21,15,71.24,1,0,0
14976,1867,212.62,Germany,Cash Withdrawal,Web,8,14,166.52,0,0,0
14977,2716,189.16,Portugal,Online Payment,Mobile,7,30,157.13,1,3,0
14978,2941,240.38,Spain,Online Payment,Mobile,7,23,328.83,0,0,0
14979,1362,266.51,Spain,Cash Withdrawal,Mobile,22,1,24.5,1,3,0
14980,258,46.42,France,Cash Withdrawal,Tablet,15,22,226.74,0,0,0
14981,536,160.51,Germany,Cash Withdrawal,Tablet,19,20,106.4,0,4,0
14982,1233,343.89,Portugal,Card Payment,Web,7,15,123.11,0,0,0
14983,79,128.46,Senegal,Card Payment,Web,21,27,152.33,0,1,1
14984,1251,163.94,United Kingdom,Card Payment,Mobile,19,29,261.03,0,1,0
14985,952,68.18,Germany,Online Payment,Mobile,17,30,169.76,0,0,0
14986,3105,55.91,United Kingdom,Card Payment,Tablet,19,1,109.03,0,4,0
14987,3924,193.85,United Kingdom,Transfer,Web,23,22,81.98,0,0,0
14988,1456,111.73,France,Card Payment,Web,6,19,25.93,0,1,1
14989,248,103.25,United Kingdom,Card Payment,Web,6,33,124.76,0,1,0
14990,1706,128.4,Portugal,Cash Withdrawal,Web,10,14,172.65,0,1,0
14991,1614,97.08,United Kingdom,Online Payment,Mobile,8,23,102.57,1,0,0
14992,3161,129.27,United Kingdom,Cash Withdrawal,Tablet,8,1,89.49,1,3,0
14993,1658,143.56,Senegal,Card Payment,Web,6,16,57.58,0,2,0
14994,3812,63.38,Spain,Online Payment,Web,17,26,157.47,0,2,0
14995,2024,85.92,Senegal,Transfer,Mobile,0,20,100.74,0,1,0
14996,2167,131.34,France,Cash Withdrawal,Web,14,14,189.45,0,2,0
14997,3676,33.46,Spain,Transfer,Tablet,8,31,58.1,1,1,0
14998,1822,129.82,Senegal,Transfer,Web,11,8,127.37,0,1,0
14999,1835,140.19,Senegal,Card Payment,Mobile,5,12,116.11,0,1,0
15000,594,116.0,Portugal,Online Payment,Web,14,37,174.52,0,2,0
