user_id,event_date,country,acquisition_channel,visited,signed_up,verified,funded,active
1,2025-11-24,Senegal,Organic,1,0,0,0,0
2,2025-05-06,France,Paid Search,1,0,0,0,0
3,2025-12-13,Portugal,Email,1,1,1,1,1
4,2025-09-16,Spain,Organic,1,1,1,0,0
5,2025-08-03,France,Referral,1,1,0,0,0
6,2025-01-04,France,Referral,1,1,1,0,0
7,2025-06-22,Senegal,Organic,1,1,1,1,1
8,2025-01-23,Portugal,Referral,1,1,0,0,0
9,2025-07-13,Senegal,Email,1,1,1,0,0
10,2025-07-05,Spain,Paid Search,1,0,0,0,0
11,2025-01-24,Portugal,Paid Search,1,0,0,0,0
12,2025-02-10,France,Organic,1,1,1,0,0
13,2025-03-25,United Kingdom,Social Media,1,1,1,0,0
14,2025-11-28,Senegal,Email,1,1,1,1,1
15,2025-05-19,Portugal,Email,1,1,1,0,0
16,2025-01-29,France,Organic,1,0,0,0,0
17,2025-07-25,United Kingdom,Organic,1,1,0,0,0
18,2025-06-11,France,Referral,1,1,0,0,0
19,2025-08-23,France,Social Media,1,1,1,1,1
20,2025-08-08,Spain,Referral,1,1,0,0,0
21,2025-03-12,Spain,Referral,1,1,1,1,1
22,2025-12-15,Germany,Email,1,1,1,0,0
23,2025-09-28,United Kingdom,Email,1,0,0,0,0
24,2025-01-06,Portugal,Organic,1,0,0,0,0
25,2025-10-02,United Kingdom,Social Media,1,1,1,1,0
26,2025-05-15,Spain,Paid Search,1,1,1,0,0
27,2025-11-24,Spain,Email,1,1,1,1,0
28,2025-09-29,Senegal,Email,1,1,1,0,0
29,2025-06-07,France,Organic,1,1,1,1,1
30,2025-02-05,Spain,Paid Search,1,1,1,1,1
31,2025-11-07,Germany,Paid Search,1,0,0,0,0
32,2025-12-20,France,Social Media,1,1,1,1,0
33,2025-08-20,Senegal,Paid Search,1,1,1,1,1
34,2025-04-23,Senegal,Organic,1,0,0,0,0
35,2025-01-31,France,Organic,1,0,0,0,0
36,2025-06-19,Senegal,Email,1,1,1,1,1
37,2025-10-20,Spain,Referral,1,1,1,1,1
38,2025-12-04,Germany,Social Media,1,1,1,0,0
39,2025-12-11,Portugal,Organic,1,1,1,0,0
40,2025-02-25,France,Paid Search,1,1,1,1,1
41,2025-05-08,Senegal,Referral,1,0,0,0,0
42,2025-10-09,Senegal,Organic,1,0,0,0,0
43,2025-10-04,Senegal,Organic,1,0,0,0,0
44,2025-05-02,France,Referral,1,1,1,1,1
45,2025-07-14,Senegal,Referral,1,1,0,0,0
46,2025-08-21,United Kingdom,Referral,1,0,0,0,0
47,2025-10-12,Portugal,Referral,1,1,1,0,0
48,2025-10-24,Portugal,Email,1,1,1,1,1
49,2025-09-29,France,Organic,1,0,0,0,0
50,2025-02-11,France,Organic,1,1,1,1,1
51,2025-10-19,France,Email,1,1,1,1,1
52,2025-09-25,United Kingdom,Social Media,1,1,1,1,1
53,2025-12-10,Portugal,Social Media,1,1,0,0,0
54,2025-02-07,Senegal,Referral,1,1,1,1,1
55,2025-09-17,United Kingdom,Paid Search,1,0,0,0,0
56,2025-02-05,France,Social Media,1,1,1,1,1
57,2025-12-01,Spain,Organic,1,0,0,0,0
58,2025-10-11,United Kingdom,Organic,1,0,0,0,0
59,2025-03-10,United Kingdom,Organic,1,0,0,0,0
60,2025-10-11,France,Social Media,1,1,1,1,1
61,2025-05-16,Spain,Referral,1,1,0,0,0
62,2025-01-27,Senegal,Referral,1,0,0,0,0
63,2025-01-23,Senegal,Social Media,1,0,0,0,0
64,2025-11-23,United Kingdom,Paid Search,1,0,0,0,0
65,2025-10-10,Portugal,Referral,1,1,1,0,0
66,2025-12-20,France,Email,1,1,1,1,1
67,2025-01-22,United Kingdom,Social Media,1,0,0,0,0
68,2025-01-21,United Kingdom,Paid Search,1,0,0,0,0
69,2025-12-08,Senegal,Social Media,1,0,0,0,0
70,2025-07-28,Spain,Paid Search,1,0,0,0,0
71,2025-05-02,France,Paid Search,1,0,0,0,0
72,2025-01-13,France,Social Media,1,0,0,0,0
73,2025-07-30,Portugal,Paid Search,1,1,0,0,0
74,2025-02-25,Germany,Organic,1,0,0,0,0
75,2025-04-24,France,Referral,1,1,0,0,0
76,2025-04-27,France,Organic,1,0,0,0,0
77,2025-07-24,United Kingdom,Social Media,1,0,0,0,0
78,2025-05-23,United Kingdom,Email,1,1,0,0,0
79,2025-10-02,United Kingdom,Organic,1,1,0,0,0
80,2025-04-02,Spain,Social Media,1,1,1,1,1
81,2025-08-12,Spain,Email,1,1,0,0,0
82,2025-04-08,United Kingdom,Organic,1,0,0,0,0
83,2025-01-01,Spain,Email,1,0,0,0,0
84,2025-12-10,France,Social Media,1,1,0,0,0
85,2025-06-19,Spain,Social Media,1,0,0,0,0
86,2025-03-05,Portugal,Social Media,1,1,1,1,1
87,2025-10-11,France,Paid Search,1,1,0,0,0
88,2025-12-13,Portugal,Paid Search,1,1,1,1,1
89,2025-05-27,France,Referral,1,0,0,0,0
90,2025-11-07,Portugal,Social Media,1,1,1,1,1
91,2025-03-28,Portugal,Organic,1,1,1,0,0
92,2025-02-17,France,Social Media,1,1,1,1,1
93,2025-09-01,Spain,Organic,1,1,0,0,0
94,2025-10-22,France,Referral,1,1,1,0,0
95,2025-01-03,Senegal,Referral,1,1,0,0,0
96,2025-12-23,Spain,Referral,1,1,1,0,0
97,2025-08-22,France,Referral,1,0,0,0,0
98,2025-10-14,Spain,Social Media,1,0,0,0,0
99,2025-08-15,Spain,Email,1,1,0,0,0
100,2025-08-17,France,Referral,1,1,0,0,0
101,2025-11-23,United Kingdom,Email,1,1,1,1,1
102,2025-05-01,United Kingdom,Social Media,1,1,1,1,1
103,2025-12-22,France,Paid Search,1,1,1,1,1
104,2025-04-16,Germany,Referral,1,0,0,0,0
105,2025-10-27,Portugal,Organic,1,0,0,0,0
106,2025-10-22,Germany,Referral,1,1,1,0,0
107,2025-08-03,Spain,Email,1,0,0,0,0
108,2025-04-23,Germany,Paid Search,1,1,1,1,1
109,2025-07-27,Portugal,Paid Search,1,0,0,0,0
110,2025-03-07,Spain,Email,1,1,1,1,1
111,2025-11-26,Germany,Paid Search,1,0,0,0,0
112,2025-04-04,Senegal,Social Media,1,1,1,1,1
113,2025-07-14,United Kingdom,Referral,1,1,1,1,1
114,2025-06-29,France,Organic,1,0,0,0,0
115,2025-11-30,Senegal,Organic,1,0,0,0,0
116,2025-04-13,Senegal,Email,1,1,1,0,0
117,2025-10-16,France,Referral,1,0,0,0,0
118,2025-07-08,France,Email,1,1,1,1,0
119,2025-06-09,Senegal,Email,1,1,1,0,0
120,2025-07-12,Germany,Paid Search,1,1,1,0,0
121,2025-02-22,Portugal,Social Media,1,0,0,0,0
122,2025-11-04,Senegal,Email,1,0,0,0,0
123,2025-06-27,Spain,Referral,1,0,0,0,0
124,2025-02-05,Spain,Social Media,1,1,1,1,1
125,2025-07-05,Portugal,Referral,1,0,0,0,0
126,2025-08-11,France,Email,1,0,0,0,0
127,2025-05-19,Spain,Email,1,0,0,0,0
128,2025-08-27,Germany,Email,1,1,0,0,0
129,2025-02-14,United Kingdom,Referral,1,1,1,0,0
130,2025-07-14,United Kingdom,Organic,1,1,1,1,1
131,2025-05-13,United Kingdom,Social Media,1,0,0,0,0
132,2025-12-26,United Kingdom,Email,1,1,0,0,0
133,2025-02-13,France,Referral,1,1,0,0,0
134,2025-12-20,Germany,Referral,1,1,1,1,1
135,2025-05-05,United Kingdom,Email,1,1,1,1,0
136,2025-10-09,United Kingdom,Social Media,1,0,0,0,0
137,2025-05-19,United Kingdom,Social Media,1,1,1,1,1
138,2025-12-20,France,Paid Search,1,1,1,0,0
139,2025-09-26,Spain,Social Media,1,0,0,0,0
140,2025-04-10,United Kingdom,Paid Search,1,1,1,0,0
141,2025-03-06,United Kingdom,Organic,1,0,0,0,0
142,2025-10-11,United Kingdom,Paid Search,1,1,0,0,0
143,2025-02-22,Senegal,Email,1,1,1,1,0
144,2025-05-10,Germany,Organic,1,0,0,0,0
145,2025-07-25,Germany,Organic,1,1,1,1,0
146,2025-06-05,Senegal,Paid Search,1,1,0,0,0
147,2025-11-07,Spain,Email,1,1,1,1,1
148,2025-10-29,Germany,Social Media,1,1,1,0,0
149,2025-02-20,France,Paid Search,1,1,1,1,1
150,2025-03-22,Senegal,Referral,1,1,1,1,1
151,2025-12-28,United Kingdom,Referral,1,1,1,1,1
152,2025-10-29,Portugal,Paid Search,1,1,1,0,0
153,2025-05-17,France,Organic,1,1,0,0,0
154,2025-11-01,Portugal,Email,1,0,0,0,0
155,2025-08-13,Senegal,Referral,1,0,0,0,0
156,2025-12-25,Germany,Social Media,1,1,1,1,1
157,2025-08-10,Portugal,Social Media,1,1,1,1,1
158,2025-10-22,Spain,Organic,1,0,0,0,0
159,2025-12-11,United Kingdom,Email,1,1,0,0,0
160,2025-08-29,Spain,Referral,1,0,0,0,0
161,2025-04-03,Spain,Referral,1,1,1,1,1
162,2025-06-20,United Kingdom,Organic,1,0,0,0,0
163,2025-06-18,Germany,Referral,1,1,0,0,0
164,2025-10-09,Senegal,Referral,1,1,1,1,1
165,2025-09-21,Senegal,Email,1,1,1,1,1
166,2025-09-13,Portugal,Referral,1,0,0,0,0
167,2025-04-15,United Kingdom,Email,1,1,1,0,0
168,2025-09-06,Senegal,Organic,1,0,0,0,0
169,2025-11-08,France,Paid Search,1,1,1,1,1
170,2025-02-28,Germany,Organic,1,1,1,0,0
171,2025-05-30,Spain,Social Media,1,1,1,1,1
172,2025-03-16,Germany,Paid Search,1,0,0,0,0
173,2025-09-18,Portugal,Paid Search,1,0,0,0,0
174,2025-05-22,Germany,Social Media,1,0,0,0,0
175,2025-09-17,United Kingdom,Organic,1,1,1,1,0
176,2025-09-08,France,Referral,1,1,1,1,1
177,2025-08-22,United Kingdom,Paid Search,1,0,0,0,0
178,2025-05-03,Spain,Referral,1,1,0,0,0
179,2025-01-23,United Kingdom,Referral,1,0,0,0,0
180,2025-07-15,Germany,Paid Search,1,1,1,1,1
181,2025-02-21,Germany,Organic,1,1,1,0,0
182,2025-07-29,Portugal,Paid Search,1,1,0,0,0
183,2025-05-16,United Kingdom,Email,1,0,0,0,0
184,2025-11-29,Senegal,Social Media,1,0,0,0,0
185,2025-10-01,Germany,Social Media,1,1,0,0,0
186,2025-09-07,Spain,Organic,1,1,1,0,0
187,2025-05-28,France,Organic,1,1,1,0,0
188,2025-02-21,Germany,Paid Search,1,0,0,0,0
189,2025-01-15,Senegal,Social Media,1,0,0,0,0
190,2025-05-31,United Kingdom,Social Media,1,1,1,1,1
191,2025-04-03,France,Paid Search,1,1,0,0,0
192,2025-11-14,Portugal,Paid Search,1,1,1,1,1
193,2025-08-24,United Kingdom,Organic,1,0,0,0,0
194,2025-08-27,United Kingdom,Email,1,1,1,1,1
195,2025-11-24,Germany,Social Media,1,1,1,0,0
196,2025-09-05,Senegal,Paid Search,1,1,1,1,1
197,2025-01-12,Portugal,Referral,1,1,1,0,0
198,2025-01-26,Spain,Referral,1,0,0,0,0
199,2025-05-27,France,Email,1,0,0,0,0
200,2025-04-23,Portugal,Paid Search,1,1,1,0,0
201,2025-12-04,Portugal,Paid Search,1,1,0,0,0
202,2025-11-27,Senegal,Social Media,1,0,0,0,0
203,2025-01-18,Spain,Social Media,1,0,0,0,0
204,2025-02-16,United Kingdom,Social Media,1,0,0,0,0
205,2025-03-31,France,Paid Search,1,0,0,0,0
206,2025-07-07,Spain,Email,1,0,0,0,0
207,2025-03-26,United Kingdom,Referral,1,0,0,0,0
208,2025-06-01,Portugal,Social Media,1,0,0,0,0
209,2025-08-28,Senegal,Paid Search,1,0,0,0,0
210,2025-04-26,Portugal,Referral,1,0,0,0,0
211,2025-10-13,United Kingdom,Organic,1,0,0,0,0
212,2025-01-08,United Kingdom,Email,1,1,1,0,0
213,2025-05-15,Spain,Referral,1,0,0,0,0
214,2025-07-10,Senegal,Paid Search,1,1,1,0,0
215,2025-06-17,Spain,Paid Search,1,1,1,1,1
216,2025-11-29,Germany,Organic,1,1,0,0,0
217,2025-06-05,Germany,Organic,1,1,0,0,0
218,2025-03-11,Germany,Referral,1,1,0,0,0
219,2025-12-23,Spain,Referral,1,1,1,0,0
220,2025-12-02,Senegal,Referral,1,1,0,0,0
221,2025-05-24,Senegal,Social Media,1,1,1,1,1
222,2025-12-18,United Kingdom,Email,1,0,0,0,0
223,2025-11-27,United Kingdom,Organic,1,1,1,1,0
224,2025-08-21,Senegal,Paid Search,1,1,1,1,1
225,2025-05-05,France,Email,1,1,0,0,0
226,2025-10-11,France,Email,1,1,0,0,0
227,2025-06-18,France,Email,1,1,0,0,0
228,2025-03-16,France,Email,1,1,1,0,0
229,2025-01-14,France,Organic,1,1,0,0,0
230,2025-10-29,United Kingdom,Organic,1,1,1,0,0
231,2025-09-27,Senegal,Organic,1,1,0,0,0
232,2025-09-20,Spain,Organic,1,1,1,0,0
233,2025-12-04,Spain,Social Media,1,1,0,0,0
234,2025-02-01,Germany,Referral,1,1,1,0,0
235,2025-08-16,Senegal,Organic,1,1,1,1,1
236,2025-10-27,Spain,Social Media,1,1,1,1,1
237,2025-08-09,Senegal,Organic,1,0,0,0,0
238,2025-11-30,Spain,Paid Search,1,1,0,0,0
239,2025-07-31,United Kingdom,Referral,1,1,1,1,1
240,2025-05-11,United Kingdom,Paid Search,1,0,0,0,0
241,2025-08-31,Senegal,Organic,1,0,0,0,0
242,2025-02-17,Germany,Organic,1,0,0,0,0
243,2025-07-10,France,Email,1,1,0,0,0
244,2025-10-15,United Kingdom,Organic,1,1,0,0,0
245,2025-08-05,Portugal,Organic,1,0,0,0,0
246,2025-11-04,United Kingdom,Social Media,1,1,1,1,1
247,2025-02-25,United Kingdom,Email,1,1,0,0,0
248,2025-10-21,France,Referral,1,0,0,0,0
249,2025-11-15,Spain,Email,1,1,0,0,0
250,2025-12-22,United Kingdom,Organic,1,1,1,1,1
251,2025-01-04,France,Paid Search,1,1,1,1,1
252,2025-01-16,Senegal,Email,1,1,1,1,1
253,2025-06-16,Spain,Email,1,1,1,1,1
254,2025-12-12,Senegal,Social Media,1,1,1,0,0
255,2025-08-01,United Kingdom,Paid Search,1,0,0,0,0
256,2025-02-28,United Kingdom,Referral,1,1,1,1,1
257,2025-06-07,Senegal,Paid Search,1,1,1,1,1
258,2025-04-19,France,Social Media,1,1,1,1,1
259,2025-03-08,Germany,Email,1,0,0,0,0
260,2025-09-14,Spain,Social Media,1,1,0,0,0
261,2025-01-22,Germany,Organic,1,1,1,1,1
262,2025-07-27,Portugal,Referral,1,1,1,0,0
263,2025-03-29,Spain,Referral,1,0,0,0,0
264,2025-07-05,Senegal,Referral,1,0,0,0,0
265,2025-05-05,Germany,Email,1,1,1,0,0
266,2025-06-23,France,Social Media,1,0,0,0,0
267,2025-02-09,Spain,Organic,1,1,1,0,0
268,2025-06-29,Portugal,Paid Search,1,1,1,1,1
269,2025-12-02,Senegal,Paid Search,1,0,0,0,0
270,2025-11-18,Germany,Referral,1,0,0,0,0
271,2025-10-24,Germany,Email,1,1,0,0,0
272,2025-06-15,Portugal,Social Media,1,1,1,1,1
273,2025-05-21,Spain,Organic,1,1,1,1,1
274,2025-07-08,United Kingdom,Organic,1,1,0,0,0
275,2025-02-16,Spain,Email,1,1,1,1,1
276,2025-01-22,Germany,Email,1,0,0,0,0
277,2025-06-14,Spain,Referral,1,1,0,0,0
278,2025-08-19,Senegal,Social Media,1,0,0,0,0
279,2025-02-13,Spain,Paid Search,1,1,1,0,0
280,2025-09-26,Spain,Email,1,1,1,1,1
281,2025-06-23,Portugal,Email,1,1,1,1,1
282,2025-10-13,Portugal,Referral,1,1,1,0,0
283,2025-11-05,France,Social Media,1,1,1,0,0
284,2025-06-08,Portugal,Referral,1,1,1,1,1
285,2025-11-26,United Kingdom,Paid Search,1,0,0,0,0
286,2025-12-17,Spain,Organic,1,1,1,1,1
287,2025-04-03,France,Social Media,1,0,0,0,0
288,2025-09-06,France,Paid Search,1,0,0,0,0
289,2025-03-21,Senegal,Social Media,1,0,0,0,0
290,2025-02-21,Spain,Email,1,0,0,0,0
291,2025-09-27,Senegal,Social Media,1,0,0,0,0
292,2025-11-13,France,Email,1,1,1,0,0
293,2025-11-16,France,Referral,1,1,1,0,0
294,2025-08-16,Spain,Social Media,1,0,0,0,0
295,2025-08-18,France,Email,1,1,0,0,0
296,2025-08-29,France,Social Media,1,0,0,0,0
297,2025-10-20,Germany,Referral,1,0,0,0,0
298,2025-07-15,Spain,Email,1,1,1,1,1
299,2025-05-09,Senegal,Referral,1,0,0,0,0
300,2025-10-11,Senegal,Email,1,0,0,0,0
301,2025-05-26,Senegal,Paid Search,1,1,0,0,0
302,2025-03-17,Germany,Organic,1,0,0,0,0
303,2025-04-24,Germany,Social Media,1,0,0,0,0
304,2025-08-01,Senegal,Referral,1,1,1,0,0
305,2025-07-11,France,Organic,1,1,1,0,0
306,2025-06-21,France,Paid Search,1,1,0,0,0
307,2025-08-30,Portugal,Paid Search,1,0,0,0,0
308,2025-08-29,Germany,Email,1,1,1,1,0
309,2025-10-08,Portugal,Email,1,1,1,1,1
310,2025-01-25,France,Referral,1,1,1,1,0
311,2025-09-13,Spain,Email,1,1,1,1,1
312,2025-08-08,Senegal,Email,1,1,1,1,1
313,2025-09-26,United Kingdom,Organic,1,0,0,0,0
314,2025-10-06,Spain,Email,1,1,1,1,1
315,2025-07-11,United Kingdom,Organic,1,1,1,1,1
316,2025-02-23,Spain,Social Media,1,1,1,1,1
317,2025-12-17,Germany,Referral,1,1,0,0,0
318,2025-02-02,Portugal,Referral,1,1,1,0,0
319,2025-01-22,United Kingdom,Social Media,1,1,0,0,0
320,2025-10-06,Germany,Social Media,1,1,1,1,0
321,2025-01-25,Portugal,Social Media,1,1,0,0,0
322,2025-08-12,Germany,Referral,1,0,0,0,0
323,2025-07-17,United Kingdom,Paid Search,1,1,1,0,0
324,2025-09-23,United Kingdom,Organic,1,0,0,0,0
325,2025-02-10,Germany,Email,1,0,0,0,0
326,2025-04-03,Spain,Social Media,1,1,1,0,0
327,2025-06-06,Germany,Email,1,0,0,0,0
328,2025-03-27,Portugal,Referral,1,1,1,0,0
329,2025-06-30,Spain,Referral,1,1,0,0,0
330,2025-01-30,Senegal,Referral,1,1,0,0,0
331,2025-12-14,France,Organic,1,1,1,0,0
332,2025-01-18,France,Organic,1,1,1,1,0
333,2025-01-17,Spain,Paid Search,1,0,0,0,0
334,2025-07-09,United Kingdom,Referral,1,0,0,0,0
335,2025-10-21,France,Email,1,1,1,1,0
336,2025-01-14,Portugal,Paid Search,1,1,1,1,1
337,2025-05-14,Portugal,Referral,1,1,1,0,0
338,2025-09-09,France,Organic,1,1,1,1,1
339,2025-02-14,Portugal,Social Media,1,0,0,0,0
340,2025-12-30,Senegal,Email,1,1,0,0,0
341,2025-03-22,Portugal,Paid Search,1,0,0,0,0
342,2025-09-18,France,Organic,1,0,0,0,0
343,2025-03-13,France,Referral,1,1,1,1,0
344,2025-10-10,France,Email,1,0,0,0,0
345,2025-02-03,United Kingdom,Referral,1,0,0,0,0
346,2025-09-03,Spain,Referral,1,0,0,0,0
347,2025-10-22,Senegal,Paid Search,1,0,0,0,0
348,2025-11-25,Senegal,Referral,1,1,1,1,0
349,2025-10-10,Portugal,Email,1,1,0,0,0
350,2025-08-10,Spain,Organic,1,0,0,0,0
351,2025-09-23,France,Social Media,1,1,1,0,0
352,2025-06-27,Spain,Social Media,1,0,0,0,0
353,2025-05-09,France,Email,1,1,1,0,0
354,2025-02-17,Spain,Paid Search,1,1,1,1,1
355,2025-11-06,United Kingdom,Email,1,1,0,0,0
356,2025-02-11,Senegal,Email,1,1,1,1,1
357,2025-01-16,Germany,Email,1,1,0,0,0
358,2025-09-05,France,Referral,1,1,1,1,1
359,2025-09-05,Germany,Paid Search,1,1,1,0,0
360,2025-06-13,Portugal,Social Media,1,0,0,0,0
361,2025-03-08,United Kingdom,Email,1,1,1,1,1
362,2025-05-07,France,Organic,1,1,0,0,0
363,2025-11-12,Germany,Paid Search,1,0,0,0,0
364,2025-03-23,United Kingdom,Email,1,0,0,0,0
365,2025-04-08,France,Referral,1,0,0,0,0
366,2025-08-28,Germany,Social Media,1,1,1,1,1
367,2025-05-04,France,Email,1,1,1,1,0
368,2025-12-01,Portugal,Referral,1,1,1,1,1
369,2025-05-16,Portugal,Social Media,1,0,0,0,0
370,2025-07-07,Senegal,Referral,1,1,1,1,1
371,2025-07-17,Spain,Referral,1,0,0,0,0
372,2025-05-24,Spain,Email,1,1,0,0,0
373,2025-07-21,United Kingdom,Social Media,1,1,1,1,1
374,2025-07-25,Spain,Organic,1,1,1,1,1
375,2025-08-22,France,Email,1,0,0,0,0
376,2025-03-13,United Kingdom,Email,1,1,1,0,0
377,2025-06-03,Spain,Social Media,1,1,1,1,1
378,2025-09-01,Senegal,Social Media,1,1,1,1,1
379,2025-12-19,Portugal,Organic,1,1,1,0,0
380,2025-10-24,Spain,Paid Search,1,0,0,0,0
381,2025-10-26,Germany,Paid Search,1,1,1,0,0
382,2025-07-14,France,Paid Search,1,1,0,0,0
383,2025-02-26,France,Organic,1,1,1,1,1
384,2025-09-14,Spain,Referral,1,0,0,0,0
385,2025-02-01,Portugal,Paid Search,1,1,1,0,0
386,2025-09-02,Spain,Referral,1,1,1,0,0
387,2025-06-25,Spain,Social Media,1,0,0,0,0
388,2025-12-15,Portugal,Social Media,1,1,1,1,1
389,2025-04-26,United Kingdom,Social Media,1,0,0,0,0
390,2025-12-20,Portugal,Referral,1,1,1,0,0
391,2025-05-21,United Kingdom,Organic,1,1,1,0,0
392,2025-07-22,United Kingdom,Paid Search,1,1,1,0,0
393,2025-06-27,Germany,Social Media,1,0,0,0,0
394,2025-04-20,France,Email,1,1,1,1,1
395,2025-10-28,France,Paid Search,1,1,0,0,0
396,2025-04-26,Portugal,Paid Search,1,1,1,0,0
397,2025-02-21,Portugal,Paid Search,1,1,1,0,0
398,2025-07-28,Portugal,Referral,1,1,1,0,0
399,2025-06-14,United Kingdom,Organic,1,0,0,0,0
400,2025-02-15,Portugal,Email,1,1,1,0,0
401,2025-01-20,France,Referral,1,0,0,0,0
402,2025-04-01,Senegal,Referral,1,0,0,0,0
403,2025-04-06,Portugal,Social Media,1,0,0,0,0
404,2025-01-05,United Kingdom,Email,1,1,0,0,0
405,2025-06-21,United Kingdom,Referral,1,0,0,0,0
406,2025-10-06,Spain,Referral,1,0,0,0,0
407,2025-03-10,Spain,Referral,1,1,0,0,0
408,2025-06-19,France,Referral,1,1,1,1,1
409,2025-06-01,Spain,Paid Search,1,1,0,0,0
410,2025-07-27,Germany,Email,1,1,1,1,0
411,2025-09-02,United Kingdom,Paid Search,1,1,1,1,1
412,2025-06-18,United Kingdom,Email,1,0,0,0,0
413,2025-01-06,United Kingdom,Social Media,1,0,0,0,0
414,2025-02-01,Portugal,Organic,1,1,1,0,0
415,2025-12-27,United Kingdom,Organic,1,1,0,0,0
416,2025-07-08,Spain,Paid Search,1,1,1,1,1
417,2025-11-07,United Kingdom,Referral,1,0,0,0,0
418,2025-08-30,Spain,Paid Search,1,0,0,0,0
419,2025-12-15,Spain,Organic,1,1,1,1,0
420,2025-02-27,Senegal,Email,1,0,0,0,0
421,2025-04-14,Spain,Email,1,1,1,1,1
422,2025-04-16,Portugal,Email,1,1,0,0,0
423,2025-08-17,Senegal,Referral,1,1,1,1,1
424,2025-12-11,United Kingdom,Organic,1,1,0,0,0
425,2025-04-22,Spain,Organic,1,1,1,1,0
426,2025-02-05,Germany,Organic,1,1,1,1,1
427,2025-11-27,Germany,Social Media,1,0,0,0,0
428,2025-07-15,Germany,Referral,1,1,1,0,0
429,2025-10-04,France,Social Media,1,1,0,0,0
430,2025-07-21,Spain,Paid Search,1,0,0,0,0
431,2025-04-25,Senegal,Organic,1,0,0,0,0
432,2025-08-26,Portugal,Email,1,1,1,1,1
433,2025-03-21,United Kingdom,Paid Search,1,0,0,0,0
434,2025-02-27,Senegal,Referral,1,1,0,0,0
435,2025-01-09,France,Paid Search,1,1,1,1,1
436,2025-01-25,France,Organic,1,1,1,1,0
437,2025-01-29,France,Email,1,0,0,0,0
438,2025-04-30,Portugal,Email,1,1,1,0,0
439,2025-06-14,France,Social Media,1,0,0,0,0
440,2025-12-05,Spain,Paid Search,1,1,1,1,1
441,2025-03-31,Portugal,Referral,1,1,1,1,1
442,2025-07-15,Spain,Social Media,1,0,0,0,0
443,2025-07-29,France,Social Media,1,1,0,0,0
444,2025-08-31,France,Paid Search,1,1,1,0,0
445,2025-01-30,Spain,Referral,1,0,0,0,0
446,2025-10-13,Spain,Paid Search,1,1,1,1,1
447,2025-08-19,United Kingdom,Organic,1,1,0,0,0
448,2025-01-27,United Kingdom,Referral,1,0,0,0,0
449,2025-11-05,Senegal,Organic,1,1,0,0,0
450,2025-12-10,Spain,Paid Search,1,1,0,0,0
451,2025-06-20,United Kingdom,Organic,1,1,1,0,0
452,2025-09-03,France,Email,1,0,0,0,0
453,2025-07-23,France,Email,1,1,1,1,1
454,2025-06-07,United Kingdom,Social Media,1,1,1,1,0
455,2025-08-29,United Kingdom,Paid Search,1,1,1,1,1
456,2025-03-16,Senegal,Social Media,1,1,1,0,0
457,2025-06-01,France,Paid Search,1,1,1,0,0
458,2025-09-13,Spain,Social Media,1,1,0,0,0
459,2025-11-25,Portugal,Referral,1,1,1,1,1
460,2025-10-07,Germany,Paid Search,1,0,0,0,0
461,2025-10-05,Portugal,Organic,1,1,0,0,0
462,2025-02-08,Portugal,Organic,1,0,0,0,0
463,2025-07-31,France,Paid Search,1,1,1,1,1
464,2025-01-31,Spain,Email,1,0,0,0,0
465,2025-12-04,Germany,Organic,1,1,1,1,1
466,2025-05-21,Spain,Social Media,1,1,0,0,0
467,2025-12-12,Germany,Paid Search,1,1,1,1,1
468,2025-09-27,United Kingdom,Social Media,1,1,1,1,1
469,2025-10-17,France,Paid Search,1,1,0,0,0
470,2025-02-11,Portugal,Organic,1,1,1,1,1
471,2025-01-05,Portugal,Paid Search,1,1,0,0,0
472,2025-11-27,United Kingdom,Email,1,0,0,0,0
473,2025-02-18,Spain,Organic,1,1,0,0,0
474,2025-12-21,Spain,Referral,1,1,0,0,0
475,2025-12-17,United Kingdom,Email,1,1,1,0,0
476,2025-06-11,Senegal,Paid Search,1,1,0,0,0
477,2025-12-31,Germany,Organic,1,1,1,1,0
478,2025-12-13,Spain,Social Media,1,1,1,0,0
479,2025-12-19,Portugal,Organic,1,1,0,0,0
480,2025-01-28,Senegal,Referral,1,1,1,0,0
481,2025-11-11,Spain,Referral,1,0,0,0,0
482,2025-06-17,Senegal,Social Media,1,0,0,0,0
483,2025-08-19,Germany,Paid Search,1,1,0,0,0
484,2025-08-10,France,Email,1,0,0,0,0
485,2025-02-13,Spain,Social Media,1,0,0,0,0
486,2025-02-07,Senegal,Social Media,1,1,1,0,0
487,2025-07-19,United Kingdom,Social Media,1,1,1,1,1
488,2025-05-19,Senegal,Paid Search,1,1,1,1,1
489,2025-02-22,Senegal,Organic,1,1,1,1,1
490,2025-07-17,Senegal,Social Media,1,1,0,0,0
491,2025-10-14,France,Email,1,1,1,1,1
492,2025-05-18,Germany,Paid Search,1,1,1,1,1
493,2025-02-09,United Kingdom,Social Media,1,0,0,0,0
494,2025-11-17,Germany,Email,1,1,1,1,1
495,2025-07-22,United Kingdom,Email,1,1,0,0,0
496,2025-08-14,United Kingdom,Referral,1,0,0,0,0
497,2025-11-30,Spain,Paid Search,1,1,1,0,0
498,2025-09-03,United Kingdom,Paid Search,1,0,0,0,0
499,2025-06-13,United Kingdom,Referral,1,0,0,0,0
500,2025-05-05,United Kingdom,Referral,1,1,0,0,0
501,2025-07-06,Senegal,Email,1,1,0,0,0
502,2025-04-03,Portugal,Email,1,1,1,0,0
503,2025-04-18,Germany,Social Media,1,0,0,0,0
504,2025-02-05,Germany,Referral,1,1,1,1,1
505,2025-08-05,Germany,Organic,1,1,1,1,1
506,2025-12-21,Germany,Email,1,1,0,0,0
507,2025-12-26,Spain,Email,1,1,1,0,0
508,2025-12-03,Portugal,Social Media,1,1,1,1,1
509,2025-11-28,Germany,Social Media,1,0,0,0,0
510,2025-08-09,Senegal,Organic,1,1,1,0,0
511,2025-10-13,Spain,Email,1,1,1,1,1
512,2025-12-20,Spain,Paid Search,1,1,1,1,1
513,2025-02-13,Senegal,Paid Search,1,1,1,0,0
514,2025-09-24,Germany,Social Media,1,1,1,0,0
515,2025-06-13,Senegal,Social Media,1,1,1,1,1
516,2025-02-25,Portugal,Paid Search,1,0,0,0,0
517,2025-05-05,Spain,Paid Search,1,1,1,1,1
518,2025-07-27,Portugal,Paid Search,1,1,1,1,1
519,2025-04-12,Germany,Email,1,1,1,1,1
520,2025-12-27,Senegal,Email,1,1,0,0,0
521,2025-04-06,United Kingdom,Social Media,1,1,1,0,0
522,2025-09-08,Spain,Social Media,1,1,1,1,1
523,2025-08-23,Spain,Paid Search,1,0,0,0,0
524,2025-12-28,United Kingdom,Email,1,1,1,1,1
525,2025-03-01,France,Social Media,1,0,0,0,0
526,2025-09-19,Germany,Referral,1,1,1,1,1
527,2025-10-03,Portugal,Paid Search,1,1,1,1,1
528,2025-08-19,Spain,Organic,1,0,0,0,0
529,2025-01-05,Germany,Paid Search,1,1,1,1,1
530,2025-07-29,Portugal,Referral,1,1,0,0,0
531,2025-09-08,France,Organic,1,1,0,0,0
532,2025-04-23,United Kingdom,Organic,1,1,1,1,1
533,2025-09-11,Spain,Email,1,1,1,0,0
534,2025-07-07,Spain,Organic,1,0,0,0,0
535,2025-08-14,Spain,Paid Search,1,0,0,0,0
536,2025-02-22,Portugal,Paid Search,1,1,0,0,0
537,2025-08-19,United Kingdom,Social Media,1,0,0,0,0
538,2025-02-14,Germany,Organic,1,0,0,0,0
539,2025-05-02,France,Email,1,0,0,0,0
540,2025-12-30,Spain,Referral,1,1,1,1,1
541,2025-01-31,Spain,Social Media,1,1,1,1,0
542,2025-05-30,United Kingdom,Email,1,1,0,0,0
543,2025-12-14,Senegal,Paid Search,1,0,0,0,0
544,2025-07-30,Senegal,Social Media,1,0,0,0,0
545,2025-03-06,Portugal,Paid Search,1,1,1,0,0
546,2025-12-13,Germany,Referral,1,1,1,0,0
547,2025-07-12,Germany,Organic,1,1,0,0,0
548,2025-02-17,Germany,Email,1,0,0,0,0
549,2025-12-22,United Kingdom,Referral,1,0,0,0,0
550,2025-06-17,Spain,Organic,1,0,0,0,0
551,2025-02-17,Portugal,Referral,1,1,1,0,0
552,2025-10-01,Germany,Paid Search,1,0,0,0,0
553,2025-04-19,Germany,Social Media,1,1,1,1,1
554,2025-09-06,United Kingdom,Organic,1,1,1,0,0
555,2025-01-09,Senegal,Paid Search,1,1,1,0,0
556,2025-04-14,Portugal,Paid Search,1,0,0,0,0
557,2025-06-04,France,Social Media,1,1,1,1,1
558,2025-11-29,France,Organic,1,1,1,0,0
559,2025-04-30,Germany,Organic,1,0,0,0,0
560,2025-01-01,France,Referral,1,1,1,1,1
561,2025-01-05,Portugal,Social Media,1,0,0,0,0
562,2025-08-05,Portugal,Paid Search,1,1,1,1,0
563,2025-02-22,United Kingdom,Social Media,1,0,0,0,0
564,2025-03-12,Germany,Paid Search,1,1,1,1,1
565,2025-11-09,Portugal,Paid Search,1,1,1,0,0
566,2025-03-19,Germany,Email,1,0,0,0,0
567,2025-04-22,Senegal,Organic,1,1,1,0,0
568,2025-06-29,Germany,Social Media,1,0,0,0,0
569,2025-05-07,United Kingdom,Organic,1,1,1,0,0
570,2025-05-26,Portugal,Organic,1,0,0,0,0
571,2025-12-04,United Kingdom,Paid Search,1,1,1,0,0
572,2025-06-01,Portugal,Organic,1,0,0,0,0
573,2025-05-03,Germany,Referral,1,1,1,1,1
574,2025-01-07,United Kingdom,Social Media,1,1,0,0,0
575,2025-10-19,Germany,Social Media,1,1,1,1,0
576,2025-02-07,Senegal,Email,1,1,1,1,1
577,2025-07-23,Spain,Social Media,1,1,1,1,1
578,2025-02-12,Portugal,Email,1,1,1,1,1
579,2025-04-15,France,Email,1,1,1,0,0
580,2025-11-29,Portugal,Organic,1,1,1,0,0
581,2025-05-03,Senegal,Paid Search,1,1,1,1,1
582,2025-06-08,Portugal,Paid Search,1,1,1,0,0
583,2025-03-25,Germany,Social Media,1,1,0,0,0
584,2025-05-13,France,Social Media,1,1,0,0,0
585,2025-05-18,Portugal,Organic,1,0,0,0,0
586,2025-01-16,United Kingdom,Referral,1,1,1,0,0
587,2025-10-23,Portugal,Organic,1,1,1,1,0
588,2025-03-27,United Kingdom,Paid Search,1,1,1,1,1
589,2025-04-27,Portugal,Email,1,1,0,0,0
590,2025-01-07,France,Organic,1,1,1,1,0
591,2025-01-19,Spain,Referral,1,1,1,0,0
592,2025-06-13,United Kingdom,Organic,1,1,1,0,0
593,2025-01-27,France,Paid Search,1,0,0,0,0
594,2025-01-24,Germany,Organic,1,0,0,0,0
595,2025-05-25,United Kingdom,Social Media,1,1,1,1,1
596,2025-06-05,Portugal,Email,1,1,1,0,0
597,2025-04-11,Portugal,Email,1,0,0,0,0
598,2025-05-06,France,Organic,1,0,0,0,0
599,2025-01-13,France,Email,1,1,0,0,0
600,2025-01-05,United Kingdom,Organic,1,0,0,0,0
601,2025-07-12,Portugal,Social Media,1,1,1,1,1
602,2025-01-31,France,Social Media,1,1,0,0,0
603,2025-09-24,Germany,Social Media,1,1,1,1,1
604,2025-11-23,Germany,Organic,1,1,1,0,0
605,2025-03-08,France,Social Media,1,1,1,0,0
606,2025-12-25,Portugal,Social Media,1,1,1,1,1
607,2025-10-27,Senegal,Paid Search,1,1,1,1,1
608,2025-07-03,France,Referral,1,1,1,1,1
609,2025-12-18,United Kingdom,Email,1,1,0,0,0
610,2025-06-17,France,Organic,1,0,0,0,0
611,2025-07-02,Germany,Email,1,1,1,0,0
612,2025-03-31,Senegal,Referral,1,0,0,0,0
613,2025-10-12,Portugal,Email,1,1,1,0,0
614,2025-03-13,Senegal,Organic,1,1,0,0,0
615,2025-04-24,France,Paid Search,1,0,0,0,0
616,2025-07-10,Portugal,Organic,1,1,1,0,0
617,2025-01-12,Senegal,Paid Search,1,0,0,0,0
618,2025-08-16,France,Organic,1,0,0,0,0
619,2025-06-19,Senegal,Organic,1,0,0,0,0
620,2025-01-26,France,Email,1,1,1,1,1
621,2025-08-07,France,Social Media,1,1,1,1,0
622,2025-01-18,Spain,Email,1,1,1,1,0
623,2025-09-03,Senegal,Organic,1,1,1,1,0
624,2025-09-27,France,Email,1,0,0,0,0
625,2025-07-15,Portugal,Social Media,1,1,0,0,0
626,2025-06-26,Spain,Email,1,1,1,1,1
627,2025-01-16,United Kingdom,Organic,1,0,0,0,0
628,2025-08-30,Spain,Social Media,1,0,0,0,0
629,2025-04-30,France,Organic,1,1,1,1,1
630,2025-01-29,France,Email,1,0,0,0,0
631,2025-07-18,United Kingdom,Paid Search,1,1,1,0,0
632,2025-12-24,United Kingdom,Email,1,1,1,0,0
633,2025-10-16,France,Email,1,0,0,0,0
634,2025-09-10,Spain,Social Media,1,1,1,1,1
635,2025-01-11,Spain,Referral,1,1,0,0,0
636,2025-04-14,France,Social Media,1,0,0,0,0
637,2025-06-15,Senegal,Organic,1,1,1,1,1
638,2025-09-27,United Kingdom,Organic,1,1,0,0,0
639,2025-07-22,Spain,Organic,1,1,1,0,0
640,2025-08-12,Portugal,Referral,1,1,1,0,0
641,2025-12-22,Spain,Social Media,1,1,1,1,1
642,2025-12-19,United Kingdom,Paid Search,1,1,1,0,0
643,2025-10-21,Germany,Email,1,1,1,0,0
644,2025-11-10,France,Email,1,1,1,1,1
645,2025-06-27,United Kingdom,Paid Search,1,1,0,0,0
646,2025-12-29,Portugal,Social Media,1,1,1,1,1
647,2025-05-12,Senegal,Organic,1,1,1,1,1
648,2025-07-31,Germany,Referral,1,1,1,0,0
649,2025-10-23,Portugal,Paid Search,1,1,1,0,0
650,2025-05-31,Senegal,Social Media,1,1,1,1,0
651,2025-03-24,Portugal,Organic,1,1,0,0,0
652,2025-02-17,United Kingdom,Email,1,0,0,0,0
653,2025-09-05,Portugal,Organic,1,1,1,0,0
654,2025-08-11,France,Organic,1,1,1,1,1
655,2025-10-04,United Kingdom,Social Media,1,1,1,1,1
656,2025-09-09,France,Organic,1,1,1,1,1
657,2025-11-04,Germany,Paid Search,1,1,1,0,0
658,2025-02-11,Germany,Organic,1,1,1,1,1
659,2025-02-16,Portugal,Email,1,1,1,1,1
660,2025-01-23,United Kingdom,Referral,1,1,1,1,1
661,2025-12-23,Portugal,Organic,1,1,1,1,0
662,2025-10-29,France,Email,1,1,1,1,0
663,2025-12-18,Germany,Email,1,0,0,0,0
664,2025-09-01,United Kingdom,Organic,1,1,0,0,0
665,2025-01-18,Spain,Email,1,0,0,0,0
666,2025-10-20,Portugal,Email,1,1,0,0,0
667,2025-08-18,France,Paid Search,1,0,0,0,0
668,2025-04-09,France,Organic,1,1,0,0,0
669,2025-08-11,France,Paid Search,1,0,0,0,0
670,2025-05-13,United Kingdom,Organic,1,1,1,1,0
671,2025-09-24,Germany,Organic,1,0,0,0,0
672,2025-11-16,Spain,Email,1,0,0,0,0
673,2025-02-27,Germany,Paid Search,1,1,1,0,0
674,2025-02-21,Senegal,Email,1,0,0,0,0
675,2025-05-27,Spain,Social Media,1,0,0,0,0
676,2025-05-16,Germany,Referral,1,1,1,1,1
677,2025-11-13,Spain,Referral,1,1,0,0,0
678,2025-06-19,Portugal,Paid Search,1,1,1,1,1
679,2025-06-22,United Kingdom,Social Media,1,1,1,0,0
680,2025-02-20,France,Paid Search,1,1,1,0,0
681,2025-06-14,United Kingdom,Referral,1,1,1,1,0
682,2025-07-28,Portugal,Referral,1,0,0,0,0
683,2025-07-11,Senegal,Email,1,0,0,0,0
684,2025-02-03,United Kingdom,Email,1,1,0,0,0
685,2025-09-26,Spain,Organic,1,1,0,0,0
686,2025-04-13,Senegal,Paid Search,1,1,1,1,1
687,2025-07-08,Germany,Email,1,1,0,0,0
688,2025-12-15,Senegal,Paid Search,1,1,1,1,0
689,2025-10-28,Spain,Social Media,1,1,0,0,0
690,2025-05-13,Portugal,Organic,1,1,1,1,1
691,2025-04-20,France,Paid Search,1,0,0,0,0
692,2025-05-18,Portugal,Referral,1,1,0,0,0
693,2025-12-16,Senegal,Referral,1,0,0,0,0
694,2025-11-28,France,Email,1,0,0,0,0
695,2025-04-25,United Kingdom,Email,1,0,0,0,0
696,2025-06-06,Portugal,Social Media,1,1,1,1,1
697,2025-08-27,United Kingdom,Email,1,0,0,0,0
698,2025-07-23,Spain,Organic,1,1,0,0,0
699,2025-07-11,Spain,Email,1,1,1,1,1
700,2025-05-22,Portugal,Social Media,1,0,0,0,0
701,2025-05-14,Portugal,Social Media,1,1,1,1,1
702,2025-11-04,Germany,Social Media,1,0,0,0,0
703,2025-01-14,Portugal,Referral,1,0,0,0,0
704,2025-05-13,Germany,Referral,1,1,1,0,0
705,2025-10-20,France,Social Media,1,0,0,0,0
706,2025-04-24,Portugal,Email,1,1,1,0,0
707,2025-07-03,Spain,Social Media,1,0,0,0,0
708,2025-12-03,Spain,Paid Search,1,1,1,0,0
709,2025-10-14,France,Social Media,1,0,0,0,0
710,2025-04-24,United Kingdom,Paid Search,1,0,0,0,0
711,2025-06-07,Germany,Social Media,1,1,1,1,1
712,2025-01-28,Portugal,Email,1,1,1,1,1
713,2025-03-03,Portugal,Referral,1,1,1,0,0
714,2025-03-19,France,Paid Search,1,1,0,0,0
715,2025-08-23,France,Social Media,1,0,0,0,0
716,2025-04-03,Senegal,Referral,1,1,0,0,0
717,2025-06-10,Portugal,Organic,1,1,1,0,0
718,2025-03-28,Spain,Paid Search,1,1,0,0,0
719,2025-02-15,France,Email,1,1,1,1,1
720,2025-01-03,Senegal,Email,1,1,1,1,1
721,2025-09-29,France,Organic,1,0,0,0,0
722,2025-11-17,Portugal,Paid Search,1,1,0,0,0
723,2025-06-09,France,Organic,1,1,1,1,0
724,2025-06-02,United Kingdom,Referral,1,0,0,0,0
725,2025-11-02,Spain,Social Media,1,1,1,1,0
726,2025-09-08,United Kingdom,Paid Search,1,1,0,0,0
727,2025-07-26,Senegal,Paid Search,1,1,0,0,0
728,2025-04-19,Portugal,Organic,1,1,1,1,1
729,2025-01-20,Germany,Social Media,1,0,0,0,0
730,2025-11-16,Senegal,Email,1,0,0,0,0
731,2025-12-05,Senegal,Organic,1,1,1,1,1
732,2025-05-10,Germany,Paid Search,1,1,1,1,1
733,2025-02-21,Portugal,Email,1,1,1,1,0
734,2025-02-23,Spain,Email,1,1,1,1,1
735,2025-04-13,United Kingdom,Email,1,0,0,0,0
736,2025-07-03,Portugal,Referral,1,1,1,1,1
737,2025-09-04,United Kingdom,Paid Search,1,1,1,0,0
738,2025-10-21,Portugal,Referral,1,1,1,1,1
739,2025-02-21,United Kingdom,Paid Search,1,1,0,0,0
740,2025-05-16,Germany,Organic,1,1,1,1,1
741,2025-12-13,United Kingdom,Referral,1,0,0,0,0
742,2025-02-18,Senegal,Organic,1,0,0,0,0
743,2025-12-06,Portugal,Paid Search,1,1,0,0,0
744,2025-11-15,United Kingdom,Organic,1,1,1,1,1
745,2025-08-22,United Kingdom,Referral,1,0,0,0,0
746,2025-09-02,Germany,Paid Search,1,1,1,1,0
747,2025-03-23,Senegal,Referral,1,0,0,0,0
748,2025-09-05,Spain,Referral,1,1,1,1,1
749,2025-12-17,Portugal,Paid Search,1,1,1,0,0
750,2025-08-14,Senegal,Organic,1,1,1,0,0
751,2025-12-14,Spain,Email,1,0,0,0,0
752,2025-04-25,Portugal,Social Media,1,1,1,0,0
753,2025-08-10,Portugal,Paid Search,1,1,1,0,0
754,2025-03-18,Spain,Email,1,1,1,1,0
755,2025-09-11,France,Organic,1,0,0,0,0
756,2025-06-14,France,Social Media,1,0,0,0,0
757,2025-01-26,Spain,Paid Search,1,1,1,0,0
758,2025-02-10,Germany,Referral,1,0,0,0,0
759,2025-08-18,Senegal,Referral,1,1,1,1,1
760,2025-02-22,Germany,Referral,1,1,1,0,0
761,2025-11-06,Spain,Social Media,1,0,0,0,0
762,2025-10-15,France,Referral,1,0,0,0,0
763,2025-07-06,Senegal,Paid Search,1,0,0,0,0
764,2025-06-19,Spain,Email,1,1,1,1,1
765,2025-02-19,Portugal,Paid Search,1,1,1,0,0
766,2025-05-30,Spain,Email,1,1,1,0,0
767,2025-09-10,France,Referral,1,1,1,1,0
768,2025-07-21,France,Referral,1,0,0,0,0
769,2025-04-08,Portugal,Social Media,1,1,1,0,0
770,2025-12-11,Spain,Organic,1,0,0,0,0
771,2025-08-19,Germany,Email,1,0,0,0,0
772,2025-03-10,Germany,Organic,1,1,1,0,0
773,2025-10-27,Germany,Email,1,0,0,0,0
774,2025-04-01,Portugal,Email,1,1,0,0,0
775,2025-02-23,Germany,Email,1,1,1,0,0
776,2025-08-03,Spain,Paid Search,1,1,0,0,0
777,2025-05-31,Germany,Paid Search,1,1,1,0,0
778,2025-09-20,United Kingdom,Email,1,0,0,0,0
779,2025-12-31,Portugal,Email,1,1,1,0,0
780,2025-05-29,Portugal,Social Media,1,0,0,0,0
781,2025-03-09,Portugal,Paid Search,1,1,1,1,1
782,2025-06-30,Spain,Referral,1,1,0,0,0
783,2025-12-30,Germany,Email,1,1,0,0,0
784,2025-01-07,Spain,Organic,1,1,1,0,0
785,2025-04-13,United Kingdom,Paid Search,1,0,0,0,0
786,2025-12-16,United Kingdom,Paid Search,1,0,0,0,0
787,2025-12-20,United Kingdom,Paid Search,1,0,0,0,0
788,2025-01-17,United Kingdom,Referral,1,1,0,0,0
789,2025-10-15,France,Email,1,1,1,0,0
790,2025-12-23,United Kingdom,Organic,1,0,0,0,0
791,2025-07-18,Germany,Social Media,1,0,0,0,0
792,2025-01-28,Senegal,Social Media,1,1,0,0,0
793,2025-08-15,France,Social Media,1,0,0,0,0
794,2025-10-07,Portugal,Email,1,1,1,1,1
795,2025-12-16,Senegal,Paid Search,1,0,0,0,0
796,2025-09-21,Senegal,Referral,1,1,1,1,1
797,2025-05-11,Senegal,Social Media,1,1,0,0,0
798,2025-01-21,France,Social Media,1,1,0,0,0
799,2025-11-17,Spain,Social Media,1,1,1,1,1
800,2025-06-12,Spain,Paid Search,1,0,0,0,0
801,2025-09-24,Senegal,Email,1,1,1,1,1
802,2025-04-20,Portugal,Social Media,1,1,1,0,0
803,2025-11-13,Spain,Referral,1,0,0,0,0
804,2025-11-29,Senegal,Organic,1,0,0,0,0
805,2025-08-17,France,Email,1,0,0,0,0
806,2025-05-05,Senegal,Social Media,1,1,0,0,0
807,2025-02-28,Germany,Social Media,1,1,1,0,0
808,2025-07-11,Spain,Email,1,1,1,0,0
809,2025-04-09,United Kingdom,Email,1,1,1,0,0
810,2025-10-03,Spain,Organic,1,1,1,0,0
811,2025-04-20,Portugal,Referral,1,0,0,0,0
812,2025-04-16,Spain,Referral,1,1,0,0,0
813,2025-12-18,France,Organic,1,1,1,1,1
814,2025-05-09,Spain,Organic,1,1,1,1,1
815,2025-11-19,Germany,Referral,1,1,1,1,1
816,2025-11-13,Senegal,Email,1,1,0,0,0
817,2025-07-03,Spain,Organic,1,1,1,0,0
818,2025-05-25,Germany,Referral,1,1,1,1,1
819,2025-03-11,Portugal,Referral,1,0,0,0,0
820,2025-10-07,United Kingdom,Paid Search,1,1,0,0,0
821,2025-11-28,United Kingdom,Organic,1,1,1,1,1
822,2025-11-02,Germany,Email,1,1,1,1,1
823,2025-06-26,France,Referral,1,0,0,0,0
824,2025-09-20,France,Paid Search,1,1,1,1,1
825,2025-12-10,Spain,Organic,1,0,0,0,0
826,2025-10-09,Germany,Email,1,1,1,1,1
827,2025-10-25,Germany,Social Media,1,1,1,1,1
828,2025-02-05,France,Social Media,1,1,1,0,0
829,2025-12-22,Spain,Paid Search,1,1,1,1,1
830,2025-01-03,United Kingdom,Paid Search,1,0,0,0,0
831,2025-12-31,Portugal,Referral,1,1,1,0,0
832,2025-06-19,Germany,Referral,1,1,0,0,0
833,2025-09-07,Spain,Organic,1,1,1,0,0
834,2025-03-13,Spain,Paid Search,1,1,0,0,0
835,2025-02-09,Portugal,Organic,1,0,0,0,0
836,2025-09-17,Portugal,Organic,1,0,0,0,0
837,2025-10-24,Germany,Email,1,1,1,1,0
838,2025-10-04,Germany,Paid Search,1,1,1,0,0
839,2025-05-29,France,Referral,1,1,1,1,1
840,2025-05-03,Spain,Paid Search,1,0,0,0,0
841,2025-03-13,Germany,Paid Search,1,1,0,0,0
842,2025-12-04,France,Referral,1,0,0,0,0
843,2025-01-21,France,Referral,1,1,1,1,1
844,2025-09-23,United Kingdom,Referral,1,1,1,1,0
845,2025-06-15,Senegal,Email,1,1,1,0,0
846,2025-10-24,Spain,Email,1,1,1,1,1
847,2025-02-09,Spain,Social Media,1,1,0,0,0
848,2025-09-22,Germany,Social Media,1,0,0,0,0
849,2025-06-26,Germany,Referral,1,0,0,0,0
850,2025-01-04,Spain,Paid Search,1,1,1,1,1
851,2025-03-18,France,Paid Search,1,1,1,1,1
852,2025-06-19,Portugal,Organic,1,1,1,1,1
853,2025-07-30,Senegal,Paid Search,1,1,1,1,1
854,2025-01-21,Spain,Paid Search,1,1,1,1,0
855,2025-11-03,Spain,Organic,1,0,0,0,0
856,2025-12-05,United Kingdom,Organic,1,1,1,1,1
857,2025-04-23,Germany,Email,1,1,1,0,0
858,2025-11-16,Portugal,Email,1,1,1,1,1
859,2025-10-30,Senegal,Paid Search,1,1,1,1,1
860,2025-09-16,Portugal,Referral,1,0,0,0,0
861,2025-11-07,Senegal,Paid Search,1,1,1,1,1
862,2025-09-15,Senegal,Organic,1,1,1,0,0
863,2025-01-01,Portugal,Referral,1,1,1,1,1
864,2025-04-28,Germany,Referral,1,1,0,0,0
865,2025-12-23,Spain,Organic,1,1,1,0,0
866,2025-02-12,United Kingdom,Email,1,0,0,0,0
867,2025-07-29,United Kingdom,Paid Search,1,1,1,1,1
868,2025-09-24,Senegal,Referral,1,0,0,0,0
869,2025-12-19,United Kingdom,Referral,1,1,1,0,0
870,2025-05-10,United Kingdom,Email,1,1,1,1,1
871,2025-04-15,Germany,Email,1,0,0,0,0
872,2025-09-05,France,Social Media,1,1,1,0,0
873,2025-10-23,United Kingdom,Referral,1,0,0,0,0
874,2025-12-04,Senegal,Paid Search,1,1,1,1,1
875,2025-07-25,United Kingdom,Email,1,1,1,1,1
876,2025-11-22,Senegal,Organic,1,0,0,0,0
877,2025-08-30,Spain,Referral,1,1,1,1,1
878,2025-07-16,Germany,Email,1,0,0,0,0
879,2025-05-27,Portugal,Email,1,1,0,0,0
880,2025-03-31,Portugal,Referral,1,1,1,0,0
881,2025-09-23,United Kingdom,Paid Search,1,1,1,1,1
882,2025-03-28,Portugal,Organic,1,1,1,0,0
883,2025-02-14,United Kingdom,Referral,1,1,1,1,1
884,2025-12-27,Senegal,Organic,1,1,1,1,1
885,2025-06-27,United Kingdom,Paid Search,1,1,1,0,0
886,2025-10-22,Senegal,Social Media,1,1,1,1,1
887,2025-06-24,Senegal,Email,1,0,0,0,0
888,2025-10-03,Spain,Social Media,1,0,0,0,0
889,2025-07-13,Spain,Referral,1,0,0,0,0
890,2025-06-23,Germany,Referral,1,0,0,0,0
891,2025-01-15,Germany,Organic,1,1,1,0,0
892,2025-04-23,Portugal,Paid Search,1,0,0,0,0
893,2025-07-31,United Kingdom,Email,1,1,1,1,1
894,2025-07-24,Portugal,Social Media,1,1,0,0,0
895,2025-09-01,United Kingdom,Social Media,1,1,1,1,1
896,2025-04-08,Germany,Paid Search,1,1,1,1,1
897,2025-05-08,Spain,Social Media,1,1,1,0,0
898,2025-12-13,Portugal,Referral,1,1,0,0,0
899,2025-10-05,Senegal,Referral,1,1,1,0,0
900,2025-10-22,United Kingdom,Referral,1,1,0,0,0
901,2025-09-19,United Kingdom,Referral,1,1,1,1,1
902,2025-09-02,Spain,Organic,1,1,1,0,0
903,2025-03-31,Germany,Organic,1,0,0,0,0
904,2025-08-24,United Kingdom,Organic,1,1,1,1,1
905,2025-11-10,United Kingdom,Paid Search,1,1,1,1,1
906,2025-07-07,France,Referral,1,1,1,0,0
907,2025-07-06,Germany,Social Media,1,1,1,0,0
908,2025-12-18,France,Organic,1,0,0,0,0
909,2025-05-01,Spain,Referral,1,0,0,0,0
910,2025-04-11,France,Paid Search,1,1,1,1,1
911,2025-11-19,Spain,Email,1,0,0,0,0
912,2025-09-07,United Kingdom,Social Media,1,1,1,1,1
913,2025-01-31,France,Social Media,1,1,1,1,1
914,2025-07-04,United Kingdom,Email,1,1,0,0,0
915,2025-06-26,Senegal,Referral,1,1,0,0,0
916,2025-11-07,France,Email,1,1,1,1,1
917,2025-07-01,United Kingdom,Email,1,1,1,0,0
918,2025-07-15,Spain,Social Media,1,1,0,0,0
919,2025-03-27,Portugal,Social Media,1,1,1,1,0
920,2025-02-10,France,Social Media,1,1,1,1,1
921,2025-11-27,Germany,Social Media,1,0,0,0,0
922,2025-07-05,Portugal,Email,1,1,1,1,0
923,2025-03-06,Portugal,Paid Search,1,0,0,0,0
924,2025-12-25,Portugal,Organic,1,1,1,1,0
925,2025-08-31,Spain,Organic,1,1,1,0,0
926,2025-02-12,Senegal,Social Media,1,1,1,0,0
927,2025-07-19,United Kingdom,Paid Search,1,1,1,0,0
928,2025-03-09,Spain,Paid Search,1,1,1,0,0
929,2025-06-16,Germany,Referral,1,0,0,0,0
930,2025-10-04,United Kingdom,Email,1,1,0,0,0
931,2025-12-24,Spain,Paid Search,1,1,1,0,0
932,2025-10-16,Germany,Email,1,1,1,0,0
933,2025-09-04,Spain,Paid Search,1,0,0,0,0
934,2025-08-15,United Kingdom,Social Media,1,1,1,1,1
935,2025-03-11,United Kingdom,Social Media,1,1,1,0,0
936,2025-09-02,United Kingdom,Organic,1,0,0,0,0
937,2025-05-30,Spain,Paid Search,1,0,0,0,0
938,2025-10-08,United Kingdom,Paid Search,1,1,1,1,1
939,2025-11-27,Germany,Referral,1,1,1,0,0
940,2025-09-22,Spain,Social Media,1,1,1,0,0
941,2025-07-31,France,Organic,1,1,1,0,0
942,2025-11-13,Germany,Social Media,1,0,0,0,0
943,2025-09-09,France,Social Media,1,1,1,1,1
944,2025-02-22,United Kingdom,Social Media,1,1,1,1,1
945,2025-01-08,Germany,Paid Search,1,1,1,0,0
946,2025-07-10,Germany,Organic,1,1,0,0,0
947,2025-03-16,Senegal,Social Media,1,0,0,0,0
948,2025-02-06,Spain,Referral,1,1,0,0,0
949,2025-05-09,Germany,Organic,1,1,0,0,0
950,2025-05-08,Germany,Referral,1,1,0,0,0
951,2025-04-12,Germany,Organic,1,1,0,0,0
952,2025-08-31,Germany,Social Media,1,0,0,0,0
953,2025-03-23,Portugal,Organic,1,0,0,0,0
954,2025-10-09,Spain,Organic,1,1,1,1,0
955,2025-12-08,France,Organic,1,1,1,1,1
956,2025-10-27,Senegal,Referral,1,0,0,0,0
957,2025-01-05,Senegal,Email,1,0,0,0,0
958,2025-09-01,Portugal,Email,1,1,0,0,0
959,2025-05-08,France,Referral,1,1,1,0,0
960,2025-11-17,Senegal,Organic,1,1,1,1,1
961,2025-09-07,France,Social Media,1,0,0,0,0
962,2025-11-27,United Kingdom,Referral,1,0,0,0,0
963,2025-01-11,Portugal,Referral,1,1,1,0,0
964,2025-09-06,Portugal,Referral,1,1,1,1,1
965,2025-10-06,United Kingdom,Social Media,1,0,0,0,0
966,2025-05-21,Spain,Email,1,1,1,1,0
967,2025-10-05,United Kingdom,Referral,1,1,1,1,1
968,2025-01-10,Spain,Social Media,1,0,0,0,0
969,2025-05-03,United Kingdom,Organic,1,0,0,0,0
970,2025-10-03,Germany,Paid Search,1,1,1,1,1
971,2025-06-15,Germany,Social Media,1,1,1,1,0
972,2025-03-08,France,Organic,1,1,1,1,1
973,2025-07-18,Portugal,Referral,1,1,1,1,1
974,2025-11-07,Portugal,Organic,1,1,0,0,0
975,2025-12-02,Germany,Organic,1,1,1,1,1
976,2025-08-01,United Kingdom,Organic,1,0,0,0,0
977,2025-05-17,Spain,Organic,1,0,0,0,0
978,2025-06-05,Senegal,Paid Search,1,0,0,0,0
979,2025-02-19,Senegal,Paid Search,1,1,1,1,1
980,2025-11-17,France,Email,1,0,0,0,0
981,2025-08-01,Portugal,Organic,1,0,0,0,0
982,2025-10-23,United Kingdom,Referral,1,0,0,0,0
983,2025-08-07,Senegal,Paid Search,1,0,0,0,0
984,2025-10-09,Germany,Email,1,1,1,0,0
985,2025-08-15,United Kingdom,Social Media,1,1,0,0,0
986,2025-07-10,Germany,Referral,1,0,0,0,0
987,2025-06-15,Spain,Paid Search,1,1,1,0,0
988,2025-05-11,United Kingdom,Referral,1,1,1,0,0
989,2025-05-26,Spain,Organic,1,1,0,0,0
990,2025-06-04,Senegal,Social Media,1,0,0,0,0
991,2025-04-20,United Kingdom,Organic,1,0,0,0,0
992,2025-12-20,United Kingdom,Email,1,1,1,1,1
993,2025-08-24,United Kingdom,Paid Search,1,1,1,1,1
994,2025-06-03,Senegal,Email,1,1,0,0,0
995,2025-02-09,Portugal,Social Media,1,0,0,0,0
996,2025-03-30,Germany,Email,1,0,0,0,0
997,2025-02-18,Spain,Social Media,1,1,0,0,0
998,2025-07-15,Senegal,Organic,1,0,0,0,0
999,2025-06-21,United Kingdom,Referral,1,1,0,0,0
1000,2025-04-27,Portugal,Email,1,0,0,0,0
1001,2025-11-21,Portugal,Referral,1,1,1,1,1
1002,2025-06-17,Spain,Paid Search,1,1,1,0,0
1003,2025-08-17,Spain,Email,1,1,1,1,1
1004,2025-03-09,United Kingdom,Organic,1,1,1,1,1
1005,2025-07-24,Spain,Referral,1,0,0,0,0
1006,2025-03-08,France,Referral,1,1,1,0,0
1007,2025-04-11,Spain,Email,1,0,0,0,0
1008,2025-09-26,France,Paid Search,1,1,0,0,0
1009,2025-06-15,Portugal,Email,1,1,1,1,1
1010,2025-06-14,United Kingdom,Email,1,0,0,0,0
1011,2025-06-06,France,Social Media,1,1,0,0,0
1012,2025-08-15,Spain,Paid Search,1,1,0,0,0
1013,2025-04-30,France,Social Media,1,1,1,1,1
1014,2025-05-05,Spain,Paid Search,1,0,0,0,0
1015,2025-05-28,Senegal,Social Media,1,0,0,0,0
1016,2025-02-26,United Kingdom,Referral,1,1,1,0,0
1017,2025-04-19,France,Email,1,1,1,1,1
1018,2025-03-14,Portugal,Organic,1,1,0,0,0
1019,2025-09-27,Senegal,Social Media,1,1,1,0,0
1020,2025-11-13,United Kingdom,Organic,1,1,0,0,0
1021,2025-02-04,Germany,Social Media,1,0,0,0,0
1022,2025-12-04,United Kingdom,Organic,1,1,0,0,0
1023,2025-11-29,Germany,Paid Search,1,0,0,0,0
1024,2025-09-18,Portugal,Organic,1,0,0,0,0
1025,2025-09-06,Spain,Email,1,1,1,0,0
1026,2025-10-15,Portugal,Organic,1,1,0,0,0
1027,2025-06-06,United Kingdom,Referral,1,1,1,1,1
1028,2025-11-17,United Kingdom,Paid Search,1,0,0,0,0
1029,2025-09-14,United Kingdom,Organic,1,1,0,0,0
1030,2025-01-16,Spain,Social Media,1,1,1,1,1
1031,2025-07-15,Spain,Email,1,0,0,0,0
1032,2025-12-18,France,Referral,1,1,1,0,0
1033,2025-11-06,United Kingdom,Referral,1,1,1,1,1
1034,2025-04-14,France,Social Media,1,0,0,0,0
1035,2025-09-26,France,Referral,1,0,0,0,0
1036,2025-03-16,Portugal,Email,1,0,0,0,0
1037,2025-06-12,Senegal,Email,1,1,1,1,0
1038,2025-03-16,Portugal,Organic,1,0,0,0,0
1039,2025-07-31,Germany,Social Media,1,1,0,0,0
1040,2025-11-23,Portugal,Social Media,1,1,1,1,1
1041,2025-11-10,Spain,Social Media,1,1,1,1,1
1042,2025-01-14,United Kingdom,Organic,1,0,0,0,0
1043,2025-09-02,France,Email,1,0,0,0,0
1044,2025-08-29,Portugal,Social Media,1,1,1,1,1
1045,2025-04-26,Senegal,Referral,1,0,0,0,0
1046,2025-01-08,United Kingdom,Referral,1,1,1,1,1
1047,2025-04-01,Germany,Email,1,1,1,1,1
1048,2025-07-27,Senegal,Email,1,0,0,0,0
1049,2025-07-14,Portugal,Social Media,1,1,0,0,0
1050,2025-10-20,Spain,Email,1,1,0,0,0
1051,2025-01-20,Spain,Organic,1,1,0,0,0
1052,2025-01-22,France,Email,1,1,0,0,0
1053,2025-01-21,Spain,Referral,1,1,1,1,1
1054,2025-07-23,United Kingdom,Social Media,1,1,1,0,0
1055,2025-01-28,Portugal,Email,1,0,0,0,0
1056,2025-08-26,Portugal,Referral,1,1,1,1,1
1057,2025-12-23,Spain,Paid Search,1,1,1,1,1
1058,2025-12-31,France,Referral,1,1,1,0,0
1059,2025-12-31,France,Organic,1,1,1,0,0
1060,2025-02-13,Spain,Referral,1,0,0,0,0
1061,2025-09-19,Spain,Paid Search,1,1,1,0,0
1062,2025-06-21,Spain,Paid Search,1,1,1,0,0
1063,2025-01-27,Germany,Social Media,1,1,0,0,0
1064,2025-08-17,United Kingdom,Paid Search,1,1,1,1,1
1065,2025-05-10,Senegal,Referral,1,1,1,0,0
1066,2025-11-08,Germany,Paid Search,1,1,1,1,1
1067,2025-11-04,Spain,Organic,1,1,1,0,0
1068,2025-10-13,France,Organic,1,1,1,1,1
1069,2025-01-17,Portugal,Email,1,0,0,0,0
1070,2025-06-02,United Kingdom,Organic,1,1,1,1,1
1071,2025-11-09,Portugal,Email,1,1,1,0,0
1072,2025-10-24,United Kingdom,Organic,1,1,1,1,1
1073,2025-02-04,Germany,Email,1,1,1,1,0
1074,2025-06-18,Spain,Referral,1,1,1,0,0
1075,2025-02-25,Spain,Email,1,0,0,0,0
1076,2025-09-05,Portugal,Email,1,0,0,0,0
1077,2025-12-28,United Kingdom,Referral,1,1,1,1,0
1078,2025-07-01,France,Email,1,1,1,0,0
1079,2025-09-10,France,Email,1,1,1,1,1
1080,2025-08-27,Portugal,Organic,1,0,0,0,0
1081,2025-04-17,Spain,Referral,1,1,1,1,1
1082,2025-01-06,Portugal,Paid Search,1,0,0,0,0
1083,2025-05-11,Senegal,Social Media,1,1,1,0,0
1084,2025-02-28,Portugal,Social Media,1,1,1,0,0
1085,2025-01-15,France,Paid Search,1,1,1,0,0
1086,2025-08-31,Senegal,Paid Search,1,1,1,0,0
1087,2025-10-02,United Kingdom,Referral,1,0,0,0,0
1088,2025-07-31,Portugal,Organic,1,0,0,0,0
1089,2025-06-03,Spain,Social Media,1,1,1,1,1
1090,2025-07-01,Senegal,Paid Search,1,1,1,0,0
1091,2025-11-17,Spain,Paid Search,1,1,1,1,0
1092,2025-06-07,Portugal,Social Media,1,0,0,0,0
1093,2025-05-20,Germany,Organic,1,1,1,1,0
1094,2025-04-21,Spain,Social Media,1,1,1,1,1
1095,2025-02-17,Germany,Email,1,1,1,1,1
1096,2025-09-05,Portugal,Email,1,1,1,0,0
1097,2025-02-20,Spain,Paid Search,1,1,1,1,0
1098,2025-03-01,Senegal,Social Media,1,0,0,0,0
1099,2025-12-18,Spain,Organic,1,1,0,0,0
1100,2025-02-22,Spain,Social Media,1,1,0,0,0
1101,2025-11-24,France,Social Media,1,1,1,1,1
1102,2025-12-10,Senegal,Social Media,1,1,1,1,1
1103,2025-09-21,Senegal,Paid Search,1,1,1,1,0
1104,2025-05-26,Spain,Paid Search,1,1,1,0,0
1105,2025-10-04,Germany,Organic,1,1,1,0,0
1106,2025-02-24,Germany,Organic,1,1,1,0,0
1107,2025-10-31,Portugal,Referral,1,1,1,0,0
1108,2025-12-10,Spain,Organic,1,0,0,0,0
1109,2025-08-27,Spain,Paid Search,1,1,0,0,0
1110,2025-12-24,Germany,Organic,1,1,1,0,0
1111,2025-08-27,Germany,Paid Search,1,0,0,0,0
1112,2025-03-15,Spain,Social Media,1,0,0,0,0
1113,2025-07-20,France,Social Media,1,0,0,0,0
1114,2025-06-16,Germany,Referral,1,1,1,1,1
1115,2025-03-29,United Kingdom,Social Media,1,1,1,1,0
1116,2025-02-24,United Kingdom,Email,1,1,0,0,0
1117,2025-09-30,Germany,Referral,1,1,1,1,1
1118,2025-09-04,Germany,Organic,1,1,0,0,0
1119,2025-10-30,Germany,Referral,1,1,1,0,0
1120,2025-03-30,Portugal,Organic,1,0,0,0,0
1121,2025-12-31,Spain,Referral,1,1,1,1,1
1122,2025-08-16,France,Social Media,1,0,0,0,0
1123,2025-02-05,Spain,Organic,1,0,0,0,0
1124,2025-11-02,Germany,Social Media,1,1,1,1,0
1125,2025-10-25,Portugal,Organic,1,0,0,0,0
1126,2025-12-05,France,Referral,1,1,1,1,1
1127,2025-12-15,United Kingdom,Social Media,1,1,0,0,0
1128,2025-06-05,Germany,Social Media,1,0,0,0,0
1129,2025-10-26,Senegal,Email,1,0,0,0,0
1130,2025-07-26,France,Social Media,1,1,0,0,0
1131,2025-01-28,Senegal,Email,1,0,0,0,0
1132,2025-07-03,Senegal,Social Media,1,0,0,0,0
1133,2025-05-01,Germany,Email,1,1,1,1,1
1134,2025-10-07,France,Paid Search,1,1,1,1,0
1135,2025-08-02,France,Social Media,1,0,0,0,0
1136,2025-12-10,France,Paid Search,1,1,1,1,0
1137,2025-12-03,Germany,Paid Search,1,1,1,1,1
1138,2025-12-23,Spain,Referral,1,1,1,1,0
1139,2025-07-16,United Kingdom,Paid Search,1,1,1,1,0
1140,2025-05-02,Portugal,Email,1,1,0,0,0
1141,2025-10-23,United Kingdom,Organic,1,0,0,0,0
1142,2025-10-18,Germany,Social Media,1,1,1,0,0
1143,2025-03-14,Portugal,Email,1,0,0,0,0
1144,2025-05-24,Germany,Email,1,1,0,0,0
1145,2025-02-15,France,Referral,1,1,1,0,0
1146,2025-12-17,Portugal,Email,1,0,0,0,0
1147,2025-06-09,Spain,Organic,1,0,0,0,0
1148,2025-10-01,Senegal,Referral,1,1,0,0,0
1149,2025-10-21,Portugal,Social Media,1,1,0,0,0
1150,2025-05-31,United Kingdom,Paid Search,1,1,0,0,0
1151,2025-06-05,Portugal,Email,1,1,1,1,1
1152,2025-12-03,United Kingdom,Email,1,1,1,1,1
1153,2025-05-23,United Kingdom,Paid Search,1,1,1,1,1
1154,2025-11-06,France,Email,1,0,0,0,0
1155,2025-12-04,Germany,Social Media,1,0,0,0,0
1156,2025-05-14,Portugal,Paid Search,1,1,0,0,0
1157,2025-01-17,United Kingdom,Organic,1,0,0,0,0
1158,2025-11-01,France,Referral,1,0,0,0,0
1159,2025-07-31,Germany,Paid Search,1,0,0,0,0
1160,2025-11-23,France,Paid Search,1,1,0,0,0
1161,2025-01-28,Portugal,Social Media,1,0,0,0,0
1162,2025-03-01,Senegal,Paid Search,1,1,1,1,0
1163,2025-09-30,France,Referral,1,0,0,0,0
1164,2025-07-19,Germany,Social Media,1,1,0,0,0
1165,2025-01-07,United Kingdom,Referral,1,1,1,1,0
1166,2025-02-19,Spain,Social Media,1,0,0,0,0
1167,2025-08-10,Spain,Social Media,1,1,1,1,1
1168,2025-07-20,Germany,Paid Search,1,0,0,0,0
1169,2025-10-29,France,Email,1,1,1,1,1
1170,2025-12-11,Senegal,Organic,1,1,1,1,1
1171,2025-04-23,Portugal,Social Media,1,1,1,0,0
1172,2025-01-30,Spain,Paid Search,1,0,0,0,0
1173,2025-11-23,Senegal,Organic,1,1,1,1,1
1174,2025-11-28,Spain,Paid Search,1,0,0,0,0
1175,2025-12-23,France,Social Media,1,1,1,1,1
1176,2025-05-22,Germany,Social Media,1,1,0,0,0
1177,2025-05-22,Senegal,Referral,1,1,0,0,0
1178,2025-05-13,United Kingdom,Paid Search,1,1,1,0,0
1179,2025-11-09,Germany,Paid Search,1,1,1,1,1
1180,2025-11-11,Portugal,Organic,1,0,0,0,0
1181,2025-05-13,Senegal,Organic,1,1,1,1,1
1182,2025-09-12,France,Organic,1,0,0,0,0
1183,2025-12-07,Germany,Social Media,1,1,1,1,1
1184,2025-12-29,Germany,Referral,1,1,0,0,0
1185,2025-02-05,Spain,Paid Search,1,1,0,0,0
1186,2025-09-04,Senegal,Email,1,1,0,0,0
1187,2025-06-20,Portugal,Social Media,1,1,1,0,0
1188,2025-02-16,United Kingdom,Email,1,0,0,0,0
1189,2025-06-24,Senegal,Referral,1,0,0,0,0
1190,2025-05-29,Portugal,Paid Search,1,1,1,1,1
1191,2025-12-23,Germany,Organic,1,1,1,1,1
1192,2025-04-08,France,Organic,1,1,1,1,1
1193,2025-02-02,Spain,Social Media,1,1,0,0,0
1194,2025-08-19,Senegal,Organic,1,1,1,0,0
1195,2025-07-27,Senegal,Paid Search,1,0,0,0,0
1196,2025-12-08,Spain,Referral,1,0,0,0,0
1197,2025-10-02,France,Email,1,1,1,0,0
1198,2025-09-08,Portugal,Organic,1,1,0,0,0
1199,2025-01-24,France,Paid Search,1,1,1,0,0
1200,2025-02-19,Germany,Email,1,1,1,0,0
1201,2025-02-24,Senegal,Referral,1,1,1,1,1
1202,2025-06-22,Portugal,Referral,1,1,0,0,0
1203,2025-10-22,Spain,Paid Search,1,1,0,0,0
1204,2025-04-20,Senegal,Email,1,1,1,1,1
1205,2025-03-28,Portugal,Social Media,1,1,1,0,0
1206,2025-01-21,France,Organic,1,0,0,0,0
1207,2025-11-20,Spain,Referral,1,0,0,0,0
1208,2025-01-09,Germany,Organic,1,1,1,1,1
1209,2025-05-26,Germany,Referral,1,0,0,0,0
1210,2025-04-16,France,Social Media,1,1,1,0,0
1211,2025-11-09,Portugal,Organic,1,1,1,0,0
1212,2025-02-15,Portugal,Social Media,1,1,1,1,1
1213,2025-09-29,Senegal,Email,1,1,0,0,0
1214,2025-10-04,Spain,Paid Search,1,1,1,1,1
1215,2025-02-27,France,Referral,1,1,1,0,0
1216,2025-01-28,Portugal,Social Media,1,1,1,1,0
1217,2025-08-21,Senegal,Organic,1,0,0,0,0
1218,2025-10-03,France,Paid Search,1,0,0,0,0
1219,2025-09-06,Spain,Organic,1,1,1,1,1
1220,2025-08-03,France,Social Media,1,1,1,1,1
1221,2025-07-31,France,Referral,1,0,0,0,0
1222,2025-02-07,Germany,Email,1,1,0,0,0
1223,2025-03-16,France,Email,1,1,1,1,1
1224,2025-11-20,United Kingdom,Social Media,1,1,1,0,0
1225,2025-01-31,United Kingdom,Paid Search,1,1,1,1,1
1226,2025-04-23,United Kingdom,Email,1,1,0,0,0
1227,2025-11-10,France,Email,1,0,0,0,0
1228,2025-04-28,Senegal,Referral,1,0,0,0,0
1229,2025-09-08,France,Email,1,1,1,1,1
1230,2025-05-07,France,Social Media,1,1,1,0,0
1231,2025-03-18,Spain,Organic,1,1,1,0,0
1232,2025-09-16,Senegal,Referral,1,1,1,0,0
1233,2025-02-20,Germany,Referral,1,1,1,1,1
1234,2025-04-22,France,Social Media,1,1,1,1,1
1235,2025-06-06,France,Referral,1,0,0,0,0
1236,2025-10-26,Senegal,Referral,1,1,1,0,0
1237,2025-04-05,United Kingdom,Referral,1,0,0,0,0
1238,2025-01-01,Portugal,Organic,1,1,1,1,1
1239,2025-05-19,Portugal,Email,1,1,0,0,0
1240,2025-12-17,Senegal,Email,1,0,0,0,0
1241,2025-01-29,Spain,Social Media,1,0,0,0,0
1242,2025-02-26,Germany,Social Media,1,1,1,1,1
1243,2025-12-27,Senegal,Email,1,0,0,0,0
1244,2025-04-15,France,Social Media,1,1,1,1,0
1245,2025-10-25,Portugal,Paid Search,1,0,0,0,0
1246,2025-04-26,United Kingdom,Social Media,1,0,0,0,0
1247,2025-09-15,Portugal,Referral,1,1,1,1,1
1248,2025-09-27,Senegal,Referral,1,0,0,0,0
1249,2025-12-14,Spain,Social Media,1,1,1,0,0
1250,2025-12-21,Senegal,Paid Search,1,0,0,0,0
1251,2025-08-23,Senegal,Organic,1,1,1,0,0
1252,2025-02-09,Senegal,Paid Search,1,1,1,1,0
1253,2025-09-24,Portugal,Organic,1,1,0,0,0
1254,2025-10-05,France,Referral,1,1,1,0,0
1255,2025-05-30,France,Organic,1,1,0,0,0
1256,2025-09-24,Portugal,Social Media,1,1,1,0,0
1257,2025-06-17,Germany,Email,1,0,0,0,0
1258,2025-09-29,Spain,Referral,1,1,1,0,0
1259,2025-06-06,France,Social Media,1,1,1,1,0
1260,2025-03-17,United Kingdom,Social Media,1,1,1,0,0
1261,2025-12-31,Spain,Social Media,1,1,1,0,0
1262,2025-12-08,France,Paid Search,1,1,1,1,1
1263,2025-05-14,United Kingdom,Paid Search,1,1,1,0,0
1264,2025-06-26,France,Social Media,1,1,0,0,0
1265,2025-10-01,United Kingdom,Organic,1,0,0,0,0
1266,2025-07-27,Germany,Paid Search,1,0,0,0,0
1267,2025-06-13,France,Organic,1,0,0,0,0
1268,2025-10-07,Spain,Social Media,1,1,1,0,0
1269,2025-10-21,Portugal,Paid Search,1,0,0,0,0
1270,2025-08-15,United Kingdom,Organic,1,0,0,0,0
1271,2025-01-21,France,Email,1,1,1,0,0
1272,2025-04-23,Germany,Social Media,1,1,1,0,0
1273,2025-10-26,Spain,Paid Search,1,0,0,0,0
1274,2025-05-23,France,Organic,1,1,0,0,0
1275,2025-12-13,Portugal,Organic,1,0,0,0,0
1276,2025-07-21,France,Referral,1,1,1,0,0
1277,2025-12-08,United Kingdom,Referral,1,1,0,0,0
1278,2025-07-09,Germany,Social Media,1,1,1,1,1
1279,2025-10-15,Senegal,Paid Search,1,0,0,0,0
1280,2025-08-16,Portugal,Referral,1,0,0,0,0
1281,2025-05-28,France,Referral,1,0,0,0,0
1282,2025-08-01,France,Email,1,1,1,1,0
1283,2025-09-26,United Kingdom,Organic,1,0,0,0,0
1284,2025-10-30,Germany,Organic,1,1,1,1,1
1285,2025-08-25,Portugal,Email,1,0,0,0,0
1286,2025-03-12,France,Paid Search,1,0,0,0,0
1287,2025-05-29,Spain,Referral,1,1,0,0,0
1288,2025-10-27,United Kingdom,Referral,1,1,1,1,1
1289,2025-05-15,United Kingdom,Referral,1,1,1,1,1
1290,2025-12-19,Portugal,Paid Search,1,1,0,0,0
1291,2025-09-10,Senegal,Email,1,0,0,0,0
1292,2025-10-25,Germany,Email,1,1,1,0,0
1293,2025-12-22,Senegal,Social Media,1,1,1,0,0
1294,2025-03-25,Spain,Organic,1,1,1,0,0
1295,2025-07-02,France,Organic,1,1,1,0,0
1296,2025-07-02,Senegal,Social Media,1,1,1,1,1
1297,2025-11-18,France,Organic,1,1,1,1,1
1298,2025-12-17,United Kingdom,Social Media,1,0,0,0,0
1299,2025-12-19,United Kingdom,Organic,1,1,1,1,1
1300,2025-05-25,United Kingdom,Referral,1,1,0,0,0
1301,2025-03-25,Senegal,Paid Search,1,1,1,1,0
1302,2025-11-11,Portugal,Email,1,0,0,0,0
1303,2025-12-31,Spain,Organic,1,1,0,0,0
1304,2025-03-01,France,Organic,1,1,1,1,0
1305,2025-11-02,Spain,Social Media,1,1,1,0,0
1306,2025-03-02,France,Paid Search,1,0,0,0,0
1307,2025-03-14,Portugal,Paid Search,1,1,1,0,0
1308,2025-08-06,Portugal,Organic,1,1,0,0,0
1309,2025-08-09,Senegal,Paid Search,1,1,0,0,0
1310,2025-09-20,Spain,Organic,1,1,0,0,0
1311,2025-01-23,Senegal,Social Media,1,0,0,0,0
1312,2025-02-19,Senegal,Email,1,1,0,0,0
1313,2025-04-05,Portugal,Social Media,1,1,1,0,0
1314,2025-05-23,Spain,Social Media,1,1,0,0,0
1315,2025-11-10,France,Email,1,1,1,1,1
1316,2025-04-22,Portugal,Paid Search,1,0,0,0,0
1317,2025-03-29,Spain,Organic,1,0,0,0,0
1318,2025-02-20,France,Email,1,0,0,0,0
1319,2025-09-01,United Kingdom,Email,1,1,1,1,0
1320,2025-07-14,Germany,Paid Search,1,1,1,0,0
1321,2025-06-10,Senegal,Referral,1,1,1,0,0
1322,2025-12-27,United Kingdom,Email,1,0,0,0,0
1323,2025-02-12,United Kingdom,Referral,1,1,1,0,0
1324,2025-06-09,Portugal,Referral,1,1,1,0,0
1325,2025-08-08,France,Organic,1,0,0,0,0
1326,2025-09-01,Portugal,Social Media,1,1,0,0,0
1327,2025-09-09,Portugal,Organic,1,1,1,0,0
1328,2025-03-03,France,Referral,1,1,1,1,0
1329,2025-03-28,Senegal,Social Media,1,0,0,0,0
1330,2025-06-23,France,Email,1,0,0,0,0
1331,2025-07-26,Senegal,Paid Search,1,0,0,0,0
1332,2025-09-13,United Kingdom,Email,1,1,0,0,0
1333,2025-11-26,Germany,Social Media,1,1,1,1,1
1334,2025-05-23,France,Referral,1,1,1,1,1
1335,2025-03-10,Senegal,Organic,1,0,0,0,0
1336,2025-02-04,Germany,Organic,1,0,0,0,0
1337,2025-07-15,Spain,Social Media,1,1,1,1,1
1338,2025-09-24,Germany,Referral,1,1,1,1,1
1339,2025-06-25,Spain,Email,1,1,0,0,0
1340,2025-08-09,Senegal,Referral,1,1,0,0,0
1341,2025-08-15,Germany,Organic,1,1,1,0,0
1342,2025-06-05,Portugal,Paid Search,1,1,1,0,0
1343,2025-09-07,Senegal,Email,1,0,0,0,0
1344,2025-12-04,Spain,Email,1,1,1,0,0
1345,2025-09-17,Senegal,Referral,1,1,1,1,1
1346,2025-05-26,United Kingdom,Organic,1,1,1,0,0
1347,2025-06-28,Portugal,Email,1,1,0,0,0
1348,2025-06-24,Germany,Organic,1,1,0,0,0
1349,2025-07-30,United Kingdom,Organic,1,0,0,0,0
1350,2025-05-07,France,Social Media,1,1,0,0,0
1351,2025-02-03,United Kingdom,Organic,1,1,1,1,1
1352,2025-08-05,Spain,Email,1,0,0,0,0
1353,2025-05-17,Senegal,Referral,1,1,0,0,0
1354,2025-07-13,Spain,Referral,1,1,1,1,1
1355,2025-04-16,United Kingdom,Referral,1,1,0,0,0
1356,2025-06-23,France,Email,1,1,0,0,0
1357,2025-04-14,Germany,Organic,1,0,0,0,0
1358,2025-10-02,France,Social Media,1,1,1,1,0
1359,2025-11-16,Portugal,Organic,1,0,0,0,0
1360,2025-10-24,Senegal,Email,1,1,1,0,0
1361,2025-09-01,Germany,Paid Search,1,1,1,0,0
1362,2025-09-16,United Kingdom,Referral,1,0,0,0,0
1363,2025-06-10,France,Referral,1,1,1,1,1
1364,2025-04-03,Senegal,Email,1,0,0,0,0
1365,2025-10-23,Germany,Paid Search,1,0,0,0,0
1366,2025-08-28,United Kingdom,Email,1,0,0,0,0
1367,2025-08-11,Spain,Organic,1,1,1,1,1
1368,2025-12-17,United Kingdom,Referral,1,1,0,0,0
1369,2025-02-02,Portugal,Paid Search,1,0,0,0,0
1370,2025-05-17,United Kingdom,Paid Search,1,1,1,1,1
1371,2025-04-09,Senegal,Paid Search,1,0,0,0,0
1372,2025-06-08,Germany,Referral,1,1,1,0,0
1373,2025-01-19,France,Paid Search,1,1,1,0,0
1374,2025-05-23,Portugal,Email,1,1,0,0,0
1375,2025-09-06,Senegal,Organic,1,0,0,0,0
1376,2025-02-12,United Kingdom,Email,1,1,1,0,0
1377,2025-07-06,Portugal,Organic,1,1,0,0,0
1378,2025-03-13,France,Organic,1,1,1,1,1
1379,2025-10-25,Spain,Social Media,1,1,1,1,1
1380,2025-06-10,United Kingdom,Email,1,0,0,0,0
1381,2025-05-01,Germany,Paid Search,1,1,1,0,0
1382,2025-08-14,Germany,Social Media,1,0,0,0,0
1383,2025-01-29,Germany,Email,1,1,0,0,0
1384,2025-06-12,Spain,Referral,1,1,1,1,1
1385,2025-03-16,United Kingdom,Referral,1,0,0,0,0
1386,2025-06-07,Senegal,Email,1,1,1,0,0
1387,2025-01-28,Portugal,Paid Search,1,1,1,0,0
1388,2025-12-25,United Kingdom,Organic,1,1,1,1,1
1389,2025-07-21,United Kingdom,Social Media,1,1,0,0,0
1390,2025-05-01,United Kingdom,Paid Search,1,0,0,0,0
1391,2025-03-24,Germany,Social Media,1,0,0,0,0
1392,2025-11-26,Germany,Organic,1,1,1,0,0
1393,2025-09-09,Germany,Referral,1,0,0,0,0
1394,2025-06-20,Portugal,Referral,1,0,0,0,0
1395,2025-02-21,France,Social Media,1,1,1,0,0
1396,2025-10-08,Portugal,Social Media,1,1,1,1,1
1397,2025-11-19,Germany,Paid Search,1,1,1,1,1
1398,2025-02-26,France,Paid Search,1,1,0,0,0
1399,2025-11-29,France,Email,1,0,0,0,0
1400,2025-06-13,Germany,Referral,1,0,0,0,0
1401,2025-03-10,United Kingdom,Paid Search,1,0,0,0,0
1402,2025-06-17,United Kingdom,Paid Search,1,1,1,1,1
1403,2025-10-20,France,Organic,1,0,0,0,0
1404,2025-10-13,Portugal,Email,1,1,0,0,0
1405,2025-08-25,France,Social Media,1,0,0,0,0
1406,2025-03-28,Senegal,Referral,1,1,1,1,0
1407,2025-03-29,Spain,Organic,1,1,1,0,0
1408,2025-08-21,Portugal,Referral,1,1,1,1,0
1409,2025-05-17,United Kingdom,Referral,1,1,1,1,1
1410,2025-05-25,Portugal,Paid Search,1,1,1,1,1
1411,2025-05-15,France,Email,1,1,1,1,1
1412,2025-02-13,Senegal,Referral,1,1,1,0,0
1413,2025-12-18,France,Referral,1,0,0,0,0
1414,2025-11-02,United Kingdom,Organic,1,1,1,1,1
1415,2025-07-01,Spain,Email,1,0,0,0,0
1416,2025-01-24,Senegal,Social Media,1,1,1,0,0
1417,2025-12-10,United Kingdom,Paid Search,1,0,0,0,0
1418,2025-10-14,Senegal,Email,1,1,1,1,1
1419,2025-08-28,France,Organic,1,1,1,1,1
1420,2025-01-23,France,Referral,1,0,0,0,0
1421,2025-05-24,Portugal,Social Media,1,0,0,0,0
1422,2025-05-25,United Kingdom,Email,1,0,0,0,0
1423,2025-05-16,Spain,Social Media,1,1,1,0,0
1424,2025-09-09,France,Email,1,0,0,0,0
1425,2025-12-03,Portugal,Referral,1,1,1,1,1
1426,2025-05-14,France,Referral,1,1,0,0,0
1427,2025-09-11,Senegal,Referral,1,1,1,1,1
1428,2025-03-17,Senegal,Social Media,1,1,0,0,0
1429,2025-04-03,France,Email,1,0,0,0,0
1430,2025-10-16,Portugal,Email,1,1,0,0,0
1431,2025-01-03,Spain,Email,1,1,0,0,0
1432,2025-05-07,Germany,Organic,1,0,0,0,0
1433,2025-01-14,United Kingdom,Organic,1,1,1,0,0
1434,2025-06-15,France,Organic,1,1,0,0,0
1435,2025-12-04,Germany,Referral,1,1,1,0,0
1436,2025-06-18,Senegal,Email,1,0,0,0,0
1437,2025-06-16,Portugal,Email,1,1,0,0,0
1438,2025-11-26,United Kingdom,Social Media,1,0,0,0,0
1439,2025-02-06,Spain,Email,1,1,1,1,0
1440,2025-07-24,Senegal,Organic,1,0,0,0,0
1441,2025-03-25,Germany,Referral,1,1,0,0,0
1442,2025-12-01,France,Organic,1,1,0,0,0
1443,2025-06-08,Portugal,Email,1,1,1,0,0
1444,2025-09-20,France,Referral,1,1,1,1,1
1445,2025-02-16,Germany,Social Media,1,1,1,1,1
1446,2025-06-24,Germany,Paid Search,1,1,1,0,0
1447,2025-09-27,Portugal,Email,1,1,1,1,0
1448,2025-06-03,France,Paid Search,1,0,0,0,0
1449,2025-06-03,France,Email,1,1,1,1,0
1450,2025-09-20,Senegal,Email,1,1,1,0,0
1451,2025-10-19,United Kingdom,Social Media,1,1,1,1,1
1452,2025-12-05,Germany,Paid Search,1,0,0,0,0
1453,2025-07-21,Senegal,Organic,1,1,1,1,1
1454,2025-12-10,Germany,Email,1,0,0,0,0
1455,2025-06-24,France,Paid Search,1,1,1,0,0
1456,2025-12-11,Senegal,Referral,1,1,1,1,1
1457,2025-09-02,Germany,Referral,1,0,0,0,0
1458,2025-11-05,Portugal,Referral,1,1,0,0,0
1459,2025-11-12,United Kingdom,Referral,1,0,0,0,0
1460,2025-02-14,France,Paid Search,1,1,1,1,0
1461,2025-01-14,France,Referral,1,1,1,1,1
1462,2025-10-03,France,Organic,1,1,1,1,1
1463,2025-03-27,France,Referral,1,0,0,0,0
1464,2025-08-30,Senegal,Referral,1,1,1,1,0
1465,2025-01-27,United Kingdom,Organic,1,1,0,0,0
1466,2025-08-10,Germany,Referral,1,0,0,0,0
1467,2025-11-02,Portugal,Email,1,0,0,0,0
1468,2025-01-19,Germany,Referral,1,1,1,0,0
1469,2025-12-14,Germany,Paid Search,1,0,0,0,0
1470,2025-09-28,Senegal,Referral,1,1,1,1,1
1471,2025-08-31,Senegal,Referral,1,1,1,1,1
1472,2025-03-24,United Kingdom,Paid Search,1,1,1,1,1
1473,2025-12-17,United Kingdom,Email,1,0,0,0,0
1474,2025-12-03,Germany,Paid Search,1,0,0,0,0
1475,2025-12-31,Germany,Referral,1,0,0,0,0
1476,2025-12-11,Portugal,Social Media,1,0,0,0,0
1477,2025-03-24,Spain,Paid Search,1,1,1,0,0
1478,2025-03-08,France,Paid Search,1,1,1,0,0
1479,2025-09-10,United Kingdom,Paid Search,1,1,1,1,0
1480,2025-07-02,Portugal,Paid Search,1,1,0,0,0
1481,2025-09-15,Senegal,Organic,1,1,1,1,1
1482,2025-09-07,United Kingdom,Social Media,1,0,0,0,0
1483,2025-01-24,Spain,Social Media,1,0,0,0,0
1484,2025-12-20,Spain,Email,1,0,0,0,0
1485,2025-12-28,Senegal,Referral,1,0,0,0,0
1486,2025-02-26,Senegal,Email,1,1,0,0,0
1487,2025-02-22,Spain,Organic,1,1,1,1,1
1488,2025-07-05,France,Social Media,1,0,0,0,0
1489,2025-09-17,Germany,Organic,1,1,1,0,0
1490,2025-03-04,France,Referral,1,0,0,0,0
1491,2025-01-04,France,Referral,1,1,1,1,1
1492,2025-08-01,United Kingdom,Paid Search,1,1,0,0,0
1493,2025-08-04,France,Paid Search,1,0,0,0,0
1494,2025-07-31,Germany,Referral,1,0,0,0,0
1495,2025-09-22,Portugal,Social Media,1,0,0,0,0
1496,2025-08-15,France,Organic,1,0,0,0,0
1497,2025-09-22,Senegal,Organic,1,1,1,0,0
1498,2025-08-11,Senegal,Referral,1,0,0,0,0
1499,2025-12-05,Portugal,Paid Search,1,0,0,0,0
1500,2025-01-30,Portugal,Email,1,0,0,0,0
1501,2025-08-03,Germany,Email,1,0,0,0,0
1502,2025-06-10,United Kingdom,Organic,1,0,0,0,0
1503,2025-09-28,Spain,Paid Search,1,0,0,0,0
1504,2025-08-17,Portugal,Paid Search,1,0,0,0,0
1505,2025-11-16,Spain,Referral,1,0,0,0,0
1506,2025-11-29,Germany,Paid Search,1,0,0,0,0
1507,2025-02-13,Senegal,Email,1,1,1,0,0
1508,2025-03-06,Spain,Email,1,1,1,1,1
1509,2025-11-22,France,Organic,1,1,0,0,0
1510,2025-10-31,United Kingdom,Paid Search,1,0,0,0,0
1511,2025-06-05,Portugal,Referral,1,0,0,0,0
1512,2025-02-26,Portugal,Organic,1,0,0,0,0
1513,2025-05-13,Portugal,Email,1,1,1,0,0
1514,2025-03-05,Germany,Social Media,1,1,1,1,1
1515,2025-10-25,Spain,Email,1,0,0,0,0
1516,2025-04-30,United Kingdom,Social Media,1,1,0,0,0
1517,2025-10-21,Portugal,Paid Search,1,0,0,0,0
1518,2025-09-24,Portugal,Paid Search,1,1,1,1,1
1519,2025-08-21,Senegal,Paid Search,1,0,0,0,0
1520,2025-07-30,Senegal,Organic,1,1,0,0,0
1521,2025-09-01,France,Referral,1,1,1,1,1
1522,2025-07-22,United Kingdom,Email,1,1,1,1,0
1523,2025-09-08,Portugal,Referral,1,0,0,0,0
1524,2025-03-15,Spain,Paid Search,1,1,1,0,0
1525,2025-09-20,Spain,Organic,1,0,0,0,0
1526,2025-08-22,Germany,Organic,1,0,0,0,0
1527,2025-10-14,United Kingdom,Organic,1,1,1,1,1
1528,2025-01-21,Spain,Paid Search,1,1,1,1,1
1529,2025-01-15,France,Paid Search,1,0,0,0,0
1530,2025-08-04,Senegal,Social Media,1,0,0,0,0
1531,2025-04-21,France,Referral,1,1,1,1,1
1532,2025-09-04,Spain,Social Media,1,1,0,0,0
1533,2025-07-13,Germany,Email,1,1,1,0,0
1534,2025-08-19,Portugal,Referral,1,1,1,1,1
1535,2025-11-16,Germany,Referral,1,1,1,1,0
1536,2025-08-15,Portugal,Social Media,1,1,0,0,0
1537,2025-12-29,Senegal,Email,1,1,0,0,0
1538,2025-06-08,Spain,Organic,1,1,1,0,0
1539,2025-10-05,Spain,Organic,1,0,0,0,0
1540,2025-09-25,France,Referral,1,1,1,0,0
1541,2025-09-30,France,Organic,1,1,1,0,0
1542,2025-10-24,Germany,Organic,1,0,0,0,0
1543,2025-11-07,United Kingdom,Referral,1,1,1,0,0
1544,2025-06-24,Germany,Paid Search,1,1,0,0,0
1545,2025-06-12,Germany,Social Media,1,1,0,0,0
1546,2025-10-05,France,Social Media,1,1,1,1,1
1547,2025-07-28,Portugal,Paid Search,1,1,0,0,0
1548,2025-04-03,Senegal,Organic,1,1,1,1,0
1549,2025-05-13,Germany,Organic,1,1,1,1,1
1550,2025-09-18,Spain,Referral,1,0,0,0,0
1551,2025-05-18,Senegal,Social Media,1,1,1,1,1
1552,2025-04-30,Senegal,Social Media,1,1,1,1,1
1553,2025-11-30,France,Social Media,1,1,1,0,0
1554,2025-09-14,France,Paid Search,1,1,0,0,0
1555,2025-05-06,Spain,Referral,1,0,0,0,0
1556,2025-10-12,Germany,Organic,1,1,1,0,0
1557,2025-05-29,Portugal,Paid Search,1,1,0,0,0
1558,2025-09-04,United Kingdom,Email,1,1,1,0,0
1559,2025-11-20,France,Email,1,0,0,0,0
1560,2025-05-25,Senegal,Paid Search,1,0,0,0,0
1561,2025-10-16,Senegal,Social Media,1,1,1,0,0
1562,2025-10-12,United Kingdom,Referral,1,1,1,0,0
1563,2025-12-16,United Kingdom,Social Media,1,0,0,0,0
1564,2025-12-29,Germany,Social Media,1,1,0,0,0
1565,2025-06-24,France,Referral,1,0,0,0,0
1566,2025-06-18,Senegal,Paid Search,1,1,1,1,0
1567,2025-12-11,France,Referral,1,1,1,1,1
1568,2025-02-11,Portugal,Organic,1,1,0,0,0
1569,2025-12-10,Germany,Organic,1,1,0,0,0
1570,2025-11-04,United Kingdom,Referral,1,1,0,0,0
1571,2025-12-23,Senegal,Organic,1,1,0,0,0
1572,2025-08-16,Senegal,Paid Search,1,0,0,0,0
1573,2025-05-24,Portugal,Social Media,1,1,0,0,0
1574,2025-11-17,United Kingdom,Paid Search,1,1,1,1,1
1575,2025-12-27,Portugal,Email,1,1,1,0,0
1576,2025-07-22,Senegal,Social Media,1,1,1,1,1
1577,2025-10-17,Portugal,Email,1,1,1,1,1
1578,2025-05-13,Spain,Paid Search,1,0,0,0,0
1579,2025-05-21,France,Organic,1,0,0,0,0
1580,2025-12-21,Portugal,Email,1,1,1,0,0
1581,2025-01-02,Germany,Organic,1,0,0,0,0
1582,2025-06-15,Germany,Referral,1,1,1,1,1
1583,2025-01-23,Portugal,Paid Search,1,1,0,0,0
1584,2025-09-30,Germany,Social Media,1,1,1,1,1
1585,2025-01-13,Portugal,Paid Search,1,0,0,0,0
1586,2025-08-05,Senegal,Paid Search,1,1,1,1,1
1587,2025-01-15,Germany,Referral,1,0,0,0,0
1588,2025-10-31,Portugal,Social Media,1,0,0,0,0
1589,2025-05-07,Senegal,Referral,1,1,1,1,1
1590,2025-05-02,Senegal,Email,1,1,0,0,0
1591,2025-11-17,Germany,Email,1,1,0,0,0
1592,2025-01-18,Germany,Social Media,1,0,0,0,0
1593,2025-12-22,Senegal,Paid Search,1,1,0,0,0
1594,2025-01-29,United Kingdom,Email,1,1,1,0,0
1595,2025-10-14,Senegal,Social Media,1,0,0,0,0
1596,2025-07-25,Senegal,Email,1,0,0,0,0
1597,2025-04-30,Spain,Email,1,1,1,0,0
1598,2025-11-14,Spain,Organic,1,1,0,0,0
1599,2025-01-14,Germany,Email,1,1,1,1,1
1600,2025-02-04,Spain,Paid Search,1,0,0,0,0
1601,2025-03-06,Portugal,Email,1,1,1,0,0
1602,2025-08-16,France,Paid Search,1,1,1,1,1
1603,2025-09-20,Portugal,Social Media,1,1,0,0,0
1604,2025-03-16,France,Referral,1,1,1,1,1
1605,2025-10-28,Portugal,Paid Search,1,1,1,0,0
1606,2025-01-28,Germany,Social Media,1,1,1,0,0
1607,2025-02-05,United Kingdom,Paid Search,1,0,0,0,0
1608,2025-12-22,Portugal,Referral,1,1,1,1,0
1609,2025-11-12,United Kingdom,Referral,1,1,1,0,0
1610,2025-01-22,Germany,Paid Search,1,0,0,0,0
1611,2025-11-24,France,Paid Search,1,1,1,1,1
1612,2025-06-19,Portugal,Referral,1,1,1,0,0
1613,2025-07-05,Senegal,Organic,1,1,1,1,1
1614,2025-11-20,Spain,Social Media,1,1,1,1,1
1615,2025-05-15,Portugal,Paid Search,1,1,1,1,1
1616,2025-05-15,Senegal,Organic,1,0,0,0,0
1617,2025-03-12,Germany,Organic,1,1,1,1,1
1618,2025-07-10,Portugal,Paid Search,1,0,0,0,0
1619,2025-11-16,Germany,Organic,1,1,0,0,0
1620,2025-03-08,France,Paid Search,1,1,1,1,1
1621,2025-11-22,France,Organic,1,0,0,0,0
1622,2025-10-28,France,Email,1,1,1,1,1
1623,2025-05-24,France,Email,1,0,0,0,0
1624,2025-09-08,France,Organic,1,0,0,0,0
1625,2025-12-06,Spain,Organic,1,1,1,0,0
1626,2025-09-18,United Kingdom,Referral,1,1,1,0,0
1627,2025-09-27,Portugal,Referral,1,0,0,0,0
1628,2025-09-11,Germany,Social Media,1,1,1,0,0
1629,2025-11-29,Senegal,Paid Search,1,1,1,0,0
1630,2025-07-22,France,Social Media,1,1,1,1,0
1631,2025-05-11,Spain,Organic,1,1,1,1,1
1632,2025-10-26,Senegal,Referral,1,1,1,1,1
1633,2025-07-08,Germany,Social Media,1,1,1,1,1
1634,2025-02-08,United Kingdom,Organic,1,1,1,1,1
1635,2025-05-22,France,Organic,1,1,1,1,1
1636,2025-12-12,United Kingdom,Social Media,1,1,0,0,0
1637,2025-12-16,United Kingdom,Paid Search,1,0,0,0,0
1638,2025-03-12,Portugal,Email,1,0,0,0,0
1639,2025-01-05,United Kingdom,Social Media,1,0,0,0,0
1640,2025-07-26,Germany,Email,1,0,0,0,0
1641,2025-01-07,Germany,Email,1,0,0,0,0
1642,2025-03-18,Germany,Paid Search,1,1,1,1,1
1643,2025-10-10,Germany,Referral,1,1,1,0,0
1644,2025-08-08,Portugal,Referral,1,1,1,1,1
1645,2025-10-23,France,Social Media,1,0,0,0,0
1646,2025-01-05,Germany,Social Media,1,1,1,0,0
1647,2025-07-26,Portugal,Email,1,1,1,1,1
1648,2025-03-13,France,Social Media,1,1,0,0,0
1649,2025-11-08,Spain,Referral,1,0,0,0,0
1650,2025-04-15,Germany,Organic,1,1,1,1,1
1651,2025-08-20,Portugal,Social Media,1,1,1,1,1
1652,2025-12-19,Spain,Referral,1,1,1,0,0
1653,2025-07-17,United Kingdom,Paid Search,1,1,1,1,1
1654,2025-09-23,Senegal,Paid Search,1,1,0,0,0
1655,2025-07-20,France,Organic,1,1,1,0,0
1656,2025-07-19,France,Paid Search,1,0,0,0,0
1657,2025-06-08,Germany,Referral,1,1,1,1,1
1658,2025-12-17,Germany,Social Media,1,1,0,0,0
1659,2025-08-17,Senegal,Referral,1,1,1,1,1
1660,2025-09-09,Germany,Referral,1,1,1,1,0
1661,2025-08-22,United Kingdom,Social Media,1,1,0,0,0
1662,2025-03-31,Germany,Paid Search,1,1,1,1,1
1663,2025-12-04,France,Email,1,1,1,1,0
1664,2025-03-22,United Kingdom,Email,1,1,0,0,0
1665,2025-12-24,Portugal,Paid Search,1,0,0,0,0
1666,2025-07-30,Spain,Organic,1,0,0,0,0
1667,2025-02-09,Senegal,Email,1,0,0,0,0
1668,2025-06-16,Germany,Referral,1,1,1,1,1
1669,2025-11-24,Portugal,Referral,1,1,1,0,0
1670,2025-07-23,Senegal,Organic,1,1,1,1,1
1671,2025-08-26,Germany,Referral,1,1,1,1,0
1672,2025-03-13,Germany,Social Media,1,0,0,0,0
1673,2025-03-29,Senegal,Email,1,1,1,1,1
1674,2025-02-09,Portugal,Organic,1,0,0,0,0
1675,2025-03-20,Germany,Social Media,1,1,1,0,0
1676,2025-09-30,France,Referral,1,0,0,0,0
1677,2025-11-22,Spain,Organic,1,1,1,1,1
1678,2025-07-13,France,Paid Search,1,1,1,1,1
1679,2025-01-08,United Kingdom,Paid Search,1,0,0,0,0
1680,2025-02-02,France,Organic,1,0,0,0,0
1681,2025-12-07,France,Paid Search,1,1,1,0,0
1682,2025-06-15,Spain,Paid Search,1,1,0,0,0
1683,2025-07-22,Germany,Organic,1,1,1,1,1
1684,2025-12-01,United Kingdom,Organic,1,1,1,1,0
1685,2025-11-29,Spain,Social Media,1,1,0,0,0
1686,2025-07-30,United Kingdom,Email,1,1,0,0,0
1687,2025-12-31,Spain,Email,1,1,0,0,0
1688,2025-11-04,United Kingdom,Referral,1,0,0,0,0
1689,2025-12-22,France,Social Media,1,1,0,0,0
1690,2025-12-19,United Kingdom,Referral,1,1,1,0,0
1691,2025-08-18,Germany,Email,1,1,1,1,0
1692,2025-04-30,Senegal,Email,1,0,0,0,0
1693,2025-03-05,United Kingdom,Paid Search,1,0,0,0,0
1694,2025-05-05,Spain,Organic,1,1,1,1,1
1695,2025-04-15,Portugal,Organic,1,1,1,0,0
1696,2025-08-16,Portugal,Social Media,1,1,1,0,0
1697,2025-01-21,Spain,Referral,1,1,1,1,0
1698,2025-06-19,United Kingdom,Paid Search,1,1,1,0,0
1699,2025-05-08,Portugal,Paid Search,1,1,1,1,1
1700,2025-01-04,Senegal,Referral,1,1,1,0,0
1701,2025-03-14,France,Paid Search,1,1,1,0,0
1702,2025-04-15,France,Email,1,1,1,1,1
1703,2025-05-06,Germany,Paid Search,1,1,1,1,0
1704,2025-04-14,United Kingdom,Referral,1,1,0,0,0
1705,2025-07-23,Germany,Paid Search,1,1,1,0,0
1706,2025-08-10,France,Referral,1,1,1,0,0
1707,2025-06-03,Spain,Email,1,1,1,1,1
1708,2025-08-21,United Kingdom,Referral,1,1,1,1,1
1709,2025-04-11,France,Paid Search,1,1,0,0,0
1710,2025-07-11,Germany,Referral,1,0,0,0,0
1711,2025-07-22,Portugal,Social Media,1,1,1,0,0
1712,2025-02-06,Germany,Organic,1,0,0,0,0
1713,2025-03-05,Germany,Email,1,1,0,0,0
1714,2025-05-11,Portugal,Social Media,1,1,1,0,0
1715,2025-12-23,Senegal,Referral,1,0,0,0,0
1716,2025-05-07,France,Referral,1,1,0,0,0
1717,2025-11-20,Portugal,Organic,1,0,0,0,0
1718,2025-11-27,France,Social Media,1,1,0,0,0
1719,2025-03-17,United Kingdom,Paid Search,1,1,0,0,0
1720,2025-03-24,Senegal,Organic,1,0,0,0,0
1721,2025-11-26,Portugal,Referral,1,1,1,0,0
1722,2025-09-23,France,Referral,1,1,1,0,0
1723,2025-09-14,Spain,Referral,1,1,1,0,0
1724,2025-02-15,Senegal,Email,1,0,0,0,0
1725,2025-06-26,France,Social Media,1,0,0,0,0
1726,2025-07-23,Portugal,Social Media,1,1,1,1,1
1727,2025-12-23,Germany,Email,1,1,1,1,1
1728,2025-04-06,Portugal,Paid Search,1,1,1,0,0
1729,2025-08-19,Spain,Paid Search,1,1,1,1,1
1730,2025-05-13,Germany,Referral,1,1,1,0,0
1731,2025-03-27,Senegal,Social Media,1,1,1,1,1
1732,2025-05-01,Germany,Referral,1,0,0,0,0
1733,2025-02-21,Senegal,Organic,1,1,0,0,0
1734,2025-12-07,Spain,Organic,1,1,1,1,1
1735,2025-05-17,Germany,Referral,1,0,0,0,0
1736,2025-11-06,Germany,Social Media,1,1,0,0,0
1737,2025-06-11,France,Social Media,1,0,0,0,0
1738,2025-07-13,Spain,Organic,1,0,0,0,0
1739,2025-06-19,Senegal,Organic,1,1,1,0,0
1740,2025-03-13,Senegal,Email,1,1,1,0,0
1741,2025-05-08,United Kingdom,Referral,1,1,1,1,1
1742,2025-04-07,Senegal,Social Media,1,1,1,1,0
1743,2025-06-16,Portugal,Referral,1,1,1,0,0
1744,2025-02-11,United Kingdom,Referral,1,0,0,0,0
1745,2025-09-01,Portugal,Organic,1,0,0,0,0
1746,2025-05-31,Spain,Paid Search,1,0,0,0,0
1747,2025-09-24,Spain,Email,1,1,1,1,0
1748,2025-10-08,Germany,Paid Search,1,0,0,0,0
1749,2025-03-01,Germany,Email,1,1,1,0,0
1750,2025-12-04,Portugal,Organic,1,1,0,0,0
1751,2025-01-15,France,Social Media,1,0,0,0,0
1752,2025-05-24,France,Social Media,1,0,0,0,0
1753,2025-12-10,Senegal,Paid Search,1,0,0,0,0
1754,2025-11-21,Portugal,Referral,1,1,1,0,0
1755,2025-10-22,Spain,Organic,1,1,1,0,0
1756,2025-07-15,Portugal,Email,1,0,0,0,0
1757,2025-08-12,France,Paid Search,1,1,1,1,1
1758,2025-10-31,France,Organic,1,1,1,1,1
1759,2025-01-01,United Kingdom,Organic,1,1,1,1,1
1760,2025-07-06,Portugal,Paid Search,1,1,1,1,1
1761,2025-10-03,Germany,Social Media,1,1,0,0,0
1762,2025-04-23,Germany,Referral,1,1,1,0,0
1763,2025-12-26,Senegal,Email,1,1,1,0,0
1764,2025-05-21,Portugal,Email,1,1,0,0,0
1765,2025-09-11,United Kingdom,Referral,1,1,0,0,0
1766,2025-03-20,Portugal,Paid Search,1,0,0,0,0
1767,2025-04-26,Portugal,Organic,1,0,0,0,0
1768,2025-04-02,Germany,Referral,1,1,0,0,0
1769,2025-03-23,Senegal,Email,1,1,1,1,1
1770,2025-07-20,Germany,Organic,1,1,1,0,0
1771,2025-04-10,Portugal,Email,1,1,1,0,0
1772,2025-10-25,Senegal,Social Media,1,1,1,1,1
1773,2025-05-30,France,Paid Search,1,1,1,0,0
1774,2025-01-05,United Kingdom,Email,1,1,0,0,0
1775,2025-03-17,Germany,Referral,1,0,0,0,0
1776,2025-03-28,Senegal,Organic,1,1,1,0,0
1777,2025-03-02,Spain,Social Media,1,1,0,0,0
1778,2025-11-18,Portugal,Referral,1,1,1,1,1
1779,2025-11-02,France,Referral,1,0,0,0,0
1780,2025-12-10,Portugal,Organic,1,0,0,0,0
1781,2025-11-29,Germany,Social Media,1,1,1,1,1
1782,2025-03-04,Germany,Email,1,1,1,0,0
1783,2025-09-03,United Kingdom,Organic,1,0,0,0,0
1784,2025-04-03,Germany,Referral,1,0,0,0,0
1785,2025-12-26,Germany,Social Media,1,1,1,1,0
1786,2025-10-03,France,Referral,1,0,0,0,0
1787,2025-01-11,Germany,Email,1,0,0,0,0
1788,2025-09-29,Germany,Organic,1,1,1,0,0
1789,2025-11-30,Senegal,Paid Search,1,0,0,0,0
1790,2025-03-02,France,Email,1,0,0,0,0
1791,2025-01-03,Spain,Referral,1,0,0,0,0
1792,2025-03-04,Senegal,Paid Search,1,1,1,1,1
1793,2025-01-18,Senegal,Organic,1,1,1,1,1
1794,2025-12-03,Senegal,Paid Search,1,1,0,0,0
1795,2025-09-23,United Kingdom,Email,1,1,1,0,0
1796,2025-09-25,United Kingdom,Email,1,1,1,1,0
1797,2025-05-02,Senegal,Paid Search,1,1,0,0,0
1798,2025-04-21,France,Email,1,1,1,1,1
1799,2025-08-05,Senegal,Email,1,1,1,0,0
1800,2025-07-24,Germany,Organic,1,0,0,0,0
1801,2025-12-13,Germany,Paid Search,1,1,1,0,0
1802,2025-11-21,Portugal,Paid Search,1,0,0,0,0
1803,2025-10-16,Portugal,Email,1,1,1,1,0
1804,2025-08-11,Germany,Organic,1,0,0,0,0
1805,2025-05-07,Senegal,Social Media,1,1,1,1,1
1806,2025-11-24,Senegal,Social Media,1,0,0,0,0
1807,2025-05-20,France,Paid Search,1,1,1,0,0
1808,2025-04-24,Germany,Organic,1,0,0,0,0
1809,2025-03-05,France,Email,1,0,0,0,0
1810,2025-06-06,Spain,Referral,1,1,1,1,1
1811,2025-05-19,Spain,Organic,1,0,0,0,0
1812,2025-03-29,United Kingdom,Referral,1,1,0,0,0
1813,2025-12-14,Spain,Email,1,1,0,0,0
1814,2025-09-02,Spain,Paid Search,1,1,1,0,0
1815,2025-12-03,France,Paid Search,1,1,1,1,1
1816,2025-07-09,Portugal,Paid Search,1,0,0,0,0
1817,2025-08-03,Portugal,Referral,1,1,0,0,0
1818,2025-08-28,Spain,Social Media,1,1,1,0,0
1819,2025-04-28,United Kingdom,Organic,1,0,0,0,0
1820,2025-07-28,United Kingdom,Organic,1,1,1,1,1
1821,2025-10-22,Senegal,Organic,1,0,0,0,0
1822,2025-10-11,Germany,Organic,1,0,0,0,0
1823,2025-08-06,Portugal,Email,1,0,0,0,0
1824,2025-03-11,Germany,Referral,1,1,0,0,0
1825,2025-09-30,Portugal,Organic,1,1,1,0,0
1826,2025-01-04,Portugal,Referral,1,0,0,0,0
1827,2025-06-26,France,Email,1,0,0,0,0
1828,2025-01-22,Spain,Referral,1,0,0,0,0
1829,2025-12-12,Spain,Paid Search,1,1,1,1,1
1830,2025-01-27,Germany,Referral,1,1,1,1,0
1831,2025-05-08,Spain,Organic,1,1,1,1,1
1832,2025-11-20,Spain,Referral,1,1,1,0,0
1833,2025-11-26,Spain,Organic,1,0,0,0,0
1834,2025-11-13,Germany,Organic,1,1,1,1,1
1835,2025-01-03,United Kingdom,Paid Search,1,1,1,1,1
1836,2025-09-28,Spain,Paid Search,1,1,0,0,0
1837,2025-01-04,France,Social Media,1,1,1,1,1
1838,2025-04-04,Spain,Social Media,1,1,1,0,0
1839,2025-03-24,France,Social Media,1,0,0,0,0
1840,2025-01-03,United Kingdom,Paid Search,1,1,1,1,1
1841,2025-06-19,Senegal,Paid Search,1,0,0,0,0
1842,2025-09-03,Portugal,Social Media,1,1,1,1,1
1843,2025-03-07,United Kingdom,Referral,1,1,0,0,0
1844,2025-07-19,France,Organic,1,0,0,0,0
1845,2025-01-11,France,Paid Search,1,1,1,0,0
1846,2025-01-27,Portugal,Social Media,1,1,1,1,1
1847,2025-05-25,Germany,Organic,1,0,0,0,0
1848,2025-05-07,Spain,Paid Search,1,0,0,0,0
1849,2025-04-06,France,Social Media,1,0,0,0,0
1850,2025-05-15,Portugal,Paid Search,1,0,0,0,0
1851,2025-08-08,France,Referral,1,0,0,0,0
1852,2025-02-22,Portugal,Email,1,1,1,0,0
1853,2025-11-19,Portugal,Paid Search,1,1,1,1,0
1854,2025-03-16,Germany,Organic,1,1,1,1,1
1855,2025-06-06,Portugal,Paid Search,1,1,1,1,1
1856,2025-01-27,United Kingdom,Organic,1,1,1,1,1
1857,2025-06-13,Senegal,Paid Search,1,1,1,0,0
1858,2025-04-19,United Kingdom,Referral,1,1,1,1,1
1859,2025-09-09,United Kingdom,Social Media,1,1,1,1,1
1860,2025-03-08,United Kingdom,Social Media,1,0,0,0,0
1861,2025-07-05,Portugal,Email,1,1,1,0,0
1862,2025-04-18,Spain,Referral,1,1,1,0,0
1863,2025-11-05,Senegal,Organic,1,1,0,0,0
1864,2025-12-02,France,Paid Search,1,0,0,0,0
1865,2025-02-20,Senegal,Email,1,1,1,1,1
1866,2025-10-01,Portugal,Paid Search,1,1,1,1,1
1867,2025-10-14,United Kingdom,Social Media,1,1,1,0,0
1868,2025-02-04,Germany,Referral,1,1,0,0,0
1869,2025-01-12,France,Email,1,1,0,0,0
1870,2025-05-29,Senegal,Email,1,1,0,0,0
1871,2025-04-08,Portugal,Referral,1,1,1,1,1
1872,2025-08-13,Spain,Referral,1,1,1,0,0
1873,2025-04-16,France,Organic,1,1,1,0,0
1874,2025-09-20,Germany,Email,1,0,0,0,0
1875,2025-09-26,United Kingdom,Social Media,1,0,0,0,0
1876,2025-06-01,Portugal,Social Media,1,1,1,1,1
1877,2025-01-21,Portugal,Paid Search,1,0,0,0,0
1878,2025-05-23,France,Social Media,1,0,0,0,0
1879,2025-01-27,Portugal,Paid Search,1,0,0,0,0
1880,2025-04-18,Spain,Organic,1,1,1,0,0
1881,2025-07-08,United Kingdom,Organic,1,0,0,0,0
1882,2025-10-09,United Kingdom,Paid Search,1,1,1,1,1
1883,2025-01-06,United Kingdom,Paid Search,1,0,0,0,0
1884,2025-05-24,France,Social Media,1,0,0,0,0
1885,2025-10-03,Portugal,Email,1,1,1,1,1
1886,2025-11-17,Portugal,Email,1,1,0,0,0
1887,2025-04-23,United Kingdom,Social Media,1,1,1,0,0
1888,2025-07-22,France,Referral,1,1,1,1,0
1889,2025-02-17,Germany,Paid Search,1,1,0,0,0
1890,2025-04-01,France,Email,1,1,1,0,0
1891,2025-01-11,United Kingdom,Paid Search,1,0,0,0,0
1892,2025-07-21,Portugal,Email,1,1,1,1,1
1893,2025-11-27,Germany,Organic,1,0,0,0,0
1894,2025-03-12,Portugal,Organic,1,1,1,1,0
1895,2025-11-26,Senegal,Paid Search,1,1,1,1,1
1896,2025-01-07,Senegal,Organic,1,1,0,0,0
1897,2025-12-29,Senegal,Paid Search,1,1,0,0,0
1898,2025-08-16,France,Social Media,1,1,1,1,1
1899,2025-11-18,Spain,Organic,1,1,1,1,1
1900,2025-08-01,France,Organic,1,0,0,0,0
1901,2025-01-13,France,Referral,1,1,1,1,0
1902,2025-12-17,Germany,Organic,1,1,0,0,0
1903,2025-04-25,Senegal,Social Media,1,1,1,1,0
1904,2025-02-13,Senegal,Email,1,1,1,1,1
1905,2025-08-06,France,Social Media,1,1,1,0,0
1906,2025-05-19,Germany,Social Media,1,0,0,0,0
1907,2025-12-31,Senegal,Organic,1,0,0,0,0
1908,2025-03-18,Portugal,Paid Search,1,1,1,0,0
1909,2025-09-02,Senegal,Organic,1,1,0,0,0
1910,2025-05-23,France,Organic,1,1,1,0,0
1911,2025-06-30,United Kingdom,Referral,1,1,1,1,1
1912,2025-06-20,France,Paid Search,1,1,1,1,1
1913,2025-10-02,France,Referral,1,1,1,1,1
1914,2025-04-23,Portugal,Organic,1,1,1,0,0
1915,2025-01-09,United Kingdom,Email,1,1,1,1,0
1916,2025-07-04,France,Social Media,1,1,0,0,0
1917,2025-10-10,Germany,Paid Search,1,1,1,0,0
1918,2025-03-02,Portugal,Paid Search,1,1,1,0,0
1919,2025-07-10,Senegal,Organic,1,0,0,0,0
1920,2025-02-07,Germany,Email,1,0,0,0,0
1921,2025-01-16,France,Social Media,1,1,1,1,0
1922,2025-08-02,France,Paid Search,1,1,1,1,0
1923,2025-08-29,Germany,Social Media,1,1,1,1,1
1924,2025-01-31,Portugal,Organic,1,1,1,1,1
1925,2025-08-05,Portugal,Referral,1,1,0,0,0
1926,2025-10-20,Spain,Social Media,1,0,0,0,0
1927,2025-08-05,France,Social Media,1,0,0,0,0
1928,2025-09-25,Germany,Paid Search,1,0,0,0,0
1929,2025-07-25,Spain,Organic,1,1,1,0,0
1930,2025-10-14,Spain,Organic,1,0,0,0,0
1931,2025-08-28,Germany,Social Media,1,0,0,0,0
1932,2025-07-27,Germany,Paid Search,1,1,1,1,1
1933,2025-02-23,Senegal,Social Media,1,1,0,0,0
1934,2025-01-15,France,Social Media,1,1,1,1,1
1935,2025-06-08,France,Email,1,1,0,0,0
1936,2025-05-04,United Kingdom,Organic,1,0,0,0,0
1937,2025-10-17,Senegal,Email,1,0,0,0,0
1938,2025-09-05,Senegal,Organic,1,1,0,0,0
1939,2025-01-05,United Kingdom,Social Media,1,0,0,0,0
1940,2025-09-14,France,Social Media,1,0,0,0,0
1941,2025-07-02,France,Organic,1,1,0,0,0
1942,2025-09-15,Senegal,Email,1,0,0,0,0
1943,2025-03-18,Senegal,Email,1,0,0,0,0
1944,2025-09-02,Spain,Organic,1,1,1,1,0
1945,2025-02-17,Portugal,Paid Search,1,0,0,0,0
1946,2025-12-15,Portugal,Paid Search,1,0,0,0,0
1947,2025-03-24,Spain,Email,1,0,0,0,0
1948,2025-11-08,Portugal,Email,1,0,0,0,0
1949,2025-06-24,Germany,Paid Search,1,1,1,0,0
1950,2025-08-09,Senegal,Referral,1,1,0,0,0
1951,2025-11-07,Senegal,Paid Search,1,1,0,0,0
1952,2025-02-19,Senegal,Paid Search,1,0,0,0,0
1953,2025-06-08,Spain,Organic,1,1,1,1,1
1954,2025-02-04,United Kingdom,Email,1,1,1,1,1
1955,2025-05-13,Germany,Social Media,1,0,0,0,0
1956,2025-08-15,Portugal,Paid Search,1,0,0,0,0
1957,2025-10-19,Germany,Organic,1,1,1,1,1
1958,2025-12-15,France,Referral,1,1,0,0,0
1959,2025-06-10,United Kingdom,Organic,1,0,0,0,0
1960,2025-09-17,Germany,Social Media,1,0,0,0,0
1961,2025-12-16,Senegal,Email,1,0,0,0,0
1962,2025-01-30,Portugal,Paid Search,1,0,0,0,0
1963,2025-10-15,Senegal,Paid Search,1,0,0,0,0
1964,2025-05-29,Germany,Paid Search,1,1,0,0,0
1965,2025-04-25,Germany,Referral,1,0,0,0,0
1966,2025-06-28,Germany,Referral,1,1,0,0,0
1967,2025-08-27,Senegal,Organic,1,1,1,0,0
1968,2025-07-23,Germany,Paid Search,1,1,1,1,1
1969,2025-04-19,Portugal,Referral,1,1,1,1,0
1970,2025-03-16,Portugal,Paid Search,1,1,1,0,0
1971,2025-07-14,Senegal,Social Media,1,0,0,0,0
1972,2025-08-31,France,Organic,1,1,1,0,0
1973,2025-08-05,United Kingdom,Social Media,1,1,1,1,1
1974,2025-06-02,Portugal,Referral,1,0,0,0,0
1975,2025-09-26,France,Social Media,1,1,1,0,0
1976,2025-08-08,United Kingdom,Social Media,1,1,1,1,1
1977,2025-12-19,France,Referral,1,1,1,1,1
1978,2025-11-02,France,Organic,1,0,0,0,0
1979,2025-10-24,Spain,Paid Search,1,1,0,0,0
1980,2025-06-12,Senegal,Paid Search,1,0,0,0,0
1981,2025-03-17,Germany,Social Media,1,1,0,0,0
1982,2025-07-28,United Kingdom,Email,1,0,0,0,0
1983,2025-08-19,France,Referral,1,1,1,1,1
1984,2025-04-07,Germany,Email,1,0,0,0,0
1985,2025-11-04,Germany,Paid Search,1,1,0,0,0
1986,2025-12-14,Spain,Organic,1,1,1,1,1
1987,2025-03-05,Portugal,Referral,1,1,1,1,1
1988,2025-10-05,Germany,Email,1,0,0,0,0
1989,2025-06-21,Senegal,Paid Search,1,1,1,1,1
1990,2025-08-12,Germany,Social Media,1,0,0,0,0
1991,2025-12-19,Portugal,Referral,1,1,1,0,0
1992,2025-02-20,Senegal,Organic,1,1,1,0,0
1993,2025-02-23,Germany,Email,1,0,0,0,0
1994,2025-02-21,Portugal,Referral,1,1,0,0,0
1995,2025-12-08,United Kingdom,Referral,1,1,0,0,0
1996,2025-10-10,Germany,Organic,1,1,1,1,0
1997,2025-08-26,Germany,Referral,1,1,1,1,1
1998,2025-12-04,United Kingdom,Social Media,1,0,0,0,0
1999,2025-08-01,Portugal,Paid Search,1,1,0,0,0
2000,2025-01-17,Senegal,Organic,1,1,1,0,0
2001,2025-11-04,United Kingdom,Social Media,1,1,1,1,1
2002,2025-07-20,France,Email,1,1,0,0,0
2003,2025-10-23,Germany,Paid Search,1,0,0,0,0
2004,2025-07-19,Portugal,Paid Search,1,1,1,1,1
2005,2025-12-30,France,Email,1,1,1,1,1
2006,2025-05-14,Spain,Paid Search,1,0,0,0,0
2007,2025-04-15,Senegal,Organic,1,1,1,0,0
2008,2025-03-20,Senegal,Email,1,0,0,0,0
2009,2025-02-10,Spain,Referral,1,1,1,0,0
2010,2025-11-21,Portugal,Social Media,1,1,1,1,1
2011,2025-05-06,Portugal,Referral,1,0,0,0,0
2012,2025-12-04,Senegal,Social Media,1,1,1,1,0
2013,2025-02-22,Senegal,Referral,1,0,0,0,0
2014,2025-03-04,Senegal,Paid Search,1,1,0,0,0
2015,2025-02-17,Senegal,Referral,1,0,0,0,0
2016,2025-04-17,Germany,Organic,1,1,1,1,0
2017,2025-02-09,France,Referral,1,1,1,0,0
2018,2025-03-24,France,Social Media,1,1,1,1,1
2019,2025-01-17,Senegal,Social Media,1,0,0,0,0
2020,2025-09-05,Spain,Email,1,1,1,0,0
2021,2025-03-04,France,Email,1,1,1,1,1
2022,2025-07-06,Senegal,Paid Search,1,1,1,1,1
2023,2025-03-06,United Kingdom,Social Media,1,1,0,0,0
2024,2025-06-28,Portugal,Email,1,0,0,0,0
2025,2025-08-28,Portugal,Referral,1,1,0,0,0
2026,2025-04-09,United Kingdom,Paid Search,1,1,0,0,0
2027,2025-05-24,Germany,Organic,1,1,0,0,0
2028,2025-06-09,France,Paid Search,1,0,0,0,0
2029,2025-09-07,Germany,Referral,1,1,1,0,0
2030,2025-11-15,Senegal,Email,1,1,1,1,0
2031,2025-02-02,Germany,Paid Search,1,0,0,0,0
2032,2025-09-19,United Kingdom,Email,1,1,1,0,0
2033,2025-09-29,United Kingdom,Referral,1,1,1,1,1
2034,2025-07-03,France,Organic,1,1,1,1,1
2035,2025-01-05,United Kingdom,Organic,1,0,0,0,0
2036,2025-04-20,Germany,Email,1,0,0,0,0
2037,2025-04-30,Spain,Organic,1,1,1,1,1
2038,2025-05-23,Portugal,Email,1,0,0,0,0
2039,2025-12-10,Senegal,Email,1,0,0,0,0
2040,2025-08-04,Portugal,Referral,1,1,1,1,0
2041,2025-09-13,Senegal,Social Media,1,1,1,1,1
2042,2025-07-16,France,Email,1,1,1,0,0
2043,2025-10-22,Senegal,Referral,1,1,0,0,0
2044,2025-07-26,Senegal,Email,1,0,0,0,0
2045,2025-01-21,United Kingdom,Organic,1,1,1,0,0
2046,2025-06-04,United Kingdom,Social Media,1,0,0,0,0
2047,2025-07-24,Senegal,Email,1,0,0,0,0
2048,2025-09-10,Spain,Organic,1,1,1,1,0
2049,2025-03-04,United Kingdom,Email,1,1,1,0,0
2050,2025-03-13,Senegal,Social Media,1,0,0,0,0
2051,2025-08-12,France,Paid Search,1,1,1,0,0
2052,2025-10-03,Senegal,Organic,1,1,0,0,0
2053,2025-02-26,Senegal,Social Media,1,1,1,0,0
2054,2025-07-14,United Kingdom,Paid Search,1,0,0,0,0
2055,2025-10-26,Germany,Organic,1,1,0,0,0
2056,2025-10-27,Germany,Referral,1,0,0,0,0
2057,2025-09-25,Spain,Paid Search,1,1,1,0,0
2058,2025-06-14,Portugal,Referral,1,1,1,1,1
2059,2025-10-13,France,Paid Search,1,0,0,0,0
2060,2025-02-08,Germany,Organic,1,1,1,1,1
2061,2025-09-07,Senegal,Social Media,1,1,1,1,0
2062,2025-06-09,Portugal,Referral,1,0,0,0,0
2063,2025-09-16,Senegal,Paid Search,1,1,1,0,0
2064,2025-11-14,Spain,Paid Search,1,0,0,0,0
2065,2025-04-07,Senegal,Social Media,1,1,1,0,0
2066,2025-10-23,Portugal,Organic,1,1,0,0,0
2067,2025-02-26,France,Organic,1,0,0,0,0
2068,2025-04-06,United Kingdom,Organic,1,1,1,1,1
2069,2025-10-09,Senegal,Social Media,1,1,1,1,1
2070,2025-01-28,Germany,Social Media,1,1,1,1,0
2071,2025-04-10,United Kingdom,Paid Search,1,1,1,1,1
2072,2025-08-10,Senegal,Organic,1,1,0,0,0
2073,2025-04-23,Senegal,Organic,1,0,0,0,0
2074,2025-10-22,United Kingdom,Paid Search,1,1,1,1,1
2075,2025-07-27,Germany,Referral,1,1,1,0,0
2076,2025-05-18,Germany,Paid Search,1,1,1,0,0
2077,2025-12-28,Spain,Social Media,1,0,0,0,0
2078,2025-02-18,France,Email,1,0,0,0,0
2079,2025-11-15,Germany,Social Media,1,0,0,0,0
2080,2025-12-19,France,Paid Search,1,1,1,1,0
2081,2025-03-14,Senegal,Referral,1,1,1,0,0
2082,2025-02-09,France,Organic,1,1,0,0,0
2083,2025-10-26,Senegal,Referral,1,0,0,0,0
2084,2025-08-30,Senegal,Organic,1,0,0,0,0
2085,2025-10-18,Portugal,Social Media,1,0,0,0,0
2086,2025-09-26,Spain,Paid Search,1,0,0,0,0
2087,2025-02-18,Senegal,Social Media,1,0,0,0,0
2088,2025-06-21,Germany,Referral,1,0,0,0,0
2089,2025-10-07,United Kingdom,Referral,1,1,1,0,0
2090,2025-06-04,Portugal,Social Media,1,0,0,0,0
2091,2025-12-06,Spain,Referral,1,1,1,0,0
2092,2025-01-11,France,Referral,1,0,0,0,0
2093,2025-12-04,France,Social Media,1,1,1,0,0
2094,2025-08-09,United Kingdom,Paid Search,1,0,0,0,0
2095,2025-04-10,Germany,Organic,1,0,0,0,0
2096,2025-11-17,Portugal,Email,1,0,0,0,0
2097,2025-08-19,Spain,Paid Search,1,1,1,0,0
2098,2025-07-20,Spain,Referral,1,0,0,0,0
2099,2025-05-22,United Kingdom,Paid Search,1,1,1,1,1
2100,2025-08-10,Germany,Email,1,0,0,0,0
2101,2025-06-27,United Kingdom,Organic,1,0,0,0,0
2102,2025-09-13,Portugal,Paid Search,1,1,1,0,0
2103,2025-11-16,Spain,Paid Search,1,1,1,0,0
2104,2025-01-08,Germany,Organic,1,1,0,0,0
2105,2025-03-05,Senegal,Referral,1,1,1,0,0
2106,2025-01-01,Senegal,Social Media,1,1,0,0,0
2107,2025-09-15,Portugal,Email,1,1,1,1,0
2108,2025-04-11,Germany,Email,1,0,0,0,0
2109,2025-05-29,France,Organic,1,1,1,0,0
2110,2025-11-23,Germany,Referral,1,1,0,0,0
2111,2025-05-14,United Kingdom,Email,1,1,1,0,0
2112,2025-06-15,Spain,Paid Search,1,0,0,0,0
2113,2025-04-13,United Kingdom,Paid Search,1,1,1,1,1
2114,2025-11-18,Germany,Email,1,1,0,0,0
2115,2025-08-12,Senegal,Paid Search,1,1,1,1,1
2116,2025-07-03,Germany,Social Media,1,1,1,1,1
2117,2025-10-14,Senegal,Referral,1,1,1,0,0
2118,2025-05-05,Spain,Email,1,1,1,0,0
2119,2025-05-31,Senegal,Referral,1,1,1,1,1
2120,2025-09-23,Germany,Organic,1,1,1,0,0
2121,2025-02-24,United Kingdom,Email,1,1,1,1,1
2122,2025-02-01,Senegal,Email,1,0,0,0,0
2123,2025-01-28,Portugal,Paid Search,1,1,1,0,0
2124,2025-03-11,France,Paid Search,1,1,1,0,0
2125,2025-01-04,Germany,Email,1,0,0,0,0
2126,2025-02-28,Senegal,Organic,1,1,0,0,0
2127,2025-09-24,Senegal,Paid Search,1,1,1,0,0
2128,2025-08-16,Germany,Organic,1,0,0,0,0
2129,2025-06-03,Germany,Referral,1,0,0,0,0
2130,2025-05-01,Spain,Social Media,1,0,0,0,0
2131,2025-12-15,Germany,Email,1,1,1,1,1
2132,2025-12-03,France,Paid Search,1,1,1,1,1
2133,2025-05-29,Portugal,Organic,1,0,0,0,0
2134,2025-09-10,United Kingdom,Social Media,1,1,1,1,1
2135,2025-08-06,France,Organic,1,1,1,1,1
2136,2025-01-18,Portugal,Email,1,1,0,0,0
2137,2025-07-01,France,Referral,1,0,0,0,0
2138,2025-08-23,United Kingdom,Organic,1,0,0,0,0
2139,2025-07-03,Spain,Email,1,1,0,0,0
2140,2025-09-26,Germany,Email,1,1,1,1,1
2141,2025-06-23,Germany,Paid Search,1,1,0,0,0
2142,2025-06-05,Germany,Organic,1,0,0,0,0
2143,2025-11-27,Germany,Referral,1,0,0,0,0
2144,2025-11-07,Portugal,Paid Search,1,1,0,0,0
2145,2025-12-04,Spain,Social Media,1,1,1,0,0
2146,2025-06-28,Spain,Email,1,0,0,0,0
2147,2025-02-04,Senegal,Organic,1,0,0,0,0
2148,2025-03-23,France,Organic,1,0,0,0,0
2149,2025-09-13,Portugal,Referral,1,1,1,0,0
2150,2025-05-02,Senegal,Paid Search,1,0,0,0,0
2151,2025-07-16,Germany,Organic,1,1,1,1,1
2152,2025-08-15,United Kingdom,Email,1,1,1,1,1
2153,2025-08-19,Germany,Paid Search,1,0,0,0,0
2154,2025-10-21,Spain,Paid Search,1,1,1,0,0
2155,2025-04-26,France,Paid Search,1,1,1,0,0
2156,2025-02-14,Spain,Organic,1,1,1,1,0
2157,2025-01-03,United Kingdom,Referral,1,1,0,0,0
2158,2025-06-24,France,Email,1,1,0,0,0
2159,2025-10-20,Germany,Email,1,1,1,1,1
2160,2025-02-04,Germany,Referral,1,1,0,0,0
2161,2025-10-19,Senegal,Paid Search,1,0,0,0,0
2162,2025-06-02,Senegal,Organic,1,1,1,1,1
2163,2025-05-29,United Kingdom,Referral,1,0,0,0,0
2164,2025-02-04,France,Social Media,1,1,1,0,0
2165,2025-11-09,Spain,Social Media,1,1,1,0,0
2166,2025-02-26,Spain,Referral,1,0,0,0,0
2167,2025-05-15,Portugal,Organic,1,1,1,1,0
2168,2025-01-31,France,Paid Search,1,1,1,0,0
2169,2025-12-06,Senegal,Paid Search,1,1,0,0,0
2170,2025-10-16,Spain,Organic,1,1,1,1,1
2171,2025-02-11,Spain,Referral,1,0,0,0,0
2172,2025-05-19,Portugal,Organic,1,1,1,1,1
2173,2025-09-02,United Kingdom,Paid Search,1,1,1,0,0
2174,2025-04-11,Spain,Email,1,0,0,0,0
2175,2025-12-16,Portugal,Organic,1,1,1,0,0
2176,2025-12-23,France,Referral,1,0,0,0,0
2177,2025-10-09,France,Organic,1,1,0,0,0
2178,2025-07-08,United Kingdom,Paid Search,1,1,0,0,0
2179,2025-05-02,France,Organic,1,1,1,0,0
2180,2025-10-02,Spain,Organic,1,0,0,0,0
2181,2025-01-08,Portugal,Paid Search,1,0,0,0,0
2182,2025-02-09,Senegal,Paid Search,1,1,1,1,1
2183,2025-05-06,United Kingdom,Paid Search,1,1,1,1,1
2184,2025-05-09,Spain,Paid Search,1,1,1,1,0
2185,2025-04-23,Germany,Social Media,1,0,0,0,0
2186,2025-10-10,United Kingdom,Paid Search,1,1,1,0,0
2187,2025-09-15,Senegal,Organic,1,1,1,0,0
2188,2025-09-06,United Kingdom,Organic,1,1,1,0,0
2189,2025-04-29,United Kingdom,Email,1,1,1,0,0
2190,2025-03-14,Senegal,Paid Search,1,0,0,0,0
2191,2025-11-29,Germany,Organic,1,1,0,0,0
2192,2025-05-19,United Kingdom,Email,1,1,0,0,0
2193,2025-02-13,Senegal,Social Media,1,0,0,0,0
2194,2025-07-16,Germany,Organic,1,0,0,0,0
2195,2025-07-16,Germany,Organic,1,1,1,0,0
2196,2025-09-30,Senegal,Social Media,1,1,0,0,0
2197,2025-01-14,Spain,Social Media,1,0,0,0,0
2198,2025-05-15,Spain,Paid Search,1,0,0,0,0
2199,2025-06-24,Portugal,Email,1,1,1,0,0
2200,2025-01-30,Senegal,Email,1,1,1,0,0
2201,2025-10-01,Germany,Referral,1,1,1,1,1
2202,2025-07-15,Germany,Paid Search,1,1,1,0,0
2203,2025-05-21,Senegal,Paid Search,1,0,0,0,0
2204,2025-06-01,United Kingdom,Email,1,1,1,1,1
2205,2025-12-01,Spain,Organic,1,1,1,1,1
2206,2025-04-02,Germany,Referral,1,1,1,1,1
2207,2025-11-23,Spain,Paid Search,1,1,1,1,0
2208,2025-10-10,United Kingdom,Organic,1,1,1,0,0
2209,2025-05-13,Germany,Paid Search,1,1,1,0,0
2210,2025-12-02,Senegal,Paid Search,1,1,1,0,0
2211,2025-08-14,Spain,Social Media,1,1,1,1,1
2212,2025-05-13,United Kingdom,Organic,1,0,0,0,0
2213,2025-06-30,Spain,Organic,1,1,1,1,1
2214,2025-09-19,Senegal,Paid Search,1,1,1,0,0
2215,2025-12-15,Germany,Organic,1,1,0,0,0
2216,2025-03-15,Senegal,Social Media,1,1,1,0,0
2217,2025-11-30,United Kingdom,Referral,1,0,0,0,0
2218,2025-05-31,Spain,Organic,1,1,1,0,0
2219,2025-10-30,Senegal,Organic,1,1,0,0,0
2220,2025-09-19,Portugal,Email,1,0,0,0,0
2221,2025-12-31,United Kingdom,Paid Search,1,1,1,0,0
2222,2025-03-18,Germany,Organic,1,0,0,0,0
2223,2025-04-25,Spain,Email,1,0,0,0,0
2224,2025-11-19,Spain,Referral,1,1,1,0,0
2225,2025-01-27,Spain,Referral,1,0,0,0,0
2226,2025-09-24,Germany,Social Media,1,1,0,0,0
2227,2025-05-31,France,Social Media,1,1,0,0,0
2228,2025-07-05,France,Referral,1,1,0,0,0
2229,2025-12-21,France,Referral,1,0,0,0,0
2230,2025-07-29,United Kingdom,Organic,1,1,1,0,0
2231,2025-12-01,Germany,Email,1,1,0,0,0
2232,2025-04-28,Spain,Paid Search,1,0,0,0,0
2233,2025-05-06,Germany,Email,1,0,0,0,0
2234,2025-11-07,United Kingdom,Social Media,1,1,1,1,1
2235,2025-03-17,Spain,Referral,1,1,0,0,0
2236,2025-04-03,Germany,Organic,1,1,1,0,0
2237,2025-12-31,Germany,Organic,1,1,1,1,1
2238,2025-02-07,France,Email,1,0,0,0,0
2239,2025-07-18,Germany,Social Media,1,1,1,1,1
2240,2025-06-22,United Kingdom,Email,1,1,1,0,0
2241,2025-02-07,Portugal,Social Media,1,0,0,0,0
2242,2025-07-29,Portugal,Referral,1,0,0,0,0
2243,2025-08-12,United Kingdom,Referral,1,0,0,0,0
2244,2025-04-04,Portugal,Email,1,0,0,0,0
2245,2025-09-18,Senegal,Paid Search,1,0,0,0,0
2246,2025-10-31,Spain,Social Media,1,0,0,0,0
2247,2025-08-21,Germany,Social Media,1,1,1,1,0
2248,2025-02-19,France,Social Media,1,1,1,1,1
2249,2025-09-18,Germany,Social Media,1,1,1,1,1
2250,2025-04-18,Germany,Email,1,1,0,0,0
2251,2025-06-10,Senegal,Social Media,1,1,1,1,1
2252,2025-03-28,United Kingdom,Social Media,1,0,0,0,0
2253,2025-02-24,France,Social Media,1,1,1,0,0
2254,2025-03-28,Senegal,Email,1,0,0,0,0
2255,2025-10-04,Spain,Paid Search,1,1,0,0,0
2256,2025-01-14,United Kingdom,Paid Search,1,1,0,0,0
2257,2025-08-07,Portugal,Referral,1,1,0,0,0
2258,2025-06-01,Senegal,Organic,1,1,1,1,0
2259,2025-05-23,Portugal,Organic,1,0,0,0,0
2260,2025-02-10,Portugal,Paid Search,1,0,0,0,0
2261,2025-06-17,France,Email,1,1,1,0,0
2262,2025-12-11,Senegal,Social Media,1,0,0,0,0
2263,2025-01-20,Germany,Organic,1,0,0,0,0
2264,2025-09-24,United Kingdom,Paid Search,1,0,0,0,0
2265,2025-12-05,Portugal,Organic,1,0,0,0,0
2266,2025-11-18,Senegal,Paid Search,1,1,1,0,0
2267,2025-12-11,France,Social Media,1,1,1,1,1
2268,2025-03-09,France,Organic,1,0,0,0,0
2269,2025-04-20,Senegal,Referral,1,1,1,1,1
2270,2025-08-03,Portugal,Social Media,1,1,1,1,1
2271,2025-09-29,Portugal,Paid Search,1,0,0,0,0
2272,2025-04-29,United Kingdom,Referral,1,1,1,1,1
2273,2025-06-01,Senegal,Paid Search,1,1,0,0,0
2274,2025-05-28,Germany,Referral,1,1,1,1,1
2275,2025-06-13,Portugal,Organic,1,1,1,1,0
2276,2025-09-08,Spain,Referral,1,0,0,0,0
2277,2025-01-15,United Kingdom,Social Media,1,1,0,0,0
2278,2025-07-29,Senegal,Email,1,0,0,0,0
2279,2025-05-14,Portugal,Social Media,1,1,0,0,0
2280,2025-08-06,Germany,Social Media,1,0,0,0,0
2281,2025-05-18,Germany,Paid Search,1,1,0,0,0
2282,2025-06-07,Germany,Referral,1,1,0,0,0
2283,2025-10-02,France,Organic,1,0,0,0,0
2284,2025-11-11,Spain,Social Media,1,1,1,0,0
2285,2025-01-11,Germany,Organic,1,0,0,0,0
2286,2025-06-20,United Kingdom,Email,1,1,1,1,1
2287,2025-03-22,Spain,Referral,1,0,0,0,0
2288,2025-04-28,United Kingdom,Paid Search,1,0,0,0,0
2289,2025-06-19,Germany,Paid Search,1,1,1,1,0
2290,2025-09-27,Senegal,Email,1,1,1,1,1
2291,2025-04-28,Portugal,Paid Search,1,1,1,0,0
2292,2025-07-13,Portugal,Referral,1,1,1,1,1
2293,2025-02-07,Spain,Referral,1,1,1,1,0
2294,2025-02-18,Portugal,Email,1,0,0,0,0
2295,2025-04-10,Spain,Social Media,1,0,0,0,0
2296,2025-08-06,Spain,Organic,1,1,1,1,0
2297,2025-10-23,Germany,Referral,1,1,1,0,0
2298,2025-10-15,United Kingdom,Referral,1,1,1,1,1
2299,2025-09-12,Portugal,Referral,1,0,0,0,0
2300,2025-10-07,Portugal,Organic,1,1,1,1,1
2301,2025-08-17,United Kingdom,Referral,1,1,1,1,0
2302,2025-02-12,Senegal,Email,1,1,0,0,0
2303,2025-09-08,Spain,Paid Search,1,1,1,0,0
2304,2025-09-25,Portugal,Email,1,0,0,0,0
2305,2025-01-31,Germany,Social Media,1,1,1,0,0
2306,2025-01-19,United Kingdom,Email,1,1,0,0,0
2307,2025-05-18,Portugal,Paid Search,1,0,0,0,0
2308,2025-09-08,Spain,Referral,1,1,1,1,1
2309,2025-09-21,Spain,Organic,1,0,0,0,0
2310,2025-08-06,Portugal,Organic,1,1,0,0,0
2311,2025-03-24,Spain,Organic,1,1,1,0,0
2312,2025-01-20,Germany,Referral,1,1,0,0,0
2313,2025-09-07,France,Email,1,1,1,1,0
2314,2025-12-13,United Kingdom,Email,1,1,0,0,0
2315,2025-10-16,Portugal,Paid Search,1,1,1,1,1
2316,2025-07-10,Spain,Email,1,1,1,0,0
2317,2025-03-11,France,Email,1,0,0,0,0
2318,2025-08-31,Senegal,Social Media,1,1,1,1,0
2319,2025-06-09,Portugal,Paid Search,1,1,1,1,1
2320,2025-11-16,Germany,Email,1,1,1,1,1
2321,2025-11-18,Senegal,Paid Search,1,1,0,0,0
2322,2025-08-07,Spain,Social Media,1,1,0,0,0
2323,2025-05-11,Spain,Email,1,1,1,1,1
2324,2025-04-21,United Kingdom,Paid Search,1,1,1,0,0
2325,2025-10-28,Portugal,Referral,1,1,0,0,0
2326,2025-10-31,Spain,Social Media,1,0,0,0,0
2327,2025-11-12,Portugal,Referral,1,1,1,1,1
2328,2025-11-11,France,Paid Search,1,1,0,0,0
2329,2025-06-15,Senegal,Organic,1,1,0,0,0
2330,2025-08-06,Portugal,Referral,1,1,1,1,1
2331,2025-07-13,Germany,Referral,1,1,0,0,0
2332,2025-06-12,Spain,Organic,1,0,0,0,0
2333,2025-04-20,France,Social Media,1,0,0,0,0
2334,2025-08-12,Spain,Referral,1,1,0,0,0
2335,2025-12-17,Senegal,Email,1,0,0,0,0
2336,2025-11-30,United Kingdom,Paid Search,1,1,1,1,1
2337,2025-08-06,France,Email,1,1,0,0,0
2338,2025-04-08,Germany,Social Media,1,1,1,1,1
2339,2025-09-27,France,Organic,1,1,1,0,0
2340,2025-05-10,Spain,Organic,1,1,1,1,1
2341,2025-01-23,Portugal,Social Media,1,1,1,1,1
2342,2025-08-30,Spain,Referral,1,1,1,0,0
2343,2025-10-07,Senegal,Organic,1,1,1,0,0
2344,2025-12-28,Portugal,Paid Search,1,0,0,0,0
2345,2025-03-09,Senegal,Referral,1,0,0,0,0
2346,2025-03-03,Senegal,Referral,1,1,1,1,1
2347,2025-04-10,Portugal,Email,1,0,0,0,0
2348,2025-06-20,Portugal,Social Media,1,0,0,0,0
2349,2025-03-28,Spain,Social Media,1,1,0,0,0
2350,2025-07-26,Germany,Organic,1,1,0,0,0
2351,2025-09-14,France,Social Media,1,1,1,1,1
2352,2025-09-16,Germany,Paid Search,1,1,0,0,0
2353,2025-01-02,United Kingdom,Social Media,1,1,1,1,0
2354,2025-02-14,Spain,Referral,1,1,0,0,0
2355,2025-04-04,Portugal,Organic,1,1,1,0,0
2356,2025-03-28,Senegal,Paid Search,1,1,1,0,0
2357,2025-05-07,United Kingdom,Paid Search,1,0,0,0,0
2358,2025-03-09,United Kingdom,Organic,1,1,1,1,1
2359,2025-07-31,France,Paid Search,1,1,1,0,0
2360,2025-05-13,Portugal,Referral,1,1,1,1,1
2361,2025-11-25,Spain,Referral,1,0,0,0,0
2362,2025-12-18,France,Organic,1,0,0,0,0
2363,2025-10-27,Germany,Paid Search,1,1,1,0,0
2364,2025-06-27,Portugal,Social Media,1,1,1,1,0
2365,2025-05-18,Senegal,Email,1,0,0,0,0
2366,2025-05-13,France,Referral,1,1,0,0,0
2367,2025-09-22,Portugal,Paid Search,1,1,1,1,1
2368,2025-12-04,Spain,Organic,1,1,1,1,0
2369,2025-03-23,Germany,Referral,1,1,1,1,0
2370,2025-06-06,France,Referral,1,1,0,0,0
2371,2025-08-13,Spain,Referral,1,1,1,0,0
2372,2025-08-31,France,Social Media,1,0,0,0,0
2373,2025-11-04,United Kingdom,Referral,1,0,0,0,0
2374,2025-06-03,Senegal,Paid Search,1,0,0,0,0
2375,2025-09-17,Senegal,Referral,1,1,1,1,1
2376,2025-03-25,Spain,Paid Search,1,0,0,0,0
2377,2025-11-02,Portugal,Email,1,1,0,0,0
2378,2025-03-13,France,Social Media,1,0,0,0,0
2379,2025-01-28,Senegal,Social Media,1,0,0,0,0
2380,2025-03-14,United Kingdom,Referral,1,1,1,0,0
2381,2025-04-13,France,Social Media,1,1,1,0,0
2382,2025-08-12,Senegal,Paid Search,1,1,1,0,0
2383,2025-01-03,Germany,Paid Search,1,1,1,0,0
2384,2025-12-24,France,Referral,1,0,0,0,0
2385,2025-08-26,Portugal,Paid Search,1,0,0,0,0
2386,2025-02-19,Germany,Paid Search,1,1,0,0,0
2387,2025-07-24,United Kingdom,Social Media,1,0,0,0,0
2388,2025-08-06,Spain,Referral,1,1,1,0,0
2389,2025-10-28,Senegal,Paid Search,1,0,0,0,0
2390,2025-04-02,France,Social Media,1,1,1,1,1
2391,2025-07-23,Senegal,Paid Search,1,1,1,1,1
2392,2025-06-23,Germany,Paid Search,1,1,1,1,0
2393,2025-01-18,United Kingdom,Referral,1,1,1,1,1
2394,2025-02-12,United Kingdom,Organic,1,0,0,0,0
2395,2025-07-27,Senegal,Paid Search,1,1,1,1,1
2396,2025-09-06,Portugal,Referral,1,1,1,1,1
2397,2025-03-01,Spain,Referral,1,1,0,0,0
2398,2025-12-31,United Kingdom,Email,1,0,0,0,0
2399,2025-02-27,France,Referral,1,1,1,0,0
2400,2025-03-18,Senegal,Social Media,1,0,0,0,0
2401,2025-12-29,Spain,Social Media,1,1,0,0,0
2402,2025-08-21,Germany,Organic,1,1,1,0,0
2403,2025-08-24,United Kingdom,Organic,1,0,0,0,0
2404,2025-12-18,United Kingdom,Social Media,1,1,1,0,0
2405,2025-01-13,Spain,Social Media,1,1,1,1,1
2406,2025-11-22,Senegal,Email,1,1,1,1,1
2407,2025-03-31,Senegal,Email,1,1,1,0,0
2408,2025-08-09,United Kingdom,Social Media,1,0,0,0,0
2409,2025-12-19,Spain,Paid Search,1,0,0,0,0
2410,2025-09-26,Spain,Referral,1,1,1,1,1
2411,2025-11-23,Senegal,Referral,1,1,1,1,1
2412,2025-06-04,Germany,Referral,1,1,0,0,0
2413,2025-05-12,Portugal,Organic,1,0,0,0,0
2414,2025-08-10,Senegal,Paid Search,1,1,0,0,0
2415,2025-11-12,Spain,Email,1,0,0,0,0
2416,2025-05-05,Portugal,Organic,1,1,1,0,0
2417,2025-08-12,United Kingdom,Paid Search,1,1,1,0,0
2418,2025-04-03,Portugal,Social Media,1,1,1,1,1
2419,2025-03-08,United Kingdom,Social Media,1,1,0,0,0
2420,2025-11-22,United Kingdom,Organic,1,1,1,1,1
2421,2025-05-28,Portugal,Email,1,0,0,0,0
2422,2025-10-29,Germany,Email,1,1,1,0,0
2423,2025-01-07,United Kingdom,Social Media,1,1,0,0,0
2424,2025-03-19,Germany,Referral,1,1,1,0,0
2425,2025-05-11,Germany,Organic,1,0,0,0,0
2426,2025-10-20,Senegal,Referral,1,1,1,1,0
2427,2025-07-09,United Kingdom,Social Media,1,0,0,0,0
2428,2025-08-20,Portugal,Referral,1,1,1,1,1
2429,2025-08-09,Germany,Organic,1,0,0,0,0
2430,2025-05-26,Spain,Referral,1,0,0,0,0
2431,2025-07-12,Spain,Paid Search,1,1,0,0,0
2432,2025-03-05,Senegal,Referral,1,1,0,0,0
2433,2025-10-20,United Kingdom,Paid Search,1,0,0,0,0
2434,2025-07-25,Spain,Referral,1,1,1,0,0
2435,2025-05-23,United Kingdom,Social Media,1,1,1,0,0
2436,2025-11-21,Portugal,Social Media,1,1,1,1,1
2437,2025-08-26,United Kingdom,Referral,1,1,0,0,0
2438,2025-07-24,United Kingdom,Organic,1,1,1,1,1
2439,2025-02-20,Germany,Email,1,0,0,0,0
2440,2025-08-03,Germany,Paid Search,1,1,1,1,1
2441,2025-02-11,Spain,Email,1,0,0,0,0
2442,2025-01-12,United Kingdom,Email,1,1,1,1,1
2443,2025-07-09,Senegal,Email,1,0,0,0,0
2444,2025-12-01,Germany,Email,1,1,1,0,0
2445,2025-08-23,United Kingdom,Paid Search,1,1,0,0,0
2446,2025-04-13,United Kingdom,Paid Search,1,1,0,0,0
2447,2025-04-16,Spain,Referral,1,1,1,1,1
2448,2025-04-01,Germany,Email,1,1,0,0,0
2449,2025-06-19,France,Paid Search,1,1,0,0,0
2450,2025-01-04,Portugal,Organic,1,0,0,0,0
2451,2025-07-28,Spain,Referral,1,0,0,0,0
2452,2025-02-06,Germany,Social Media,1,0,0,0,0
2453,2025-10-03,Senegal,Email,1,1,1,1,1
2454,2025-01-31,United Kingdom,Referral,1,0,0,0,0
2455,2025-01-21,United Kingdom,Referral,1,0,0,0,0
2456,2025-09-19,Portugal,Referral,1,1,1,1,1
2457,2025-10-24,Senegal,Paid Search,1,1,1,1,1
2458,2025-09-05,France,Social Media,1,1,1,1,0
2459,2025-09-09,France,Social Media,1,1,1,1,1
2460,2025-05-13,Spain,Social Media,1,1,0,0,0
2461,2025-03-17,Spain,Social Media,1,1,0,0,0
2462,2025-10-16,United Kingdom,Social Media,1,1,1,1,1
2463,2025-08-14,Portugal,Social Media,1,1,0,0,0
2464,2025-03-07,France,Email,1,1,1,0,0
2465,2025-01-15,France,Email,1,1,1,1,1
2466,2025-09-22,Germany,Referral,1,1,1,1,1
2467,2025-09-14,United Kingdom,Email,1,1,0,0,0
2468,2025-09-06,Portugal,Paid Search,1,0,0,0,0
2469,2025-09-04,France,Referral,1,0,0,0,0
2470,2025-01-08,Portugal,Organic,1,1,1,1,1
2471,2025-03-03,Portugal,Paid Search,1,1,1,0,0
2472,2025-01-07,Portugal,Email,1,0,0,0,0
2473,2025-04-14,United Kingdom,Organic,1,1,1,1,1
2474,2025-10-11,Spain,Email,1,0,0,0,0
2475,2025-01-29,Germany,Email,1,1,1,0,0
2476,2025-04-04,Portugal,Paid Search,1,1,1,1,0
2477,2025-05-17,Spain,Social Media,1,1,1,0,0
2478,2025-02-02,France,Email,1,1,1,1,1
2479,2025-09-02,Germany,Organic,1,1,0,0,0
2480,2025-06-13,Portugal,Organic,1,1,1,1,1
2481,2025-10-05,Spain,Paid Search,1,1,1,1,1
2482,2025-02-27,Portugal,Referral,1,0,0,0,0
2483,2025-04-10,Spain,Email,1,0,0,0,0
2484,2025-01-01,United Kingdom,Referral,1,1,1,1,1
2485,2025-09-21,United Kingdom,Social Media,1,1,1,1,1
2486,2025-09-15,United Kingdom,Referral,1,1,0,0,0
2487,2025-04-04,Germany,Organic,1,1,0,0,0
2488,2025-08-29,Germany,Paid Search,1,1,0,0,0
2489,2025-12-11,United Kingdom,Organic,1,0,0,0,0
2490,2025-08-15,United Kingdom,Email,1,0,0,0,0
2491,2025-04-10,Senegal,Paid Search,1,1,1,1,1
2492,2025-02-22,Portugal,Social Media,1,0,0,0,0
2493,2025-04-18,Spain,Paid Search,1,1,1,1,1
2494,2025-03-22,Spain,Paid Search,1,1,1,1,1
2495,2025-08-02,Portugal,Social Media,1,1,1,0,0
2496,2025-06-05,United Kingdom,Paid Search,1,1,1,0,0
2497,2025-06-11,Germany,Social Media,1,1,1,1,1
2498,2025-07-26,Senegal,Referral,1,1,0,0,0
2499,2025-08-22,United Kingdom,Organic,1,0,0,0,0
2500,2025-04-14,France,Social Media,1,1,1,1,1
2501,2025-06-16,Spain,Email,1,0,0,0,0
2502,2025-04-21,Spain,Email,1,1,1,1,1
2503,2025-09-03,Portugal,Email,1,1,0,0,0
2504,2025-01-24,Portugal,Referral,1,0,0,0,0
2505,2025-12-28,Germany,Paid Search,1,1,1,1,1
2506,2025-11-24,United Kingdom,Social Media,1,1,1,1,1
2507,2025-02-07,United Kingdom,Referral,1,0,0,0,0
2508,2025-03-19,Spain,Social Media,1,1,1,1,1
2509,2025-10-07,Portugal,Social Media,1,1,0,0,0
2510,2025-12-20,Senegal,Paid Search,1,0,0,0,0
2511,2025-02-04,Portugal,Social Media,1,0,0,0,0
2512,2025-07-04,Germany,Paid Search,1,1,1,1,1
2513,2025-12-13,Portugal,Social Media,1,1,1,1,1
2514,2025-07-30,Germany,Referral,1,0,0,0,0
2515,2025-01-25,Spain,Organic,1,0,0,0,0
2516,2025-09-20,United Kingdom,Organic,1,1,0,0,0
2517,2025-09-16,United Kingdom,Email,1,1,1,0,0
2518,2025-02-08,Spain,Organic,1,0,0,0,0
2519,2025-02-27,Spain,Paid Search,1,0,0,0,0
2520,2025-02-14,Spain,Referral,1,1,0,0,0
2521,2025-02-07,Portugal,Referral,1,0,0,0,0
2522,2025-08-27,Germany,Paid Search,1,0,0,0,0
2523,2025-02-07,France,Email,1,1,1,0,0
2524,2025-08-10,Senegal,Referral,1,1,1,0,0
2525,2025-01-10,Senegal,Paid Search,1,1,1,0,0
2526,2025-10-27,Portugal,Social Media,1,1,1,1,0
2527,2025-07-01,Portugal,Email,1,1,0,0,0
2528,2025-04-16,United Kingdom,Paid Search,1,1,1,0,0
2529,2025-01-21,France,Email,1,1,1,0,0
2530,2025-04-28,Portugal,Paid Search,1,1,1,0,0
2531,2025-04-30,France,Social Media,1,1,0,0,0
2532,2025-08-14,Senegal,Referral,1,1,0,0,0
2533,2025-04-17,Germany,Organic,1,1,1,1,1
2534,2025-03-05,Senegal,Paid Search,1,1,1,1,1
2535,2025-04-18,Senegal,Referral,1,0,0,0,0
2536,2025-07-03,Portugal,Social Media,1,1,1,1,1
2537,2025-09-02,United Kingdom,Email,1,1,1,1,0
2538,2025-07-24,Senegal,Social Media,1,1,1,1,0
2539,2025-11-30,United Kingdom,Paid Search,1,0,0,0,0
2540,2025-02-13,Portugal,Referral,1,0,0,0,0
2541,2025-01-09,United Kingdom,Social Media,1,1,0,0,0
2542,2025-04-01,Spain,Organic,1,1,1,0,0
2543,2025-01-20,Senegal,Email,1,0,0,0,0
2544,2025-12-05,United Kingdom,Social Media,1,1,0,0,0
2545,2025-08-03,France,Paid Search,1,0,0,0,0
2546,2025-03-19,Portugal,Paid Search,1,1,0,0,0
2547,2025-03-25,Senegal,Referral,1,1,1,1,0
2548,2025-11-15,United Kingdom,Organic,1,0,0,0,0
2549,2025-06-19,Senegal,Referral,1,1,0,0,0
2550,2025-07-28,Senegal,Email,1,1,1,1,1
2551,2025-01-08,United Kingdom,Paid Search,1,1,0,0,0
2552,2025-02-27,Germany,Referral,1,0,0,0,0
2553,2025-10-02,Germany,Paid Search,1,0,0,0,0
2554,2025-11-23,Senegal,Social Media,1,1,0,0,0
2555,2025-05-12,France,Social Media,1,0,0,0,0
2556,2025-07-07,Spain,Organic,1,1,1,0,0
2557,2025-04-11,France,Paid Search,1,1,0,0,0
2558,2025-03-15,France,Organic,1,0,0,0,0
2559,2025-07-26,United Kingdom,Email,1,1,1,1,1
2560,2025-06-18,Portugal,Referral,1,0,0,0,0
2561,2025-09-24,Spain,Email,1,0,0,0,0
2562,2025-05-17,France,Social Media,1,1,1,1,0
2563,2025-01-18,Portugal,Referral,1,1,0,0,0
2564,2025-04-04,Senegal,Paid Search,1,1,0,0,0
2565,2025-05-02,France,Referral,1,1,1,1,1
2566,2025-11-18,Spain,Referral,1,1,1,0,0
2567,2025-10-07,Germany,Organic,1,0,0,0,0
2568,2025-12-02,Spain,Social Media,1,1,0,0,0
2569,2025-05-11,United Kingdom,Referral,1,0,0,0,0
2570,2025-08-22,Portugal,Organic,1,0,0,0,0
2571,2025-06-25,Spain,Social Media,1,1,1,0,0
2572,2025-10-06,France,Organic,1,1,1,1,1
2573,2025-06-01,France,Social Media,1,1,1,0,0
2574,2025-02-12,Spain,Paid Search,1,1,0,0,0
2575,2025-09-19,France,Paid Search,1,0,0,0,0
2576,2025-04-24,Senegal,Paid Search,1,0,0,0,0
2577,2025-07-01,Spain,Email,1,0,0,0,0
2578,2025-10-16,Spain,Email,1,1,1,1,1
2579,2025-09-29,France,Social Media,1,1,1,0,0
2580,2025-11-13,France,Paid Search,1,1,0,0,0
2581,2025-08-06,France,Social Media,1,1,0,0,0
2582,2025-07-25,United Kingdom,Referral,1,0,0,0,0
2583,2025-08-04,Germany,Referral,1,1,1,1,1
2584,2025-12-29,Spain,Social Media,1,1,1,1,1
2585,2025-07-30,France,Paid Search,1,1,1,0,0
2586,2025-05-05,Germany,Paid Search,1,1,1,1,0
2587,2025-02-06,France,Social Media,1,1,1,0,0
2588,2025-10-27,Portugal,Paid Search,1,1,1,1,1
2589,2025-11-23,Senegal,Email,1,1,1,0,0
2590,2025-08-30,France,Referral,1,1,1,0,0
2591,2025-08-21,France,Organic,1,0,0,0,0
2592,2025-06-24,United Kingdom,Organic,1,1,0,0,0
2593,2025-02-27,Portugal,Referral,1,1,1,0,0
2594,2025-09-07,United Kingdom,Paid Search,1,1,1,0,0
2595,2025-11-03,United Kingdom,Paid Search,1,0,0,0,0
2596,2025-12-07,Germany,Referral,1,1,1,0,0
2597,2025-05-24,Portugal,Social Media,1,0,0,0,0
2598,2025-11-24,Spain,Social Media,1,1,0,0,0
2599,2025-07-02,Senegal,Organic,1,1,0,0,0
2600,2025-05-05,Spain,Referral,1,1,1,1,0
2601,2025-12-29,Germany,Email,1,1,1,0,0
2602,2025-12-08,Germany,Organic,1,1,1,0,0
2603,2025-02-20,Spain,Organic,1,1,0,0,0
2604,2025-07-04,Spain,Email,1,1,1,0,0
2605,2025-06-27,Portugal,Referral,1,0,0,0,0
2606,2025-10-21,Spain,Organic,1,0,0,0,0
2607,2025-11-18,Portugal,Referral,1,0,0,0,0
2608,2025-01-14,France,Email,1,1,1,1,1
2609,2025-07-31,Senegal,Referral,1,0,0,0,0
2610,2025-05-10,United Kingdom,Social Media,1,1,0,0,0
2611,2025-05-22,Germany,Organic,1,1,1,0,0
2612,2025-03-24,France,Email,1,0,0,0,0
2613,2025-10-08,Portugal,Social Media,1,0,0,0,0
2614,2025-06-28,France,Referral,1,0,0,0,0
2615,2025-06-20,United Kingdom,Email,1,1,0,0,0
2616,2025-04-27,United Kingdom,Social Media,1,1,1,0,0
2617,2025-06-10,Spain,Referral,1,1,0,0,0
2618,2025-04-14,United Kingdom,Referral,1,1,0,0,0
2619,2025-07-05,France,Paid Search,1,1,1,1,0
2620,2025-12-25,Portugal,Email,1,1,1,1,1
2621,2025-02-08,France,Organic,1,1,1,0,0
2622,2025-07-27,United Kingdom,Paid Search,1,0,0,0,0
2623,2025-09-30,United Kingdom,Referral,1,1,1,0,0
2624,2025-05-31,Spain,Email,1,0,0,0,0
2625,2025-06-15,France,Referral,1,0,0,0,0
2626,2025-05-06,Spain,Paid Search,1,0,0,0,0
2627,2025-05-21,Senegal,Referral,1,1,1,1,0
2628,2025-08-14,Portugal,Paid Search,1,1,1,0,0
2629,2025-11-10,Germany,Referral,1,1,1,1,1
2630,2025-09-23,Spain,Referral,1,1,0,0,0
2631,2025-07-18,Portugal,Social Media,1,0,0,0,0
2632,2025-07-06,United Kingdom,Referral,1,1,0,0,0
2633,2025-05-01,United Kingdom,Email,1,1,0,0,0
2634,2025-03-10,United Kingdom,Paid Search,1,0,0,0,0
2635,2025-10-24,France,Organic,1,0,0,0,0
2636,2025-09-17,Portugal,Referral,1,1,1,0,0
2637,2025-04-27,Portugal,Social Media,1,0,0,0,0
2638,2025-11-27,Spain,Paid Search,1,1,1,1,1
2639,2025-09-12,Spain,Referral,1,1,0,0,0
2640,2025-01-12,Spain,Referral,1,1,1,1,0
2641,2025-03-17,Senegal,Social Media,1,1,1,1,0
2642,2025-01-15,Portugal,Email,1,1,1,0,0
2643,2025-07-22,France,Referral,1,1,1,1,1
2644,2025-09-18,Germany,Paid Search,1,0,0,0,0
2645,2025-12-15,Spain,Social Media,1,0,0,0,0
2646,2025-11-09,Senegal,Social Media,1,1,0,0,0
2647,2025-02-06,Spain,Organic,1,1,1,0,0
2648,2025-05-08,Spain,Paid Search,1,0,0,0,0
2649,2025-01-16,Portugal,Referral,1,0,0,0,0
2650,2025-06-19,Senegal,Organic,1,0,0,0,0
2651,2025-10-21,Portugal,Referral,1,0,0,0,0
2652,2025-07-15,Portugal,Referral,1,1,1,1,1
2653,2025-12-29,Germany,Social Media,1,1,1,1,1
2654,2025-11-28,Portugal,Organic,1,1,0,0,0
2655,2025-09-26,United Kingdom,Organic,1,0,0,0,0
2656,2025-02-01,Spain,Organic,1,0,0,0,0
2657,2025-02-18,France,Organic,1,0,0,0,0
2658,2025-09-28,Senegal,Organic,1,1,1,0,0
2659,2025-10-18,Spain,Social Media,1,0,0,0,0
2660,2025-03-30,France,Email,1,1,1,0,0
2661,2025-02-19,Portugal,Paid Search,1,1,1,0,0
2662,2025-12-28,France,Email,1,1,0,0,0
2663,2025-01-16,Spain,Organic,1,0,0,0,0
2664,2025-03-03,United Kingdom,Social Media,1,1,1,1,1
2665,2025-02-21,Germany,Paid Search,1,1,0,0,0
2666,2025-06-22,Germany,Email,1,0,0,0,0
2667,2025-08-18,Senegal,Email,1,1,1,1,0
2668,2025-09-09,France,Referral,1,1,1,0,0
2669,2025-09-03,Portugal,Email,1,1,1,0,0
2670,2025-06-14,Spain,Email,1,1,1,1,1
2671,2025-04-13,United Kingdom,Social Media,1,1,0,0,0
2672,2025-05-30,Portugal,Referral,1,1,1,1,1
2673,2025-06-14,Spain,Referral,1,1,1,0,0
2674,2025-05-28,Portugal,Organic,1,1,1,0,0
2675,2025-06-07,Spain,Email,1,1,1,0,0
2676,2025-10-01,Senegal,Organic,1,0,0,0,0
2677,2025-07-17,France,Social Media,1,0,0,0,0
2678,2025-01-27,Portugal,Referral,1,0,0,0,0
2679,2025-09-26,France,Email,1,1,1,0,0
2680,2025-02-20,Germany,Paid Search,1,0,0,0,0
2681,2025-12-31,United Kingdom,Organic,1,0,0,0,0
2682,2025-09-11,France,Email,1,1,1,0,0
2683,2025-04-16,Portugal,Organic,1,0,0,0,0
2684,2025-01-03,France,Social Media,1,0,0,0,0
2685,2025-07-19,France,Social Media,1,0,0,0,0
2686,2025-07-25,Senegal,Paid Search,1,1,1,0,0
2687,2025-08-05,Portugal,Email,1,0,0,0,0
2688,2025-11-17,United Kingdom,Paid Search,1,0,0,0,0
2689,2025-12-01,Portugal,Social Media,1,1,1,0,0
2690,2025-07-13,United Kingdom,Paid Search,1,0,0,0,0
2691,2025-09-07,United Kingdom,Email,1,1,1,1,1
2692,2025-03-07,Portugal,Paid Search,1,1,1,1,1
2693,2025-02-04,France,Email,1,1,0,0,0
2694,2025-05-12,Portugal,Referral,1,1,1,0,0
2695,2025-05-14,Senegal,Organic,1,1,0,0,0
2696,2025-04-14,Senegal,Email,1,0,0,0,0
2697,2025-04-13,France,Email,1,0,0,0,0
2698,2025-08-29,Germany,Organic,1,1,1,1,1
2699,2025-12-22,Senegal,Paid Search,1,1,1,0,0
2700,2025-08-15,Spain,Organic,1,0,0,0,0
2701,2025-09-15,France,Paid Search,1,0,0,0,0
2702,2025-01-23,Spain,Organic,1,0,0,0,0
2703,2025-06-24,United Kingdom,Paid Search,1,1,1,0,0
2704,2025-07-20,Germany,Paid Search,1,0,0,0,0
2705,2025-09-16,Senegal,Paid Search,1,1,1,0,0
2706,2025-08-13,Senegal,Referral,1,1,1,1,1
2707,2025-03-15,Spain,Social Media,1,1,1,1,1
2708,2025-11-13,Portugal,Paid Search,1,0,0,0,0
2709,2025-06-14,United Kingdom,Organic,1,1,1,1,1
2710,2025-10-16,Senegal,Referral,1,0,0,0,0
2711,2025-03-03,France,Organic,1,1,1,0,0
2712,2025-09-01,Spain,Referral,1,1,1,1,1
2713,2025-12-16,Germany,Email,1,1,0,0,0
2714,2025-11-22,Germany,Referral,1,0,0,0,0
2715,2025-03-20,Germany,Email,1,0,0,0,0
2716,2025-04-25,France,Social Media,1,1,1,0,0
2717,2025-05-12,France,Social Media,1,0,0,0,0
2718,2025-08-10,United Kingdom,Paid Search,1,1,1,0,0
2719,2025-04-27,Germany,Paid Search,1,0,0,0,0
2720,2025-06-30,France,Referral,1,1,1,0,0
2721,2025-08-16,Germany,Referral,1,1,1,1,1
2722,2025-04-16,France,Paid Search,1,0,0,0,0
2723,2025-10-19,France,Email,1,1,1,0,0
2724,2025-07-29,United Kingdom,Social Media,1,1,1,1,1
2725,2025-06-03,Spain,Referral,1,1,1,1,1
2726,2025-07-16,Spain,Referral,1,1,1,0,0
2727,2025-07-17,Spain,Paid Search,1,1,1,1,1
2728,2025-07-25,Spain,Paid Search,1,1,1,1,1
2729,2025-09-07,United Kingdom,Email,1,0,0,0,0
2730,2025-11-10,Spain,Organic,1,0,0,0,0
2731,2025-02-03,Senegal,Organic,1,1,0,0,0
2732,2025-01-28,United Kingdom,Organic,1,1,0,0,0
2733,2025-04-14,Portugal,Paid Search,1,0,0,0,0
2734,2025-06-07,Senegal,Social Media,1,1,1,0,0
2735,2025-08-17,Germany,Social Media,1,0,0,0,0
2736,2025-05-29,United Kingdom,Organic,1,0,0,0,0
2737,2025-03-23,France,Paid Search,1,1,1,0,0
2738,2025-03-23,Spain,Email,1,1,1,1,0
2739,2025-05-08,Senegal,Paid Search,1,0,0,0,0
2740,2025-02-19,Senegal,Paid Search,1,0,0,0,0
2741,2025-08-31,Germany,Referral,1,1,1,0,0
2742,2025-07-05,Germany,Email,1,1,1,1,1
2743,2025-12-10,Spain,Social Media,1,0,0,0,0
2744,2025-02-13,United Kingdom,Organic,1,1,1,0,0
2745,2025-03-18,Senegal,Paid Search,1,0,0,0,0
2746,2025-06-14,United Kingdom,Organic,1,1,0,0,0
2747,2025-09-11,Senegal,Email,1,0,0,0,0
2748,2025-08-02,France,Social Media,1,0,0,0,0
2749,2025-04-09,Spain,Social Media,1,0,0,0,0
2750,2025-01-13,Germany,Social Media,1,0,0,0,0
2751,2025-01-27,Portugal,Paid Search,1,0,0,0,0
2752,2025-05-15,Germany,Referral,1,1,1,0,0
2753,2025-12-03,Germany,Organic,1,1,1,0,0
2754,2025-11-16,Senegal,Email,1,1,1,0,0
2755,2025-07-14,Germany,Organic,1,0,0,0,0
2756,2025-05-19,Portugal,Referral,1,1,0,0,0
2757,2025-08-06,Germany,Social Media,1,1,1,1,1
2758,2025-05-25,United Kingdom,Organic,1,0,0,0,0
2759,2025-12-10,Senegal,Social Media,1,0,0,0,0
2760,2025-02-28,Senegal,Paid Search,1,0,0,0,0
2761,2025-02-24,France,Organic,1,1,1,1,1
2762,2025-02-14,Senegal,Organic,1,0,0,0,0
2763,2025-06-24,Spain,Organic,1,1,1,0,0
2764,2025-08-24,Portugal,Social Media,1,0,0,0,0
2765,2025-02-24,Spain,Organic,1,1,1,0,0
2766,2025-02-11,France,Organic,1,0,0,0,0
2767,2025-02-16,Senegal,Referral,1,0,0,0,0
2768,2025-04-30,France,Organic,1,0,0,0,0
2769,2025-07-18,United Kingdom,Email,1,1,0,0,0
2770,2025-12-29,Germany,Email,1,0,0,0,0
2771,2025-08-29,United Kingdom,Email,1,0,0,0,0
2772,2025-02-01,Germany,Paid Search,1,1,1,0,0
2773,2025-05-15,France,Email,1,1,1,1,1
2774,2025-04-07,France,Social Media,1,0,0,0,0
2775,2025-04-27,France,Referral,1,1,1,0,0
2776,2025-09-17,Portugal,Social Media,1,1,1,1,1
2777,2025-01-04,Portugal,Social Media,1,1,1,1,1
2778,2025-01-31,Spain,Referral,1,1,0,0,0
2779,2025-08-17,Senegal,Organic,1,1,0,0,0
2780,2025-07-05,Portugal,Email,1,0,0,0,0
2781,2025-02-03,Spain,Social Media,1,0,0,0,0
2782,2025-06-13,Germany,Social Media,1,0,0,0,0
2783,2025-09-03,United Kingdom,Referral,1,1,1,1,1
2784,2025-04-27,Spain,Paid Search,1,1,1,1,1
2785,2025-07-26,Germany,Referral,1,1,1,0,0
2786,2025-08-03,Senegal,Paid Search,1,0,0,0,0
2787,2025-07-15,Portugal,Paid Search,1,1,1,0,0
2788,2025-12-05,France,Paid Search,1,1,1,1,1
2789,2025-03-18,United Kingdom,Social Media,1,1,1,1,0
2790,2025-10-09,United Kingdom,Paid Search,1,1,1,1,1
2791,2025-03-23,Germany,Organic,1,1,1,0,0
2792,2025-12-28,Germany,Email,1,1,1,0,0
2793,2025-04-21,Germany,Referral,1,1,1,1,1
2794,2025-12-17,Spain,Referral,1,1,1,1,1
2795,2025-07-11,Portugal,Paid Search,1,1,0,0,0
2796,2025-02-02,Senegal,Referral,1,1,1,0,0
2797,2025-12-19,France,Social Media,1,1,0,0,0
2798,2025-09-01,United Kingdom,Email,1,1,0,0,0
2799,2025-12-24,France,Paid Search,1,0,0,0,0
2800,2025-11-20,Spain,Paid Search,1,0,0,0,0
2801,2025-11-09,France,Paid Search,1,1,1,1,1
2802,2025-02-18,Germany,Paid Search,1,1,1,1,1
2803,2025-05-17,Senegal,Referral,1,1,1,0,0
2804,2025-12-31,France,Social Media,1,0,0,0,0
2805,2025-01-31,Germany,Paid Search,1,1,1,1,1
2806,2025-10-15,France,Social Media,1,0,0,0,0
2807,2025-09-06,United Kingdom,Email,1,0,0,0,0
2808,2025-04-13,Portugal,Paid Search,1,0,0,0,0
2809,2025-11-02,Spain,Organic,1,1,1,0,0
2810,2025-09-26,Spain,Social Media,1,1,1,0,0
2811,2025-01-06,United Kingdom,Social Media,1,1,1,1,1
2812,2025-08-04,Senegal,Social Media,1,1,0,0,0
2813,2025-03-17,Germany,Referral,1,1,1,0,0
2814,2025-02-25,United Kingdom,Referral,1,1,1,1,1
2815,2025-03-07,United Kingdom,Organic,1,1,0,0,0
2816,2025-10-10,Germany,Social Media,1,1,0,0,0
2817,2025-07-12,Spain,Organic,1,1,1,1,1
2818,2025-01-18,Portugal,Social Media,1,1,0,0,0
2819,2025-01-21,Spain,Organic,1,0,0,0,0
2820,2025-03-09,Germany,Organic,1,0,0,0,0
2821,2025-03-13,France,Organic,1,1,0,0,0
2822,2025-05-01,Senegal,Social Media,1,0,0,0,0
2823,2025-06-23,Senegal,Referral,1,1,1,1,1
2824,2025-08-02,Portugal,Referral,1,0,0,0,0
2825,2025-10-08,Senegal,Paid Search,1,1,1,0,0
2826,2025-05-14,France,Paid Search,1,1,1,1,1
2827,2025-12-24,France,Referral,1,1,1,1,1
2828,2025-03-12,Spain,Social Media,1,1,0,0,0
2829,2025-12-10,Germany,Organic,1,1,1,1,1
2830,2025-08-01,Spain,Organic,1,1,1,1,1
2831,2025-01-04,United Kingdom,Organic,1,1,1,0,0
2832,2025-03-26,Germany,Paid Search,1,1,1,0,0
2833,2025-11-15,United Kingdom,Social Media,1,1,1,1,1
2834,2025-11-08,United Kingdom,Social Media,1,1,0,0,0
2835,2025-07-21,Senegal,Social Media,1,1,1,0,0
2836,2025-12-10,Spain,Referral,1,1,1,1,1
2837,2025-04-16,France,Email,1,0,0,0,0
2838,2025-06-02,Portugal,Paid Search,1,0,0,0,0
2839,2025-06-05,United Kingdom,Referral,1,1,1,1,0
2840,2025-05-10,France,Email,1,1,1,0,0
2841,2025-06-20,France,Referral,1,0,0,0,0
2842,2025-07-18,Portugal,Social Media,1,1,1,0,0
2843,2025-09-09,Germany,Email,1,1,0,0,0
2844,2025-12-08,France,Organic,1,1,0,0,0
2845,2025-01-16,Spain,Organic,1,0,0,0,0
2846,2025-05-21,Senegal,Social Media,1,1,1,0,0
2847,2025-02-19,Senegal,Social Media,1,1,1,1,0
2848,2025-02-08,United Kingdom,Referral,1,0,0,0,0
2849,2025-06-02,Senegal,Organic,1,1,1,0,0
2850,2025-04-15,Senegal,Organic,1,0,0,0,0
2851,2025-09-01,France,Organic,1,1,1,1,0
2852,2025-12-22,Spain,Social Media,1,1,1,1,1
2853,2025-03-20,France,Organic,1,1,1,1,1
2854,2025-08-27,Germany,Paid Search,1,0,0,0,0
2855,2025-10-23,Senegal,Organic,1,0,0,0,0
2856,2025-05-24,Portugal,Social Media,1,0,0,0,0
2857,2025-04-14,United Kingdom,Organic,1,0,0,0,0
2858,2025-04-07,France,Referral,1,0,0,0,0
2859,2025-11-29,Senegal,Email,1,0,0,0,0
2860,2025-08-11,Spain,Referral,1,0,0,0,0
2861,2025-01-25,United Kingdom,Social Media,1,1,1,0,0
2862,2025-10-06,France,Social Media,1,0,0,0,0
2863,2025-07-10,Portugal,Email,1,1,1,0,0
2864,2025-07-28,France,Email,1,1,1,1,1
2865,2025-12-11,Germany,Email,1,1,0,0,0
2866,2025-02-14,Spain,Social Media,1,0,0,0,0
2867,2025-06-20,United Kingdom,Referral,1,1,1,0,0
2868,2025-01-22,United Kingdom,Email,1,0,0,0,0
2869,2025-11-17,France,Email,1,1,1,0,0
2870,2025-10-21,France,Paid Search,1,0,0,0,0
2871,2025-07-22,Senegal,Referral,1,0,0,0,0
2872,2025-09-14,Spain,Organic,1,1,1,1,1
2873,2025-03-26,Portugal,Paid Search,1,0,0,0,0
2874,2025-06-21,Germany,Organic,1,1,0,0,0
2875,2025-07-11,Spain,Referral,1,1,0,0,0
2876,2025-04-23,Spain,Social Media,1,0,0,0,0
2877,2025-12-19,Senegal,Paid Search,1,1,1,0,0
2878,2025-04-07,Portugal,Organic,1,0,0,0,0
2879,2025-09-16,Senegal,Referral,1,1,1,0,0
2880,2025-05-04,Germany,Social Media,1,0,0,0,0
2881,2025-10-05,Portugal,Organic,1,0,0,0,0
2882,2025-04-08,Senegal,Organic,1,1,1,1,1
2883,2025-02-06,Senegal,Social Media,1,1,1,0,0
2884,2025-12-05,Germany,Organic,1,0,0,0,0
2885,2025-06-03,United Kingdom,Referral,1,1,1,0,0
2886,2025-09-02,Portugal,Email,1,1,1,0,0
2887,2025-09-13,United Kingdom,Social Media,1,1,1,0,0
2888,2025-07-16,Spain,Organic,1,1,1,0,0
2889,2025-12-17,Germany,Organic,1,1,0,0,0
2890,2025-02-14,Germany,Social Media,1,1,1,0,0
2891,2025-11-20,Senegal,Referral,1,1,1,0,0
2892,2025-08-29,Senegal,Social Media,1,1,0,0,0
2893,2025-08-20,France,Email,1,1,1,1,0
2894,2025-01-15,Spain,Referral,1,1,1,1,1
2895,2025-10-02,Portugal,Organic,1,1,1,1,1
2896,2025-08-20,United Kingdom,Paid Search,1,1,1,1,1
2897,2025-02-09,France,Referral,1,1,1,0,0
2898,2025-12-01,France,Referral,1,1,1,1,1
2899,2025-09-10,France,Referral,1,0,0,0,0
2900,2025-03-01,Senegal,Paid Search,1,1,1,0,0
2901,2025-10-16,Senegal,Referral,1,1,0,0,0
2902,2025-08-09,Senegal,Email,1,0,0,0,0
2903,2025-07-08,Portugal,Email,1,1,1,1,1
2904,2025-08-05,Senegal,Organic,1,1,0,0,0
2905,2025-12-07,United Kingdom,Referral,1,1,0,0,0
2906,2025-03-12,Senegal,Organic,1,1,1,0,0
2907,2025-08-17,Portugal,Email,1,1,1,1,1
2908,2025-04-05,Spain,Referral,1,1,1,1,1
2909,2025-12-26,Germany,Organic,1,1,1,1,1
2910,2025-05-17,Spain,Email,1,1,0,0,0
2911,2025-03-12,United Kingdom,Paid Search,1,0,0,0,0
2912,2025-04-20,France,Referral,1,1,1,1,1
2913,2025-11-18,Spain,Organic,1,1,1,1,0
2914,2025-02-04,Germany,Email,1,0,0,0,0
2915,2025-02-07,Spain,Paid Search,1,1,0,0,0
2916,2025-11-17,United Kingdom,Paid Search,1,0,0,0,0
2917,2025-07-28,Senegal,Referral,1,1,1,1,1
2918,2025-07-11,Germany,Referral,1,1,0,0,0
2919,2025-03-07,Germany,Email,1,0,0,0,0
2920,2025-09-18,Germany,Paid Search,1,1,1,1,1
2921,2025-11-04,Senegal,Referral,1,1,1,0,0
2922,2025-03-16,Portugal,Organic,1,1,1,1,0
2923,2025-06-24,United Kingdom,Email,1,1,0,0,0
2924,2025-08-29,Spain,Referral,1,1,0,0,0
2925,2025-12-19,Spain,Email,1,0,0,0,0
2926,2025-11-06,Spain,Email,1,1,1,0,0
2927,2025-06-25,Spain,Email,1,1,1,0,0
2928,2025-05-19,United Kingdom,Email,1,1,1,0,0
2929,2025-05-03,Spain,Paid Search,1,1,1,0,0
2930,2025-09-23,Portugal,Referral,1,1,1,0,0
2931,2025-04-07,Spain,Paid Search,1,0,0,0,0
2932,2025-12-19,United Kingdom,Paid Search,1,0,0,0,0
2933,2025-07-05,Portugal,Email,1,1,1,1,1
2934,2025-03-02,Portugal,Social Media,1,1,1,0,0
2935,2025-06-22,France,Referral,1,1,1,0,0
2936,2025-10-18,Germany,Email,1,1,1,1,1
2937,2025-07-12,Spain,Referral,1,1,1,0,0
2938,2025-09-11,Germany,Email,1,1,1,1,1
2939,2025-01-27,Germany,Referral,1,1,1,1,1
2940,2025-04-03,Senegal,Social Media,1,0,0,0,0
2941,2025-01-28,Senegal,Organic,1,1,1,1,1
2942,2025-12-18,Germany,Paid Search,1,1,1,1,1
2943,2025-11-16,Portugal,Social Media,1,1,1,1,1
2944,2025-05-17,Spain,Social Media,1,0,0,0,0
2945,2025-03-19,Senegal,Email,1,1,0,0,0
2946,2025-03-29,Germany,Paid Search,1,1,1,1,1
2947,2025-11-11,United Kingdom,Referral,1,1,1,1,1
2948,2025-11-09,France,Paid Search,1,0,0,0,0
2949,2025-05-24,Senegal,Organic,1,1,1,1,1
2950,2025-07-17,Germany,Paid Search,1,1,0,0,0
2951,2025-07-29,Portugal,Referral,1,1,1,1,1
2952,2025-07-14,Senegal,Email,1,0,0,0,0
2953,2025-04-16,Portugal,Referral,1,1,0,0,0
2954,2025-06-25,United Kingdom,Organic,1,1,1,0,0
2955,2025-11-07,France,Social Media,1,1,1,0,0
2956,2025-12-16,Germany,Paid Search,1,0,0,0,0
2957,2025-04-17,France,Social Media,1,1,1,0,0
2958,2025-04-29,Germany,Email,1,0,0,0,0
2959,2025-01-13,Portugal,Email,1,1,1,1,0
2960,2025-07-19,Spain,Social Media,1,1,1,1,1
2961,2025-08-06,Senegal,Referral,1,1,1,1,0
2962,2025-09-03,France,Paid Search,1,1,1,1,1
2963,2025-04-11,Senegal,Referral,1,1,0,0,0
2964,2025-02-16,Portugal,Paid Search,1,1,1,1,1
2965,2025-05-11,Germany,Paid Search,1,1,0,0,0
2966,2025-05-23,France,Paid Search,1,1,1,1,0
2967,2025-11-14,Senegal,Email,1,0,0,0,0
2968,2025-04-01,United Kingdom,Email,1,1,1,1,1
2969,2025-04-11,Spain,Organic,1,1,1,0,0
2970,2025-04-02,Spain,Organic,1,0,0,0,0
2971,2025-10-11,United Kingdom,Paid Search,1,1,0,0,0
2972,2025-05-06,Senegal,Social Media,1,0,0,0,0
2973,2025-05-20,Spain,Organic,1,1,0,0,0
2974,2025-07-21,France,Paid Search,1,1,1,1,0
2975,2025-07-08,Spain,Social Media,1,1,1,0,0
2976,2025-05-08,France,Email,1,0,0,0,0
2977,2025-02-04,Germany,Paid Search,1,1,1,0,0
2978,2025-12-13,Germany,Email,1,1,1,1,0
2979,2025-09-24,United Kingdom,Email,1,1,0,0,0
2980,2025-07-27,United Kingdom,Email,1,0,0,0,0
2981,2025-03-27,Spain,Referral,1,1,1,1,0
2982,2025-06-02,Senegal,Email,1,0,0,0,0
2983,2025-07-15,Germany,Social Media,1,1,1,1,1
2984,2025-08-11,Portugal,Paid Search,1,1,1,0,0
2985,2025-03-13,Portugal,Social Media,1,1,1,0,0
2986,2025-08-13,United Kingdom,Referral,1,1,1,1,1
2987,2025-03-08,Germany,Organic,1,1,1,0,0
2988,2025-02-21,United Kingdom,Social Media,1,1,1,1,1
2989,2025-08-10,Senegal,Email,1,1,0,0,0
2990,2025-10-10,Germany,Organic,1,0,0,0,0
2991,2025-09-03,Senegal,Social Media,1,1,1,1,1
2992,2025-02-21,France,Email,1,1,1,1,1
2993,2025-01-13,Germany,Referral,1,1,1,1,1
2994,2025-07-08,Senegal,Email,1,1,0,0,0
2995,2025-09-07,Germany,Email,1,1,0,0,0
2996,2025-10-17,Spain,Organic,1,0,0,0,0
2997,2025-03-20,Germany,Social Media,1,0,0,0,0
2998,2025-08-14,Portugal,Social Media,1,1,0,0,0
2999,2025-04-11,Senegal,Email,1,1,1,1,1
3000,2025-03-10,France,Referral,1,1,1,0,0
3001,2025-03-19,Germany,Email,1,1,0,0,0
3002,2025-04-18,Senegal,Organic,1,1,1,0,0
3003,2025-02-03,France,Referral,1,0,0,0,0
3004,2025-03-26,Portugal,Referral,1,1,1,0,0
3005,2025-06-25,Spain,Social Media,1,0,0,0,0
3006,2025-05-13,Spain,Email,1,1,0,0,0
3007,2025-06-19,Portugal,Social Media,1,1,1,0,0
3008,2025-10-29,Spain,Social Media,1,0,0,0,0
3009,2025-05-06,France,Organic,1,1,1,0,0
3010,2025-06-03,Germany,Referral,1,1,1,0,0
3011,2025-05-12,Senegal,Paid Search,1,1,0,0,0
3012,2025-04-23,France,Referral,1,0,0,0,0
3013,2025-02-20,Portugal,Email,1,1,1,1,1
3014,2025-06-03,Senegal,Paid Search,1,1,1,0,0
3015,2025-02-03,United Kingdom,Organic,1,1,0,0,0
3016,2025-03-20,Germany,Referral,1,0,0,0,0
3017,2025-06-20,United Kingdom,Organic,1,1,1,0,0
3018,2025-07-22,Spain,Paid Search,1,1,0,0,0
3019,2025-05-27,France,Email,1,0,0,0,0
3020,2025-06-22,France,Email,1,1,1,1,1
3021,2025-01-05,France,Email,1,1,0,0,0
3022,2025-12-24,Portugal,Paid Search,1,0,0,0,0
3023,2025-01-02,Germany,Paid Search,1,1,1,0,0
3024,2025-12-14,Portugal,Social Media,1,0,0,0,0
3025,2025-02-14,Senegal,Paid Search,1,0,0,0,0
3026,2025-06-19,Senegal,Organic,1,0,0,0,0
3027,2025-02-12,Senegal,Email,1,1,0,0,0
3028,2025-03-29,Germany,Referral,1,1,1,0,0
3029,2025-09-27,Senegal,Email,1,1,1,0,0
3030,2025-05-14,France,Email,1,1,1,0,0
3031,2025-01-17,Germany,Social Media,1,0,0,0,0
3032,2025-12-22,Germany,Referral,1,1,1,1,1
3033,2025-07-25,Germany,Paid Search,1,0,0,0,0
3034,2025-06-08,Portugal,Social Media,1,1,1,0,0
3035,2025-01-19,Senegal,Organic,1,1,1,1,1
3036,2025-03-18,Portugal,Organic,1,1,1,1,1
3037,2025-09-04,Germany,Referral,1,1,1,0,0
3038,2025-10-10,Portugal,Email,1,1,1,0,0
3039,2025-12-02,Senegal,Social Media,1,1,1,1,1
3040,2025-05-10,Germany,Paid Search,1,0,0,0,0
3041,2025-08-26,Portugal,Referral,1,0,0,0,0
3042,2025-06-15,Germany,Paid Search,1,0,0,0,0
3043,2025-12-29,Germany,Social Media,1,0,0,0,0
3044,2025-10-18,Portugal,Paid Search,1,1,0,0,0
3045,2025-05-09,Germany,Organic,1,1,0,0,0
3046,2025-03-17,Senegal,Paid Search,1,1,1,0,0
3047,2025-04-14,Portugal,Paid Search,1,1,0,0,0
3048,2025-11-20,United Kingdom,Social Media,1,0,0,0,0
3049,2025-07-10,United Kingdom,Organic,1,1,0,0,0
3050,2025-09-14,France,Paid Search,1,1,1,0,0
3051,2025-09-16,United Kingdom,Email,1,1,1,1,0
3052,2025-04-11,Germany,Organic,1,1,1,1,1
3053,2025-08-22,Senegal,Social Media,1,1,1,0,0
3054,2025-02-02,Germany,Referral,1,0,0,0,0
3055,2025-11-08,Spain,Paid Search,1,0,0,0,0
3056,2025-10-30,France,Referral,1,1,0,0,0
3057,2025-01-20,France,Email,1,1,1,1,1
3058,2025-08-19,France,Referral,1,1,1,1,0
3059,2025-10-02,Spain,Referral,1,1,0,0,0
3060,2025-11-24,United Kingdom,Email,1,0,0,0,0
3061,2025-09-12,Spain,Paid Search,1,1,1,0,0
3062,2025-05-01,Germany,Email,1,0,0,0,0
3063,2025-04-01,Spain,Paid Search,1,1,1,1,1
3064,2025-09-03,Senegal,Organic,1,1,1,1,1
3065,2025-12-10,United Kingdom,Referral,1,1,1,0,0
3066,2025-07-05,Senegal,Social Media,1,1,1,1,1
3067,2025-03-21,Senegal,Organic,1,0,0,0,0
3068,2025-02-03,United Kingdom,Paid Search,1,1,1,1,1
3069,2025-10-01,Germany,Email,1,1,1,1,1
3070,2025-02-17,United Kingdom,Paid Search,1,1,1,0,0
3071,2025-01-10,Spain,Organic,1,0,0,0,0
3072,2025-03-25,France,Social Media,1,1,0,0,0
3073,2025-10-01,France,Referral,1,0,0,0,0
3074,2025-11-20,United Kingdom,Organic,1,1,1,0,0
3075,2025-02-23,Spain,Referral,1,1,1,0,0
3076,2025-10-28,Portugal,Organic,1,0,0,0,0
3077,2025-04-27,Portugal,Referral,1,1,1,1,1
3078,2025-01-22,Senegal,Referral,1,1,1,1,1
3079,2025-07-10,Portugal,Social Media,1,1,0,0,0
3080,2025-06-11,Germany,Organic,1,1,1,1,1
3081,2025-10-31,France,Referral,1,1,0,0,0
3082,2025-06-24,Senegal,Email,1,0,0,0,0
3083,2025-11-23,United Kingdom,Paid Search,1,1,0,0,0
3084,2025-05-31,Senegal,Organic,1,1,1,0,0
3085,2025-03-12,Portugal,Social Media,1,0,0,0,0
3086,2025-03-20,United Kingdom,Social Media,1,0,0,0,0
3087,2025-02-08,Spain,Social Media,1,1,1,1,1
3088,2025-05-26,United Kingdom,Paid Search,1,0,0,0,0
3089,2025-03-12,Spain,Email,1,1,1,1,0
3090,2025-06-20,United Kingdom,Organic,1,1,1,0,0
3091,2025-04-29,Senegal,Social Media,1,1,0,0,0
3092,2025-10-05,Senegal,Email,1,0,0,0,0
3093,2025-12-20,Spain,Social Media,1,0,0,0,0
3094,2025-12-03,United Kingdom,Organic,1,0,0,0,0
3095,2025-01-21,United Kingdom,Referral,1,1,1,0,0
3096,2025-03-12,Senegal,Organic,1,0,0,0,0
3097,2025-10-29,Senegal,Organic,1,0,0,0,0
3098,2025-01-22,Germany,Social Media,1,1,1,1,0
3099,2025-05-07,Senegal,Social Media,1,1,1,1,0
3100,2025-11-19,Senegal,Referral,1,1,1,1,0
3101,2025-12-16,Spain,Paid Search,1,0,0,0,0
3102,2025-01-03,Portugal,Email,1,0,0,0,0
3103,2025-10-23,Portugal,Paid Search,1,1,1,1,1
3104,2025-07-18,France,Email,1,1,1,0,0
3105,2025-07-30,Spain,Social Media,1,1,1,0,0
3106,2025-12-28,Germany,Social Media,1,1,1,0,0
3107,2025-07-27,Spain,Paid Search,1,0,0,0,0
3108,2025-12-20,France,Email,1,1,1,1,1
3109,2025-03-09,Portugal,Organic,1,1,1,1,1
3110,2025-07-22,France,Paid Search,1,1,1,1,1
3111,2025-02-26,Portugal,Organic,1,1,1,1,1
3112,2025-11-28,Senegal,Social Media,1,1,1,0,0
3113,2025-12-15,United Kingdom,Referral,1,0,0,0,0
3114,2025-11-22,France,Paid Search,1,1,1,0,0
3115,2025-12-06,France,Referral,1,1,1,1,1
3116,2025-08-26,France,Organic,1,0,0,0,0
3117,2025-01-31,Portugal,Referral,1,1,1,1,1
3118,2025-05-26,United Kingdom,Paid Search,1,1,1,0,0
3119,2025-09-29,Senegal,Email,1,1,1,1,1
3120,2025-05-22,Germany,Referral,1,1,1,1,1
3121,2025-05-01,Portugal,Referral,1,1,0,0,0
3122,2025-10-10,Spain,Paid Search,1,1,1,1,1
3123,2025-05-20,Portugal,Email,1,0,0,0,0
3124,2025-07-26,Senegal,Organic,1,1,0,0,0
3125,2025-05-04,United Kingdom,Social Media,1,0,0,0,0
3126,2025-12-09,Spain,Email,1,1,0,0,0
3127,2025-04-04,Portugal,Referral,1,0,0,0,0
3128,2025-01-02,France,Organic,1,1,1,1,1
3129,2025-01-01,Germany,Paid Search,1,1,1,0,0
3130,2025-08-06,United Kingdom,Social Media,1,1,1,0,0
3131,2025-11-05,Spain,Email,1,1,1,0,0
3132,2025-05-06,United Kingdom,Organic,1,0,0,0,0
3133,2025-07-02,Germany,Paid Search,1,1,1,1,1
3134,2025-12-20,Senegal,Organic,1,1,1,1,1
3135,2025-08-28,Germany,Email,1,0,0,0,0
3136,2025-02-07,Senegal,Email,1,1,1,0,0
3137,2025-04-22,United Kingdom,Organic,1,1,1,1,1
3138,2025-05-24,Portugal,Email,1,0,0,0,0
3139,2025-04-18,Senegal,Social Media,1,0,0,0,0
3140,2025-11-10,Senegal,Organic,1,0,0,0,0
3141,2025-11-03,Spain,Paid Search,1,1,1,1,1
3142,2025-12-23,Portugal,Organic,1,0,0,0,0
3143,2025-09-08,France,Referral,1,0,0,0,0
3144,2025-02-21,Senegal,Email,1,1,0,0,0
3145,2025-05-23,Senegal,Referral,1,0,0,0,0
3146,2025-07-02,Germany,Email,1,0,0,0,0
3147,2025-01-14,Portugal,Organic,1,0,0,0,0
3148,2025-10-20,Senegal,Social Media,1,1,0,0,0
3149,2025-04-30,Portugal,Organic,1,0,0,0,0
3150,2025-04-11,France,Paid Search,1,1,1,0,0
3151,2025-04-26,Spain,Paid Search,1,1,1,0,0
3152,2025-07-07,Portugal,Social Media,1,0,0,0,0
3153,2025-08-10,France,Organic,1,0,0,0,0
3154,2025-03-23,Germany,Referral,1,1,1,1,1
3155,2025-08-04,Senegal,Organic,1,0,0,0,0
3156,2025-04-19,Senegal,Paid Search,1,1,1,0,0
3157,2025-03-27,United Kingdom,Email,1,0,0,0,0
3158,2025-12-13,Spain,Email,1,0,0,0,0
3159,2025-10-27,United Kingdom,Referral,1,1,0,0,0
3160,2025-09-30,Portugal,Email,1,1,1,1,0
3161,2025-08-16,United Kingdom,Social Media,1,1,1,0,0
3162,2025-01-11,France,Referral,1,1,0,0,0
3163,2025-08-27,Senegal,Email,1,1,1,0,0
3164,2025-04-28,Portugal,Email,1,0,0,0,0
3165,2025-02-27,Spain,Referral,1,1,1,0,0
3166,2025-03-11,Senegal,Email,1,1,0,0,0
3167,2025-03-06,France,Organic,1,1,1,0,0
3168,2025-05-04,Spain,Email,1,1,1,1,1
3169,2025-10-09,France,Paid Search,1,1,1,0,0
3170,2025-03-13,France,Organic,1,1,1,1,1
3171,2025-10-07,Senegal,Social Media,1,1,1,0,0
3172,2025-06-22,Senegal,Organic,1,0,0,0,0
3173,2025-01-14,Portugal,Organic,1,0,0,0,0
3174,2025-01-16,Senegal,Social Media,1,1,1,0,0
3175,2025-02-11,Senegal,Paid Search,1,1,0,0,0
3176,2025-08-13,Spain,Social Media,1,1,1,0,0
3177,2025-01-14,Portugal,Paid Search,1,0,0,0,0
3178,2025-06-10,Germany,Organic,1,0,0,0,0
3179,2025-09-16,Portugal,Social Media,1,0,0,0,0
3180,2025-05-14,France,Organic,1,1,1,0,0
3181,2025-10-04,Germany,Social Media,1,1,0,0,0
3182,2025-02-09,France,Paid Search,1,0,0,0,0
3183,2025-05-28,Spain,Email,1,0,0,0,0
3184,2025-06-10,Germany,Referral,1,1,1,1,1
3185,2025-01-02,Portugal,Social Media,1,0,0,0,0
3186,2025-07-13,United Kingdom,Social Media,1,1,1,1,1
3187,2025-07-13,Spain,Organic,1,1,1,1,1
3188,2025-06-14,United Kingdom,Organic,1,1,0,0,0
3189,2025-10-23,Germany,Organic,1,1,1,1,1
3190,2025-05-04,Germany,Email,1,0,0,0,0
3191,2025-10-13,Germany,Email,1,1,0,0,0
3192,2025-11-16,Portugal,Email,1,1,1,1,1
3193,2025-03-04,Germany,Social Media,1,0,0,0,0
3194,2025-03-05,Spain,Email,1,0,0,0,0
3195,2025-05-14,Portugal,Social Media,1,0,0,0,0
3196,2025-11-26,France,Email,1,0,0,0,0
3197,2025-09-13,France,Email,1,1,1,1,1
3198,2025-07-24,United Kingdom,Paid Search,1,1,1,0,0
3199,2025-11-13,Portugal,Social Media,1,0,0,0,0
3200,2025-09-25,Spain,Social Media,1,1,1,1,1
3201,2025-03-08,United Kingdom,Email,1,1,1,0,0
3202,2025-05-09,Senegal,Referral,1,0,0,0,0
3203,2025-07-19,United Kingdom,Referral,1,1,0,0,0
3204,2025-07-11,United Kingdom,Organic,1,1,0,0,0
3205,2025-12-12,United Kingdom,Social Media,1,1,1,1,0
3206,2025-01-12,Portugal,Organic,1,1,1,0,0
3207,2025-05-29,Spain,Email,1,0,0,0,0
3208,2025-09-29,Spain,Organic,1,0,0,0,0
3209,2025-02-25,United Kingdom,Paid Search,1,1,1,1,0
3210,2025-06-19,Portugal,Paid Search,1,1,0,0,0
3211,2025-02-01,Portugal,Social Media,1,1,1,1,0
3212,2025-05-03,France,Paid Search,1,1,0,0,0
3213,2025-07-01,France,Email,1,1,1,0,0
3214,2025-07-22,Portugal,Paid Search,1,0,0,0,0
3215,2025-02-22,Senegal,Organic,1,0,0,0,0
3216,2025-08-21,Spain,Referral,1,0,0,0,0
3217,2025-03-05,Spain,Organic,1,1,1,1,1
3218,2025-04-12,Germany,Paid Search,1,1,1,0,0
3219,2025-01-21,Germany,Organic,1,0,0,0,0
3220,2025-02-12,Spain,Email,1,1,0,0,0
3221,2025-07-19,Senegal,Referral,1,0,0,0,0
3222,2025-07-28,Spain,Email,1,0,0,0,0
3223,2025-01-06,France,Paid Search,1,0,0,0,0
3224,2025-01-16,Spain,Organic,1,1,1,1,0
3225,2025-09-26,Senegal,Paid Search,1,0,0,0,0
3226,2025-06-20,Germany,Referral,1,1,1,0,0
3227,2025-03-03,Portugal,Referral,1,0,0,0,0
3228,2025-11-14,Portugal,Paid Search,1,1,1,1,0
3229,2025-02-09,United Kingdom,Email,1,1,1,1,1
3230,2025-05-27,Senegal,Email,1,1,1,1,1
3231,2025-01-14,Spain,Paid Search,1,0,0,0,0
3232,2025-07-28,France,Paid Search,1,0,0,0,0
3233,2025-03-22,France,Email,1,1,1,1,1
3234,2025-06-22,Germany,Organic,1,1,0,0,0
3235,2025-12-23,Portugal,Social Media,1,1,1,0,0
3236,2025-01-22,United Kingdom,Organic,1,0,0,0,0
3237,2025-06-22,France,Referral,1,0,0,0,0
3238,2025-08-08,Germany,Organic,1,1,1,0,0
3239,2025-08-07,Senegal,Organic,1,0,0,0,0
3240,2025-01-29,Spain,Paid Search,1,1,1,0,0
3241,2025-01-14,Germany,Paid Search,1,0,0,0,0
3242,2025-02-07,United Kingdom,Paid Search,1,1,1,1,0
3243,2025-07-02,Senegal,Referral,1,1,1,1,1
3244,2025-09-06,Germany,Email,1,1,1,1,1
3245,2025-05-16,United Kingdom,Organic,1,1,1,1,1
3246,2025-08-18,France,Social Media,1,1,1,0,0
3247,2025-10-09,Portugal,Email,1,1,1,1,1
3248,2025-03-05,Senegal,Organic,1,0,0,0,0
3249,2025-08-20,Portugal,Organic,1,1,1,1,1
3250,2025-12-29,Senegal,Social Media,1,1,1,1,0
3251,2025-05-11,Spain,Paid Search,1,1,1,1,0
3252,2025-08-04,Spain,Email,1,0,0,0,0
3253,2025-12-03,United Kingdom,Email,1,1,0,0,0
3254,2025-12-13,Portugal,Referral,1,1,1,1,1
3255,2025-10-24,Germany,Email,1,1,1,1,1
3256,2025-09-14,United Kingdom,Email,1,1,0,0,0
3257,2025-04-10,France,Paid Search,1,1,0,0,0
3258,2025-04-25,United Kingdom,Paid Search,1,0,0,0,0
3259,2025-08-09,Germany,Email,1,1,0,0,0
3260,2025-07-28,Spain,Organic,1,0,0,0,0
3261,2025-08-31,France,Referral,1,1,1,1,0
3262,2025-11-25,Germany,Paid Search,1,0,0,0,0
3263,2025-06-08,Spain,Paid Search,1,1,1,0,0
3264,2025-11-05,United Kingdom,Paid Search,1,0,0,0,0
3265,2025-09-24,France,Email,1,0,0,0,0
3266,2025-05-26,Senegal,Social Media,1,0,0,0,0
3267,2025-12-06,Senegal,Paid Search,1,0,0,0,0
3268,2025-10-17,Spain,Referral,1,1,1,0,0
3269,2025-03-17,Germany,Email,1,0,0,0,0
3270,2025-10-06,Portugal,Paid Search,1,1,1,0,0
3271,2025-07-15,Spain,Referral,1,1,1,0,0
3272,2025-04-21,Senegal,Email,1,1,1,0,0
3273,2025-12-18,France,Paid Search,1,0,0,0,0
3274,2025-06-10,Spain,Social Media,1,0,0,0,0
3275,2025-03-03,United Kingdom,Paid Search,1,0,0,0,0
3276,2025-07-24,Spain,Paid Search,1,1,0,0,0
3277,2025-06-09,Spain,Social Media,1,1,1,1,0
3278,2025-09-02,France,Organic,1,1,0,0,0
3279,2025-08-11,Spain,Referral,1,0,0,0,0
3280,2025-07-19,Senegal,Organic,1,1,0,0,0
3281,2025-07-18,Spain,Paid Search,1,1,1,0,0
3282,2025-06-21,Senegal,Organic,1,0,0,0,0
3283,2025-07-12,Spain,Organic,1,1,1,1,1
3284,2025-06-14,Senegal,Referral,1,1,1,0,0
3285,2025-04-11,Spain,Referral,1,1,1,1,1
3286,2025-11-23,United Kingdom,Social Media,1,1,1,1,1
3287,2025-03-25,Senegal,Referral,1,0,0,0,0
3288,2025-07-26,Germany,Paid Search,1,1,1,1,1
3289,2025-09-09,Portugal,Referral,1,0,0,0,0
3290,2025-01-25,France,Email,1,0,0,0,0
3291,2025-11-05,Senegal,Social Media,1,1,0,0,0
3292,2025-12-12,Spain,Social Media,1,1,1,1,1
3293,2025-03-09,United Kingdom,Social Media,1,0,0,0,0
3294,2025-03-29,France,Social Media,1,0,0,0,0
3295,2025-07-25,Senegal,Referral,1,1,1,1,0
3296,2025-03-26,Portugal,Organic,1,1,1,1,1
3297,2025-08-05,France,Email,1,0,0,0,0
3298,2025-06-12,France,Referral,1,1,1,1,1
3299,2025-04-22,Germany,Organic,1,0,0,0,0
3300,2025-10-07,United Kingdom,Social Media,1,1,1,0,0
3301,2025-10-24,United Kingdom,Organic,1,1,1,1,0
3302,2025-02-18,Germany,Social Media,1,1,1,1,1
3303,2025-02-22,Germany,Referral,1,1,0,0,0
3304,2025-08-26,Portugal,Referral,1,0,0,0,0
3305,2025-03-29,France,Organic,1,1,1,1,1
3306,2025-10-29,Spain,Paid Search,1,1,1,1,0
3307,2025-03-29,Spain,Email,1,1,0,0,0
3308,2025-12-18,Spain,Referral,1,1,1,0,0
3309,2025-10-04,France,Organic,1,0,0,0,0
3310,2025-04-01,Spain,Social Media,1,1,1,1,1
3311,2025-01-12,Germany,Email,1,1,1,1,0
3312,2025-03-02,Germany,Referral,1,0,0,0,0
3313,2025-07-26,Germany,Paid Search,1,0,0,0,0
3314,2025-09-23,France,Organic,1,1,1,1,1
3315,2025-03-29,France,Paid Search,1,1,1,1,0
3316,2025-12-14,Portugal,Social Media,1,1,1,0,0
3317,2025-02-23,Portugal,Social Media,1,1,1,1,1
3318,2025-03-31,Senegal,Email,1,1,1,0,0
3319,2025-11-01,Senegal,Email,1,1,0,0,0
3320,2025-05-18,France,Referral,1,1,1,0,0
3321,2025-01-09,France,Paid Search,1,0,0,0,0
3322,2025-01-20,United Kingdom,Organic,1,0,0,0,0
3323,2025-12-21,Portugal,Paid Search,1,0,0,0,0
3324,2025-10-05,Germany,Email,1,0,0,0,0
3325,2025-05-09,Spain,Social Media,1,1,1,0,0
3326,2025-11-09,Spain,Email,1,1,1,1,1
3327,2025-10-07,Spain,Referral,1,0,0,0,0
3328,2025-01-19,Portugal,Referral,1,1,0,0,0
3329,2025-05-01,Spain,Referral,1,1,1,1,0
3330,2025-04-06,Senegal,Email,1,1,1,1,1
3331,2025-11-18,Portugal,Referral,1,1,1,1,1
3332,2025-11-16,Spain,Referral,1,1,1,1,0
3333,2025-06-13,Spain,Email,1,1,0,0,0
3334,2025-01-20,Portugal,Email,1,1,1,1,1
3335,2025-11-17,France,Social Media,1,1,1,1,0
3336,2025-07-04,Germany,Referral,1,0,0,0,0
3337,2025-06-19,Portugal,Referral,1,1,1,1,1
3338,2025-10-05,France,Social Media,1,0,0,0,0
3339,2025-05-18,United Kingdom,Paid Search,1,0,0,0,0
3340,2025-07-21,Germany,Email,1,1,1,0,0
3341,2025-11-10,United Kingdom,Paid Search,1,1,1,1,1
3342,2025-10-22,United Kingdom,Referral,1,0,0,0,0
3343,2025-04-24,France,Email,1,0,0,0,0
3344,2025-10-21,Senegal,Social Media,1,1,1,0,0
3345,2025-06-17,France,Email,1,0,0,0,0
3346,2025-09-05,France,Social Media,1,1,0,0,0
3347,2025-03-29,Germany,Email,1,1,1,1,1
3348,2025-12-18,United Kingdom,Organic,1,1,0,0,0
3349,2025-09-16,Senegal,Email,1,0,0,0,0
3350,2025-07-09,United Kingdom,Organic,1,0,0,0,0
3351,2025-09-08,Spain,Social Media,1,0,0,0,0
3352,2025-10-14,United Kingdom,Organic,1,1,0,0,0
3353,2025-12-15,United Kingdom,Social Media,1,1,1,0,0
3354,2025-03-03,Portugal,Email,1,0,0,0,0
3355,2025-02-08,Senegal,Referral,1,1,1,1,0
3356,2025-06-20,Spain,Paid Search,1,1,1,0,0
3357,2025-04-18,Germany,Social Media,1,1,1,1,0
3358,2025-04-14,Senegal,Paid Search,1,0,0,0,0
3359,2025-07-07,Spain,Paid Search,1,0,0,0,0
3360,2025-09-01,Portugal,Email,1,1,0,0,0
3361,2025-08-18,United Kingdom,Organic,1,1,1,0,0
3362,2025-03-18,Portugal,Organic,1,1,0,0,0
3363,2025-02-14,Senegal,Social Media,1,1,1,1,0
3364,2025-12-23,Spain,Email,1,1,1,0,0
3365,2025-03-09,Germany,Organic,1,1,1,0,0
3366,2025-09-27,Spain,Social Media,1,1,0,0,0
3367,2025-06-19,Spain,Referral,1,1,0,0,0
3368,2025-10-26,Spain,Referral,1,0,0,0,0
3369,2025-08-19,Spain,Referral,1,1,0,0,0
3370,2025-03-12,Germany,Social Media,1,1,0,0,0
3371,2025-12-09,United Kingdom,Email,1,1,1,1,1
3372,2025-06-12,Portugal,Email,1,1,1,1,1
3373,2025-03-02,Senegal,Referral,1,0,0,0,0
3374,2025-01-14,France,Organic,1,0,0,0,0
3375,2025-01-22,France,Social Media,1,1,1,0,0
3376,2025-04-29,Senegal,Paid Search,1,1,0,0,0
3377,2025-03-01,United Kingdom,Social Media,1,1,1,1,1
3378,2025-04-15,Portugal,Referral,1,1,1,1,1
3379,2025-09-24,Spain,Email,1,1,1,0,0
3380,2025-09-09,France,Referral,1,0,0,0,0
3381,2025-12-20,France,Referral,1,1,1,1,0
3382,2025-11-26,Germany,Paid Search,1,0,0,0,0
3383,2025-03-08,United Kingdom,Email,1,0,0,0,0
3384,2025-12-27,France,Social Media,1,1,0,0,0
3385,2025-02-05,Spain,Paid Search,1,0,0,0,0
3386,2025-03-30,Portugal,Email,1,0,0,0,0
3387,2025-02-24,Portugal,Paid Search,1,1,1,1,1
3388,2025-11-27,Senegal,Social Media,1,1,1,0,0
3389,2025-02-16,Spain,Paid Search,1,1,1,1,1
3390,2025-06-26,Senegal,Email,1,1,1,1,1
3391,2025-08-22,France,Paid Search,1,0,0,0,0
3392,2025-09-03,Germany,Social Media,1,1,0,0,0
3393,2025-10-15,Portugal,Social Media,1,1,1,0,0
3394,2025-01-17,United Kingdom,Paid Search,1,1,1,0,0
3395,2025-12-09,Portugal,Referral,1,1,1,1,1
3396,2025-01-28,Spain,Paid Search,1,0,0,0,0
3397,2025-03-03,Portugal,Referral,1,1,1,1,1
3398,2025-04-22,Spain,Email,1,0,0,0,0
3399,2025-01-15,United Kingdom,Paid Search,1,1,1,1,1
3400,2025-07-30,France,Organic,1,0,0,0,0
3401,2025-06-17,Portugal,Email,1,1,1,1,1
3402,2025-03-27,United Kingdom,Social Media,1,0,0,0,0
3403,2025-05-06,Spain,Email,1,1,1,1,1
3404,2025-09-08,Portugal,Referral,1,0,0,0,0
3405,2025-09-10,France,Paid Search,1,0,0,0,0
3406,2025-05-29,France,Organic,1,1,1,1,0
3407,2025-09-13,Spain,Organic,1,1,1,0,0
3408,2025-10-26,Germany,Organic,1,1,1,1,1
3409,2025-05-07,Portugal,Email,1,1,1,1,1
3410,2025-09-09,Portugal,Social Media,1,1,0,0,0
3411,2025-09-23,France,Paid Search,1,1,0,0,0
3412,2025-02-20,France,Social Media,1,1,0,0,0
3413,2025-01-28,Spain,Paid Search,1,1,0,0,0
3414,2025-05-16,Spain,Referral,1,1,0,0,0
3415,2025-08-27,Spain,Email,1,1,1,1,1
3416,2025-12-27,United Kingdom,Email,1,1,1,1,0
3417,2025-01-21,France,Organic,1,1,1,0,0
3418,2025-11-27,Senegal,Email,1,0,0,0,0
3419,2025-10-21,United Kingdom,Organic,1,1,1,0,0
3420,2025-04-18,Portugal,Email,1,0,0,0,0
3421,2025-02-17,Senegal,Paid Search,1,1,1,0,0
3422,2025-10-28,Portugal,Social Media,1,0,0,0,0
3423,2025-02-17,United Kingdom,Paid Search,1,1,1,0,0
3424,2025-04-09,Senegal,Email,1,0,0,0,0
3425,2025-01-03,Spain,Referral,1,0,0,0,0
3426,2025-02-12,France,Email,1,1,1,1,1
3427,2025-11-21,France,Paid Search,1,1,1,0,0
3428,2025-12-25,Germany,Referral,1,1,1,1,1
3429,2025-12-11,Senegal,Organic,1,1,1,1,1
3430,2025-03-03,Spain,Organic,1,1,1,0,0
3431,2025-09-28,Germany,Paid Search,1,1,1,0,0
3432,2025-01-19,United Kingdom,Email,1,1,1,1,1
3433,2025-04-02,Germany,Social Media,1,0,0,0,0
3434,2025-02-23,France,Social Media,1,1,1,1,1
3435,2025-07-22,Portugal,Email,1,1,1,1,1
3436,2025-03-10,France,Email,1,1,1,0,0
3437,2025-10-30,France,Social Media,1,0,0,0,0
3438,2025-06-29,Portugal,Referral,1,0,0,0,0
3439,2025-02-03,Portugal,Organic,1,0,0,0,0
3440,2025-04-20,Portugal,Email,1,1,1,0,0
3441,2025-09-12,Senegal,Organic,1,1,1,1,1
3442,2025-07-03,Spain,Social Media,1,1,1,0,0
3443,2025-03-08,France,Organic,1,1,1,0,0
3444,2025-03-21,Senegal,Paid Search,1,0,0,0,0
3445,2025-01-28,Germany,Organic,1,1,1,1,1
3446,2025-01-31,France,Email,1,1,1,0,0
3447,2025-02-13,Germany,Referral,1,0,0,0,0
3448,2025-01-12,Germany,Paid Search,1,1,0,0,0
3449,2025-09-29,Portugal,Organic,1,1,1,0,0
3450,2025-12-17,Portugal,Organic,1,1,1,1,1
3451,2025-03-05,Senegal,Email,1,1,0,0,0
3452,2025-09-12,Spain,Referral,1,1,0,0,0
3453,2025-06-07,Spain,Organic,1,1,1,0,0
3454,2025-06-28,United Kingdom,Social Media,1,1,1,1,1
3455,2025-02-24,France,Social Media,1,1,1,1,1
3456,2025-03-02,Spain,Organic,1,1,1,0,0
3457,2025-07-31,Spain,Paid Search,1,1,1,0,0
3458,2025-02-16,Germany,Paid Search,1,1,1,1,1
3459,2025-12-10,United Kingdom,Referral,1,1,1,0,0
3460,2025-02-25,United Kingdom,Organic,1,1,1,1,1
3461,2025-05-07,Senegal,Referral,1,0,0,0,0
3462,2025-06-20,Senegal,Organic,1,0,0,0,0
3463,2025-05-28,United Kingdom,Email,1,0,0,0,0
3464,2025-09-09,United Kingdom,Paid Search,1,0,0,0,0
3465,2025-03-31,Senegal,Paid Search,1,1,1,1,1
3466,2025-09-28,Portugal,Social Media,1,1,1,1,1
3467,2025-04-15,Senegal,Email,1,1,1,0,0
3468,2025-04-13,Spain,Referral,1,1,0,0,0
3469,2025-08-14,United Kingdom,Referral,1,0,0,0,0
3470,2025-08-12,France,Organic,1,1,1,1,1
3471,2025-09-01,Senegal,Organic,1,1,1,1,1
3472,2025-06-19,Portugal,Email,1,1,1,1,1
3473,2025-09-06,Portugal,Referral,1,1,1,1,1
3474,2025-10-27,France,Email,1,0,0,0,0
3475,2025-10-10,Senegal,Email,1,0,0,0,0
3476,2025-12-29,Portugal,Social Media,1,1,1,0,0
3477,2025-12-29,Senegal,Social Media,1,0,0,0,0
3478,2025-01-22,United Kingdom,Email,1,1,1,1,1
3479,2025-11-03,Germany,Referral,1,0,0,0,0
3480,2025-09-28,Germany,Paid Search,1,1,1,1,1
3481,2025-08-01,Germany,Email,1,1,1,1,1
3482,2025-02-20,France,Paid Search,1,1,0,0,0
3483,2025-09-06,Germany,Email,1,1,1,1,1
3484,2025-04-04,France,Email,1,0,0,0,0
3485,2025-11-01,United Kingdom,Email,1,1,1,0,0
3486,2025-01-08,Senegal,Social Media,1,1,1,0,0
3487,2025-12-05,France,Organic,1,1,1,1,0
3488,2025-03-29,Senegal,Organic,1,1,0,0,0
3489,2025-12-05,Portugal,Organic,1,1,1,1,0
3490,2025-10-07,Senegal,Paid Search,1,1,1,0,0
3491,2025-09-20,Spain,Email,1,0,0,0,0
3492,2025-10-27,Germany,Paid Search,1,0,0,0,0
3493,2025-02-12,Germany,Organic,1,0,0,0,0
3494,2025-10-03,Spain,Email,1,0,0,0,0
3495,2025-12-05,Spain,Organic,1,0,0,0,0
3496,2025-02-06,Spain,Referral,1,0,0,0,0
3497,2025-06-05,Spain,Paid Search,1,1,1,0,0
3498,2025-07-02,Spain,Email,1,0,0,0,0
3499,2025-04-30,Spain,Referral,1,0,0,0,0
3500,2025-07-11,Germany,Organic,1,1,1,1,1
3501,2025-08-03,Germany,Social Media,1,1,1,0,0
3502,2025-04-07,Germany,Email,1,1,1,1,1
3503,2025-02-13,France,Email,1,0,0,0,0
3504,2025-12-12,Spain,Social Media,1,0,0,0,0
3505,2025-11-04,Portugal,Referral,1,1,1,1,1
3506,2025-10-24,Portugal,Referral,1,0,0,0,0
3507,2025-01-26,United Kingdom,Organic,1,1,1,1,0
3508,2025-02-15,Spain,Referral,1,1,1,1,1
3509,2025-05-08,France,Referral,1,1,0,0,0
3510,2025-12-20,Spain,Email,1,1,1,1,1
3511,2025-08-24,Spain,Referral,1,1,1,0,0
3512,2025-08-04,Portugal,Social Media,1,0,0,0,0
3513,2025-07-12,Germany,Email,1,1,1,0,0
3514,2025-01-14,United Kingdom,Referral,1,1,1,1,1
3515,2025-06-23,Senegal,Referral,1,1,0,0,0
3516,2025-07-02,Spain,Paid Search,1,0,0,0,0
3517,2025-07-28,United Kingdom,Email,1,1,1,0,0
3518,2025-04-24,United Kingdom,Email,1,1,1,1,1
3519,2025-08-12,France,Social Media,1,1,1,0,0
3520,2025-09-27,Germany,Email,1,1,1,0,0
3521,2025-02-02,Senegal,Social Media,1,1,0,0,0
3522,2025-02-27,Spain,Paid Search,1,1,0,0,0
3523,2025-11-04,Portugal,Paid Search,1,0,0,0,0
3524,2025-04-15,Portugal,Referral,1,1,1,0,0
3525,2025-01-01,United Kingdom,Paid Search,1,0,0,0,0
3526,2025-01-23,United Kingdom,Social Media,1,1,1,1,0
3527,2025-01-12,France,Social Media,1,0,0,0,0
3528,2025-05-23,United Kingdom,Referral,1,1,1,1,1
3529,2025-01-17,France,Social Media,1,1,0,0,0
3530,2025-08-02,Germany,Organic,1,1,1,0,0
3531,2025-02-03,Spain,Paid Search,1,0,0,0,0
3532,2025-11-01,Spain,Email,1,0,0,0,0
3533,2025-11-19,Senegal,Email,1,1,0,0,0
3534,2025-01-02,Germany,Referral,1,0,0,0,0
3535,2025-03-16,Senegal,Social Media,1,1,1,1,0
3536,2025-04-26,United Kingdom,Email,1,1,1,1,1
3537,2025-08-05,Spain,Email,1,1,0,0,0
3538,2025-12-24,Spain,Referral,1,0,0,0,0
3539,2025-10-09,Germany,Social Media,1,0,0,0,0
3540,2025-07-15,Spain,Social Media,1,0,0,0,0
3541,2025-02-16,United Kingdom,Social Media,1,1,0,0,0
3542,2025-12-04,Senegal,Organic,1,1,1,1,1
3543,2025-12-18,Germany,Social Media,1,1,0,0,0
3544,2025-12-22,Senegal,Social Media,1,1,1,1,1
3545,2025-04-27,Spain,Email,1,0,0,0,0
3546,2025-10-12,Germany,Paid Search,1,1,1,0,0
3547,2025-11-28,France,Organic,1,1,1,1,1
3548,2025-09-06,Senegal,Organic,1,1,1,1,0
3549,2025-06-02,Spain,Email,1,1,1,0,0
3550,2025-07-12,Portugal,Social Media,1,0,0,0,0
3551,2025-10-13,Spain,Referral,1,1,1,1,1
3552,2025-03-24,Senegal,Social Media,1,1,0,0,0
3553,2025-09-08,Germany,Social Media,1,1,1,1,0
3554,2025-06-13,France,Paid Search,1,0,0,0,0
3555,2025-11-08,Senegal,Referral,1,1,0,0,0
3556,2025-07-09,United Kingdom,Referral,1,0,0,0,0
3557,2025-03-08,Portugal,Paid Search,1,0,0,0,0
3558,2025-06-22,Portugal,Social Media,1,1,1,1,1
3559,2025-04-28,Senegal,Organic,1,0,0,0,0
3560,2025-12-12,Germany,Paid Search,1,0,0,0,0
3561,2025-03-02,France,Paid Search,1,1,0,0,0
3562,2025-08-20,Germany,Referral,1,0,0,0,0
3563,2025-08-31,United Kingdom,Referral,1,1,1,1,1
3564,2025-02-10,France,Social Media,1,0,0,0,0
3565,2025-02-21,Senegal,Social Media,1,0,0,0,0
3566,2025-09-15,United Kingdom,Email,1,0,0,0,0
3567,2025-11-24,Germany,Organic,1,1,0,0,0
3568,2025-10-02,Senegal,Organic,1,1,1,1,1
3569,2025-10-14,France,Paid Search,1,0,0,0,0
3570,2025-03-30,Spain,Email,1,0,0,0,0
3571,2025-07-03,Germany,Organic,1,0,0,0,0
3572,2025-05-20,Germany,Paid Search,1,0,0,0,0
3573,2025-07-29,United Kingdom,Paid Search,1,1,1,1,1
3574,2025-03-26,Senegal,Paid Search,1,1,1,0,0
3575,2025-09-03,United Kingdom,Paid Search,1,1,1,0,0
3576,2025-09-30,Senegal,Referral,1,1,0,0,0
3577,2025-11-22,France,Social Media,1,0,0,0,0
3578,2025-09-21,France,Social Media,1,1,1,0,0
3579,2025-04-30,Spain,Social Media,1,0,0,0,0
3580,2025-07-05,United Kingdom,Organic,1,1,0,0,0
3581,2025-05-11,United Kingdom,Social Media,1,1,1,0,0
3582,2025-04-11,Senegal,Organic,1,1,1,0,0
3583,2025-08-18,United Kingdom,Email,1,1,1,0,0
3584,2025-12-16,Spain,Organic,1,1,0,0,0
3585,2025-07-23,France,Paid Search,1,0,0,0,0
3586,2025-11-27,Portugal,Paid Search,1,1,1,0,0
3587,2025-10-12,Spain,Referral,1,0,0,0,0
3588,2025-02-07,Germany,Social Media,1,0,0,0,0
3589,2025-12-02,Spain,Organic,1,0,0,0,0
3590,2025-02-04,Spain,Referral,1,0,0,0,0
3591,2025-01-22,United Kingdom,Social Media,1,0,0,0,0
3592,2025-04-10,Senegal,Referral,1,1,0,0,0
3593,2025-04-28,United Kingdom,Email,1,1,1,0,0
3594,2025-04-28,United Kingdom,Paid Search,1,0,0,0,0
3595,2025-01-07,Senegal,Organic,1,1,1,1,1
3596,2025-05-27,Spain,Organic,1,0,0,0,0
3597,2025-06-26,France,Social Media,1,1,0,0,0
3598,2025-07-04,United Kingdom,Social Media,1,1,0,0,0
3599,2025-04-18,Spain,Social Media,1,0,0,0,0
3600,2025-09-01,Spain,Email,1,1,1,1,1
3601,2025-12-18,Portugal,Social Media,1,1,1,1,1
3602,2025-09-15,Spain,Social Media,1,0,0,0,0
3603,2025-07-17,Spain,Email,1,1,0,0,0
3604,2025-09-28,Spain,Paid Search,1,0,0,0,0
3605,2025-12-20,Spain,Organic,1,1,0,0,0
3606,2025-09-04,Spain,Paid Search,1,0,0,0,0
3607,2025-02-23,United Kingdom,Referral,1,0,0,0,0
3608,2025-05-10,Germany,Paid Search,1,1,1,0,0
3609,2025-11-03,Spain,Referral,1,0,0,0,0
3610,2025-03-31,United Kingdom,Paid Search,1,0,0,0,0
3611,2025-10-13,Portugal,Paid Search,1,1,1,1,1
3612,2025-02-22,France,Organic,1,0,0,0,0
3613,2025-12-04,Spain,Referral,1,1,0,0,0
3614,2025-03-22,Spain,Paid Search,1,0,0,0,0
3615,2025-09-22,Spain,Organic,1,0,0,0,0
3616,2025-10-13,France,Paid Search,1,1,1,1,1
3617,2025-03-31,Senegal,Organic,1,1,1,1,1
3618,2025-01-24,Senegal,Email,1,0,0,0,0
3619,2025-11-02,Portugal,Email,1,0,0,0,0
3620,2025-12-13,Germany,Referral,1,1,1,0,0
3621,2025-04-07,United Kingdom,Referral,1,0,0,0,0
3622,2025-05-28,Senegal,Paid Search,1,0,0,0,0
3623,2025-05-29,United Kingdom,Paid Search,1,1,1,1,1
3624,2025-09-05,United Kingdom,Referral,1,0,0,0,0
3625,2025-10-09,Portugal,Paid Search,1,1,1,0,0
3626,2025-10-29,United Kingdom,Organic,1,1,1,0,0
3627,2025-01-09,Germany,Referral,1,0,0,0,0
3628,2025-01-02,United Kingdom,Social Media,1,0,0,0,0
3629,2025-10-29,Germany,Referral,1,0,0,0,0
3630,2025-06-19,Senegal,Organic,1,1,0,0,0
3631,2025-12-09,Germany,Referral,1,1,1,0,0
3632,2025-07-21,United Kingdom,Social Media,1,0,0,0,0
3633,2025-12-29,Senegal,Paid Search,1,0,0,0,0
3634,2025-01-01,Germany,Email,1,1,1,0,0
3635,2025-10-30,United Kingdom,Email,1,1,1,1,1
3636,2025-04-10,Germany,Referral,1,1,1,1,1
3637,2025-10-18,Spain,Email,1,1,1,1,1
3638,2025-04-30,Spain,Referral,1,1,1,0,0
3639,2025-03-02,Germany,Email,1,0,0,0,0
3640,2025-12-05,Portugal,Referral,1,0,0,0,0
3641,2025-02-07,United Kingdom,Organic,1,1,1,1,1
3642,2025-02-09,Spain,Referral,1,0,0,0,0
3643,2025-01-12,Portugal,Email,1,1,1,1,1
3644,2025-12-26,United Kingdom,Referral,1,0,0,0,0
3645,2025-11-20,Spain,Email,1,1,0,0,0
3646,2025-07-14,Senegal,Social Media,1,0,0,0,0
3647,2025-10-11,Senegal,Email,1,1,1,1,1
3648,2025-06-21,Spain,Social Media,1,0,0,0,0
3649,2025-03-02,Germany,Referral,1,1,1,0,0
3650,2025-03-12,Germany,Social Media,1,1,1,1,1
3651,2025-11-27,Spain,Paid Search,1,1,1,1,0
3652,2025-08-12,United Kingdom,Paid Search,1,1,1,1,1
3653,2025-02-08,Germany,Organic,1,0,0,0,0
3654,2025-05-16,Portugal,Social Media,1,1,1,0,0
3655,2025-06-27,Portugal,Social Media,1,1,0,0,0
3656,2025-01-24,United Kingdom,Referral,1,0,0,0,0
3657,2025-03-06,Senegal,Email,1,1,0,0,0
3658,2025-07-07,Germany,Organic,1,0,0,0,0
3659,2025-01-10,Portugal,Organic,1,1,1,0,0
3660,2025-06-25,Germany,Social Media,1,0,0,0,0
3661,2025-08-24,France,Paid Search,1,0,0,0,0
3662,2025-05-23,Germany,Paid Search,1,1,0,0,0
3663,2025-11-09,United Kingdom,Social Media,1,1,1,1,0
3664,2025-09-22,France,Paid Search,1,0,0,0,0
3665,2025-08-20,France,Organic,1,1,1,1,0
3666,2025-07-11,Senegal,Referral,1,1,0,0,0
3667,2025-10-15,Portugal,Organic,1,1,1,0,0
3668,2025-11-09,France,Referral,1,0,0,0,0
3669,2025-02-25,Portugal,Organic,1,1,1,0,0
3670,2025-01-23,Portugal,Social Media,1,1,0,0,0
3671,2025-08-14,Senegal,Email,1,1,1,1,0
3672,2025-10-31,United Kingdom,Organic,1,1,1,0,0
3673,2025-12-01,Senegal,Email,1,1,1,0,0
3674,2025-12-24,United Kingdom,Paid Search,1,0,0,0,0
3675,2025-03-14,Spain,Email,1,1,1,1,0
3676,2025-07-31,United Kingdom,Paid Search,1,1,1,1,1
3677,2025-02-15,Spain,Email,1,0,0,0,0
3678,2025-08-31,France,Social Media,1,0,0,0,0
3679,2025-02-12,France,Organic,1,1,1,1,1
3680,2025-12-06,Spain,Referral,1,1,1,1,1
3681,2025-07-04,Germany,Social Media,1,1,0,0,0
3682,2025-05-04,United Kingdom,Paid Search,1,1,1,0,0
3683,2025-10-07,Germany,Organic,1,0,0,0,0
3684,2025-08-18,France,Email,1,1,0,0,0
3685,2025-05-09,United Kingdom,Email,1,1,1,0,0
3686,2025-06-12,France,Referral,1,0,0,0,0
3687,2025-11-19,United Kingdom,Referral,1,0,0,0,0
3688,2025-10-04,Senegal,Social Media,1,1,1,1,1
3689,2025-01-26,Germany,Social Media,1,1,1,1,0
3690,2025-03-23,France,Email,1,1,0,0,0
3691,2025-11-01,Senegal,Email,1,0,0,0,0
3692,2025-06-16,Senegal,Organic,1,1,1,0,0
3693,2025-12-08,Spain,Organic,1,0,0,0,0
3694,2025-02-21,Senegal,Organic,1,1,1,1,1
3695,2025-12-18,Senegal,Paid Search,1,1,1,0,0
3696,2025-12-16,Germany,Organic,1,0,0,0,0
3697,2025-04-01,France,Organic,1,1,1,0,0
3698,2025-06-11,United Kingdom,Organic,1,0,0,0,0
3699,2025-01-01,Senegal,Paid Search,1,1,0,0,0
3700,2025-10-17,United Kingdom,Organic,1,1,0,0,0
3701,2025-12-25,Senegal,Organic,1,1,1,0,0
3702,2025-04-04,United Kingdom,Email,1,1,1,0,0
3703,2025-01-17,Germany,Social Media,1,1,0,0,0
3704,2025-02-21,Germany,Paid Search,1,0,0,0,0
3705,2025-08-26,Spain,Email,1,1,1,0,0
3706,2025-12-12,United Kingdom,Organic,1,0,0,0,0
3707,2025-12-08,Senegal,Organic,1,1,1,0,0
3708,2025-11-15,France,Social Media,1,0,0,0,0
3709,2025-01-07,France,Email,1,1,1,1,1
3710,2025-04-20,Germany,Organic,1,1,1,0,0
3711,2025-02-02,Senegal,Email,1,1,1,1,1
3712,2025-12-01,United Kingdom,Email,1,1,1,1,1
3713,2025-05-05,United Kingdom,Email,1,1,1,1,1
3714,2025-07-28,Germany,Email,1,0,0,0,0
3715,2025-01-07,Portugal,Organic,1,1,1,0,0
3716,2025-10-08,Senegal,Organic,1,1,1,1,1
3717,2025-12-23,France,Referral,1,1,1,1,0
3718,2025-04-22,Portugal,Paid Search,1,1,1,1,0
3719,2025-07-11,France,Organic,1,1,1,1,0
3720,2025-03-22,United Kingdom,Social Media,1,1,1,1,1
3721,2025-09-10,France,Referral,1,1,1,1,1
3722,2025-08-24,Spain,Social Media,1,1,1,1,0
3723,2025-12-26,France,Paid Search,1,0,0,0,0
3724,2025-06-07,United Kingdom,Organic,1,1,1,1,1
3725,2025-08-04,Portugal,Organic,1,1,1,0,0
3726,2025-10-04,Spain,Referral,1,1,1,1,0
3727,2025-02-15,Germany,Referral,1,1,0,0,0
3728,2025-11-12,Senegal,Social Media,1,0,0,0,0
3729,2025-06-21,Germany,Social Media,1,0,0,0,0
3730,2025-10-16,Spain,Email,1,1,0,0,0
3731,2025-04-06,Senegal,Paid Search,1,1,1,1,1
3732,2025-01-24,France,Paid Search,1,1,0,0,0
3733,2025-04-02,Senegal,Paid Search,1,1,1,1,1
3734,2025-08-26,Senegal,Email,1,1,0,0,0
3735,2025-02-28,Senegal,Social Media,1,0,0,0,0
3736,2025-04-26,Portugal,Email,1,1,1,0,0
3737,2025-03-28,Senegal,Email,1,0,0,0,0
3738,2025-03-29,Senegal,Social Media,1,0,0,0,0
3739,2025-09-26,Senegal,Email,1,1,1,1,1
3740,2025-02-18,Germany,Organic,1,0,0,0,0
3741,2025-09-15,Germany,Paid Search,1,1,1,1,1
3742,2025-06-10,Spain,Referral,1,0,0,0,0
3743,2025-08-29,France,Organic,1,1,1,0,0
3744,2025-06-23,France,Referral,1,1,0,0,0
3745,2025-11-06,France,Organic,1,1,1,0,0
3746,2025-09-18,Spain,Referral,1,0,0,0,0
3747,2025-09-18,United Kingdom,Social Media,1,0,0,0,0
3748,2025-06-09,Senegal,Organic,1,0,0,0,0
3749,2025-03-12,France,Referral,1,1,1,1,1
3750,2025-10-02,France,Paid Search,1,1,0,0,0
3751,2025-01-31,United Kingdom,Organic,1,1,1,1,1
3752,2025-03-09,Portugal,Email,1,0,0,0,0
3753,2025-02-03,Germany,Social Media,1,1,1,0,0
3754,2025-12-11,France,Organic,1,1,1,0,0
3755,2025-05-22,Portugal,Paid Search,1,1,1,0,0
3756,2025-09-12,United Kingdom,Paid Search,1,0,0,0,0
3757,2025-02-22,France,Social Media,1,0,0,0,0
3758,2025-01-22,France,Email,1,1,1,1,1
3759,2025-04-11,Senegal,Organic,1,1,0,0,0
3760,2025-04-29,Germany,Referral,1,1,1,1,1
3761,2025-04-25,France,Organic,1,0,0,0,0
3762,2025-11-30,France,Email,1,1,1,0,0
3763,2025-02-07,Germany,Social Media,1,1,1,0,0
3764,2025-03-23,Spain,Email,1,1,0,0,0
3765,2025-01-15,United Kingdom,Paid Search,1,0,0,0,0
3766,2025-10-05,United Kingdom,Organic,1,1,1,1,1
3767,2025-04-14,Senegal,Referral,1,1,1,1,1
3768,2025-07-08,Germany,Referral,1,1,0,0,0
3769,2025-01-21,Germany,Paid Search,1,0,0,0,0
3770,2025-03-20,Senegal,Email,1,1,1,1,1
3771,2025-05-27,United Kingdom,Social Media,1,0,0,0,0
3772,2025-08-14,Germany,Referral,1,0,0,0,0
3773,2025-12-17,United Kingdom,Email,1,0,0,0,0
3774,2025-04-26,Spain,Referral,1,1,1,0,0
3775,2025-03-27,Germany,Paid Search,1,1,1,1,0
3776,2025-03-02,Senegal,Social Media,1,0,0,0,0
3777,2025-05-11,France,Referral,1,0,0,0,0
3778,2025-06-25,Portugal,Email,1,0,0,0,0
3779,2025-05-17,Portugal,Paid Search,1,1,1,1,0
3780,2025-01-21,Spain,Referral,1,0,0,0,0
3781,2025-11-01,Portugal,Email,1,1,1,1,1
3782,2025-06-09,Portugal,Organic,1,0,0,0,0
3783,2025-10-20,Portugal,Referral,1,1,1,1,1
3784,2025-03-10,Portugal,Social Media,1,0,0,0,0
3785,2025-04-06,United Kingdom,Organic,1,1,1,1,0
3786,2025-01-18,Portugal,Paid Search,1,1,1,1,1
3787,2025-09-13,Germany,Organic,1,1,1,1,1
3788,2025-07-19,Portugal,Email,1,0,0,0,0
3789,2025-09-13,United Kingdom,Referral,1,1,1,0,0
3790,2025-05-18,Portugal,Social Media,1,0,0,0,0
3791,2025-07-04,France,Referral,1,1,1,0,0
3792,2025-07-21,Germany,Email,1,0,0,0,0
3793,2025-07-15,Senegal,Referral,1,1,1,1,1
3794,2025-07-09,Senegal,Email,1,0,0,0,0
3795,2025-01-05,Spain,Social Media,1,0,0,0,0
3796,2025-11-13,United Kingdom,Email,1,1,1,0,0
3797,2025-11-02,France,Social Media,1,0,0,0,0
3798,2025-07-10,Spain,Referral,1,1,0,0,0
3799,2025-04-04,Senegal,Paid Search,1,1,0,0,0
3800,2025-05-22,France,Paid Search,1,1,1,0,0
3801,2025-05-17,France,Referral,1,1,0,0,0
3802,2025-01-27,Portugal,Social Media,1,0,0,0,0
3803,2025-10-26,France,Paid Search,1,0,0,0,0
3804,2025-03-22,Germany,Organic,1,1,1,1,1
3805,2025-01-29,Germany,Email,1,1,1,1,1
3806,2025-12-15,Senegal,Organic,1,1,1,1,0
3807,2025-07-02,France,Paid Search,1,0,0,0,0
3808,2025-02-10,United Kingdom,Email,1,1,0,0,0
3809,2025-10-13,United Kingdom,Social Media,1,1,1,0,0
3810,2025-05-24,Portugal,Paid Search,1,1,0,0,0
3811,2025-08-24,United Kingdom,Social Media,1,0,0,0,0
3812,2025-11-30,Portugal,Referral,1,1,1,0,0
3813,2025-03-25,Portugal,Organic,1,0,0,0,0
3814,2025-07-30,United Kingdom,Paid Search,1,1,1,1,1
3815,2025-07-24,Portugal,Social Media,1,1,1,1,1
3816,2025-02-01,Portugal,Organic,1,0,0,0,0
3817,2025-11-19,Portugal,Social Media,1,0,0,0,0
3818,2025-08-13,Spain,Organic,1,1,0,0,0
3819,2025-06-16,Portugal,Email,1,0,0,0,0
3820,2025-01-24,Senegal,Organic,1,0,0,0,0
3821,2025-09-05,Portugal,Paid Search,1,0,0,0,0
3822,2025-02-03,United Kingdom,Paid Search,1,1,1,0,0
3823,2025-03-03,Germany,Organic,1,1,1,1,1
3824,2025-04-22,Germany,Email,1,0,0,0,0
3825,2025-12-22,Senegal,Referral,1,0,0,0,0
3826,2025-01-18,France,Organic,1,1,1,1,1
3827,2025-07-20,France,Organic,1,1,1,0,0
3828,2025-09-06,France,Social Media,1,1,1,0,0
3829,2025-12-04,Portugal,Paid Search,1,0,0,0,0
3830,2025-03-17,France,Paid Search,1,1,0,0,0
3831,2025-08-15,France,Email,1,1,1,0,0
3832,2025-01-01,United Kingdom,Social Media,1,0,0,0,0
3833,2025-12-20,Portugal,Paid Search,1,0,0,0,0
3834,2025-04-26,France,Paid Search,1,1,1,1,1
3835,2025-07-23,Senegal,Organic,1,1,1,1,1
3836,2025-09-12,Senegal,Email,1,0,0,0,0
3837,2025-04-13,Germany,Organic,1,1,1,1,1
3838,2025-11-27,Spain,Paid Search,1,0,0,0,0
3839,2025-10-13,Portugal,Email,1,1,1,1,0
3840,2025-12-08,Portugal,Referral,1,0,0,0,0
3841,2025-05-15,Spain,Social Media,1,0,0,0,0
3842,2025-09-02,France,Social Media,1,1,1,1,0
3843,2025-04-21,Portugal,Paid Search,1,1,1,0,0
3844,2025-01-09,Portugal,Organic,1,0,0,0,0
3845,2025-05-30,United Kingdom,Paid Search,1,1,0,0,0
3846,2025-10-17,France,Paid Search,1,1,0,0,0
3847,2025-07-27,Senegal,Referral,1,1,0,0,0
3848,2025-06-22,France,Social Media,1,0,0,0,0
3849,2025-07-19,France,Referral,1,0,0,0,0
3850,2025-05-06,Senegal,Organic,1,1,1,0,0
3851,2025-09-09,United Kingdom,Organic,1,0,0,0,0
3852,2025-01-04,Germany,Social Media,1,1,1,1,1
3853,2025-10-15,United Kingdom,Paid Search,1,1,1,1,1
3854,2025-07-25,Portugal,Organic,1,1,1,1,1
3855,2025-08-31,Portugal,Social Media,1,1,1,1,1
3856,2025-07-05,United Kingdom,Social Media,1,1,0,0,0
3857,2025-11-17,Portugal,Organic,1,1,1,0,0
3858,2025-02-06,Senegal,Email,1,0,0,0,0
3859,2025-12-11,United Kingdom,Social Media,1,1,1,0,0
3860,2025-02-16,Spain,Referral,1,1,1,1,1
3861,2025-07-03,France,Organic,1,1,1,1,1
3862,2025-08-11,France,Organic,1,1,0,0,0
3863,2025-09-12,Senegal,Paid Search,1,0,0,0,0
3864,2025-02-15,France,Social Media,1,1,1,1,1
3865,2025-11-14,Germany,Referral,1,1,1,1,1
3866,2025-09-25,Germany,Paid Search,1,1,1,0,0
3867,2025-04-29,Senegal,Email,1,0,0,0,0
3868,2025-04-05,France,Referral,1,0,0,0,0
3869,2025-12-12,Senegal,Referral,1,0,0,0,0
3870,2025-12-23,Spain,Email,1,1,1,1,1
3871,2025-11-23,France,Email,1,0,0,0,0
3872,2025-12-24,Portugal,Social Media,1,1,1,0,0
3873,2025-07-15,United Kingdom,Social Media,1,1,0,0,0
3874,2025-12-11,Portugal,Email,1,1,1,1,1
3875,2025-03-03,Spain,Organic,1,1,1,1,0
3876,2025-05-20,United Kingdom,Email,1,1,0,0,0
3877,2025-05-26,Germany,Organic,1,0,0,0,0
3878,2025-01-01,France,Referral,1,0,0,0,0
3879,2025-08-26,Germany,Social Media,1,1,1,1,1
3880,2025-10-21,Germany,Email,1,1,1,0,0
3881,2025-08-03,France,Referral,1,0,0,0,0
3882,2025-08-07,Portugal,Organic,1,1,1,1,1
3883,2025-06-11,Portugal,Paid Search,1,1,1,0,0
3884,2025-05-20,Spain,Referral,1,1,0,0,0
3885,2025-08-14,Senegal,Organic,1,0,0,0,0
3886,2025-10-17,Portugal,Social Media,1,1,1,1,1
3887,2025-12-22,United Kingdom,Email,1,1,1,1,1
3888,2025-09-28,France,Referral,1,1,1,1,0
3889,2025-06-10,Spain,Social Media,1,0,0,0,0
3890,2025-11-14,Spain,Email,1,0,0,0,0
3891,2025-11-10,Germany,Social Media,1,0,0,0,0
3892,2025-07-31,Portugal,Referral,1,1,0,0,0
3893,2025-05-15,United Kingdom,Paid Search,1,1,1,1,0
3894,2025-11-10,Senegal,Referral,1,1,1,1,1
3895,2025-12-28,United Kingdom,Social Media,1,1,1,1,1
3896,2025-07-29,United Kingdom,Organic,1,1,1,0,0
3897,2025-10-15,France,Paid Search,1,1,1,1,1
3898,2025-09-02,Portugal,Paid Search,1,0,0,0,0
3899,2025-12-09,Spain,Email,1,1,0,0,0
3900,2025-02-21,France,Paid Search,1,1,1,0,0
3901,2025-10-20,Germany,Paid Search,1,1,1,0,0
3902,2025-01-23,Germany,Social Media,1,1,0,0,0
3903,2025-06-28,France,Social Media,1,1,0,0,0
3904,2025-07-09,United Kingdom,Referral,1,0,0,0,0
3905,2025-03-09,France,Organic,1,1,1,1,1
3906,2025-06-05,Germany,Organic,1,1,1,1,0
3907,2025-03-14,Portugal,Social Media,1,1,0,0,0
3908,2025-04-15,Portugal,Referral,1,1,1,1,1
3909,2025-07-20,France,Social Media,1,1,1,0,0
3910,2025-01-02,Spain,Referral,1,0,0,0,0
3911,2025-02-10,Spain,Email,1,1,1,0,0
3912,2025-10-10,United Kingdom,Paid Search,1,1,1,1,1
3913,2025-04-25,Spain,Email,1,1,0,0,0
3914,2025-06-01,France,Paid Search,1,0,0,0,0
3915,2025-03-22,Portugal,Paid Search,1,1,1,1,1
3916,2025-05-16,Germany,Paid Search,1,0,0,0,0
3917,2025-01-10,United Kingdom,Paid Search,1,0,0,0,0
3918,2025-10-24,Germany,Email,1,0,0,0,0
3919,2025-12-12,Portugal,Referral,1,0,0,0,0
3920,2025-10-04,Senegal,Organic,1,1,0,0,0
3921,2025-11-30,United Kingdom,Paid Search,1,1,1,0,0
3922,2025-01-26,France,Organic,1,1,0,0,0
3923,2025-08-13,United Kingdom,Organic,1,1,1,1,1
3924,2025-06-13,Senegal,Paid Search,1,1,0,0,0
3925,2025-07-07,Senegal,Paid Search,1,1,1,0,0
3926,2025-08-05,Germany,Social Media,1,1,0,0,0
3927,2025-03-23,France,Paid Search,1,1,0,0,0
3928,2025-11-16,France,Organic,1,1,1,1,0
3929,2025-04-21,France,Organic,1,1,1,1,1
3930,2025-02-04,Portugal,Organic,1,0,0,0,0
3931,2025-08-08,Germany,Social Media,1,0,0,0,0
3932,2025-01-06,Germany,Referral,1,1,1,0,0
3933,2025-06-11,France,Organic,1,1,1,1,1
3934,2025-03-30,France,Email,1,1,1,1,1
3935,2025-04-21,United Kingdom,Paid Search,1,1,1,1,0
3936,2025-10-25,Portugal,Organic,1,1,1,0,0
3937,2025-12-05,France,Social Media,1,1,1,1,0
3938,2025-07-31,United Kingdom,Email,1,1,0,0,0
3939,2025-02-22,Germany,Referral,1,1,1,1,1
3940,2025-11-04,France,Social Media,1,1,1,1,1
3941,2025-08-14,France,Referral,1,1,1,0,0
3942,2025-02-02,France,Paid Search,1,1,1,0,0
3943,2025-12-19,United Kingdom,Referral,1,1,1,0,0
3944,2025-09-17,Portugal,Paid Search,1,0,0,0,0
3945,2025-09-06,France,Paid Search,1,1,0,0,0
3946,2025-02-09,France,Organic,1,1,1,1,1
3947,2025-09-20,Senegal,Paid Search,1,0,0,0,0
3948,2025-12-19,Spain,Referral,1,0,0,0,0
3949,2025-11-11,Senegal,Organic,1,1,1,0,0
3950,2025-05-30,Portugal,Organic,1,0,0,0,0
3951,2025-04-26,Spain,Paid Search,1,1,1,0,0
3952,2025-05-09,Portugal,Social Media,1,1,1,0,0
3953,2025-02-26,Germany,Organic,1,1,1,1,1
3954,2025-05-11,France,Paid Search,1,1,1,1,0
3955,2025-03-18,France,Organic,1,1,1,1,0
3956,2025-10-30,Portugal,Referral,1,0,0,0,0
3957,2025-04-09,France,Organic,1,0,0,0,0
3958,2025-04-11,France,Social Media,1,1,1,0,0
3959,2025-01-10,United Kingdom,Email,1,0,0,0,0
3960,2025-09-13,Spain,Email,1,1,1,1,1
3961,2025-03-27,Senegal,Social Media,1,1,1,1,1
3962,2025-11-10,United Kingdom,Paid Search,1,0,0,0,0
3963,2025-08-18,Germany,Social Media,1,1,0,0,0
3964,2025-07-23,Germany,Paid Search,1,1,0,0,0
3965,2025-06-12,Germany,Paid Search,1,1,1,1,1
3966,2025-03-29,France,Social Media,1,1,1,1,1
3967,2025-10-05,Senegal,Paid Search,1,0,0,0,0
3968,2025-03-10,Senegal,Social Media,1,1,0,0,0
3969,2025-03-19,Spain,Social Media,1,1,1,0,0
3970,2025-07-30,France,Organic,1,1,1,0,0
3971,2025-12-25,Spain,Referral,1,1,1,0,0
3972,2025-03-20,Portugal,Referral,1,1,1,1,1
3973,2025-04-03,Senegal,Referral,1,1,1,1,1
3974,2025-11-27,Portugal,Email,1,1,1,0,0
3975,2025-04-25,Portugal,Email,1,0,0,0,0
3976,2025-01-21,Senegal,Social Media,1,1,0,0,0
3977,2025-04-25,Portugal,Paid Search,1,1,1,1,1
3978,2025-03-30,Senegal,Social Media,1,0,0,0,0
3979,2025-09-19,Portugal,Organic,1,0,0,0,0
3980,2025-10-03,France,Referral,1,1,1,0,0
3981,2025-06-02,Senegal,Organic,1,0,0,0,0
3982,2025-02-26,Spain,Social Media,1,1,1,1,0
3983,2025-03-10,Portugal,Organic,1,1,1,1,1
3984,2025-09-12,Germany,Email,1,1,0,0,0
3985,2025-09-24,United Kingdom,Referral,1,1,1,0,0
3986,2025-06-09,Portugal,Organic,1,1,1,1,1
3987,2025-02-27,Spain,Paid Search,1,0,0,0,0
3988,2025-08-12,France,Paid Search,1,1,1,1,1
3989,2025-05-26,France,Email,1,1,1,0,0
3990,2025-05-25,Portugal,Referral,1,0,0,0,0
3991,2025-10-18,Portugal,Organic,1,1,0,0,0
3992,2025-08-17,France,Referral,1,1,1,0,0
3993,2025-10-22,Portugal,Email,1,1,1,0,0
3994,2025-02-26,Portugal,Email,1,1,1,1,1
3995,2025-12-19,Portugal,Paid Search,1,0,0,0,0
3996,2025-02-01,Senegal,Social Media,1,0,0,0,0
3997,2025-03-24,Spain,Social Media,1,1,1,0,0
3998,2025-01-02,United Kingdom,Organic,1,1,1,1,1
3999,2025-05-01,Spain,Organic,1,0,0,0,0
4000,2025-10-11,Portugal,Paid Search,1,0,0,0,0
4001,2025-11-12,France,Email,1,0,0,0,0
4002,2025-02-01,Senegal,Referral,1,1,1,1,1
4003,2025-08-12,France,Paid Search,1,1,1,0,0
4004,2025-09-14,Spain,Referral,1,0,0,0,0
4005,2025-04-15,France,Referral,1,1,1,1,1
4006,2025-11-20,Spain,Referral,1,1,1,1,1
4007,2025-02-25,Senegal,Organic,1,1,1,0,0
4008,2025-04-13,France,Email,1,1,1,0,0
4009,2025-04-25,United Kingdom,Paid Search,1,1,1,0,0
4010,2025-09-28,Germany,Social Media,1,0,0,0,0
4011,2025-12-25,Senegal,Referral,1,0,0,0,0
4012,2025-09-04,Germany,Referral,1,1,1,0,0
4013,2025-07-09,Spain,Paid Search,1,1,0,0,0
4014,2025-10-03,Spain,Organic,1,0,0,0,0
4015,2025-05-17,France,Organic,1,1,1,1,1
4016,2025-08-24,Spain,Organic,1,1,1,1,1
4017,2025-05-07,Spain,Social Media,1,1,1,0,0
4018,2025-01-09,Portugal,Paid Search,1,0,0,0,0
4019,2025-07-12,United Kingdom,Referral,1,1,0,0,0
4020,2025-11-10,United Kingdom,Email,1,0,0,0,0
4021,2025-03-12,United Kingdom,Referral,1,1,1,1,0
4022,2025-03-25,United Kingdom,Social Media,1,1,1,1,1
4023,2025-08-16,Portugal,Social Media,1,0,0,0,0
4024,2025-10-24,Spain,Organic,1,1,1,1,1
4025,2025-08-05,Spain,Social Media,1,1,1,0,0
4026,2025-09-06,Senegal,Email,1,1,0,0,0
4027,2025-08-23,United Kingdom,Referral,1,1,1,0,0
4028,2025-10-20,United Kingdom,Referral,1,1,0,0,0
4029,2025-04-10,Spain,Email,1,0,0,0,0
4030,2025-02-27,Germany,Referral,1,1,0,0,0
4031,2025-09-23,Portugal,Social Media,1,1,1,1,1
4032,2025-07-14,United Kingdom,Email,1,1,1,1,1
4033,2025-03-27,Portugal,Email,1,0,0,0,0
4034,2025-01-06,United Kingdom,Paid Search,1,1,0,0,0
4035,2025-01-17,France,Referral,1,1,1,1,1
4036,2025-11-05,Senegal,Organic,1,0,0,0,0
4037,2025-04-02,United Kingdom,Email,1,0,0,0,0
4038,2025-07-03,Spain,Organic,1,0,0,0,0
4039,2025-01-01,Spain,Email,1,1,1,0,0
4040,2025-01-22,United Kingdom,Referral,1,1,0,0,0
4041,2025-10-10,France,Email,1,1,1,0,0
4042,2025-02-24,Spain,Social Media,1,1,0,0,0
4043,2025-01-08,France,Referral,1,0,0,0,0
4044,2025-01-07,Senegal,Organic,1,1,1,0,0
4045,2025-12-14,Germany,Organic,1,1,0,0,0
4046,2025-11-02,United Kingdom,Paid Search,1,1,0,0,0
4047,2025-07-03,Germany,Social Media,1,1,1,1,0
4048,2025-10-05,Portugal,Social Media,1,1,1,1,1
4049,2025-01-10,Portugal,Organic,1,1,1,0,0
4050,2025-01-18,Senegal,Organic,1,1,1,1,1
4051,2025-01-25,France,Social Media,1,0,0,0,0
4052,2025-06-05,United Kingdom,Paid Search,1,1,0,0,0
4053,2025-07-21,Germany,Social Media,1,0,0,0,0
4054,2025-08-05,Spain,Referral,1,0,0,0,0
4055,2025-07-11,France,Social Media,1,0,0,0,0
4056,2025-07-13,France,Paid Search,1,1,0,0,0
4057,2025-11-09,Spain,Referral,1,0,0,0,0
4058,2025-03-12,United Kingdom,Referral,1,0,0,0,0
4059,2025-04-05,France,Organic,1,1,1,1,1
4060,2025-12-04,United Kingdom,Referral,1,0,0,0,0
4061,2025-05-13,Germany,Social Media,1,1,1,1,1
4062,2025-06-16,United Kingdom,Email,1,1,1,1,0
4063,2025-04-29,Spain,Paid Search,1,1,1,1,1
4064,2025-06-20,Portugal,Social Media,1,1,1,0,0
4065,2025-11-02,Senegal,Organic,1,0,0,0,0
4066,2025-07-21,France,Paid Search,1,0,0,0,0
4067,2025-02-04,Portugal,Referral,1,1,0,0,0
4068,2025-03-15,Portugal,Referral,1,1,1,1,1
4069,2025-05-07,Spain,Social Media,1,1,1,1,1
4070,2025-04-03,Spain,Social Media,1,1,0,0,0
4071,2025-03-13,Portugal,Social Media,1,1,1,1,1
4072,2025-11-11,Senegal,Referral,1,1,1,1,0
4073,2025-01-25,United Kingdom,Social Media,1,1,1,1,1
4074,2025-04-28,United Kingdom,Paid Search,1,1,1,1,1
4075,2025-06-01,Senegal,Referral,1,1,1,0,0
4076,2025-10-20,Germany,Paid Search,1,1,0,0,0
4077,2025-11-05,France,Organic,1,1,1,1,1
4078,2025-03-05,Spain,Paid Search,1,1,0,0,0
4079,2025-02-05,Portugal,Paid Search,1,1,1,0,0
4080,2025-04-04,Germany,Organic,1,1,1,0,0
4081,2025-10-13,Senegal,Social Media,1,0,0,0,0
4082,2025-09-03,Spain,Referral,1,1,1,1,1
4083,2025-12-17,Senegal,Social Media,1,1,1,1,1
4084,2025-12-05,France,Social Media,1,0,0,0,0
4085,2025-09-05,Spain,Organic,1,1,1,1,1
4086,2025-09-02,France,Social Media,1,1,1,1,1
4087,2025-07-13,France,Email,1,0,0,0,0
4088,2025-10-29,Senegal,Social Media,1,1,0,0,0
4089,2025-03-11,Spain,Email,1,1,0,0,0
4090,2025-11-19,Germany,Social Media,1,0,0,0,0
4091,2025-06-24,Senegal,Email,1,1,1,1,1
4092,2025-01-25,Spain,Email,1,1,1,1,1
4093,2025-04-30,Portugal,Social Media,1,1,1,1,1
4094,2025-09-25,United Kingdom,Social Media,1,1,1,1,0
4095,2025-09-22,United Kingdom,Email,1,0,0,0,0
4096,2025-12-10,Spain,Referral,1,1,1,1,0
4097,2025-09-09,United Kingdom,Email,1,1,1,0,0
4098,2025-02-26,Spain,Organic,1,1,1,0,0
4099,2025-08-25,Portugal,Email,1,1,0,0,0
4100,2025-11-20,Senegal,Paid Search,1,1,1,0,0
4101,2025-08-20,Senegal,Referral,1,1,1,1,1
4102,2025-05-15,United Kingdom,Organic,1,0,0,0,0
4103,2025-04-16,Germany,Referral,1,0,0,0,0
4104,2025-03-23,Spain,Referral,1,0,0,0,0
4105,2025-02-23,Senegal,Paid Search,1,0,0,0,0
4106,2025-11-23,Senegal,Paid Search,1,1,1,1,1
4107,2025-02-11,Spain,Paid Search,1,1,0,0,0
4108,2025-10-03,Senegal,Social Media,1,0,0,0,0
4109,2025-06-22,Spain,Organic,1,0,0,0,0
4110,2025-01-12,Portugal,Email,1,0,0,0,0
4111,2025-10-21,Portugal,Paid Search,1,0,0,0,0
4112,2025-08-16,Germany,Email,1,1,1,1,1
4113,2025-08-05,Spain,Paid Search,1,1,0,0,0
4114,2025-02-15,Portugal,Social Media,1,0,0,0,0
4115,2025-10-03,Senegal,Referral,1,0,0,0,0
4116,2025-01-07,Portugal,Social Media,1,1,1,1,1
4117,2025-03-04,Spain,Paid Search,1,0,0,0,0
4118,2025-02-10,Senegal,Paid Search,1,0,0,0,0
4119,2025-09-30,France,Email,1,0,0,0,0
4120,2025-06-07,France,Social Media,1,1,1,1,1
4121,2025-12-20,Spain,Social Media,1,0,0,0,0
4122,2025-02-21,Spain,Organic,1,1,1,0,0
4123,2025-06-03,France,Referral,1,1,1,1,1
4124,2025-09-29,Germany,Paid Search,1,1,1,0,0
4125,2025-02-10,France,Social Media,1,1,1,1,1
4126,2025-05-04,Spain,Organic,1,0,0,0,0
4127,2025-11-17,United Kingdom,Email,1,1,0,0,0
4128,2025-08-09,Senegal,Social Media,1,1,1,0,0
4129,2025-02-14,Portugal,Social Media,1,0,0,0,0
4130,2025-07-12,France,Email,1,1,1,1,0
4131,2025-02-21,Germany,Social Media,1,1,0,0,0
4132,2025-11-11,Senegal,Paid Search,1,0,0,0,0
4133,2025-05-03,Germany,Referral,1,1,1,1,1
4134,2025-11-29,Germany,Referral,1,1,0,0,0
4135,2025-06-01,France,Email,1,1,0,0,0
4136,2025-05-12,Senegal,Referral,1,1,0,0,0
4137,2025-11-16,Portugal,Referral,1,0,0,0,0
4138,2025-06-15,Portugal,Paid Search,1,1,0,0,0
4139,2025-11-22,United Kingdom,Referral,1,0,0,0,0
4140,2025-01-22,United Kingdom,Organic,1,1,1,1,1
4141,2025-04-20,Senegal,Social Media,1,1,1,1,0
4142,2025-09-18,Senegal,Social Media,1,1,1,1,1
4143,2025-10-24,France,Email,1,1,1,1,1
4144,2025-01-23,Germany,Referral,1,1,1,0,0
4145,2025-12-04,Spain,Organic,1,1,1,1,0
4146,2025-11-11,Spain,Referral,1,0,0,0,0
4147,2025-06-13,United Kingdom,Organic,1,0,0,0,0
4148,2025-05-02,United Kingdom,Email,1,0,0,0,0
4149,2025-08-21,France,Referral,1,1,1,1,1
4150,2025-08-06,Spain,Email,1,0,0,0,0
4151,2025-02-24,Germany,Social Media,1,0,0,0,0
4152,2025-01-18,France,Social Media,1,0,0,0,0
4153,2025-10-30,Spain,Email,1,0,0,0,0
4154,2025-09-17,Germany,Paid Search,1,1,1,0,0
4155,2025-09-20,France,Paid Search,1,1,1,1,1
4156,2025-05-09,Senegal,Paid Search,1,0,0,0,0
4157,2025-11-06,Senegal,Email,1,0,0,0,0
4158,2025-06-28,France,Email,1,0,0,0,0
4159,2025-08-03,Senegal,Paid Search,1,1,1,1,1
4160,2025-01-21,United Kingdom,Organic,1,0,0,0,0
4161,2025-03-29,France,Organic,1,1,1,1,1
4162,2025-01-04,United Kingdom,Social Media,1,1,1,0,0
4163,2025-12-20,Spain,Social Media,1,1,1,1,0
4164,2025-05-03,Spain,Organic,1,1,1,0,0
4165,2025-02-20,Portugal,Paid Search,1,1,1,0,0
4166,2025-01-15,Spain,Email,1,1,1,0,0
4167,2025-10-22,Germany,Paid Search,1,1,1,0,0
4168,2025-06-02,France,Paid Search,1,1,1,0,0
4169,2025-11-27,Portugal,Paid Search,1,1,1,1,1
4170,2025-01-19,France,Social Media,1,1,1,0,0
4171,2025-04-21,Senegal,Referral,1,1,1,1,1
4172,2025-01-29,France,Organic,1,1,1,0,0
4173,2025-07-20,Germany,Paid Search,1,1,1,1,1
4174,2025-01-16,Senegal,Social Media,1,1,1,1,1
4175,2025-05-05,France,Social Media,1,0,0,0,0
4176,2025-10-16,Senegal,Organic,1,0,0,0,0
4177,2025-04-21,Spain,Referral,1,1,0,0,0
4178,2025-01-18,Portugal,Referral,1,1,1,1,0
4179,2025-10-17,Senegal,Email,1,1,1,1,1
4180,2025-03-03,Senegal,Social Media,1,1,0,0,0
4181,2025-05-24,Portugal,Referral,1,0,0,0,0
4182,2025-09-11,Senegal,Email,1,1,0,0,0
4183,2025-02-05,Germany,Organic,1,1,1,1,0
4184,2025-03-16,France,Social Media,1,1,0,0,0
4185,2025-03-09,France,Social Media,1,1,1,1,1
4186,2025-04-20,Spain,Social Media,1,0,0,0,0
4187,2025-03-14,Portugal,Organic,1,1,1,0,0
4188,2025-08-31,France,Referral,1,1,1,1,1
4189,2025-06-30,United Kingdom,Organic,1,1,1,1,1
4190,2025-11-05,United Kingdom,Email,1,1,0,0,0
4191,2025-03-10,United Kingdom,Social Media,1,0,0,0,0
4192,2025-07-03,Spain,Email,1,1,1,1,1
4193,2025-12-08,Senegal,Social Media,1,0,0,0,0
4194,2025-10-02,Spain,Organic,1,1,1,0,0
4195,2025-12-26,United Kingdom,Email,1,0,0,0,0
4196,2025-07-31,United Kingdom,Referral,1,1,0,0,0
4197,2025-09-21,Portugal,Referral,1,1,1,0,0
4198,2025-01-05,Spain,Email,1,1,1,1,1
4199,2025-08-13,Portugal,Email,1,0,0,0,0
4200,2025-10-17,Senegal,Email,1,1,1,0,0
4201,2025-03-08,Senegal,Referral,1,1,1,1,1
4202,2025-09-28,France,Referral,1,1,1,1,1
4203,2025-06-16,France,Social Media,1,1,1,1,0
4204,2025-01-21,Spain,Paid Search,1,1,1,1,1
4205,2025-08-10,France,Paid Search,1,0,0,0,0
4206,2025-01-05,France,Organic,1,0,0,0,0
4207,2025-04-13,Portugal,Referral,1,0,0,0,0
4208,2025-03-17,Senegal,Social Media,1,0,0,0,0
4209,2025-01-01,France,Paid Search,1,1,1,1,1
4210,2025-05-30,Portugal,Referral,1,1,1,0,0
4211,2025-01-02,Spain,Email,1,1,0,0,0
4212,2025-02-16,Senegal,Social Media,1,1,0,0,0
4213,2025-01-12,Spain,Organic,1,1,0,0,0
4214,2025-11-18,France,Paid Search,1,1,1,0,0
4215,2025-10-25,Portugal,Email,1,0,0,0,0
4216,2025-10-23,Portugal,Referral,1,0,0,0,0
4217,2025-11-13,Senegal,Referral,1,1,0,0,0
4218,2025-06-22,United Kingdom,Email,1,0,0,0,0
4219,2025-02-12,Spain,Referral,1,1,1,1,1
4220,2025-11-02,Spain,Email,1,1,1,1,0
4221,2025-05-06,Germany,Organic,1,0,0,0,0
4222,2025-09-25,Senegal,Social Media,1,1,1,0,0
4223,2025-12-22,United Kingdom,Social Media,1,1,0,0,0
4224,2025-06-08,France,Organic,1,1,1,0,0
4225,2025-01-07,Senegal,Social Media,1,1,0,0,0
4226,2025-05-23,Germany,Referral,1,1,1,0,0
4227,2025-11-07,Spain,Social Media,1,1,0,0,0
4228,2025-05-20,Germany,Referral,1,1,1,1,1
4229,2025-05-17,Portugal,Organic,1,0,0,0,0
4230,2025-12-28,Spain,Organic,1,0,0,0,0
4231,2025-03-19,France,Paid Search,1,1,1,0,0
4232,2025-01-01,France,Referral,1,1,1,1,1
4233,2025-05-15,Portugal,Social Media,1,0,0,0,0
4234,2025-08-28,France,Social Media,1,1,1,1,0
4235,2025-04-24,United Kingdom,Referral,1,1,1,1,1
4236,2025-10-14,France,Email,1,0,0,0,0
4237,2025-02-24,Spain,Organic,1,0,0,0,0
4238,2025-02-05,Portugal,Paid Search,1,0,0,0,0
4239,2025-06-17,United Kingdom,Email,1,1,1,0,0
4240,2025-02-28,Senegal,Organic,1,1,1,1,1
4241,2025-01-13,Senegal,Organic,1,1,1,1,1
4242,2025-02-15,Portugal,Paid Search,1,1,0,0,0
4243,2025-10-18,Portugal,Referral,1,1,1,1,0
4244,2025-09-30,Portugal,Social Media,1,1,1,1,1
4245,2025-05-13,United Kingdom,Referral,1,0,0,0,0
4246,2025-06-06,Portugal,Paid Search,1,0,0,0,0
4247,2025-08-14,Germany,Paid Search,1,0,0,0,0
4248,2025-06-03,Germany,Organic,1,1,1,1,1
4249,2025-11-17,France,Social Media,1,1,1,1,1
4250,2025-08-04,Senegal,Referral,1,0,0,0,0
4251,2025-10-01,France,Paid Search,1,0,0,0,0
4252,2025-02-21,Portugal,Paid Search,1,0,0,0,0
4253,2025-12-09,France,Referral,1,1,1,1,1
4254,2025-07-18,United Kingdom,Referral,1,0,0,0,0
4255,2025-03-08,United Kingdom,Organic,1,0,0,0,0
4256,2025-11-15,Germany,Referral,1,0,0,0,0
4257,2025-08-15,Spain,Social Media,1,0,0,0,0
4258,2025-05-31,Germany,Referral,1,0,0,0,0
4259,2025-12-06,France,Email,1,1,1,1,1
4260,2025-02-25,Spain,Social Media,1,1,1,1,1
4261,2025-05-01,United Kingdom,Social Media,1,0,0,0,0
4262,2025-06-07,Senegal,Social Media,1,0,0,0,0
4263,2025-07-13,Spain,Paid Search,1,0,0,0,0
4264,2025-03-19,Senegal,Social Media,1,0,0,0,0
4265,2025-08-10,United Kingdom,Email,1,0,0,0,0
4266,2025-07-02,France,Social Media,1,1,0,0,0
4267,2025-01-09,Germany,Social Media,1,0,0,0,0
4268,2025-11-26,Senegal,Organic,1,1,1,1,1
4269,2025-10-09,Senegal,Email,1,1,1,0,0
4270,2025-08-08,France,Social Media,1,1,1,0,0
4271,2025-09-14,Spain,Paid Search,1,0,0,0,0
4272,2025-09-28,Spain,Social Media,1,1,1,1,1
4273,2025-05-13,Senegal,Social Media,1,0,0,0,0
4274,2025-02-21,Senegal,Paid Search,1,1,0,0,0
4275,2025-07-09,United Kingdom,Paid Search,1,0,0,0,0
4276,2025-05-23,Senegal,Paid Search,1,1,1,0,0
4277,2025-01-27,United Kingdom,Email,1,0,0,0,0
4278,2025-09-28,Germany,Organic,1,0,0,0,0
4279,2025-05-03,Germany,Paid Search,1,1,1,0,0
4280,2025-07-17,Senegal,Organic,1,1,1,0,0
4281,2025-02-23,Spain,Referral,1,1,1,0,0
4282,2025-01-26,Senegal,Organic,1,0,0,0,0
4283,2025-01-17,Senegal,Paid Search,1,1,0,0,0
4284,2025-03-01,France,Organic,1,0,0,0,0
4285,2025-09-12,Portugal,Organic,1,1,1,0,0
4286,2025-08-01,Senegal,Organic,1,0,0,0,0
4287,2025-07-18,France,Social Media,1,0,0,0,0
4288,2025-11-12,Senegal,Email,1,1,1,1,0
4289,2025-08-27,Spain,Social Media,1,0,0,0,0
4290,2025-01-05,Portugal,Organic,1,1,0,0,0
4291,2025-06-24,France,Social Media,1,1,1,1,0
4292,2025-10-13,Spain,Referral,1,1,1,1,1
4293,2025-01-29,Portugal,Paid Search,1,1,0,0,0
4294,2025-02-24,Germany,Organic,1,1,1,0,0
4295,2025-08-29,France,Paid Search,1,0,0,0,0
4296,2025-12-13,Spain,Email,1,1,1,1,1
4297,2025-10-02,France,Referral,1,1,1,1,1
4298,2025-02-24,Senegal,Paid Search,1,0,0,0,0
4299,2025-10-08,Senegal,Email,1,1,1,0,0
4300,2025-09-14,Senegal,Organic,1,1,1,0,0
4301,2025-04-10,France,Paid Search,1,0,0,0,0
4302,2025-04-06,France,Organic,1,1,1,0,0
4303,2025-11-05,Portugal,Referral,1,1,0,0,0
4304,2025-05-13,Germany,Referral,1,1,0,0,0
4305,2025-12-16,Portugal,Social Media,1,1,1,1,1
4306,2025-07-06,Portugal,Paid Search,1,1,1,1,1
4307,2025-06-02,France,Referral,1,1,1,1,1
4308,2025-01-24,Portugal,Email,1,0,0,0,0
4309,2025-03-22,United Kingdom,Paid Search,1,0,0,0,0
4310,2025-12-22,Senegal,Email,1,1,1,1,1
4311,2025-05-30,Spain,Organic,1,1,1,0,0
4312,2025-08-06,Spain,Organic,1,0,0,0,0
4313,2025-06-11,France,Organic,1,1,1,1,1
4314,2025-07-06,Portugal,Email,1,0,0,0,0
4315,2025-12-24,United Kingdom,Referral,1,0,0,0,0
4316,2025-05-06,France,Email,1,0,0,0,0
4317,2025-04-30,United Kingdom,Email,1,1,1,1,1
4318,2025-05-22,Germany,Referral,1,1,0,0,0
4319,2025-09-09,Spain,Email,1,0,0,0,0
4320,2025-03-04,United Kingdom,Referral,1,1,1,0,0
4321,2025-02-26,France,Email,1,0,0,0,0
4322,2025-08-18,Germany,Social Media,1,0,0,0,0
4323,2025-03-10,France,Email,1,1,1,1,1
4324,2025-05-13,France,Referral,1,0,0,0,0
4325,2025-11-24,Senegal,Email,1,1,1,1,1
4326,2025-05-30,Germany,Social Media,1,0,0,0,0
4327,2025-08-05,Germany,Referral,1,1,1,1,1
4328,2025-04-15,Senegal,Email,1,1,1,0,0
4329,2025-11-30,Germany,Email,1,0,0,0,0
4330,2025-04-28,Germany,Organic,1,1,1,1,1
4331,2025-01-09,France,Referral,1,1,1,1,0
4332,2025-12-28,Germany,Paid Search,1,1,1,1,1
4333,2025-07-21,Portugal,Email,1,1,1,1,1
4334,2025-06-03,Senegal,Referral,1,1,1,1,1
4335,2025-07-13,Portugal,Paid Search,1,1,0,0,0
4336,2025-12-28,France,Social Media,1,1,1,0,0
4337,2025-09-01,Germany,Paid Search,1,1,1,0,0
4338,2025-08-09,Portugal,Email,1,0,0,0,0
4339,2025-11-07,Senegal,Referral,1,0,0,0,0
4340,2025-12-22,Senegal,Social Media,1,1,0,0,0
4341,2025-07-21,Spain,Paid Search,1,1,1,0,0
4342,2025-05-01,United Kingdom,Organic,1,1,1,1,0
4343,2025-03-16,Germany,Paid Search,1,1,1,0,0
4344,2025-06-17,Spain,Referral,1,1,1,1,1
4345,2025-12-02,Portugal,Social Media,1,1,1,1,1
4346,2025-08-26,Germany,Social Media,1,1,1,0,0
4347,2025-10-28,Portugal,Organic,1,1,0,0,0
4348,2025-05-13,France,Paid Search,1,1,0,0,0
4349,2025-03-08,Germany,Paid Search,1,1,1,1,1
4350,2025-09-04,Senegal,Organic,1,0,0,0,0
4351,2025-08-26,United Kingdom,Referral,1,1,1,1,1
4352,2025-01-30,United Kingdom,Paid Search,1,1,1,1,1
4353,2025-10-10,Germany,Email,1,1,1,1,1
4354,2025-08-06,Spain,Organic,1,1,0,0,0
4355,2025-04-02,France,Organic,1,0,0,0,0
4356,2025-07-31,Spain,Email,1,1,0,0,0
4357,2025-05-17,France,Referral,1,1,0,0,0
4358,2025-02-01,Germany,Email,1,1,1,1,0
4359,2025-01-10,France,Organic,1,1,1,0,0
4360,2025-01-21,United Kingdom,Organic,1,0,0,0,0
4361,2025-05-30,Spain,Paid Search,1,1,1,1,1
4362,2025-05-24,Germany,Email,1,1,1,0,0
4363,2025-03-23,Spain,Social Media,1,0,0,0,0
4364,2025-08-10,France,Email,1,1,1,1,1
4365,2025-06-16,United Kingdom,Organic,1,1,1,0,0
4366,2025-10-09,United Kingdom,Organic,1,0,0,0,0
4367,2025-04-23,Portugal,Email,1,1,1,1,1
4368,2025-04-03,Spain,Organic,1,1,1,0,0
4369,2025-04-24,United Kingdom,Organic,1,1,0,0,0
4370,2025-08-08,Senegal,Paid Search,1,0,0,0,0
4371,2025-08-03,Germany,Referral,1,1,0,0,0
4372,2025-08-21,France,Email,1,1,1,1,1
4373,2025-11-16,Portugal,Email,1,1,1,1,0
4374,2025-08-11,United Kingdom,Organic,1,1,1,1,1
4375,2025-01-12,France,Organic,1,1,1,0,0
4376,2025-10-17,France,Email,1,1,1,1,1
4377,2025-06-03,France,Email,1,1,1,1,1
4378,2025-04-26,France,Paid Search,1,1,1,1,1
4379,2025-03-27,France,Social Media,1,1,1,1,1
4380,2025-06-19,United Kingdom,Organic,1,1,0,0,0
4381,2025-04-26,United Kingdom,Social Media,1,1,1,0,0
4382,2025-04-26,Germany,Email,1,1,1,1,1
4383,2025-04-17,Spain,Paid Search,1,0,0,0,0
4384,2025-05-06,France,Paid Search,1,1,1,0,0
4385,2025-10-31,Germany,Paid Search,1,1,1,1,1
4386,2025-10-03,Portugal,Paid Search,1,1,0,0,0
4387,2025-05-18,United Kingdom,Organic,1,1,1,1,1
4388,2025-11-03,Germany,Social Media,1,0,0,0,0
4389,2025-11-10,Spain,Email,1,1,1,1,0
4390,2025-07-25,France,Organic,1,1,1,1,1
4391,2025-01-08,Germany,Paid Search,1,1,0,0,0
4392,2025-11-25,Senegal,Email,1,1,1,0,0
4393,2025-02-20,Spain,Paid Search,1,1,1,0,0
4394,2025-02-21,Germany,Social Media,1,1,1,0,0
4395,2025-05-21,Germany,Social Media,1,1,0,0,0
4396,2025-11-19,Germany,Social Media,1,1,0,0,0
4397,2025-03-14,Portugal,Organic,1,0,0,0,0
4398,2025-08-06,Senegal,Referral,1,0,0,0,0
4399,2025-04-28,Senegal,Organic,1,1,1,0,0
4400,2025-09-30,United Kingdom,Social Media,1,0,0,0,0
4401,2025-05-19,Senegal,Paid Search,1,1,1,1,1
4402,2025-06-19,United Kingdom,Organic,1,1,1,0,0
4403,2025-03-13,Senegal,Email,1,1,1,0,0
4404,2025-01-26,Spain,Referral,1,1,1,0,0
4405,2025-05-14,Germany,Email,1,0,0,0,0
4406,2025-07-11,Portugal,Social Media,1,0,0,0,0
4407,2025-03-20,Senegal,Email,1,1,1,1,1
4408,2025-06-14,Portugal,Email,1,0,0,0,0
4409,2025-10-30,France,Organic,1,1,1,1,1
4410,2025-11-21,Germany,Email,1,1,1,1,1
4411,2025-10-29,Spain,Referral,1,1,1,0,0
4412,2025-01-30,France,Social Media,1,1,1,1,1
4413,2025-01-30,Spain,Social Media,1,1,0,0,0
4414,2025-07-03,Portugal,Email,1,1,0,0,0
4415,2025-10-05,France,Social Media,1,0,0,0,0
4416,2025-12-30,Germany,Paid Search,1,1,1,0,0
4417,2025-05-17,Germany,Referral,1,1,1,1,1
4418,2025-04-21,Portugal,Social Media,1,0,0,0,0
4419,2025-02-11,Spain,Referral,1,1,1,1,1
4420,2025-02-24,Spain,Paid Search,1,1,0,0,0
4421,2025-11-22,Germany,Paid Search,1,0,0,0,0
4422,2025-06-03,Germany,Paid Search,1,1,1,0,0
4423,2025-04-03,Portugal,Organic,1,1,0,0,0
4424,2025-03-25,France,Social Media,1,1,1,1,1
4425,2025-01-07,Spain,Referral,1,1,0,0,0
4426,2025-08-16,Senegal,Paid Search,1,1,1,0,0
4427,2025-06-25,Senegal,Email,1,1,1,1,0
4428,2025-11-28,Senegal,Organic,1,0,0,0,0
4429,2025-11-11,Senegal,Organic,1,0,0,0,0
4430,2025-02-13,Spain,Paid Search,1,1,0,0,0
4431,2025-10-03,Spain,Paid Search,1,1,1,1,1
4432,2025-10-31,France,Referral,1,0,0,0,0
4433,2025-12-22,Senegal,Referral,1,0,0,0,0
4434,2025-09-28,France,Referral,1,1,1,1,1
4435,2025-12-17,Portugal,Referral,1,0,0,0,0
4436,2025-01-29,Germany,Referral,1,0,0,0,0
4437,2025-07-20,United Kingdom,Paid Search,1,0,0,0,0
4438,2025-07-01,Senegal,Organic,1,1,1,1,1
4439,2025-02-16,Germany,Referral,1,0,0,0,0
4440,2025-04-25,Portugal,Organic,1,1,0,0,0
4441,2025-04-12,Germany,Organic,1,1,0,0,0
4442,2025-11-13,United Kingdom,Social Media,1,0,0,0,0
4443,2025-08-11,United Kingdom,Paid Search,1,0,0,0,0
4444,2025-02-20,Germany,Social Media,1,1,0,0,0
4445,2025-03-01,Portugal,Paid Search,1,1,1,0,0
4446,2025-07-18,Spain,Social Media,1,1,1,0,0
4447,2025-01-17,Germany,Paid Search,1,0,0,0,0
4448,2025-11-06,United Kingdom,Paid Search,1,1,1,1,1
4449,2025-02-05,Germany,Social Media,1,0,0,0,0
4450,2025-02-21,Spain,Email,1,1,0,0,0
4451,2025-09-11,Spain,Email,1,1,1,0,0
4452,2025-01-22,France,Social Media,1,1,1,1,1
4453,2025-09-12,France,Paid Search,1,1,1,1,1
4454,2025-07-19,Spain,Social Media,1,1,0,0,0
4455,2025-01-06,France,Social Media,1,0,0,0,0
4456,2025-10-02,United Kingdom,Paid Search,1,1,0,0,0
4457,2025-08-03,Spain,Email,1,1,1,1,1
4458,2025-12-28,United Kingdom,Organic,1,0,0,0,0
4459,2025-01-02,Spain,Social Media,1,1,0,0,0
4460,2025-11-17,United Kingdom,Referral,1,0,0,0,0
4461,2025-05-18,France,Organic,1,1,1,1,1
4462,2025-01-09,Senegal,Email,1,0,0,0,0
4463,2025-09-02,Spain,Organic,1,1,1,1,0
4464,2025-11-22,Germany,Organic,1,1,1,0,0
4465,2025-09-25,United Kingdom,Social Media,1,1,1,0,0
4466,2025-02-12,Spain,Referral,1,0,0,0,0
4467,2025-06-29,Germany,Social Media,1,0,0,0,0
4468,2025-08-28,France,Referral,1,0,0,0,0
4469,2025-07-26,Spain,Organic,1,1,1,0,0
4470,2025-09-23,United Kingdom,Email,1,0,0,0,0
4471,2025-10-20,Senegal,Organic,1,1,1,0,0
4472,2025-10-23,Senegal,Organic,1,0,0,0,0
4473,2025-06-07,United Kingdom,Organic,1,0,0,0,0
4474,2025-11-29,Spain,Referral,1,1,0,0,0
4475,2025-07-06,Germany,Referral,1,1,0,0,0
4476,2025-04-27,Portugal,Paid Search,1,1,0,0,0
4477,2025-10-31,Spain,Paid Search,1,1,1,0,0
4478,2025-12-07,France,Organic,1,0,0,0,0
4479,2025-08-30,Portugal,Organic,1,1,1,0,0
4480,2025-08-04,Germany,Referral,1,0,0,0,0
4481,2025-11-25,United Kingdom,Organic,1,1,0,0,0
4482,2025-08-20,Spain,Email,1,1,1,0,0
4483,2025-12-13,Spain,Organic,1,1,0,0,0
4484,2025-10-21,Germany,Paid Search,1,1,0,0,0
4485,2025-12-23,Spain,Email,1,0,0,0,0
4486,2025-09-15,Germany,Referral,1,1,0,0,0
4487,2025-11-23,United Kingdom,Organic,1,0,0,0,0
4488,2025-11-23,United Kingdom,Email,1,1,0,0,0
4489,2025-12-22,Germany,Organic,1,1,0,0,0
4490,2025-08-05,Portugal,Organic,1,1,1,0,0
4491,2025-01-16,Germany,Referral,1,1,0,0,0
4492,2025-02-05,Germany,Paid Search,1,1,0,0,0
4493,2025-01-08,Germany,Paid Search,1,0,0,0,0
4494,2025-10-25,Spain,Paid Search,1,0,0,0,0
4495,2025-09-18,Spain,Organic,1,0,0,0,0
4496,2025-10-18,Spain,Paid Search,1,1,1,1,1
4497,2025-04-15,France,Referral,1,1,1,0,0
4498,2025-10-01,Germany,Social Media,1,1,1,1,1
4499,2025-04-16,Portugal,Email,1,1,0,0,0
4500,2025-05-01,Senegal,Paid Search,1,0,0,0,0
4501,2025-06-04,Portugal,Email,1,0,0,0,0
4502,2025-02-27,United Kingdom,Social Media,1,0,0,0,0
4503,2025-11-09,Germany,Referral,1,1,1,1,1
4504,2025-10-03,Germany,Paid Search,1,1,1,0,0
4505,2025-03-25,United Kingdom,Paid Search,1,1,1,0,0
4506,2025-12-04,France,Organic,1,0,0,0,0
4507,2025-12-22,Portugal,Organic,1,1,1,1,1
4508,2025-01-03,Germany,Referral,1,0,0,0,0
4509,2025-05-19,Portugal,Paid Search,1,0,0,0,0
4510,2025-06-25,Portugal,Email,1,1,0,0,0
4511,2025-01-27,Senegal,Referral,1,0,0,0,0
4512,2025-05-10,Spain,Paid Search,1,0,0,0,0
4513,2025-12-01,Spain,Organic,1,1,1,1,1
4514,2025-09-01,Senegal,Email,1,0,0,0,0
4515,2025-07-31,Portugal,Social Media,1,1,0,0,0
4516,2025-04-15,Senegal,Email,1,1,1,0,0
4517,2025-02-03,Germany,Paid Search,1,1,1,0,0
4518,2025-08-01,Spain,Paid Search,1,0,0,0,0
4519,2025-06-01,United Kingdom,Email,1,1,0,0,0
4520,2025-12-05,Senegal,Referral,1,1,1,1,1
4521,2025-10-17,France,Referral,1,1,1,1,1
4522,2025-10-31,Portugal,Organic,1,0,0,0,0
4523,2025-07-17,Senegal,Paid Search,1,0,0,0,0
4524,2025-07-27,Germany,Paid Search,1,1,1,1,1
4525,2025-11-16,Senegal,Referral,1,1,0,0,0
4526,2025-03-31,Germany,Paid Search,1,0,0,0,0
4527,2025-05-16,United Kingdom,Social Media,1,1,0,0,0
4528,2025-07-15,Portugal,Paid Search,1,1,1,1,0
4529,2025-09-06,Senegal,Organic,1,1,1,1,1
4530,2025-12-03,France,Social Media,1,1,0,0,0
4531,2025-04-21,Germany,Email,1,1,1,0,0
4532,2025-04-25,Germany,Social Media,1,1,1,0,0
4533,2025-10-19,Germany,Referral,1,0,0,0,0
4534,2025-12-27,Senegal,Paid Search,1,1,1,1,1
4535,2025-05-31,France,Referral,1,1,0,0,0
4536,2025-12-20,United Kingdom,Organic,1,1,1,0,0
4537,2025-05-11,Spain,Organic,1,0,0,0,0
4538,2025-08-14,United Kingdom,Social Media,1,0,0,0,0
4539,2025-05-05,Germany,Social Media,1,0,0,0,0
4540,2025-09-19,Spain,Paid Search,1,1,0,0,0
4541,2025-10-19,Germany,Referral,1,1,1,0,0
4542,2025-07-24,Germany,Paid Search,1,0,0,0,0
4543,2025-03-07,France,Referral,1,1,1,1,1
4544,2025-09-28,Germany,Social Media,1,1,1,1,1
4545,2025-09-06,Portugal,Paid Search,1,1,1,1,1
4546,2025-07-18,France,Paid Search,1,0,0,0,0
4547,2025-10-16,Spain,Paid Search,1,1,1,1,1
4548,2025-10-19,Spain,Referral,1,1,0,0,0
4549,2025-07-13,Spain,Email,1,0,0,0,0
4550,2025-11-04,Portugal,Paid Search,1,1,1,0,0
4551,2025-10-08,France,Paid Search,1,1,1,1,0
4552,2025-10-12,Spain,Referral,1,0,0,0,0
4553,2025-08-19,Spain,Paid Search,1,1,0,0,0
4554,2025-01-07,United Kingdom,Organic,1,1,1,1,0
4555,2025-05-09,Spain,Paid Search,1,1,1,1,1
4556,2025-11-03,Senegal,Paid Search,1,0,0,0,0
4557,2025-07-26,Senegal,Organic,1,1,1,1,1
4558,2025-12-04,Portugal,Referral,1,0,0,0,0
4559,2025-03-17,Spain,Organic,1,0,0,0,0
4560,2025-06-06,Portugal,Paid Search,1,0,0,0,0
4561,2025-05-26,Portugal,Email,1,1,1,1,1
4562,2025-10-22,Germany,Social Media,1,1,1,1,1
4563,2025-10-30,Spain,Email,1,1,1,0,0
4564,2025-06-02,France,Paid Search,1,1,1,0,0
4565,2025-12-30,Portugal,Paid Search,1,1,1,1,1
4566,2025-10-19,Germany,Referral,1,1,0,0,0
4567,2025-02-22,Spain,Social Media,1,1,1,1,0
4568,2025-10-07,Senegal,Social Media,1,1,1,1,1
4569,2025-07-06,France,Organic,1,1,1,1,1
4570,2025-10-20,United Kingdom,Referral,1,1,0,0,0
4571,2025-11-25,United Kingdom,Organic,1,1,0,0,0
4572,2025-06-07,Germany,Social Media,1,1,1,1,1
4573,2025-04-10,Germany,Email,1,1,1,1,1
4574,2025-09-11,France,Paid Search,1,1,0,0,0
4575,2025-06-29,Senegal,Paid Search,1,1,0,0,0
4576,2025-12-06,France,Organic,1,1,1,0,0
4577,2025-10-26,Spain,Organic,1,1,1,1,1
4578,2025-04-08,United Kingdom,Paid Search,1,0,0,0,0
4579,2025-06-08,United Kingdom,Referral,1,1,1,0,0
4580,2025-09-10,Germany,Organic,1,1,0,0,0
4581,2025-08-01,France,Paid Search,1,1,1,0,0
4582,2025-01-03,Portugal,Referral,1,1,1,0,0
4583,2025-02-06,Germany,Organic,1,0,0,0,0
4584,2025-12-19,Spain,Social Media,1,1,1,0,0
4585,2025-03-27,Spain,Email,1,1,1,1,0
4586,2025-01-19,Spain,Organic,1,1,1,1,1
4587,2025-02-10,Portugal,Organic,1,1,0,0,0
4588,2025-05-14,United Kingdom,Email,1,1,1,0,0
4589,2025-03-01,Germany,Organic,1,1,0,0,0
4590,2025-01-02,Senegal,Social Media,1,1,1,0,0
4591,2025-01-07,Portugal,Social Media,1,1,1,1,0
4592,2025-05-08,Spain,Email,1,1,1,1,1
4593,2025-10-29,Germany,Referral,1,0,0,0,0
4594,2025-01-21,France,Email,1,1,0,0,0
4595,2025-10-11,Germany,Social Media,1,1,1,1,1
4596,2025-10-04,Senegal,Paid Search,1,1,1,0,0
4597,2025-02-16,Germany,Social Media,1,0,0,0,0
4598,2025-12-30,Spain,Paid Search,1,0,0,0,0
4599,2025-05-02,United Kingdom,Referral,1,1,1,1,0
4600,2025-06-03,United Kingdom,Organic,1,1,1,1,1
4601,2025-08-10,Germany,Organic,1,1,0,0,0
4602,2025-10-13,Germany,Organic,1,1,1,0,0
4603,2025-03-02,Spain,Email,1,1,0,0,0
4604,2025-12-21,Portugal,Social Media,1,0,0,0,0
4605,2025-02-10,Senegal,Paid Search,1,0,0,0,0
4606,2025-03-16,Germany,Referral,1,1,1,1,1
4607,2025-01-25,United Kingdom,Paid Search,1,0,0,0,0
4608,2025-05-04,France,Organic,1,1,1,1,0
4609,2025-12-17,Portugal,Paid Search,1,1,1,0,0
4610,2025-08-29,Portugal,Organic,1,1,0,0,0
4611,2025-07-06,Portugal,Social Media,1,1,1,0,0
4612,2025-01-30,Spain,Paid Search,1,0,0,0,0
4613,2025-04-11,Senegal,Referral,1,0,0,0,0
4614,2025-05-29,Germany,Organic,1,0,0,0,0
4615,2025-10-21,United Kingdom,Paid Search,1,1,1,0,0
4616,2025-07-18,Germany,Paid Search,1,0,0,0,0
4617,2025-04-03,France,Social Media,1,0,0,0,0
4618,2025-10-23,Germany,Organic,1,1,0,0,0
4619,2025-03-12,Portugal,Referral,1,1,1,1,1
4620,2025-10-12,Germany,Organic,1,1,1,1,1
4621,2025-01-27,Germany,Paid Search,1,1,1,1,1
4622,2025-01-23,France,Email,1,0,0,0,0
4623,2025-02-14,Portugal,Referral,1,1,1,1,1
4624,2025-04-21,Spain,Organic,1,1,0,0,0
4625,2025-01-31,Portugal,Paid Search,1,1,1,1,1
4626,2025-06-23,France,Paid Search,1,0,0,0,0
4627,2025-08-24,United Kingdom,Email,1,1,1,1,1
4628,2025-11-29,France,Referral,1,1,1,1,1
4629,2025-08-26,United Kingdom,Referral,1,0,0,0,0
4630,2025-12-05,United Kingdom,Social Media,1,0,0,0,0
4631,2025-11-19,Spain,Paid Search,1,1,1,1,1
4632,2025-12-22,United Kingdom,Social Media,1,1,1,1,1
4633,2025-03-03,Portugal,Email,1,1,1,1,1
4634,2025-05-25,United Kingdom,Referral,1,0,0,0,0
4635,2025-03-22,France,Email,1,0,0,0,0
4636,2025-07-09,France,Organic,1,1,1,1,1
4637,2025-01-07,France,Referral,1,1,1,1,1
4638,2025-01-16,Germany,Organic,1,1,0,0,0
4639,2025-03-20,Germany,Referral,1,1,1,0,0
4640,2025-02-02,United Kingdom,Email,1,1,1,0,0
4641,2025-12-15,Senegal,Organic,1,1,1,0,0
4642,2025-02-16,Germany,Referral,1,0,0,0,0
4643,2025-06-11,Germany,Organic,1,1,1,1,1
4644,2025-05-11,United Kingdom,Organic,1,1,1,1,1
4645,2025-01-29,Portugal,Referral,1,0,0,0,0
4646,2025-07-07,France,Organic,1,0,0,0,0
4647,2025-06-13,Portugal,Referral,1,1,1,1,1
4648,2025-02-10,Portugal,Email,1,1,1,1,1
4649,2025-06-03,Portugal,Referral,1,1,1,1,1
4650,2025-05-01,France,Social Media,1,0,0,0,0
4651,2025-09-11,United Kingdom,Email,1,1,1,1,1
4652,2025-01-26,France,Paid Search,1,0,0,0,0
4653,2025-12-22,Germany,Referral,1,0,0,0,0
4654,2025-02-15,Spain,Social Media,1,1,1,0,0
4655,2025-10-16,France,Paid Search,1,1,1,1,1
4656,2025-03-15,Portugal,Email,1,0,0,0,0
4657,2025-04-19,Portugal,Paid Search,1,1,0,0,0
4658,2025-07-27,United Kingdom,Social Media,1,1,0,0,0
4659,2025-03-10,United Kingdom,Paid Search,1,0,0,0,0
4660,2025-07-22,Germany,Referral,1,1,1,1,1
4661,2025-08-31,France,Email,1,0,0,0,0
4662,2025-03-23,France,Email,1,0,0,0,0
4663,2025-11-30,France,Organic,1,1,1,1,1
4664,2025-12-19,Senegal,Organic,1,1,1,0,0
4665,2025-03-31,Spain,Social Media,1,1,1,1,1
4666,2025-11-06,Spain,Email,1,1,1,0,0
4667,2025-09-05,United Kingdom,Social Media,1,0,0,0,0
4668,2025-06-18,United Kingdom,Social Media,1,1,1,0,0
4669,2025-08-15,United Kingdom,Referral,1,1,1,1,1
4670,2025-04-24,Senegal,Organic,1,1,0,0,0
4671,2025-05-26,France,Paid Search,1,0,0,0,0
4672,2025-04-05,Germany,Paid Search,1,0,0,0,0
4673,2025-09-10,Germany,Referral,1,1,1,1,0
4674,2025-09-17,Portugal,Organic,1,0,0,0,0
4675,2025-07-25,United Kingdom,Referral,1,1,0,0,0
4676,2025-01-02,France,Email,1,1,1,0,0
4677,2025-06-21,Spain,Social Media,1,1,1,1,1
4678,2025-02-13,Portugal,Organic,1,1,0,0,0
4679,2025-06-02,Portugal,Organic,1,1,1,1,1
4680,2025-08-11,Germany,Social Media,1,1,1,1,1
4681,2025-01-02,Germany,Paid Search,1,1,1,0,0
4682,2025-04-08,Spain,Social Media,1,1,0,0,0
4683,2025-07-26,United Kingdom,Referral,1,0,0,0,0
4684,2025-05-25,Spain,Referral,1,1,1,0,0
4685,2025-04-17,Senegal,Email,1,0,0,0,0
4686,2025-10-28,Portugal,Email,1,0,0,0,0
4687,2025-10-22,Spain,Social Media,1,0,0,0,0
4688,2025-11-03,Senegal,Social Media,1,1,1,1,1
4689,2025-11-14,United Kingdom,Social Media,1,1,1,0,0
4690,2025-12-05,France,Paid Search,1,0,0,0,0
4691,2025-08-12,United Kingdom,Paid Search,1,1,1,0,0
4692,2025-05-12,Germany,Organic,1,1,1,1,1
4693,2025-10-01,Portugal,Organic,1,0,0,0,0
4694,2025-02-23,United Kingdom,Email,1,1,0,0,0
4695,2025-04-27,United Kingdom,Organic,1,1,1,0,0
4696,2025-08-12,Portugal,Paid Search,1,1,1,1,1
4697,2025-06-05,Germany,Social Media,1,1,0,0,0
4698,2025-11-23,France,Social Media,1,1,1,1,1
4699,2025-09-20,Spain,Email,1,1,0,0,0
4700,2025-04-15,Germany,Email,1,1,1,1,1
4701,2025-05-29,Senegal,Referral,1,1,1,1,1
4702,2025-12-24,Portugal,Social Media,1,1,1,1,1
4703,2025-10-22,Spain,Email,1,0,0,0,0
4704,2025-05-19,Germany,Organic,1,0,0,0,0
4705,2025-06-16,Spain,Referral,1,0,0,0,0
4706,2025-11-16,United Kingdom,Email,1,0,0,0,0
4707,2025-07-18,France,Email,1,1,1,0,0
4708,2025-08-16,France,Paid Search,1,1,1,0,0
4709,2025-01-31,Spain,Paid Search,1,1,1,1,1
4710,2025-06-15,United Kingdom,Social Media,1,0,0,0,0
4711,2025-12-17,Spain,Referral,1,0,0,0,0
4712,2025-06-19,Germany,Email,1,0,0,0,0
4713,2025-06-15,United Kingdom,Social Media,1,0,0,0,0
4714,2025-06-30,Senegal,Paid Search,1,1,1,1,1
4715,2025-09-26,Germany,Social Media,1,1,0,0,0
4716,2025-09-29,France,Social Media,1,0,0,0,0
4717,2025-07-02,Senegal,Referral,1,1,1,1,1
4718,2025-05-12,United Kingdom,Social Media,1,1,1,0,0
4719,2025-06-01,Senegal,Paid Search,1,0,0,0,0
4720,2025-04-14,France,Email,1,1,1,1,1
4721,2025-04-30,United Kingdom,Referral,1,0,0,0,0
4722,2025-02-02,Germany,Organic,1,0,0,0,0
4723,2025-07-29,France,Organic,1,0,0,0,0
4724,2025-06-02,United Kingdom,Paid Search,1,0,0,0,0
4725,2025-09-20,Portugal,Referral,1,1,1,0,0
4726,2025-01-25,Spain,Email,1,0,0,0,0
4727,2025-04-25,Senegal,Email,1,0,0,0,0
4728,2025-05-23,Portugal,Organic,1,1,1,1,1
4729,2025-11-23,Senegal,Email,1,1,1,0,0
4730,2025-10-22,Germany,Paid Search,1,0,0,0,0
4731,2025-06-22,France,Email,1,1,1,1,1
4732,2025-01-07,United Kingdom,Social Media,1,0,0,0,0
4733,2025-08-26,France,Social Media,1,0,0,0,0
4734,2025-07-13,Portugal,Referral,1,1,1,0,0
4735,2025-10-21,United Kingdom,Referral,1,1,0,0,0
4736,2025-10-21,United Kingdom,Organic,1,0,0,0,0
4737,2025-10-27,Portugal,Email,1,1,1,1,1
4738,2025-11-12,United Kingdom,Social Media,1,1,0,0,0
4739,2025-01-23,France,Organic,1,1,1,0,0
4740,2025-03-13,United Kingdom,Email,1,1,0,0,0
4741,2025-01-09,Germany,Paid Search,1,0,0,0,0
4742,2025-03-20,Senegal,Paid Search,1,1,1,0,0
4743,2025-08-30,United Kingdom,Email,1,1,1,1,0
4744,2025-12-03,United Kingdom,Organic,1,1,1,1,0
4745,2025-09-25,Portugal,Paid Search,1,1,1,0,0
4746,2025-03-08,Spain,Social Media,1,0,0,0,0
4747,2025-09-24,Germany,Email,1,0,0,0,0
4748,2025-05-22,Senegal,Email,1,1,1,0,0
4749,2025-03-28,Germany,Organic,1,0,0,0,0
4750,2025-07-04,Portugal,Email,1,1,1,1,1
4751,2025-09-04,United Kingdom,Email,1,1,0,0,0
4752,2025-08-16,France,Organic,1,1,1,1,1
4753,2025-11-25,Portugal,Organic,1,1,0,0,0
4754,2025-09-29,Senegal,Referral,1,1,1,0,0
4755,2025-07-15,United Kingdom,Social Media,1,1,1,1,0
4756,2025-08-04,France,Paid Search,1,1,1,1,1
4757,2025-08-19,Spain,Email,1,0,0,0,0
4758,2025-01-14,France,Paid Search,1,1,1,1,1
4759,2025-08-08,United Kingdom,Social Media,1,0,0,0,0
4760,2025-10-05,Portugal,Referral,1,1,0,0,0
4761,2025-05-24,Germany,Referral,1,1,1,1,1
4762,2025-08-04,Germany,Social Media,1,1,1,1,0
4763,2025-10-06,Spain,Email,1,0,0,0,0
4764,2025-08-20,Portugal,Paid Search,1,1,1,1,1
4765,2025-11-05,Senegal,Email,1,1,1,0,0
4766,2025-12-31,Portugal,Referral,1,1,0,0,0
4767,2025-04-18,Spain,Social Media,1,1,1,1,1
4768,2025-03-21,Senegal,Referral,1,1,1,1,1
4769,2025-04-03,Senegal,Email,1,1,0,0,0
4770,2025-02-15,Spain,Email,1,1,0,0,0
4771,2025-11-28,Spain,Email,1,1,0,0,0
4772,2025-02-20,Spain,Paid Search,1,0,0,0,0
4773,2025-01-14,Portugal,Referral,1,1,1,0,0
4774,2025-11-02,Senegal,Organic,1,1,1,1,1
4775,2025-10-29,Spain,Paid Search,1,1,1,1,1
4776,2025-12-28,Spain,Referral,1,0,0,0,0
4777,2025-11-08,Germany,Organic,1,1,1,1,1
4778,2025-09-19,Spain,Referral,1,0,0,0,0
4779,2025-04-26,France,Social Media,1,1,1,0,0
4780,2025-08-15,France,Organic,1,0,0,0,0
4781,2025-12-03,France,Organic,1,1,1,1,0
4782,2025-06-12,Germany,Organic,1,1,1,1,1
4783,2025-12-12,Portugal,Paid Search,1,1,1,1,1
4784,2025-07-08,Spain,Email,1,1,0,0,0
4785,2025-06-09,Senegal,Social Media,1,0,0,0,0
4786,2025-01-27,Portugal,Organic,1,0,0,0,0
4787,2025-04-27,Portugal,Social Media,1,0,0,0,0
4788,2025-04-12,Germany,Email,1,0,0,0,0
4789,2025-02-28,United Kingdom,Referral,1,0,0,0,0
4790,2025-10-01,Spain,Organic,1,0,0,0,0
4791,2025-10-26,Portugal,Referral,1,0,0,0,0
4792,2025-08-19,Spain,Referral,1,1,0,0,0
4793,2025-03-14,France,Social Media,1,0,0,0,0
4794,2025-11-18,United Kingdom,Social Media,1,1,1,1,1
4795,2025-05-31,Senegal,Paid Search,1,0,0,0,0
4796,2025-08-05,Portugal,Referral,1,0,0,0,0
4797,2025-01-12,Senegal,Referral,1,1,1,1,1
4798,2025-09-13,Spain,Paid Search,1,0,0,0,0
4799,2025-07-01,Spain,Referral,1,1,1,1,0
4800,2025-12-09,France,Referral,1,1,1,0,0
4801,2025-04-17,Portugal,Organic,1,1,0,0,0
4802,2025-06-19,Spain,Social Media,1,0,0,0,0
4803,2025-12-05,United Kingdom,Paid Search,1,0,0,0,0
4804,2025-04-27,France,Paid Search,1,1,1,0,0
4805,2025-07-10,Senegal,Email,1,1,1,1,1
4806,2025-07-19,Senegal,Referral,1,0,0,0,0
4807,2025-06-03,United Kingdom,Referral,1,0,0,0,0
4808,2025-12-30,United Kingdom,Referral,1,1,1,0,0
4809,2025-10-21,United Kingdom,Email,1,1,1,0,0
4810,2025-05-18,Portugal,Email,1,1,1,1,1
4811,2025-03-24,France,Organic,1,1,1,1,1
4812,2025-05-27,Senegal,Paid Search,1,0,0,0,0
4813,2025-06-03,United Kingdom,Referral,1,1,0,0,0
4814,2025-12-28,Spain,Social Media,1,0,0,0,0
4815,2025-04-15,Portugal,Referral,1,0,0,0,0
4816,2025-05-28,Senegal,Paid Search,1,1,1,1,1
4817,2025-12-07,Portugal,Paid Search,1,0,0,0,0
4818,2025-01-15,France,Referral,1,0,0,0,0
4819,2025-11-21,United Kingdom,Organic,1,1,1,1,0
4820,2025-03-01,Spain,Paid Search,1,1,1,1,1
4821,2025-08-01,Germany,Referral,1,0,0,0,0
4822,2025-01-01,France,Social Media,1,0,0,0,0
4823,2025-05-04,United Kingdom,Paid Search,1,0,0,0,0
4824,2025-01-17,France,Paid Search,1,1,1,1,1
4825,2025-10-06,Senegal,Organic,1,0,0,0,0
4826,2025-04-17,Portugal,Referral,1,0,0,0,0
4827,2025-10-11,France,Referral,1,1,1,1,1
4828,2025-08-20,Spain,Organic,1,1,1,1,1
4829,2025-05-21,United Kingdom,Organic,1,1,1,0,0
4830,2025-06-29,Senegal,Referral,1,1,1,1,0
4831,2025-03-13,Germany,Organic,1,1,1,1,1
4832,2025-04-22,Senegal,Email,1,1,0,0,0
4833,2025-11-26,Germany,Email,1,1,1,0,0
4834,2025-11-24,France,Referral,1,0,0,0,0
4835,2025-07-12,United Kingdom,Organic,1,1,1,1,0
4836,2025-10-08,United Kingdom,Organic,1,0,0,0,0
4837,2025-06-21,United Kingdom,Organic,1,0,0,0,0
4838,2025-04-17,United Kingdom,Social Media,1,0,0,0,0
4839,2025-05-11,Spain,Referral,1,1,1,0,0
4840,2025-04-28,Spain,Organic,1,1,0,0,0
4841,2025-04-30,Senegal,Social Media,1,0,0,0,0
4842,2025-05-22,Germany,Organic,1,1,1,1,1
4843,2025-07-03,Senegal,Organic,1,1,0,0,0
4844,2025-08-23,Spain,Email,1,1,0,0,0
4845,2025-04-20,Senegal,Paid Search,1,0,0,0,0
4846,2025-01-05,United Kingdom,Organic,1,1,1,1,1
4847,2025-08-06,Senegal,Email,1,1,1,0,0
4848,2025-09-15,Senegal,Organic,1,1,1,1,1
4849,2025-06-09,France,Email,1,1,1,1,1
4850,2025-09-04,Spain,Referral,1,1,1,0,0
4851,2025-09-06,Spain,Organic,1,1,1,0,0
4852,2025-07-27,Portugal,Email,1,1,1,1,1
4853,2025-01-28,Germany,Email,1,0,0,0,0
4854,2025-01-02,France,Referral,1,0,0,0,0
4855,2025-12-03,France,Paid Search,1,0,0,0,0
4856,2025-02-06,United Kingdom,Social Media,1,1,1,1,1
4857,2025-04-05,France,Organic,1,1,1,0,0
4858,2025-11-28,Portugal,Social Media,1,0,0,0,0
4859,2025-01-10,Portugal,Social Media,1,0,0,0,0
4860,2025-03-12,France,Social Media,1,0,0,0,0
4861,2025-02-19,United Kingdom,Paid Search,1,1,1,1,1
4862,2025-05-12,United Kingdom,Email,1,1,1,0,0
4863,2025-07-25,Germany,Paid Search,1,1,1,1,1
4864,2025-03-11,United Kingdom,Organic,1,1,1,0,0
4865,2025-10-28,France,Paid Search,1,0,0,0,0
4866,2025-01-25,United Kingdom,Referral,1,1,1,0,0
4867,2025-11-11,Senegal,Organic,1,1,1,1,1
4868,2025-10-22,Senegal,Paid Search,1,1,1,1,1
4869,2025-03-01,France,Paid Search,1,1,1,1,0
4870,2025-12-14,United Kingdom,Social Media,1,1,1,1,1
4871,2025-06-02,Spain,Referral,1,1,1,1,1
4872,2025-08-08,France,Social Media,1,1,1,0,0
4873,2025-07-02,France,Referral,1,0,0,0,0
4874,2025-11-22,Portugal,Referral,1,1,0,0,0
4875,2025-05-05,United Kingdom,Email,1,1,1,1,1
4876,2025-04-29,United Kingdom,Referral,1,0,0,0,0
4877,2025-02-17,United Kingdom,Paid Search,1,0,0,0,0
4878,2025-07-26,United Kingdom,Social Media,1,1,1,1,0
4879,2025-03-22,United Kingdom,Paid Search,1,0,0,0,0
4880,2025-09-19,Senegal,Email,1,0,0,0,0
4881,2025-08-02,United Kingdom,Organic,1,1,0,0,0
4882,2025-07-09,France,Paid Search,1,1,1,1,1
4883,2025-08-15,United Kingdom,Referral,1,1,1,1,1
4884,2025-10-25,Portugal,Referral,1,1,1,0,0
4885,2025-10-10,United Kingdom,Paid Search,1,1,1,0,0
4886,2025-07-18,Germany,Email,1,1,1,1,1
4887,2025-08-23,Portugal,Referral,1,0,0,0,0
4888,2025-11-17,Spain,Paid Search,1,1,1,0,0
4889,2025-07-30,Spain,Social Media,1,1,1,0,0
4890,2025-01-14,Germany,Organic,1,1,1,1,1
4891,2025-11-24,France,Email,1,1,0,0,0
4892,2025-10-07,Portugal,Organic,1,1,1,1,0
4893,2025-02-12,Senegal,Referral,1,0,0,0,0
4894,2025-09-21,Portugal,Paid Search,1,0,0,0,0
4895,2025-02-15,Senegal,Paid Search,1,1,0,0,0
4896,2025-08-31,France,Referral,1,1,1,0,0
4897,2025-01-03,Senegal,Social Media,1,1,1,1,1
4898,2025-12-31,Senegal,Email,1,0,0,0,0
4899,2025-07-17,Portugal,Social Media,1,1,1,0,0
4900,2025-05-27,Germany,Paid Search,1,1,1,0,0
4901,2025-07-23,France,Social Media,1,1,0,0,0
4902,2025-10-24,Portugal,Paid Search,1,1,1,1,1
4903,2025-04-08,Spain,Organic,1,1,1,1,0
4904,2025-11-19,United Kingdom,Organic,1,1,0,0,0
4905,2025-05-15,Spain,Organic,1,0,0,0,0
4906,2025-02-26,France,Referral,1,0,0,0,0
4907,2025-07-16,Portugal,Social Media,1,1,1,1,0
4908,2025-01-14,Germany,Email,1,1,1,0,0
4909,2025-01-17,Senegal,Referral,1,1,1,0,0
4910,2025-01-15,Senegal,Referral,1,0,0,0,0
4911,2025-05-07,Spain,Email,1,1,1,0,0
4912,2025-02-11,France,Paid Search,1,1,0,0,0
4913,2025-04-21,Germany,Referral,1,0,0,0,0
4914,2025-12-03,France,Social Media,1,1,1,1,1
4915,2025-12-20,United Kingdom,Organic,1,0,0,0,0
4916,2025-02-06,Germany,Referral,1,1,1,0,0
4917,2025-10-06,Senegal,Organic,1,1,0,0,0
4918,2025-10-24,Portugal,Email,1,0,0,0,0
4919,2025-02-12,Senegal,Organic,1,0,0,0,0
4920,2025-12-02,France,Organic,1,1,1,0,0
4921,2025-08-02,Senegal,Referral,1,0,0,0,0
4922,2025-01-17,Portugal,Organic,1,0,0,0,0
4923,2025-11-05,Senegal,Paid Search,1,1,1,0,0
4924,2025-04-13,United Kingdom,Email,1,0,0,0,0
4925,2025-06-18,United Kingdom,Email,1,1,1,1,1
4926,2025-02-08,Germany,Organic,1,0,0,0,0
4927,2025-10-17,Portugal,Organic,1,1,0,0,0
4928,2025-10-30,Senegal,Paid Search,1,0,0,0,0
4929,2025-07-15,Senegal,Organic,1,1,1,0,0
4930,2025-02-14,Germany,Organic,1,1,1,0,0
4931,2025-10-26,Portugal,Social Media,1,0,0,0,0
4932,2025-01-09,France,Social Media,1,0,0,0,0
4933,2025-12-09,Senegal,Paid Search,1,0,0,0,0
4934,2025-09-24,Spain,Organic,1,1,1,0,0
4935,2025-08-24,Portugal,Social Media,1,1,0,0,0
4936,2025-12-23,Senegal,Email,1,1,1,0,0
4937,2025-07-08,Germany,Referral,1,1,1,0,0
4938,2025-05-03,Spain,Organic,1,1,1,1,0
4939,2025-12-03,Germany,Organic,1,0,0,0,0
4940,2025-05-27,France,Paid Search,1,1,1,1,1
4941,2025-12-30,France,Organic,1,0,0,0,0
4942,2025-04-22,United Kingdom,Organic,1,1,1,0,0
4943,2025-04-05,Germany,Organic,1,1,1,1,1
4944,2025-06-15,France,Referral,1,0,0,0,0
4945,2025-02-08,Senegal,Paid Search,1,1,1,0,0
4946,2025-02-03,Portugal,Referral,1,1,1,0,0
4947,2025-09-24,Spain,Social Media,1,1,1,1,0
4948,2025-11-03,France,Organic,1,1,1,0,0
4949,2025-12-25,Portugal,Social Media,1,1,1,0,0
4950,2025-07-25,France,Social Media,1,1,1,0,0
4951,2025-04-05,Germany,Organic,1,1,1,1,1
4952,2025-07-27,United Kingdom,Organic,1,1,0,0,0
4953,2025-09-01,Senegal,Organic,1,1,0,0,0
4954,2025-12-01,United Kingdom,Organic,1,0,0,0,0
4955,2025-01-03,Germany,Email,1,1,0,0,0
4956,2025-04-03,United Kingdom,Organic,1,0,0,0,0
4957,2025-09-20,Germany,Organic,1,0,0,0,0
4958,2025-01-02,Portugal,Referral,1,1,1,0,0
4959,2025-02-21,Germany,Paid Search,1,1,1,1,1
4960,2025-02-26,Senegal,Social Media,1,0,0,0,0
4961,2025-12-04,France,Paid Search,1,1,1,1,1
4962,2025-05-26,Senegal,Email,1,1,1,1,1
4963,2025-11-07,Spain,Email,1,1,1,1,1
4964,2025-10-11,United Kingdom,Referral,1,1,1,1,1
4965,2025-12-27,Senegal,Paid Search,1,1,1,0,0
4966,2025-06-10,France,Social Media,1,0,0,0,0
4967,2025-08-15,France,Paid Search,1,0,0,0,0
4968,2025-09-29,Spain,Paid Search,1,0,0,0,0
4969,2025-01-04,Germany,Social Media,1,1,1,0,0
4970,2025-09-08,Spain,Organic,1,1,1,1,1
4971,2025-10-04,Senegal,Organic,1,1,1,0,0
4972,2025-12-31,United Kingdom,Paid Search,1,1,1,0,0
4973,2025-03-06,Spain,Organic,1,0,0,0,0
4974,2025-05-15,United Kingdom,Referral,1,1,0,0,0
4975,2025-05-28,Portugal,Paid Search,1,1,1,0,0
4976,2025-12-12,Spain,Email,1,1,1,0,0
4977,2025-09-12,Spain,Organic,1,0,0,0,0
4978,2025-04-27,Germany,Email,1,1,1,1,1
4979,2025-12-05,Spain,Referral,1,1,0,0,0
4980,2025-05-03,Portugal,Referral,1,1,1,0,0
4981,2025-10-10,United Kingdom,Social Media,1,0,0,0,0
4982,2025-07-10,Spain,Email,1,1,0,0,0
4983,2025-10-06,United Kingdom,Paid Search,1,1,1,0,0
4984,2025-11-05,Germany,Email,1,1,1,1,1
4985,2025-11-08,Spain,Referral,1,1,1,1,1
4986,2025-08-24,France,Paid Search,1,1,1,1,1
4987,2025-07-24,United Kingdom,Paid Search,1,1,1,1,1
4988,2025-02-05,United Kingdom,Email,1,0,0,0,0
4989,2025-01-30,France,Social Media,1,1,1,1,1
4990,2025-07-24,Spain,Email,1,1,1,1,1
4991,2025-08-24,Germany,Paid Search,1,1,0,0,0
4992,2025-01-05,Spain,Social Media,1,0,0,0,0
4993,2025-05-04,Portugal,Paid Search,1,0,0,0,0
4994,2025-03-31,France,Social Media,1,1,0,0,0
4995,2025-05-21,Senegal,Referral,1,0,0,0,0
4996,2025-06-07,Senegal,Social Media,1,1,0,0,0
4997,2025-07-23,Spain,Organic,1,1,1,1,0
4998,2025-10-27,Senegal,Referral,1,1,1,0,0
4999,2025-01-08,France,Social Media,1,1,1,1,1
5000,2025-04-24,Portugal,Paid Search,1,1,1,1,1
